﻿"REF_DATE","GEO","DGUID","Statistics","UOM","UOM_ID","SCALAR_FACTOR","SCALAR_ID","VECTOR","COORDINATE","VALUE","STATUS","SYMBOL","TERMINATED","DECIMALS"
"2010","Halifax, Nova Scotia [12205]","2021A003512205","Crime severity index","Index","160","units","0","v44312491","6.1","97.77","","","","2"
"2011","Halifax, Nova Scotia [12205]","2021A003512205","Crime severity index","Index","160","units","0","v44312491","6.1","88.61","","","","2"
"2012","Halifax, Nova Scotia [12205]","2021A003512205","Crime severity index","Index","160","units","0","v44312491","6.1","75.95","","","","2"
"2013","Halifax, Nova Scotia [12205]","2021A003512205","Crime severity index","Index","160","units","0","v44312491","6.1","69.05","","","","2"
"2014","Halifax, Nova Scotia [12205]","2021A003512205","Crime severity index","Index","160","units","0","v44312491","6.1","66.81","","","","2"
"2015","Halifax, Nova Scotia [12205]","2021A003512205","Crime severity index","Index","160","units","0","v44312491","6.1","65.06","","","","2"
"2016","Halifax, Nova Scotia [12205]","2021A003512205","Crime severity index","Index","160","units","0","v44312491","6.1","63.32","","","","2"
"2017","Halifax, Nova Scotia [12205]","2021A003512205","Crime severity index","Index","160","units","0","v44312491","6.1","66.00","","","","2"
"2018","Halifax, Nova Scotia [12205]","2021A003512205","Crime severity index","Index","160","units","0","v44312491","6.1","67.47","","","","2"
"2019","Halifax, Nova Scotia [12205]","2021A003512205","Crime severity index","Index","160","units","0","v44312491","6.1","60.87","","","","2"
"2020","Halifax, Nova Scotia [12205]","2021A003512205","Crime severity index","Index","160","units","0","v44312491","6.1","62.02","","","","2"
"2021","Halifax, Nova Scotia [12205]","2021A003512205","Crime severity index","Index","160","units","0","v44312491","6.1","65.72","","","","2"
"2010","Halifax, Nova Scotia [12205]","2021A003512205","Percent change in crime severity index","Percent","239","units","0","v44312492","6.2","-0.46","","","","2"
"2011","Halifax, Nova Scotia [12205]","2021A003512205","Percent change in crime severity index","Percent","239","units","0","v44312492","6.2","-9.37","","","","2"
"2012","Halifax, Nova Scotia [12205]","2021A003512205","Percent change in crime severity index","Percent","239","units","0","v44312492","6.2","-14.29","","","","2"
"2013","Halifax, Nova Scotia [12205]","2021A003512205","Percent change in crime severity index","Percent","239","units","0","v44312492","6.2","-9.08","","","","2"
"2014","Halifax, Nova Scotia [12205]","2021A003512205","Percent change in crime severity index","Percent","239","units","0","v44312492","6.2","-3.24","","","","2"
"2015","Halifax, Nova Scotia [12205]","2021A003512205","Percent change in crime severity index","Percent","239","units","0","v44312492","6.2","-2.62","","","","2"
"2016","Halifax, Nova Scotia [12205]","2021A003512205","Percent change in crime severity index","Percent","239","units","0","v44312492","6.2","-2.67","","","","2"
"2017","Halifax, Nova Scotia [12205]","2021A003512205","Percent change in crime severity index","Percent","239","units","0","v44312492","6.2","4.23","","","","2"
"2018","Halifax, Nova Scotia [12205]","2021A003512205","Percent change in crime severity index","Percent","239","units","0","v44312492","6.2","2.23","","","","2"
"2019","Halifax, Nova Scotia [12205]","2021A003512205","Percent change in crime severity index","Percent","239","units","0","v44312492","6.2","-9.78","","","","2"
"2020","Halifax, Nova Scotia [12205]","2021A003512205","Percent change in crime severity index","Percent","239","units","0","v44312492","6.2","1.89","","","","2"
"2021","Halifax, Nova Scotia [12205]","2021A003512205","Percent change in crime severity index","Percent","239","units","0","v44312492","6.2","5.97","","","","2"
"2010","Halifax, Nova Scotia [12205]","2021A003512205","Violent crime severity index","Index","160","units","0","v44312493","6.3","106.84","","","","2"
"2011","Halifax, Nova Scotia [12205]","2021A003512205","Violent crime severity index","Index","160","units","0","v44312493","6.3","115.35","","","","2"
"2012","Halifax, Nova Scotia [12205]","2021A003512205","Violent crime severity index","Index","160","units","0","v44312493","6.3","94.39","","","","2"
"2013","Halifax, Nova Scotia [12205]","2021A003512205","Violent crime severity index","Index","160","units","0","v44312493","6.3","85.06","","","","2"
"2014","Halifax, Nova Scotia [12205]","2021A003512205","Violent crime severity index","Index","160","units","0","v44312493","6.3","75.13","","","","2"
"2015","Halifax, Nova Scotia [12205]","2021A003512205","Violent crime severity index","Index","160","units","0","v44312493","6.3","83.59","","","","2"
"2016","Halifax, Nova Scotia [12205]","2021A003512205","Violent crime severity index","Index","160","units","0","v44312493","6.3","81.95","","","","2"
"2017","Halifax, Nova Scotia [12205]","2021A003512205","Violent crime severity index","Index","160","units","0","v44312493","6.3","88.84","","","","2"
"2018","Halifax, Nova Scotia [12205]","2021A003512205","Violent crime severity index","Index","160","units","0","v44312493","6.3","96.63","","","","2"
"2019","Halifax, Nova Scotia [12205]","2021A003512205","Violent crime severity index","Index","160","units","0","v44312493","6.3","84.10","","","","2"
"2020","Halifax, Nova Scotia [12205]","2021A003512205","Violent crime severity index","Index","160","units","0","v44312493","6.3","84.69","","","","2"
"2021","Halifax, Nova Scotia [12205]","2021A003512205","Violent crime severity index","Index","160","units","0","v44312493","6.3","91.72","","","","2"
"2010","Halifax, Nova Scotia [12205]","2021A003512205","Percent change in violent crime severity index","Percent","239","units","0","v44312494","6.4","-11.91","","","","2"
"2011","Halifax, Nova Scotia [12205]","2021A003512205","Percent change in violent crime severity index","Percent","239","units","0","v44312494","6.4","7.97","","","","2"
"2012","Halifax, Nova Scotia [12205]","2021A003512205","Percent change in violent crime severity index","Percent","239","units","0","v44312494","6.4","-18.17","","","","2"
"2013","Halifax, Nova Scotia [12205]","2021A003512205","Percent change in violent crime severity index","Percent","239","units","0","v44312494","6.4","-9.88","","","","2"
"2014","Halifax, Nova Scotia [12205]","2021A003512205","Percent change in violent crime severity index","Percent","239","units","0","v44312494","6.4","-11.67","","","","2"
"2015","Halifax, Nova Scotia [12205]","2021A003512205","Percent change in violent crime severity index","Percent","239","units","0","v44312494","6.4","11.26","","","","2"
"2016","Halifax, Nova Scotia [12205]","2021A003512205","Percent change in violent crime severity index","Percent","239","units","0","v44312494","6.4","-1.96","","","","2"
"2017","Halifax, Nova Scotia [12205]","2021A003512205","Percent change in violent crime severity index","Percent","239","units","0","v44312494","6.4","8.41","","","","2"
"2018","Halifax, Nova Scotia [12205]","2021A003512205","Percent change in violent crime severity index","Percent","239","units","0","v44312494","6.4","8.77","","","","2"
"2019","Halifax, Nova Scotia [12205]","2021A003512205","Percent change in violent crime severity index","Percent","239","units","0","v44312494","6.4","-12.97","","","","2"
"2020","Halifax, Nova Scotia [12205]","2021A003512205","Percent change in violent crime severity index","Percent","239","units","0","v44312494","6.4","0.70","","","","2"
"2021","Halifax, Nova Scotia [12205]","2021A003512205","Percent change in violent crime severity index","Percent","239","units","0","v44312494","6.4","8.30","","","","2"
"2010","Halifax, Nova Scotia [12205]","2021A003512205","Non-violent crime severity index","Index","160","units","0","v44312495","6.5","94.28","","","","2"
"2011","Halifax, Nova Scotia [12205]","2021A003512205","Non-violent crime severity index","Index","160","units","0","v44312495","6.5","78.70","","","","2"
"2012","Halifax, Nova Scotia [12205]","2021A003512205","Non-violent crime severity index","Index","160","units","0","v44312495","6.5","69.08","","","","2"
"2013","Halifax, Nova Scotia [12205]","2021A003512205","Non-violent crime severity index","Index","160","units","0","v44312495","6.5","63.08","","","","2"
"2014","Halifax, Nova Scotia [12205]","2021A003512205","Non-violent crime severity index","Index","160","units","0","v44312495","6.5","63.65","","","","2"
"2015","Halifax, Nova Scotia [12205]","2021A003512205","Non-violent crime severity index","Index","160","units","0","v44312495","6.5","58.18","","","","2"
"2016","Halifax, Nova Scotia [12205]","2021A003512205","Non-violent crime severity index","Index","160","units","0","v44312495","6.5","56.47","","","","2"
"2017","Halifax, Nova Scotia [12205]","2021A003512205","Non-violent crime severity index","Index","160","units","0","v44312495","6.5","57.63","","","","2"
"2018","Halifax, Nova Scotia [12205]","2021A003512205","Non-violent crime severity index","Index","160","units","0","v44312495","6.5","56.82","","","","2"
"2019","Halifax, Nova Scotia [12205]","2021A003512205","Non-violent crime severity index","Index","160","units","0","v44312495","6.5","52.37","","","","2"
"2020","Halifax, Nova Scotia [12205]","2021A003512205","Non-violent crime severity index","Index","160","units","0","v44312495","6.5","53.72","","","","2"
"2021","Halifax, Nova Scotia [12205]","2021A003512205","Non-violent crime severity index","Index","160","units","0","v44312495","6.5","56.21","","","","2"
"2010","Halifax, Nova Scotia [12205]","2021A003512205","Percent change in non-violent crime severity index","Percent","239","units","0","v44312496","6.6","5.52","","","","2"
"2011","Halifax, Nova Scotia [12205]","2021A003512205","Percent change in non-violent crime severity index","Percent","239","units","0","v44312496","6.6","-16.53","","","","2"
"2012","Halifax, Nova Scotia [12205]","2021A003512205","Percent change in non-violent crime severity index","Percent","239","units","0","v44312496","6.6","-12.22","","","","2"
"2013","Halifax, Nova Scotia [12205]","2021A003512205","Percent change in non-violent crime severity index","Percent","239","units","0","v44312496","6.6","-8.69","","","","2"
"2014","Halifax, Nova Scotia [12205]","2021A003512205","Percent change in non-violent crime severity index","Percent","239","units","0","v44312496","6.6","0.90","","","","2"
"2015","Halifax, Nova Scotia [12205]","2021A003512205","Percent change in non-violent crime severity index","Percent","239","units","0","v44312496","6.6","-8.59","","","","2"
"2016","Halifax, Nova Scotia [12205]","2021A003512205","Percent change in non-violent crime severity index","Percent","239","units","0","v44312496","6.6","-2.94","","","","2"
"2017","Halifax, Nova Scotia [12205]","2021A003512205","Percent change in non-violent crime severity index","Percent","239","units","0","v44312496","6.6","2.05","","","","2"
"2018","Halifax, Nova Scotia [12205]","2021A003512205","Percent change in non-violent crime severity index","Percent","239","units","0","v44312496","6.6","-1.41","","","","2"
"2019","Halifax, Nova Scotia [12205]","2021A003512205","Percent change in non-violent crime severity index","Percent","239","units","0","v44312496","6.6","-7.83","","","","2"
"2020","Halifax, Nova Scotia [12205]","2021A003512205","Percent change in non-violent crime severity index","Percent","239","units","0","v44312496","6.6","2.58","","","","2"
"2021","Halifax, Nova Scotia [12205]","2021A003512205","Percent change in non-violent crime severity index","Percent","239","units","0","v44312496","6.6","4.64","","","","2"
"2010","Halifax, Nova Scotia [12205]","2021A003512205","Youth crime severity index","Index","160","units","0","v53079885","6.7","0.00","","","","2"
"2011","Halifax, Nova Scotia [12205]","2021A003512205","Youth crime severity index","Index","160","units","0","v53079885","6.7","","..","","","2"
"2012","Halifax, Nova Scotia [12205]","2021A003512205","Youth crime severity index","Index","160","units","0","v53079885","6.7","","..","","","2"
"2013","Halifax, Nova Scotia [12205]","2021A003512205","Youth crime severity index","Index","160","units","0","v53079885","6.7","","..","","","2"
"2014","Halifax, Nova Scotia [12205]","2021A003512205","Youth crime severity index","Index","160","units","0","v53079885","6.7","","..","","","2"
"2015","Halifax, Nova Scotia [12205]","2021A003512205","Youth crime severity index","Index","160","units","0","v53079885","6.7","","..","","","2"
"2016","Halifax, Nova Scotia [12205]","2021A003512205","Youth crime severity index","Index","160","units","0","v53079885","6.7","","..","","","2"
"2017","Halifax, Nova Scotia [12205]","2021A003512205","Youth crime severity index","Index","160","units","0","v53079885","6.7","","..","","","2"
"2018","Halifax, Nova Scotia [12205]","2021A003512205","Youth crime severity index","Index","160","units","0","v53079885","6.7","","..","","","2"
"2019","Halifax, Nova Scotia [12205]","2021A003512205","Youth crime severity index","Index","160","units","0","v53079885","6.7","","..","","","2"
"2020","Halifax, Nova Scotia [12205]","2021A003512205","Youth crime severity index","Index","160","units","0","v53079885","6.7","","..","","","2"
"2021","Halifax, Nova Scotia [12205]","2021A003512205","Youth crime severity index","Index","160","units","0","v53079885","6.7","","..","","","2"
"2010","Halifax, Nova Scotia [12205]","2021A003512205","Percent change in youth crime severity index","Percent","239","units","0","v87984855","6.8","0.00","","","","2"
"2011","Halifax, Nova Scotia [12205]","2021A003512205","Percent change in youth crime severity index","Percent","239","units","0","v87984855","6.8","","..","","","2"
"2012","Halifax, Nova Scotia [12205]","2021A003512205","Percent change in youth crime severity index","Percent","239","units","0","v87984855","6.8","","..","","","2"
"2013","Halifax, Nova Scotia [12205]","2021A003512205","Percent change in youth crime severity index","Percent","239","units","0","v87984855","6.8","","..","","","2"
"2014","Halifax, Nova Scotia [12205]","2021A003512205","Percent change in youth crime severity index","Percent","239","units","0","v87984855","6.8","","..","","","2"
"2015","Halifax, Nova Scotia [12205]","2021A003512205","Percent change in youth crime severity index","Percent","239","units","0","v87984855","6.8","","..","","","2"
"2016","Halifax, Nova Scotia [12205]","2021A003512205","Percent change in youth crime severity index","Percent","239","units","0","v87984855","6.8","","..","","","2"
"2017","Halifax, Nova Scotia [12205]","2021A003512205","Percent change in youth crime severity index","Percent","239","units","0","v87984855","6.8","","..","","","2"
"2018","Halifax, Nova Scotia [12205]","2021A003512205","Percent change in youth crime severity index","Percent","239","units","0","v87984855","6.8","","..","","","2"
"2019","Halifax, Nova Scotia [12205]","2021A003512205","Percent change in youth crime severity index","Percent","239","units","0","v87984855","6.8","","..","","","2"
"2020","Halifax, Nova Scotia [12205]","2021A003512205","Percent change in youth crime severity index","Percent","239","units","0","v87984855","6.8","","..","","","2"
"2021","Halifax, Nova Scotia [12205]","2021A003512205","Percent change in youth crime severity index","Percent","239","units","0","v87984855","6.8","","..","","","2"
"2010","Halifax, Nova Scotia [12205]","2021A003512205","Youth violent crime severity index","Index","160","units","0","v53079886","6.9","0.00","","","","2"
"2011","Halifax, Nova Scotia [12205]","2021A003512205","Youth violent crime severity index","Index","160","units","0","v53079886","6.9","","..","","","2"
"2012","Halifax, Nova Scotia [12205]","2021A003512205","Youth violent crime severity index","Index","160","units","0","v53079886","6.9","","..","","","2"
"2013","Halifax, Nova Scotia [12205]","2021A003512205","Youth violent crime severity index","Index","160","units","0","v53079886","6.9","","..","","","2"
"2014","Halifax, Nova Scotia [12205]","2021A003512205","Youth violent crime severity index","Index","160","units","0","v53079886","6.9","","..","","","2"
"2015","Halifax, Nova Scotia [12205]","2021A003512205","Youth violent crime severity index","Index","160","units","0","v53079886","6.9","","..","","","2"
"2016","Halifax, Nova Scotia [12205]","2021A003512205","Youth violent crime severity index","Index","160","units","0","v53079886","6.9","","..","","","2"
"2017","Halifax, Nova Scotia [12205]","2021A003512205","Youth violent crime severity index","Index","160","units","0","v53079886","6.9","","..","","","2"
"2018","Halifax, Nova Scotia [12205]","2021A003512205","Youth violent crime severity index","Index","160","units","0","v53079886","6.9","","..","","","2"
"2019","Halifax, Nova Scotia [12205]","2021A003512205","Youth violent crime severity index","Index","160","units","0","v53079886","6.9","","..","","","2"
"2020","Halifax, Nova Scotia [12205]","2021A003512205","Youth violent crime severity index","Index","160","units","0","v53079886","6.9","","..","","","2"
"2021","Halifax, Nova Scotia [12205]","2021A003512205","Youth violent crime severity index","Index","160","units","0","v53079886","6.9","","..","","","2"
"2010","Halifax, Nova Scotia [12205]","2021A003512205","Percent change in youth violent crime severity index","Percent","239","units","0","v87984856","6.10","0.00","","","","2"
"2011","Halifax, Nova Scotia [12205]","2021A003512205","Percent change in youth violent crime severity index","Percent","239","units","0","v87984856","6.10","","..","","","2"
"2012","Halifax, Nova Scotia [12205]","2021A003512205","Percent change in youth violent crime severity index","Percent","239","units","0","v87984856","6.10","","..","","","2"
"2013","Halifax, Nova Scotia [12205]","2021A003512205","Percent change in youth violent crime severity index","Percent","239","units","0","v87984856","6.10","","..","","","2"
"2014","Halifax, Nova Scotia [12205]","2021A003512205","Percent change in youth violent crime severity index","Percent","239","units","0","v87984856","6.10","","..","","","2"
"2015","Halifax, Nova Scotia [12205]","2021A003512205","Percent change in youth violent crime severity index","Percent","239","units","0","v87984856","6.10","","..","","","2"
"2016","Halifax, Nova Scotia [12205]","2021A003512205","Percent change in youth violent crime severity index","Percent","239","units","0","v87984856","6.10","","..","","","2"
"2017","Halifax, Nova Scotia [12205]","2021A003512205","Percent change in youth violent crime severity index","Percent","239","units","0","v87984856","6.10","","..","","","2"
"2018","Halifax, Nova Scotia [12205]","2021A003512205","Percent change in youth violent crime severity index","Percent","239","units","0","v87984856","6.10","","..","","","2"
"2019","Halifax, Nova Scotia [12205]","2021A003512205","Percent change in youth violent crime severity index","Percent","239","units","0","v87984856","6.10","","..","","","2"
"2020","Halifax, Nova Scotia [12205]","2021A003512205","Percent change in youth violent crime severity index","Percent","239","units","0","v87984856","6.10","","..","","","2"
"2021","Halifax, Nova Scotia [12205]","2021A003512205","Percent change in youth violent crime severity index","Percent","239","units","0","v87984856","6.10","","..","","","2"
"2010","Halifax, Nova Scotia [12205]","2021A003512205","Youth non-violent crime severity index","Index","160","units","0","v53079878","6.11","0.00","","","","2"
"2011","Halifax, Nova Scotia [12205]","2021A003512205","Youth non-violent crime severity index","Index","160","units","0","v53079878","6.11","","..","","","2"
"2012","Halifax, Nova Scotia [12205]","2021A003512205","Youth non-violent crime severity index","Index","160","units","0","v53079878","6.11","","..","","","2"
"2013","Halifax, Nova Scotia [12205]","2021A003512205","Youth non-violent crime severity index","Index","160","units","0","v53079878","6.11","","..","","","2"
"2014","Halifax, Nova Scotia [12205]","2021A003512205","Youth non-violent crime severity index","Index","160","units","0","v53079878","6.11","","..","","","2"
"2015","Halifax, Nova Scotia [12205]","2021A003512205","Youth non-violent crime severity index","Index","160","units","0","v53079878","6.11","","..","","","2"
"2016","Halifax, Nova Scotia [12205]","2021A003512205","Youth non-violent crime severity index","Index","160","units","0","v53079878","6.11","","..","","","2"
"2017","Halifax, Nova Scotia [12205]","2021A003512205","Youth non-violent crime severity index","Index","160","units","0","v53079878","6.11","","..","","","2"
"2018","Halifax, Nova Scotia [12205]","2021A003512205","Youth non-violent crime severity index","Index","160","units","0","v53079878","6.11","","..","","","2"
"2019","Halifax, Nova Scotia [12205]","2021A003512205","Youth non-violent crime severity index","Index","160","units","0","v53079878","6.11","","..","","","2"
"2020","Halifax, Nova Scotia [12205]","2021A003512205","Youth non-violent crime severity index","Index","160","units","0","v53079878","6.11","","..","","","2"
"2021","Halifax, Nova Scotia [12205]","2021A003512205","Youth non-violent crime severity index","Index","160","units","0","v53079878","6.11","","..","","","2"
"2010","Halifax, Nova Scotia [12205]","2021A003512205","Percent change in youth non-violent crime severity index","Percent","239","units","0","v87984857","6.12","0.00","","","","2"
"2011","Halifax, Nova Scotia [12205]","2021A003512205","Percent change in youth non-violent crime severity index","Percent","239","units","0","v87984857","6.12","","..","","","2"
"2012","Halifax, Nova Scotia [12205]","2021A003512205","Percent change in youth non-violent crime severity index","Percent","239","units","0","v87984857","6.12","","..","","","2"
"2013","Halifax, Nova Scotia [12205]","2021A003512205","Percent change in youth non-violent crime severity index","Percent","239","units","0","v87984857","6.12","","..","","","2"
"2014","Halifax, Nova Scotia [12205]","2021A003512205","Percent change in youth non-violent crime severity index","Percent","239","units","0","v87984857","6.12","","..","","","2"
"2015","Halifax, Nova Scotia [12205]","2021A003512205","Percent change in youth non-violent crime severity index","Percent","239","units","0","v87984857","6.12","","..","","","2"
"2016","Halifax, Nova Scotia [12205]","2021A003512205","Percent change in youth non-violent crime severity index","Percent","239","units","0","v87984857","6.12","","..","","","2"
"2017","Halifax, Nova Scotia [12205]","2021A003512205","Percent change in youth non-violent crime severity index","Percent","239","units","0","v87984857","6.12","","..","","","2"
"2018","Halifax, Nova Scotia [12205]","2021A003512205","Percent change in youth non-violent crime severity index","Percent","239","units","0","v87984857","6.12","","..","","","2"
"2019","Halifax, Nova Scotia [12205]","2021A003512205","Percent change in youth non-violent crime severity index","Percent","239","units","0","v87984857","6.12","","..","","","2"
"2020","Halifax, Nova Scotia [12205]","2021A003512205","Percent change in youth non-violent crime severity index","Percent","239","units","0","v87984857","6.12","","..","","","2"
"2021","Halifax, Nova Scotia [12205]","2021A003512205","Percent change in youth non-violent crime severity index","Percent","239","units","0","v87984857","6.12","","..","","","2"
"2010","Halifax, Nova Scotia [12205]","2021A003512205","Weighted clearance rate","Number","223","units","0","v53079879","6.13","33.10","","","","2"
"2011","Halifax, Nova Scotia [12205]","2021A003512205","Weighted clearance rate","Number","223","units","0","v53079879","6.13","38.18","","","","2"
"2012","Halifax, Nova Scotia [12205]","2021A003512205","Weighted clearance rate","Number","223","units","0","v53079879","6.13","40.21","","","","2"
"2013","Halifax, Nova Scotia [12205]","2021A003512205","Weighted clearance rate","Number","223","units","0","v53079879","6.13","41.14","","","","2"
"2014","Halifax, Nova Scotia [12205]","2021A003512205","Weighted clearance rate","Number","223","units","0","v53079879","6.13","37.75","","","","2"
"2015","Halifax, Nova Scotia [12205]","2021A003512205","Weighted clearance rate","Number","223","units","0","v53079879","6.13","39.40","","","","2"
"2016","Halifax, Nova Scotia [12205]","2021A003512205","Weighted clearance rate","Number","223","units","0","v53079879","6.13","36.47","","","","2"
"2017","Halifax, Nova Scotia [12205]","2021A003512205","Weighted clearance rate","Number","223","units","0","v53079879","6.13","35.07","","","","2"
"2018","Halifax, Nova Scotia [12205]","2021A003512205","Weighted clearance rate","Number","223","units","0","v53079879","6.13","36.62","","","","2"
"2019","Halifax, Nova Scotia [12205]","2021A003512205","Weighted clearance rate","Number","223","units","0","v53079879","6.13","34.72","","","","2"
"2020","Halifax, Nova Scotia [12205]","2021A003512205","Weighted clearance rate","Number","223","units","0","v53079879","6.13","33.51","","","","2"
"2021","Halifax, Nova Scotia [12205]","2021A003512205","Weighted clearance rate","Number","223","units","0","v53079879","6.13","27.76","","","","2"
"2010","Halifax, Nova Scotia [12205]","2021A003512205","Percent change in weighted clearance rate","Percent","239","units","0","v53079880","6.14","0.64","","","","2"
"2011","Halifax, Nova Scotia [12205]","2021A003512205","Percent change in weighted clearance rate","Percent","239","units","0","v53079880","6.14","15.35","","","","2"
"2012","Halifax, Nova Scotia [12205]","2021A003512205","Percent change in weighted clearance rate","Percent","239","units","0","v53079880","6.14","5.32","","","","2"
"2013","Halifax, Nova Scotia [12205]","2021A003512205","Percent change in weighted clearance rate","Percent","239","units","0","v53079880","6.14","2.31","","","","2"
"2014","Halifax, Nova Scotia [12205]","2021A003512205","Percent change in weighted clearance rate","Percent","239","units","0","v53079880","6.14","-8.24","","","","2"
"2015","Halifax, Nova Scotia [12205]","2021A003512205","Percent change in weighted clearance rate","Percent","239","units","0","v53079880","6.14","4.37","","","","2"
"2016","Halifax, Nova Scotia [12205]","2021A003512205","Percent change in weighted clearance rate","Percent","239","units","0","v53079880","6.14","-7.44","","","","2"
"2017","Halifax, Nova Scotia [12205]","2021A003512205","Percent change in weighted clearance rate","Percent","239","units","0","v53079880","6.14","-3.84","","","","2"
"2018","Halifax, Nova Scotia [12205]","2021A003512205","Percent change in weighted clearance rate","Percent","239","units","0","v53079880","6.14","4.42","","","","2"
"2019","Halifax, Nova Scotia [12205]","2021A003512205","Percent change in weighted clearance rate","Percent","239","units","0","v53079880","6.14","-5.19","","","","2"
"2020","Halifax, Nova Scotia [12205]","2021A003512205","Percent change in weighted clearance rate","Percent","239","units","0","v53079880","6.14","-3.49","","","","2"
"2021","Halifax, Nova Scotia [12205]","2021A003512205","Percent change in weighted clearance rate","Percent","239","units","0","v53079880","6.14","-17.16","","","","2"
"2010","Halifax, Nova Scotia [12205]","2021A003512205","Violent weighted clearance rate","Number","223","units","0","v53079881","6.15","46.31","","","","2"
"2011","Halifax, Nova Scotia [12205]","2021A003512205","Violent weighted clearance rate","Number","223","units","0","v53079881","6.15","50.82","","","","2"
"2012","Halifax, Nova Scotia [12205]","2021A003512205","Violent weighted clearance rate","Number","223","units","0","v53079881","6.15","56.46","","","","2"
"2013","Halifax, Nova Scotia [12205]","2021A003512205","Violent weighted clearance rate","Number","223","units","0","v53079881","6.15","56.35","","","","2"
"2014","Halifax, Nova Scotia [12205]","2021A003512205","Violent weighted clearance rate","Number","223","units","0","v53079881","6.15","56.59","","","","2"
"2015","Halifax, Nova Scotia [12205]","2021A003512205","Violent weighted clearance rate","Number","223","units","0","v53079881","6.15","57.45","","","","2"
"2016","Halifax, Nova Scotia [12205]","2021A003512205","Violent weighted clearance rate","Number","223","units","0","v53079881","6.15","51.60","","","","2"
"2017","Halifax, Nova Scotia [12205]","2021A003512205","Violent weighted clearance rate","Number","223","units","0","v53079881","6.15","47.36","","","","2"
"2018","Halifax, Nova Scotia [12205]","2021A003512205","Violent weighted clearance rate","Number","223","units","0","v53079881","6.15","45.49","","","","2"
"2019","Halifax, Nova Scotia [12205]","2021A003512205","Violent weighted clearance rate","Number","223","units","0","v53079881","6.15","46.00","","","","2"
"2020","Halifax, Nova Scotia [12205]","2021A003512205","Violent weighted clearance rate","Number","223","units","0","v53079881","6.15","53.61","","","","2"
"2021","Halifax, Nova Scotia [12205]","2021A003512205","Violent weighted clearance rate","Number","223","units","0","v53079881","6.15","42.94","","","","2"
"2010","Halifax, Nova Scotia [12205]","2021A003512205","Percent change in violent weighted clearance rate","Percent","239","units","0","v53079882","6.16","2.41","","","","2"
"2011","Halifax, Nova Scotia [12205]","2021A003512205","Percent change in violent weighted clearance rate","Percent","239","units","0","v53079882","6.16","9.74","","","","2"
"2012","Halifax, Nova Scotia [12205]","2021A003512205","Percent change in violent weighted clearance rate","Percent","239","units","0","v53079882","6.16","11.10","","","","2"
"2013","Halifax, Nova Scotia [12205]","2021A003512205","Percent change in violent weighted clearance rate","Percent","239","units","0","v53079882","6.16","-0.19","","","","2"
"2014","Halifax, Nova Scotia [12205]","2021A003512205","Percent change in violent weighted clearance rate","Percent","239","units","0","v53079882","6.16","0.43","","","","2"
"2015","Halifax, Nova Scotia [12205]","2021A003512205","Percent change in violent weighted clearance rate","Percent","239","units","0","v53079882","6.16","1.52","","","","2"
"2016","Halifax, Nova Scotia [12205]","2021A003512205","Percent change in violent weighted clearance rate","Percent","239","units","0","v53079882","6.16","-10.18","","","","2"
"2017","Halifax, Nova Scotia [12205]","2021A003512205","Percent change in violent weighted clearance rate","Percent","239","units","0","v53079882","6.16","-8.22","","","","2"
"2018","Halifax, Nova Scotia [12205]","2021A003512205","Percent change in violent weighted clearance rate","Percent","239","units","0","v53079882","6.16","-3.95","","","","2"
"2019","Halifax, Nova Scotia [12205]","2021A003512205","Percent change in violent weighted clearance rate","Percent","239","units","0","v53079882","6.16","1.12","","","","2"
"2020","Halifax, Nova Scotia [12205]","2021A003512205","Percent change in violent weighted clearance rate","Percent","239","units","0","v53079882","6.16","16.54","","","","2"
"2021","Halifax, Nova Scotia [12205]","2021A003512205","Percent change in violent weighted clearance rate","Percent","239","units","0","v53079882","6.16","-19.90","","","","2"
"2010","Halifax, Nova Scotia [12205]","2021A003512205","Non-violent weighted clearance rate","Number","223","units","0","v53079883","6.17","27.34","","","","2"
"2011","Halifax, Nova Scotia [12205]","2021A003512205","Non-violent weighted clearance rate","Number","223","units","0","v53079883","6.17","31.44","","","","2"
"2012","Halifax, Nova Scotia [12205]","2021A003512205","Non-violent weighted clearance rate","Number","223","units","0","v53079883","6.17","32.13","","","","2"
"2013","Halifax, Nova Scotia [12205]","2021A003512205","Non-violent weighted clearance rate","Number","223","units","0","v53079883","6.17","33.67","","","","2"
"2014","Halifax, Nova Scotia [12205]","2021A003512205","Non-violent weighted clearance rate","Number","223","units","0","v53079883","6.17","29.66","","","","2"
"2015","Halifax, Nova Scotia [12205]","2021A003512205","Non-violent weighted clearance rate","Number","223","units","0","v53079883","6.17","29.97","","","","2"
"2016","Halifax, Nova Scotia [12205]","2021A003512205","Non-violent weighted clearance rate","Number","223","units","0","v53079883","6.17","28.57","","","","2"
"2017","Halifax, Nova Scotia [12205]","2021A003512205","Non-violent weighted clearance rate","Number","223","units","0","v53079883","6.17","28.26","","","","2"
"2018","Halifax, Nova Scotia [12205]","2021A003512205","Non-violent weighted clearance rate","Number","223","units","0","v53079883","6.17","31.20","","","","2"
"2019","Halifax, Nova Scotia [12205]","2021A003512205","Non-violent weighted clearance rate","Number","223","units","0","v53079883","6.17","28.20","","","","2"
"2020","Halifax, Nova Scotia [12205]","2021A003512205","Non-violent weighted clearance rate","Number","223","units","0","v53079883","6.17","22.11","","","","2"
"2021","Halifax, Nova Scotia [12205]","2021A003512205","Non-violent weighted clearance rate","Number","223","units","0","v53079883","6.17","18.85","","","","2"
"2010","Halifax, Nova Scotia [12205]","2021A003512205","Percent change in non-violent weighted clearance rate","Percent","239","units","0","v53079884","6.18","3.36","","","","2"
"2011","Halifax, Nova Scotia [12205]","2021A003512205","Percent change in non-violent weighted clearance rate","Percent","239","units","0","v53079884","6.18","15.00","","","","2"
"2012","Halifax, Nova Scotia [12205]","2021A003512205","Percent change in non-violent weighted clearance rate","Percent","239","units","0","v53079884","6.18","2.19","","","","2"
"2013","Halifax, Nova Scotia [12205]","2021A003512205","Percent change in non-violent weighted clearance rate","Percent","239","units","0","v53079884","6.18","4.79","","","","2"
"2014","Halifax, Nova Scotia [12205]","2021A003512205","Percent change in non-violent weighted clearance rate","Percent","239","units","0","v53079884","6.18","-11.91","","","","2"
"2015","Halifax, Nova Scotia [12205]","2021A003512205","Percent change in non-violent weighted clearance rate","Percent","239","units","0","v53079884","6.18","1.05","","","","2"
"2016","Halifax, Nova Scotia [12205]","2021A003512205","Percent change in non-violent weighted clearance rate","Percent","239","units","0","v53079884","6.18","-4.67","","","","2"
"2017","Halifax, Nova Scotia [12205]","2021A003512205","Percent change in non-violent weighted clearance rate","Percent","239","units","0","v53079884","6.18","-1.09","","","","2"
"2018","Halifax, Nova Scotia [12205]","2021A003512205","Percent change in non-violent weighted clearance rate","Percent","239","units","0","v53079884","6.18","10.40","","","","2"
"2019","Halifax, Nova Scotia [12205]","2021A003512205","Percent change in non-violent weighted clearance rate","Percent","239","units","0","v53079884","6.18","-9.62","","","","2"
"2020","Halifax, Nova Scotia [12205]","2021A003512205","Percent change in non-violent weighted clearance rate","Percent","239","units","0","v53079884","6.18","-21.60","","","","2"
"2021","Halifax, Nova Scotia [12205]","2021A003512205","Percent change in non-violent weighted clearance rate","Percent","239","units","0","v53079884","6.18","-14.74","","","","2"


