﻿"REF_DATE","GEO","DGUID","Statistics","UOM","UOM_ID","SCALAR_FACTOR","SCALAR_ID","VECTOR","COORDINATE","VALUE","STATUS","SYMBOL","TERMINATED","DECIMALS"
"2010","New Brunswick [13]","2016A000213","Crime severity index","Index","160","units","0","v44312497","7.1","69.16","","","","2"
"2011","New Brunswick [13]","2016A000213","Crime severity index","Index","160","units","0","v44312497","7.1","66.21","","","","2"
"2012","New Brunswick [13]","2016A000213","Crime severity index","Index","160","units","0","v44312497","7.1","68.03","","","","2"
"2013","New Brunswick [13]","2016A000213","Crime severity index","Index","160","units","0","v44312497","7.1","60.04","","","","2"
"2014","New Brunswick [13]","2016A000213","Crime severity index","Index","160","units","0","v44312497","7.1","56.02","","","","2"
"2015","New Brunswick [13]","2016A000213","Crime severity index","Index","160","units","0","v44312497","7.1","62.41","","","","2"
"2016","New Brunswick [13]","2016A000213","Crime severity index","Index","160","units","0","v44312497","7.1","61.56","","","","2"
"2017","New Brunswick [13]","2016A000213","Crime severity index","Index","160","units","0","v44312497","7.1","68.76","","","","2"
"2018","New Brunswick [13]","2016A000213","Crime severity index","Index","160","units","0","v44312497","7.1","73.00","","","","2"
"2019","New Brunswick [13]","2016A000213","Crime severity index","Index","160","units","0","v44312497","7.1","80.24","","","","2"
"2020","New Brunswick [13]","2016A000213","Crime severity index","Index","160","units","0","v44312497","7.1","83.35","","","","2"
"2021","New Brunswick [13]","2016A000213","Crime severity index","Index","160","units","0","v44312497","7.1","88.48","","","","2"
"2010","New Brunswick [13]","2016A000213","Percent change in crime severity index","Percent","239","units","0","v44312498","7.2","-2.15","","","","2"
"2011","New Brunswick [13]","2016A000213","Percent change in crime severity index","Percent","239","units","0","v44312498","7.2","-4.27","","","","2"
"2012","New Brunswick [13]","2016A000213","Percent change in crime severity index","Percent","239","units","0","v44312498","7.2","2.75","","","","2"
"2013","New Brunswick [13]","2016A000213","Percent change in crime severity index","Percent","239","units","0","v44312498","7.2","-11.74","","","","2"
"2014","New Brunswick [13]","2016A000213","Percent change in crime severity index","Percent","239","units","0","v44312498","7.2","-6.70","","","","2"
"2015","New Brunswick [13]","2016A000213","Percent change in crime severity index","Percent","239","units","0","v44312498","7.2","11.41","","","","2"
"2016","New Brunswick [13]","2016A000213","Percent change in crime severity index","Percent","239","units","0","v44312498","7.2","-1.36","","","","2"
"2017","New Brunswick [13]","2016A000213","Percent change in crime severity index","Percent","239","units","0","v44312498","7.2","11.70","","","","2"
"2018","New Brunswick [13]","2016A000213","Percent change in crime severity index","Percent","239","units","0","v44312498","7.2","6.17","","","","2"
"2019","New Brunswick [13]","2016A000213","Percent change in crime severity index","Percent","239","units","0","v44312498","7.2","9.92","","","","2"
"2020","New Brunswick [13]","2016A000213","Percent change in crime severity index","Percent","239","units","0","v44312498","7.2","3.88","","","","2"
"2021","New Brunswick [13]","2016A000213","Percent change in crime severity index","Percent","239","units","0","v44312498","7.2","6.15","","","","2"
"2010","New Brunswick [13]","2016A000213","Violent crime severity index","Index","160","units","0","v44312499","7.3","68.41","","","","2"
"2011","New Brunswick [13]","2016A000213","Violent crime severity index","Index","160","units","0","v44312499","7.3","67.21","","","","2"
"2012","New Brunswick [13]","2016A000213","Violent crime severity index","Index","160","units","0","v44312499","7.3","65.31","","","","2"
"2013","New Brunswick [13]","2016A000213","Violent crime severity index","Index","160","units","0","v44312499","7.3","59.22","","","","2"
"2014","New Brunswick [13]","2016A000213","Violent crime severity index","Index","160","units","0","v44312499","7.3","57.55","","","","2"
"2015","New Brunswick [13]","2016A000213","Violent crime severity index","Index","160","units","0","v44312499","7.3","59.82","","","","2"
"2016","New Brunswick [13]","2016A000213","Violent crime severity index","Index","160","units","0","v44312499","7.3","65.89","","","","2"
"2017","New Brunswick [13]","2016A000213","Violent crime severity index","Index","160","units","0","v44312499","7.3","69.75","","","","2"
"2018","New Brunswick [13]","2016A000213","Violent crime severity index","Index","160","units","0","v44312499","7.3","76.87","","","","2"
"2019","New Brunswick [13]","2016A000213","Violent crime severity index","Index","160","units","0","v44312499","7.3","87.36","","","","2"
"2020","New Brunswick [13]","2016A000213","Violent crime severity index","Index","160","units","0","v44312499","7.3","84.37","","","","2"
"2021","New Brunswick [13]","2016A000213","Violent crime severity index","Index","160","units","0","v44312499","7.3","90.35","","","","2"
"2010","New Brunswick [13]","2016A000213","Percent change in violent crime severity index","Percent","239","units","0","v44312500","7.4","-5.33","","","","2"
"2011","New Brunswick [13]","2016A000213","Percent change in violent crime severity index","Percent","239","units","0","v44312500","7.4","-1.75","","","","2"
"2012","New Brunswick [13]","2016A000213","Percent change in violent crime severity index","Percent","239","units","0","v44312500","7.4","-2.83","","","","2"
"2013","New Brunswick [13]","2016A000213","Percent change in violent crime severity index","Percent","239","units","0","v44312500","7.4","-9.32","","","","2"
"2014","New Brunswick [13]","2016A000213","Percent change in violent crime severity index","Percent","239","units","0","v44312500","7.4","-2.82","","","","2"
"2015","New Brunswick [13]","2016A000213","Percent change in violent crime severity index","Percent","239","units","0","v44312500","7.4","3.94","","","","2"
"2016","New Brunswick [13]","2016A000213","Percent change in violent crime severity index","Percent","239","units","0","v44312500","7.4","10.15","","","","2"
"2017","New Brunswick [13]","2016A000213","Percent change in violent crime severity index","Percent","239","units","0","v44312500","7.4","5.86","","","","2"
"2018","New Brunswick [13]","2016A000213","Percent change in violent crime severity index","Percent","239","units","0","v44312500","7.4","10.21","","","","2"
"2019","New Brunswick [13]","2016A000213","Percent change in violent crime severity index","Percent","239","units","0","v44312500","7.4","13.65","","","","2"
"2020","New Brunswick [13]","2016A000213","Percent change in violent crime severity index","Percent","239","units","0","v44312500","7.4","-3.42","","","","2"
"2021","New Brunswick [13]","2016A000213","Percent change in violent crime severity index","Percent","239","units","0","v44312500","7.4","7.09","","","","2"
"2010","New Brunswick [13]","2016A000213","Non-violent crime severity index","Index","160","units","0","v44312501","7.5","69.44","","","","2"
"2011","New Brunswick [13]","2016A000213","Non-violent crime severity index","Index","160","units","0","v44312501","7.5","65.70","","","","2"
"2012","New Brunswick [13]","2016A000213","Non-violent crime severity index","Index","160","units","0","v44312501","7.5","68.88","","","","2"
"2013","New Brunswick [13]","2016A000213","Non-violent crime severity index","Index","160","units","0","v44312501","7.5","60.21","","","","2"
"2014","New Brunswick [13]","2016A000213","Non-violent crime severity index","Index","160","units","0","v44312501","7.5","55.35","","","","2"
"2015","New Brunswick [13]","2016A000213","Non-violent crime severity index","Index","160","units","0","v44312501","7.5","63.23","","","","2"
"2016","New Brunswick [13]","2016A000213","Non-violent crime severity index","Index","160","units","0","v44312501","7.5","59.85","","","","2"
"2017","New Brunswick [13]","2016A000213","Non-violent crime severity index","Index","160","units","0","v44312501","7.5","68.24","","","","2"
"2018","New Brunswick [13]","2016A000213","Non-violent crime severity index","Index","160","units","0","v44312501","7.5","71.44","","","","2"
"2019","New Brunswick [13]","2016A000213","Non-violent crime severity index","Index","160","units","0","v44312501","7.5","77.49","","","","2"
"2020","New Brunswick [13]","2016A000213","Non-violent crime severity index","Index","160","units","0","v44312501","7.5","82.79","","","","2"
"2021","New Brunswick [13]","2016A000213","Non-violent crime severity index","Index","160","units","0","v44312501","7.5","87.59","","","","2"
"2010","New Brunswick [13]","2016A000213","Percent change in non-violent crime severity index","Percent","239","units","0","v44312502","7.6","-0.90","","","","2"
"2011","New Brunswick [13]","2016A000213","Percent change in non-violent crime severity index","Percent","239","units","0","v44312502","7.6","-5.39","","","","2"
"2012","New Brunswick [13]","2016A000213","Percent change in non-violent crime severity index","Percent","239","units","0","v44312502","7.6","4.84","","","","2"
"2013","New Brunswick [13]","2016A000213","Percent change in non-violent crime severity index","Percent","239","units","0","v44312502","7.6","-12.59","","","","2"
"2014","New Brunswick [13]","2016A000213","Percent change in non-violent crime severity index","Percent","239","units","0","v44312502","7.6","-8.07","","","","2"
"2015","New Brunswick [13]","2016A000213","Percent change in non-violent crime severity index","Percent","239","units","0","v44312502","7.6","14.24","","","","2"
"2016","New Brunswick [13]","2016A000213","Percent change in non-violent crime severity index","Percent","239","units","0","v44312502","7.6","-5.35","","","","2"
"2017","New Brunswick [13]","2016A000213","Percent change in non-violent crime severity index","Percent","239","units","0","v44312502","7.6","14.02","","","","2"
"2018","New Brunswick [13]","2016A000213","Percent change in non-violent crime severity index","Percent","239","units","0","v44312502","7.6","4.69","","","","2"
"2019","New Brunswick [13]","2016A000213","Percent change in non-violent crime severity index","Percent","239","units","0","v44312502","7.6","8.47","","","","2"
"2020","New Brunswick [13]","2016A000213","Percent change in non-violent crime severity index","Percent","239","units","0","v44312502","7.6","6.84","","","","2"
"2021","New Brunswick [13]","2016A000213","Percent change in non-violent crime severity index","Percent","239","units","0","v44312502","7.6","5.80","","","","2"
"2010","New Brunswick [13]","2016A000213","Youth crime severity index","Index","160","units","0","v53079896","7.7","98.33","","","","2"
"2011","New Brunswick [13]","2016A000213","Youth crime severity index","Index","160","units","0","v53079896","7.7","81.66","","","","2"
"2012","New Brunswick [13]","2016A000213","Youth crime severity index","Index","160","units","0","v53079896","7.7","80.28","","","","2"
"2013","New Brunswick [13]","2016A000213","Youth crime severity index","Index","160","units","0","v53079896","7.7","69.66","","","","2"
"2014","New Brunswick [13]","2016A000213","Youth crime severity index","Index","160","units","0","v53079896","7.7","59.99","","","","2"
"2015","New Brunswick [13]","2016A000213","Youth crime severity index","Index","160","units","0","v53079896","7.7","56.92","","","","2"
"2016","New Brunswick [13]","2016A000213","Youth crime severity index","Index","160","units","0","v53079896","7.7","58.10","","","","2"
"2017","New Brunswick [13]","2016A000213","Youth crime severity index","Index","160","units","0","v53079896","7.7","51.85","","","","2"
"2018","New Brunswick [13]","2016A000213","Youth crime severity index","Index","160","units","0","v53079896","7.7","48.39","","","","2"
"2019","New Brunswick [13]","2016A000213","Youth crime severity index","Index","160","units","0","v53079896","7.7","48.15","","","","2"
"2020","New Brunswick [13]","2016A000213","Youth crime severity index","Index","160","units","0","v53079896","7.7","38.22","","","","2"
"2021","New Brunswick [13]","2016A000213","Youth crime severity index","Index","160","units","0","v53079896","7.7","31.99","","","","2"
"2010","New Brunswick [13]","2016A000213","Percent change in youth crime severity index","Percent","239","units","0","v53079897","7.8","-13.34","","","","2"
"2011","New Brunswick [13]","2016A000213","Percent change in youth crime severity index","Percent","239","units","0","v53079897","7.8","-16.95","","","","2"
"2012","New Brunswick [13]","2016A000213","Percent change in youth crime severity index","Percent","239","units","0","v53079897","7.8","-1.69","","","","2"
"2013","New Brunswick [13]","2016A000213","Percent change in youth crime severity index","Percent","239","units","0","v53079897","7.8","-13.23","","","","2"
"2014","New Brunswick [13]","2016A000213","Percent change in youth crime severity index","Percent","239","units","0","v53079897","7.8","-13.88","","","","2"
"2015","New Brunswick [13]","2016A000213","Percent change in youth crime severity index","Percent","239","units","0","v53079897","7.8","-5.12","","","","2"
"2016","New Brunswick [13]","2016A000213","Percent change in youth crime severity index","Percent","239","units","0","v53079897","7.8","2.07","","","","2"
"2017","New Brunswick [13]","2016A000213","Percent change in youth crime severity index","Percent","239","units","0","v53079897","7.8","-10.76","","","","2"
"2018","New Brunswick [13]","2016A000213","Percent change in youth crime severity index","Percent","239","units","0","v53079897","7.8","-6.67","","","","2"
"2019","New Brunswick [13]","2016A000213","Percent change in youth crime severity index","Percent","239","units","0","v53079897","7.8","-0.50","","","","2"
"2020","New Brunswick [13]","2016A000213","Percent change in youth crime severity index","Percent","239","units","0","v53079897","7.8","-20.62","","","","2"
"2021","New Brunswick [13]","2016A000213","Percent change in youth crime severity index","Percent","239","units","0","v53079897","7.8","-16.30","","","","2"
"2010","New Brunswick [13]","2016A000213","Youth violent crime severity index","Index","160","units","0","v53079898","7.9","68.35","","","","2"
"2011","New Brunswick [13]","2016A000213","Youth violent crime severity index","Index","160","units","0","v53079898","7.9","62.75","","","","2"
"2012","New Brunswick [13]","2016A000213","Youth violent crime severity index","Index","160","units","0","v53079898","7.9","61.42","","","","2"
"2013","New Brunswick [13]","2016A000213","Youth violent crime severity index","Index","160","units","0","v53079898","7.9","56.88","","","","2"
"2014","New Brunswick [13]","2016A000213","Youth violent crime severity index","Index","160","units","0","v53079898","7.9","47.56","","","","2"
"2015","New Brunswick [13]","2016A000213","Youth violent crime severity index","Index","160","units","0","v53079898","7.9","51.15","","","","2"
"2016","New Brunswick [13]","2016A000213","Youth violent crime severity index","Index","160","units","0","v53079898","7.9","54.72","","","","2"
"2017","New Brunswick [13]","2016A000213","Youth violent crime severity index","Index","160","units","0","v53079898","7.9","51.71","","","","2"
"2018","New Brunswick [13]","2016A000213","Youth violent crime severity index","Index","160","units","0","v53079898","7.9","53.56","","","","2"
"2019","New Brunswick [13]","2016A000213","Youth violent crime severity index","Index","160","units","0","v53079898","7.9","65.17","","","","2"
"2020","New Brunswick [13]","2016A000213","Youth violent crime severity index","Index","160","units","0","v53079898","7.9","47.05","","","","2"
"2021","New Brunswick [13]","2016A000213","Youth violent crime severity index","Index","160","units","0","v53079898","7.9","43.29","","","","2"
"2010","New Brunswick [13]","2016A000213","Percent change in youth violent crime severity index","Percent","239","units","0","v53079924","7.10","-23.78","","","","2"
"2011","New Brunswick [13]","2016A000213","Percent change in youth violent crime severity index","Percent","239","units","0","v53079924","7.10","-8.19","","","","2"
"2012","New Brunswick [13]","2016A000213","Percent change in youth violent crime severity index","Percent","239","units","0","v53079924","7.10","-2.12","","","","2"
"2013","New Brunswick [13]","2016A000213","Percent change in youth violent crime severity index","Percent","239","units","0","v53079924","7.10","-7.39","","","","2"
"2014","New Brunswick [13]","2016A000213","Percent change in youth violent crime severity index","Percent","239","units","0","v53079924","7.10","-16.39","","","","2"
"2015","New Brunswick [13]","2016A000213","Percent change in youth violent crime severity index","Percent","239","units","0","v53079924","7.10","7.55","","","","2"
"2016","New Brunswick [13]","2016A000213","Percent change in youth violent crime severity index","Percent","239","units","0","v53079924","7.10","6.98","","","","2"
"2017","New Brunswick [13]","2016A000213","Percent change in youth violent crime severity index","Percent","239","units","0","v53079924","7.10","-5.50","","","","2"
"2018","New Brunswick [13]","2016A000213","Percent change in youth violent crime severity index","Percent","239","units","0","v53079924","7.10","3.58","","","","2"
"2019","New Brunswick [13]","2016A000213","Percent change in youth violent crime severity index","Percent","239","units","0","v53079924","7.10","21.68","","","","2"
"2020","New Brunswick [13]","2016A000213","Percent change in youth violent crime severity index","Percent","239","units","0","v53079924","7.10","-27.80","","","","2"
"2021","New Brunswick [13]","2016A000213","Percent change in youth violent crime severity index","Percent","239","units","0","v53079924","7.10","-7.99","","","","2"
"2010","New Brunswick [13]","2016A000213","Youth non-violent crime severity index","Index","160","units","0","v53079888","7.11","121.16","","","","2"
"2011","New Brunswick [13]","2016A000213","Youth non-violent crime severity index","Index","160","units","0","v53079888","7.11","94.70","","","","2"
"2012","New Brunswick [13]","2016A000213","Youth non-violent crime severity index","Index","160","units","0","v53079888","7.11","93.29","","","","2"
"2013","New Brunswick [13]","2016A000213","Youth non-violent crime severity index","Index","160","units","0","v53079888","7.11","78.40","","","","2"
"2014","New Brunswick [13]","2016A000213","Youth non-violent crime severity index","Index","160","units","0","v53079888","7.11","68.53","","","","2"
"2015","New Brunswick [13]","2016A000213","Youth non-violent crime severity index","Index","160","units","0","v53079888","7.11","60.75","","","","2"
"2016","New Brunswick [13]","2016A000213","Youth non-violent crime severity index","Index","160","units","0","v53079888","7.11","59.87","","","","2"
"2017","New Brunswick [13]","2016A000213","Youth non-violent crime severity index","Index","160","units","0","v53079888","7.11","51.46","","","","2"
"2018","New Brunswick [13]","2016A000213","Youth non-violent crime severity index","Index","160","units","0","v53079888","7.11","44.41","","","","2"
"2019","New Brunswick [13]","2016A000213","Youth non-violent crime severity index","Index","160","units","0","v53079888","7.11","36.10","","","","2"
"2020","New Brunswick [13]","2016A000213","Youth non-violent crime severity index","Index","160","units","0","v53079888","7.11","31.84","","","","2"
"2021","New Brunswick [13]","2016A000213","Youth non-violent crime severity index","Index","160","units","0","v53079888","7.11","23.99","","","","2"
"2010","New Brunswick [13]","2016A000213","Percent change in youth non-violent crime severity index","Percent","239","units","0","v53079889","7.12","-7.93","","","","2"
"2011","New Brunswick [13]","2016A000213","Percent change in youth non-violent crime severity index","Percent","239","units","0","v53079889","7.12","-21.84","","","","2"
"2012","New Brunswick [13]","2016A000213","Percent change in youth non-violent crime severity index","Percent","239","units","0","v53079889","7.12","-1.49","","","","2"
"2013","New Brunswick [13]","2016A000213","Percent change in youth non-violent crime severity index","Percent","239","units","0","v53079889","7.12","-15.96","","","","2"
"2014","New Brunswick [13]","2016A000213","Percent change in youth non-violent crime severity index","Percent","239","units","0","v53079889","7.12","-12.59","","","","2"
"2015","New Brunswick [13]","2016A000213","Percent change in youth non-violent crime severity index","Percent","239","units","0","v53079889","7.12","-11.35","","","","2"
"2016","New Brunswick [13]","2016A000213","Percent change in youth non-violent crime severity index","Percent","239","units","0","v53079889","7.12","-1.45","","","","2"
"2017","New Brunswick [13]","2016A000213","Percent change in youth non-violent crime severity index","Percent","239","units","0","v53079889","7.12","-14.05","","","","2"
"2018","New Brunswick [13]","2016A000213","Percent change in youth non-violent crime severity index","Percent","239","units","0","v53079889","7.12","-13.70","","","","2"
"2019","New Brunswick [13]","2016A000213","Percent change in youth non-violent crime severity index","Percent","239","units","0","v53079889","7.12","-18.71","","","","2"
"2020","New Brunswick [13]","2016A000213","Percent change in youth non-violent crime severity index","Percent","239","units","0","v53079889","7.12","-11.80","","","","2"
"2021","New Brunswick [13]","2016A000213","Percent change in youth non-violent crime severity index","Percent","239","units","0","v53079889","7.12","-24.65","","","","2"
"2010","New Brunswick [13]","2016A000213","Weighted clearance rate","Number","223","units","0","v53079890","7.13","45.69","","","","2"
"2011","New Brunswick [13]","2016A000213","Weighted clearance rate","Number","223","units","0","v53079890","7.13","41.04","","","","2"
"2012","New Brunswick [13]","2016A000213","Weighted clearance rate","Number","223","units","0","v53079890","7.13","41.00","","","","2"
"2013","New Brunswick [13]","2016A000213","Weighted clearance rate","Number","223","units","0","v53079890","7.13","40.87","","","","2"
"2014","New Brunswick [13]","2016A000213","Weighted clearance rate","Number","223","units","0","v53079890","7.13","40.69","","","","2"
"2015","New Brunswick [13]","2016A000213","Weighted clearance rate","Number","223","units","0","v53079890","7.13","36.81","","","","2"
"2016","New Brunswick [13]","2016A000213","Weighted clearance rate","Number","223","units","0","v53079890","7.13","41.64","","","","2"
"2017","New Brunswick [13]","2016A000213","Weighted clearance rate","Number","223","units","0","v53079890","7.13","37.40","","","","2"
"2018","New Brunswick [13]","2016A000213","Weighted clearance rate","Number","223","units","0","v53079890","7.13","35.41","","","","2"
"2019","New Brunswick [13]","2016A000213","Weighted clearance rate","Number","223","units","0","v53079890","7.13","33.62","","","","2"
"2020","New Brunswick [13]","2016A000213","Weighted clearance rate","Number","223","units","0","v53079890","7.13","30.23","","","","2"
"2021","New Brunswick [13]","2016A000213","Weighted clearance rate","Number","223","units","0","v53079890","7.13","25.98","","","","2"
"2010","New Brunswick [13]","2016A000213","Percent change in weighted clearance rate","Percent","239","units","0","v53079891","7.14","-0.15","","","","2"
"2011","New Brunswick [13]","2016A000213","Percent change in weighted clearance rate","Percent","239","units","0","v53079891","7.14","-10.18","","","","2"
"2012","New Brunswick [13]","2016A000213","Percent change in weighted clearance rate","Percent","239","units","0","v53079891","7.14","-0.10","","","","2"
"2013","New Brunswick [13]","2016A000213","Percent change in weighted clearance rate","Percent","239","units","0","v53079891","7.14","-0.32","","","","2"
"2014","New Brunswick [13]","2016A000213","Percent change in weighted clearance rate","Percent","239","units","0","v53079891","7.14","-0.44","","","","2"
"2015","New Brunswick [13]","2016A000213","Percent change in weighted clearance rate","Percent","239","units","0","v53079891","7.14","-9.54","","","","2"
"2016","New Brunswick [13]","2016A000213","Percent change in weighted clearance rate","Percent","239","units","0","v53079891","7.14","13.12","","","","2"
"2017","New Brunswick [13]","2016A000213","Percent change in weighted clearance rate","Percent","239","units","0","v53079891","7.14","-10.18","","","","2"
"2018","New Brunswick [13]","2016A000213","Percent change in weighted clearance rate","Percent","239","units","0","v53079891","7.14","-5.32","","","","2"
"2019","New Brunswick [13]","2016A000213","Percent change in weighted clearance rate","Percent","239","units","0","v53079891","7.14","-5.06","","","","2"
"2020","New Brunswick [13]","2016A000213","Percent change in weighted clearance rate","Percent","239","units","0","v53079891","7.14","-10.08","","","","2"
"2021","New Brunswick [13]","2016A000213","Percent change in weighted clearance rate","Percent","239","units","0","v53079891","7.14","-14.06","","","","2"
"2010","New Brunswick [13]","2016A000213","Violent weighted clearance rate","Number","223","units","0","v53079892","7.15","75.82","","","","2"
"2011","New Brunswick [13]","2016A000213","Violent weighted clearance rate","Number","223","units","0","v53079892","7.15","67.51","","","","2"
"2012","New Brunswick [13]","2016A000213","Violent weighted clearance rate","Number","223","units","0","v53079892","7.15","67.17","","","","2"
"2013","New Brunswick [13]","2016A000213","Violent weighted clearance rate","Number","223","units","0","v53079892","7.15","67.95","","","","2"
"2014","New Brunswick [13]","2016A000213","Violent weighted clearance rate","Number","223","units","0","v53079892","7.15","66.61","","","","2"
"2015","New Brunswick [13]","2016A000213","Violent weighted clearance rate","Number","223","units","0","v53079892","7.15","66.03","","","","2"
"2016","New Brunswick [13]","2016A000213","Violent weighted clearance rate","Number","223","units","0","v53079892","7.15","68.78","","","","2"
"2017","New Brunswick [13]","2016A000213","Violent weighted clearance rate","Number","223","units","0","v53079892","7.15","62.24","","","","2"
"2018","New Brunswick [13]","2016A000213","Violent weighted clearance rate","Number","223","units","0","v53079892","7.15","58.86","","","","2"
"2019","New Brunswick [13]","2016A000213","Violent weighted clearance rate","Number","223","units","0","v53079892","7.15","55.55","","","","2"
"2020","New Brunswick [13]","2016A000213","Violent weighted clearance rate","Number","223","units","0","v53079892","7.15","56.25","","","","2"
"2021","New Brunswick [13]","2016A000213","Violent weighted clearance rate","Number","223","units","0","v53079892","7.15","46.76","","","","2"
"2010","New Brunswick [13]","2016A000213","Percent change in violent weighted clearance rate","Percent","239","units","0","v53079893","7.16","5.94","","","","2"
"2011","New Brunswick [13]","2016A000213","Percent change in violent weighted clearance rate","Percent","239","units","0","v53079893","7.16","-10.96","","","","2"
"2012","New Brunswick [13]","2016A000213","Percent change in violent weighted clearance rate","Percent","239","units","0","v53079893","7.16","-0.50","","","","2"
"2013","New Brunswick [13]","2016A000213","Percent change in violent weighted clearance rate","Percent","239","units","0","v53079893","7.16","1.16","","","","2"
"2014","New Brunswick [13]","2016A000213","Percent change in violent weighted clearance rate","Percent","239","units","0","v53079893","7.16","-1.97","","","","2"
"2015","New Brunswick [13]","2016A000213","Percent change in violent weighted clearance rate","Percent","239","units","0","v53079893","7.16","-0.87","","","","2"
"2016","New Brunswick [13]","2016A000213","Percent change in violent weighted clearance rate","Percent","239","units","0","v53079893","7.16","4.16","","","","2"
"2017","New Brunswick [13]","2016A000213","Percent change in violent weighted clearance rate","Percent","239","units","0","v53079893","7.16","-9.51","","","","2"
"2018","New Brunswick [13]","2016A000213","Percent change in violent weighted clearance rate","Percent","239","units","0","v53079893","7.16","-5.43","","","","2"
"2019","New Brunswick [13]","2016A000213","Percent change in violent weighted clearance rate","Percent","239","units","0","v53079893","7.16","-5.62","","","","2"
"2020","New Brunswick [13]","2016A000213","Percent change in violent weighted clearance rate","Percent","239","units","0","v53079893","7.16","1.26","","","","2"
"2021","New Brunswick [13]","2016A000213","Percent change in violent weighted clearance rate","Percent","239","units","0","v53079893","7.16","-16.87","","","","2"
"2010","New Brunswick [13]","2016A000213","Non-violent weighted clearance rate","Number","223","units","0","v53079894","7.17","34.27","","","","2"
"2011","New Brunswick [13]","2016A000213","Non-violent weighted clearance rate","Number","223","units","0","v53079894","7.17","31.18","","","","2"
"2012","New Brunswick [13]","2016A000213","Non-violent weighted clearance rate","Number","223","units","0","v53079894","7.17","31.97","","","","2"
"2013","New Brunswick [13]","2016A000213","Non-violent weighted clearance rate","Number","223","units","0","v53079894","7.17","31.17","","","","2"
"2014","New Brunswick [13]","2016A000213","Non-violent weighted clearance rate","Number","223","units","0","v53079894","7.17","30.89","","","","2"
"2015","New Brunswick [13]","2016A000213","Non-violent weighted clearance rate","Number","223","units","0","v53079894","7.17","26.75","","","","2"
"2016","New Brunswick [13]","2016A000213","Non-violent weighted clearance rate","Number","223","units","0","v53079894","7.17","30.90","","","","2"
"2017","New Brunswick [13]","2016A000213","Non-violent weighted clearance rate","Number","223","units","0","v53079894","7.17","28.27","","","","2"
"2018","New Brunswick [13]","2016A000213","Non-violent weighted clearance rate","Number","223","units","0","v53079894","7.17","26.33","","","","2"
"2019","New Brunswick [13]","2016A000213","Non-violent weighted clearance rate","Number","223","units","0","v53079894","7.17","24.73","","","","2"
"2020","New Brunswick [13]","2016A000213","Non-violent weighted clearance rate","Number","223","units","0","v53079894","7.17","20.70","","","","2"
"2021","New Brunswick [13]","2016A000213","Non-violent weighted clearance rate","Number","223","units","0","v53079894","7.17","18.27","","","","2"
"2010","New Brunswick [13]","2016A000213","Percent change in non-violent weighted clearance rate","Percent","239","units","0","v53079895","7.18","-3.55","","","","2"
"2011","New Brunswick [13]","2016A000213","Percent change in non-violent weighted clearance rate","Percent","239","units","0","v53079895","7.18","-9.02","","","","2"
"2012","New Brunswick [13]","2016A000213","Percent change in non-violent weighted clearance rate","Percent","239","units","0","v53079895","7.18","2.53","","","","2"
"2013","New Brunswick [13]","2016A000213","Percent change in non-violent weighted clearance rate","Percent","239","units","0","v53079895","7.18","-2.50","","","","2"
"2014","New Brunswick [13]","2016A000213","Percent change in non-violent weighted clearance rate","Percent","239","units","0","v53079895","7.18","-0.90","","","","2"
"2015","New Brunswick [13]","2016A000213","Percent change in non-violent weighted clearance rate","Percent","239","units","0","v53079895","7.18","-13.40","","","","2"
"2016","New Brunswick [13]","2016A000213","Percent change in non-violent weighted clearance rate","Percent","239","units","0","v53079895","7.18","15.51","","","","2"
"2017","New Brunswick [13]","2016A000213","Percent change in non-violent weighted clearance rate","Percent","239","units","0","v53079895","7.18","-8.51","","","","2"
"2018","New Brunswick [13]","2016A000213","Percent change in non-violent weighted clearance rate","Percent","239","units","0","v53079895","7.18","-6.86","","","","2"
"2019","New Brunswick [13]","2016A000213","Percent change in non-violent weighted clearance rate","Percent","239","units","0","v53079895","7.18","-6.08","","","","2"
"2020","New Brunswick [13]","2016A000213","Percent change in non-violent weighted clearance rate","Percent","239","units","0","v53079895","7.18","-16.30","","","","2"
"2021","New Brunswick [13]","2016A000213","Percent change in non-violent weighted clearance rate","Percent","239","units","0","v53079895","7.18","-11.74","","","","2"


