﻿"REF_DATE","GEO","DGUID","Statistics","UOM","UOM_ID","SCALAR_FACTOR","SCALAR_ID","VECTOR","COORDINATE","VALUE","STATUS","SYMBOL","TERMINATED","DECIMALS"
"2010","Peterborough, Ontario [35529]","2021A003535529","Crime severity index","Index","160","units","0","v52117752","44.1","68.14","","","","2"
"2011","Peterborough, Ontario [35529]","2021A003535529","Crime severity index","Index","160","units","0","v52117752","44.1","63.81","","","","2"
"2012","Peterborough, Ontario [35529]","2021A003535529","Crime severity index","Index","160","units","0","v52117752","44.1","63.56","","","","2"
"2013","Peterborough, Ontario [35529]","2021A003535529","Crime severity index","Index","160","units","0","v52117752","44.1","54.34","","","","2"
"2014","Peterborough, Ontario [35529]","2021A003535529","Crime severity index","Index","160","units","0","v52117752","44.1","53.43","","","","2"
"2015","Peterborough, Ontario [35529]","2021A003535529","Crime severity index","Index","160","units","0","v52117752","44.1","55.29","","","","2"
"2016","Peterborough, Ontario [35529]","2021A003535529","Crime severity index","Index","160","units","0","v52117752","44.1","55.24","","","","2"
"2017","Peterborough, Ontario [35529]","2021A003535529","Crime severity index","Index","160","units","0","v52117752","44.1","53.44","","","","2"
"2018","Peterborough, Ontario [35529]","2021A003535529","Crime severity index","Index","160","units","0","v52117752","44.1","49.37","","","","2"
"2019","Peterborough, Ontario [35529]","2021A003535529","Crime severity index","Index","160","units","0","v52117752","44.1","54.64","","","","2"
"2020","Peterborough, Ontario [35529]","2021A003535529","Crime severity index","Index","160","units","0","v52117752","44.1","62.42","","","","2"
"2021","Peterborough, Ontario [35529]","2021A003535529","Crime severity index","Index","160","units","0","v52117752","44.1","64.80","","","","2"
"2010","Peterborough, Ontario [35529]","2021A003535529","Percent change in crime severity index","Percent","239","units","0","v52117753","44.2","2.19","","","","2"
"2011","Peterborough, Ontario [35529]","2021A003535529","Percent change in crime severity index","Percent","239","units","0","v52117753","44.2","-6.35","","","","2"
"2012","Peterborough, Ontario [35529]","2021A003535529","Percent change in crime severity index","Percent","239","units","0","v52117753","44.2","-0.39","","","","2"
"2013","Peterborough, Ontario [35529]","2021A003535529","Percent change in crime severity index","Percent","239","units","0","v52117753","44.2","-14.51","","","","2"
"2014","Peterborough, Ontario [35529]","2021A003535529","Percent change in crime severity index","Percent","239","units","0","v52117753","44.2","-1.67","","","","2"
"2015","Peterborough, Ontario [35529]","2021A003535529","Percent change in crime severity index","Percent","239","units","0","v52117753","44.2","3.48","","","","2"
"2016","Peterborough, Ontario [35529]","2021A003535529","Percent change in crime severity index","Percent","239","units","0","v52117753","44.2","-0.09","","","","2"
"2017","Peterborough, Ontario [35529]","2021A003535529","Percent change in crime severity index","Percent","239","units","0","v52117753","44.2","-3.26","","","","2"
"2018","Peterborough, Ontario [35529]","2021A003535529","Percent change in crime severity index","Percent","239","units","0","v52117753","44.2","-7.62","","","","2"
"2019","Peterborough, Ontario [35529]","2021A003535529","Percent change in crime severity index","Percent","239","units","0","v52117753","44.2","10.67","","","","2"
"2020","Peterborough, Ontario [35529]","2021A003535529","Percent change in crime severity index","Percent","239","units","0","v52117753","44.2","14.24","","","","2"
"2021","Peterborough, Ontario [35529]","2021A003535529","Percent change in crime severity index","Percent","239","units","0","v52117753","44.2","3.81","","","","2"
"2010","Peterborough, Ontario [35529]","2021A003535529","Violent crime severity index","Index","160","units","0","v52117754","44.3","65.93","","","","2"
"2011","Peterborough, Ontario [35529]","2021A003535529","Violent crime severity index","Index","160","units","0","v52117754","44.3","61.68","","","","2"
"2012","Peterborough, Ontario [35529]","2021A003535529","Violent crime severity index","Index","160","units","0","v52117754","44.3","66.31","","","","2"
"2013","Peterborough, Ontario [35529]","2021A003535529","Violent crime severity index","Index","160","units","0","v52117754","44.3","57.51","","","","2"
"2014","Peterborough, Ontario [35529]","2021A003535529","Violent crime severity index","Index","160","units","0","v52117754","44.3","51.47","","","","2"
"2015","Peterborough, Ontario [35529]","2021A003535529","Violent crime severity index","Index","160","units","0","v52117754","44.3","57.91","","","","2"
"2016","Peterborough, Ontario [35529]","2021A003535529","Violent crime severity index","Index","160","units","0","v52117754","44.3","70.20","","","","2"
"2017","Peterborough, Ontario [35529]","2021A003535529","Violent crime severity index","Index","160","units","0","v52117754","44.3","69.14","","","","2"
"2018","Peterborough, Ontario [35529]","2021A003535529","Violent crime severity index","Index","160","units","0","v52117754","44.3","54.02","","","","2"
"2019","Peterborough, Ontario [35529]","2021A003535529","Violent crime severity index","Index","160","units","0","v52117754","44.3","65.89","","","","2"
"2020","Peterborough, Ontario [35529]","2021A003535529","Violent crime severity index","Index","160","units","0","v52117754","44.3","82.69","","","","2"
"2021","Peterborough, Ontario [35529]","2021A003535529","Violent crime severity index","Index","160","units","0","v52117754","44.3","84.43","","","","2"
"2010","Peterborough, Ontario [35529]","2021A003535529","Percent change in violent crime severity index","Percent","239","units","0","v52117755","44.4","7.59","","","","2"
"2011","Peterborough, Ontario [35529]","2021A003535529","Percent change in violent crime severity index","Percent","239","units","0","v52117755","44.4","-6.45","","","","2"
"2012","Peterborough, Ontario [35529]","2021A003535529","Percent change in violent crime severity index","Percent","239","units","0","v52117755","44.4","7.51","","","","2"
"2013","Peterborough, Ontario [35529]","2021A003535529","Percent change in violent crime severity index","Percent","239","units","0","v52117755","44.4","-13.27","","","","2"
"2014","Peterborough, Ontario [35529]","2021A003535529","Percent change in violent crime severity index","Percent","239","units","0","v52117755","44.4","-10.50","","","","2"
"2015","Peterborough, Ontario [35529]","2021A003535529","Percent change in violent crime severity index","Percent","239","units","0","v52117755","44.4","12.51","","","","2"
"2016","Peterborough, Ontario [35529]","2021A003535529","Percent change in violent crime severity index","Percent","239","units","0","v52117755","44.4","21.22","","","","2"
"2017","Peterborough, Ontario [35529]","2021A003535529","Percent change in violent crime severity index","Percent","239","units","0","v52117755","44.4","-1.51","","","","2"
"2018","Peterborough, Ontario [35529]","2021A003535529","Percent change in violent crime severity index","Percent","239","units","0","v52117755","44.4","-21.87","","","","2"
"2019","Peterborough, Ontario [35529]","2021A003535529","Percent change in violent crime severity index","Percent","239","units","0","v52117755","44.4","21.97","","","","2"
"2020","Peterborough, Ontario [35529]","2021A003535529","Percent change in violent crime severity index","Percent","239","units","0","v52117755","44.4","25.50","","","","2"
"2021","Peterborough, Ontario [35529]","2021A003535529","Percent change in violent crime severity index","Percent","239","units","0","v52117755","44.4","2.10","","","","2"
"2010","Peterborough, Ontario [35529]","2021A003535529","Non-violent crime severity index","Index","160","units","0","v52117756","44.5","68.98","","","","2"
"2011","Peterborough, Ontario [35529]","2021A003535529","Non-violent crime severity index","Index","160","units","0","v52117756","44.5","64.45","","","","2"
"2012","Peterborough, Ontario [35529]","2021A003535529","Non-violent crime severity index","Index","160","units","0","v52117756","44.5","62.43","","","","2"
"2013","Peterborough, Ontario [35529]","2021A003535529","Non-violent crime severity index","Index","160","units","0","v52117756","44.5","53.07","","","","2"
"2014","Peterborough, Ontario [35529]","2021A003535529","Non-violent crime severity index","Index","160","units","0","v52117756","44.5","54.03","","","","2"
"2015","Peterborough, Ontario [35529]","2021A003535529","Non-violent crime severity index","Index","160","units","0","v52117756","44.5","54.22","","","","2"
"2016","Peterborough, Ontario [35529]","2021A003535529","Non-violent crime severity index","Index","160","units","0","v52117756","44.5","49.72","","","","2"
"2017","Peterborough, Ontario [35529]","2021A003535529","Non-violent crime severity index","Index","160","units","0","v52117756","44.5","47.66","","","","2"
"2018","Peterborough, Ontario [35529]","2021A003535529","Non-violent crime severity index","Index","160","units","0","v52117756","44.5","47.58","","","","2"
"2019","Peterborough, Ontario [35529]","2021A003535529","Non-violent crime severity index","Index","160","units","0","v52117756","44.5","50.46","","","","2"
"2020","Peterborough, Ontario [35529]","2021A003535529","Non-violent crime severity index","Index","160","units","0","v52117756","44.5","54.98","","","","2"
"2021","Peterborough, Ontario [35529]","2021A003535529","Non-violent crime severity index","Index","160","units","0","v52117756","44.5","57.58","","","","2"
"2010","Peterborough, Ontario [35529]","2021A003535529","Percent change in non-violent crime severity index","Percent","239","units","0","v52117757","44.6","0.33","","","","2"
"2011","Peterborough, Ontario [35529]","2021A003535529","Percent change in non-violent crime severity index","Percent","239","units","0","v52117757","44.6","-6.57","","","","2"
"2012","Peterborough, Ontario [35529]","2021A003535529","Percent change in non-violent crime severity index","Percent","239","units","0","v52117757","44.6","-3.13","","","","2"
"2013","Peterborough, Ontario [35529]","2021A003535529","Percent change in non-violent crime severity index","Percent","239","units","0","v52117757","44.6","-14.99","","","","2"
"2014","Peterborough, Ontario [35529]","2021A003535529","Percent change in non-violent crime severity index","Percent","239","units","0","v52117757","44.6","1.81","","","","2"
"2015","Peterborough, Ontario [35529]","2021A003535529","Percent change in non-violent crime severity index","Percent","239","units","0","v52117757","44.6","0.35","","","","2"
"2016","Peterborough, Ontario [35529]","2021A003535529","Percent change in non-violent crime severity index","Percent","239","units","0","v52117757","44.6","-8.30","","","","2"
"2017","Peterborough, Ontario [35529]","2021A003535529","Percent change in non-violent crime severity index","Percent","239","units","0","v52117757","44.6","-4.14","","","","2"
"2018","Peterborough, Ontario [35529]","2021A003535529","Percent change in non-violent crime severity index","Percent","239","units","0","v52117757","44.6","-0.17","","","","2"
"2019","Peterborough, Ontario [35529]","2021A003535529","Percent change in non-violent crime severity index","Percent","239","units","0","v52117757","44.6","6.05","","","","2"
"2020","Peterborough, Ontario [35529]","2021A003535529","Percent change in non-violent crime severity index","Percent","239","units","0","v52117757","44.6","8.96","","","","2"
"2021","Peterborough, Ontario [35529]","2021A003535529","Percent change in non-violent crime severity index","Percent","239","units","0","v52117757","44.6","4.73","","","","2"
"2010","Peterborough, Ontario [35529]","2021A003535529","Youth crime severity index","Index","160","units","0","v53079828","44.7","0.00","","","","2"
"2011","Peterborough, Ontario [35529]","2021A003535529","Youth crime severity index","Index","160","units","0","v53079828","44.7","","..","","","2"
"2012","Peterborough, Ontario [35529]","2021A003535529","Youth crime severity index","Index","160","units","0","v53079828","44.7","","..","","","2"
"2013","Peterborough, Ontario [35529]","2021A003535529","Youth crime severity index","Index","160","units","0","v53079828","44.7","","..","","","2"
"2014","Peterborough, Ontario [35529]","2021A003535529","Youth crime severity index","Index","160","units","0","v53079828","44.7","","..","","","2"
"2015","Peterborough, Ontario [35529]","2021A003535529","Youth crime severity index","Index","160","units","0","v53079828","44.7","","..","","","2"
"2016","Peterborough, Ontario [35529]","2021A003535529","Youth crime severity index","Index","160","units","0","v53079828","44.7","","..","","","2"
"2017","Peterborough, Ontario [35529]","2021A003535529","Youth crime severity index","Index","160","units","0","v53079828","44.7","","..","","","2"
"2018","Peterborough, Ontario [35529]","2021A003535529","Youth crime severity index","Index","160","units","0","v53079828","44.7","","..","","","2"
"2019","Peterborough, Ontario [35529]","2021A003535529","Youth crime severity index","Index","160","units","0","v53079828","44.7","","..","","","2"
"2020","Peterborough, Ontario [35529]","2021A003535529","Youth crime severity index","Index","160","units","0","v53079828","44.7","","..","","","2"
"2021","Peterborough, Ontario [35529]","2021A003535529","Youth crime severity index","Index","160","units","0","v53079828","44.7","","..","","","2"
"2010","Peterborough, Ontario [35529]","2021A003535529","Percent change in youth crime severity index","Percent","239","units","0","v87984891","44.8","0.00","","","","2"
"2011","Peterborough, Ontario [35529]","2021A003535529","Percent change in youth crime severity index","Percent","239","units","0","v87984891","44.8","","..","","","2"
"2012","Peterborough, Ontario [35529]","2021A003535529","Percent change in youth crime severity index","Percent","239","units","0","v87984891","44.8","","..","","","2"
"2013","Peterborough, Ontario [35529]","2021A003535529","Percent change in youth crime severity index","Percent","239","units","0","v87984891","44.8","","..","","","2"
"2014","Peterborough, Ontario [35529]","2021A003535529","Percent change in youth crime severity index","Percent","239","units","0","v87984891","44.8","","..","","","2"
"2015","Peterborough, Ontario [35529]","2021A003535529","Percent change in youth crime severity index","Percent","239","units","0","v87984891","44.8","","..","","","2"
"2016","Peterborough, Ontario [35529]","2021A003535529","Percent change in youth crime severity index","Percent","239","units","0","v87984891","44.8","","..","","","2"
"2017","Peterborough, Ontario [35529]","2021A003535529","Percent change in youth crime severity index","Percent","239","units","0","v87984891","44.8","","..","","","2"
"2018","Peterborough, Ontario [35529]","2021A003535529","Percent change in youth crime severity index","Percent","239","units","0","v87984891","44.8","","..","","","2"
"2019","Peterborough, Ontario [35529]","2021A003535529","Percent change in youth crime severity index","Percent","239","units","0","v87984891","44.8","","..","","","2"
"2020","Peterborough, Ontario [35529]","2021A003535529","Percent change in youth crime severity index","Percent","239","units","0","v87984891","44.8","","..","","","2"
"2021","Peterborough, Ontario [35529]","2021A003535529","Percent change in youth crime severity index","Percent","239","units","0","v87984891","44.8","","..","","","2"
"2010","Peterborough, Ontario [35529]","2021A003535529","Youth violent crime severity index","Index","160","units","0","v53079829","44.9","0.00","","","","2"
"2011","Peterborough, Ontario [35529]","2021A003535529","Youth violent crime severity index","Index","160","units","0","v53079829","44.9","","..","","","2"
"2012","Peterborough, Ontario [35529]","2021A003535529","Youth violent crime severity index","Index","160","units","0","v53079829","44.9","","..","","","2"
"2013","Peterborough, Ontario [35529]","2021A003535529","Youth violent crime severity index","Index","160","units","0","v53079829","44.9","","..","","","2"
"2014","Peterborough, Ontario [35529]","2021A003535529","Youth violent crime severity index","Index","160","units","0","v53079829","44.9","","..","","","2"
"2015","Peterborough, Ontario [35529]","2021A003535529","Youth violent crime severity index","Index","160","units","0","v53079829","44.9","","..","","","2"
"2016","Peterborough, Ontario [35529]","2021A003535529","Youth violent crime severity index","Index","160","units","0","v53079829","44.9","","..","","","2"
"2017","Peterborough, Ontario [35529]","2021A003535529","Youth violent crime severity index","Index","160","units","0","v53079829","44.9","","..","","","2"
"2018","Peterborough, Ontario [35529]","2021A003535529","Youth violent crime severity index","Index","160","units","0","v53079829","44.9","","..","","","2"
"2019","Peterborough, Ontario [35529]","2021A003535529","Youth violent crime severity index","Index","160","units","0","v53079829","44.9","","..","","","2"
"2020","Peterborough, Ontario [35529]","2021A003535529","Youth violent crime severity index","Index","160","units","0","v53079829","44.9","","..","","","2"
"2021","Peterborough, Ontario [35529]","2021A003535529","Youth violent crime severity index","Index","160","units","0","v53079829","44.9","","..","","","2"
"2010","Peterborough, Ontario [35529]","2021A003535529","Percent change in youth violent crime severity index","Percent","239","units","0","v87984892","44.10","0.00","","","","2"
"2011","Peterborough, Ontario [35529]","2021A003535529","Percent change in youth violent crime severity index","Percent","239","units","0","v87984892","44.10","","..","","","2"
"2012","Peterborough, Ontario [35529]","2021A003535529","Percent change in youth violent crime severity index","Percent","239","units","0","v87984892","44.10","","..","","","2"
"2013","Peterborough, Ontario [35529]","2021A003535529","Percent change in youth violent crime severity index","Percent","239","units","0","v87984892","44.10","","..","","","2"
"2014","Peterborough, Ontario [35529]","2021A003535529","Percent change in youth violent crime severity index","Percent","239","units","0","v87984892","44.10","","..","","","2"
"2015","Peterborough, Ontario [35529]","2021A003535529","Percent change in youth violent crime severity index","Percent","239","units","0","v87984892","44.10","","..","","","2"
"2016","Peterborough, Ontario [35529]","2021A003535529","Percent change in youth violent crime severity index","Percent","239","units","0","v87984892","44.10","","..","","","2"
"2017","Peterborough, Ontario [35529]","2021A003535529","Percent change in youth violent crime severity index","Percent","239","units","0","v87984892","44.10","","..","","","2"
"2018","Peterborough, Ontario [35529]","2021A003535529","Percent change in youth violent crime severity index","Percent","239","units","0","v87984892","44.10","","..","","","2"
"2019","Peterborough, Ontario [35529]","2021A003535529","Percent change in youth violent crime severity index","Percent","239","units","0","v87984892","44.10","","..","","","2"
"2020","Peterborough, Ontario [35529]","2021A003535529","Percent change in youth violent crime severity index","Percent","239","units","0","v87984892","44.10","","..","","","2"
"2021","Peterborough, Ontario [35529]","2021A003535529","Percent change in youth violent crime severity index","Percent","239","units","0","v87984892","44.10","","..","","","2"
"2010","Peterborough, Ontario [35529]","2021A003535529","Youth non-violent crime severity index","Index","160","units","0","v53079821","44.11","0.00","","","","2"
"2011","Peterborough, Ontario [35529]","2021A003535529","Youth non-violent crime severity index","Index","160","units","0","v53079821","44.11","","..","","","2"
"2012","Peterborough, Ontario [35529]","2021A003535529","Youth non-violent crime severity index","Index","160","units","0","v53079821","44.11","","..","","","2"
"2013","Peterborough, Ontario [35529]","2021A003535529","Youth non-violent crime severity index","Index","160","units","0","v53079821","44.11","","..","","","2"
"2014","Peterborough, Ontario [35529]","2021A003535529","Youth non-violent crime severity index","Index","160","units","0","v53079821","44.11","","..","","","2"
"2015","Peterborough, Ontario [35529]","2021A003535529","Youth non-violent crime severity index","Index","160","units","0","v53079821","44.11","","..","","","2"
"2016","Peterborough, Ontario [35529]","2021A003535529","Youth non-violent crime severity index","Index","160","units","0","v53079821","44.11","","..","","","2"
"2017","Peterborough, Ontario [35529]","2021A003535529","Youth non-violent crime severity index","Index","160","units","0","v53079821","44.11","","..","","","2"
"2018","Peterborough, Ontario [35529]","2021A003535529","Youth non-violent crime severity index","Index","160","units","0","v53079821","44.11","","..","","","2"
"2019","Peterborough, Ontario [35529]","2021A003535529","Youth non-violent crime severity index","Index","160","units","0","v53079821","44.11","","..","","","2"
"2020","Peterborough, Ontario [35529]","2021A003535529","Youth non-violent crime severity index","Index","160","units","0","v53079821","44.11","","..","","","2"
"2021","Peterborough, Ontario [35529]","2021A003535529","Youth non-violent crime severity index","Index","160","units","0","v53079821","44.11","","..","","","2"
"2010","Peterborough, Ontario [35529]","2021A003535529","Percent change in youth non-violent crime severity index","Percent","239","units","0","v87984893","44.12","0.00","","","","2"
"2011","Peterborough, Ontario [35529]","2021A003535529","Percent change in youth non-violent crime severity index","Percent","239","units","0","v87984893","44.12","","..","","","2"
"2012","Peterborough, Ontario [35529]","2021A003535529","Percent change in youth non-violent crime severity index","Percent","239","units","0","v87984893","44.12","","..","","","2"
"2013","Peterborough, Ontario [35529]","2021A003535529","Percent change in youth non-violent crime severity index","Percent","239","units","0","v87984893","44.12","","..","","","2"
"2014","Peterborough, Ontario [35529]","2021A003535529","Percent change in youth non-violent crime severity index","Percent","239","units","0","v87984893","44.12","","..","","","2"
"2015","Peterborough, Ontario [35529]","2021A003535529","Percent change in youth non-violent crime severity index","Percent","239","units","0","v87984893","44.12","","..","","","2"
"2016","Peterborough, Ontario [35529]","2021A003535529","Percent change in youth non-violent crime severity index","Percent","239","units","0","v87984893","44.12","","..","","","2"
"2017","Peterborough, Ontario [35529]","2021A003535529","Percent change in youth non-violent crime severity index","Percent","239","units","0","v87984893","44.12","","..","","","2"
"2018","Peterborough, Ontario [35529]","2021A003535529","Percent change in youth non-violent crime severity index","Percent","239","units","0","v87984893","44.12","","..","","","2"
"2019","Peterborough, Ontario [35529]","2021A003535529","Percent change in youth non-violent crime severity index","Percent","239","units","0","v87984893","44.12","","..","","","2"
"2020","Peterborough, Ontario [35529]","2021A003535529","Percent change in youth non-violent crime severity index","Percent","239","units","0","v87984893","44.12","","..","","","2"
"2021","Peterborough, Ontario [35529]","2021A003535529","Percent change in youth non-violent crime severity index","Percent","239","units","0","v87984893","44.12","","..","","","2"
"2010","Peterborough, Ontario [35529]","2021A003535529","Weighted clearance rate","Number","223","units","0","v53079822","44.13","47.68","","","","2"
"2011","Peterborough, Ontario [35529]","2021A003535529","Weighted clearance rate","Number","223","units","0","v53079822","44.13","55.63","","","","2"
"2012","Peterborough, Ontario [35529]","2021A003535529","Weighted clearance rate","Number","223","units","0","v53079822","44.13","52.97","","","","2"
"2013","Peterborough, Ontario [35529]","2021A003535529","Weighted clearance rate","Number","223","units","0","v53079822","44.13","53.93","","","","2"
"2014","Peterborough, Ontario [35529]","2021A003535529","Weighted clearance rate","Number","223","units","0","v53079822","44.13","51.92","","","","2"
"2015","Peterborough, Ontario [35529]","2021A003535529","Weighted clearance rate","Number","223","units","0","v53079822","44.13","51.24","","","","2"
"2016","Peterborough, Ontario [35529]","2021A003535529","Weighted clearance rate","Number","223","units","0","v53079822","44.13","58.93","","","","2"
"2017","Peterborough, Ontario [35529]","2021A003535529","Weighted clearance rate","Number","223","units","0","v53079822","44.13","59.48","","","","2"
"2018","Peterborough, Ontario [35529]","2021A003535529","Weighted clearance rate","Number","223","units","0","v53079822","44.13","57.57","","","","2"
"2019","Peterborough, Ontario [35529]","2021A003535529","Weighted clearance rate","Number","223","units","0","v53079822","44.13","53.07","","","","2"
"2020","Peterborough, Ontario [35529]","2021A003535529","Weighted clearance rate","Number","223","units","0","v53079822","44.13","50.58","","","","2"
"2021","Peterborough, Ontario [35529]","2021A003535529","Weighted clearance rate","Number","223","units","0","v53079822","44.13","47.24","","","","2"
"2010","Peterborough, Ontario [35529]","2021A003535529","Percent change in weighted clearance rate","Percent","239","units","0","v53079823","44.14","11.48","","","","2"
"2011","Peterborough, Ontario [35529]","2021A003535529","Percent change in weighted clearance rate","Percent","239","units","0","v53079823","44.14","16.67","","","","2"
"2012","Peterborough, Ontario [35529]","2021A003535529","Percent change in weighted clearance rate","Percent","239","units","0","v53079823","44.14","-4.78","","","","2"
"2013","Peterborough, Ontario [35529]","2021A003535529","Percent change in weighted clearance rate","Percent","239","units","0","v53079823","44.14","1.81","","","","2"
"2014","Peterborough, Ontario [35529]","2021A003535529","Percent change in weighted clearance rate","Percent","239","units","0","v53079823","44.14","-3.73","","","","2"
"2015","Peterborough, Ontario [35529]","2021A003535529","Percent change in weighted clearance rate","Percent","239","units","0","v53079823","44.14","-1.31","","","","2"
"2016","Peterborough, Ontario [35529]","2021A003535529","Percent change in weighted clearance rate","Percent","239","units","0","v53079823","44.14","15.01","","","","2"
"2017","Peterborough, Ontario [35529]","2021A003535529","Percent change in weighted clearance rate","Percent","239","units","0","v53079823","44.14","0.93","","","","2"
"2018","Peterborough, Ontario [35529]","2021A003535529","Percent change in weighted clearance rate","Percent","239","units","0","v53079823","44.14","-3.21","","","","2"
"2019","Peterborough, Ontario [35529]","2021A003535529","Percent change in weighted clearance rate","Percent","239","units","0","v53079823","44.14","-7.82","","","","2"
"2020","Peterborough, Ontario [35529]","2021A003535529","Percent change in weighted clearance rate","Percent","239","units","0","v53079823","44.14","-4.69","","","","2"
"2021","Peterborough, Ontario [35529]","2021A003535529","Percent change in weighted clearance rate","Percent","239","units","0","v53079823","44.14","-6.60","","","","2"
"2010","Peterborough, Ontario [35529]","2021A003535529","Violent weighted clearance rate","Number","223","units","0","v53079824","44.15","76.12","","","","2"
"2011","Peterborough, Ontario [35529]","2021A003535529","Violent weighted clearance rate","Number","223","units","0","v53079824","44.15","82.08","","","","2"
"2012","Peterborough, Ontario [35529]","2021A003535529","Violent weighted clearance rate","Number","223","units","0","v53079824","44.15","80.73","","","","2"
"2013","Peterborough, Ontario [35529]","2021A003535529","Violent weighted clearance rate","Number","223","units","0","v53079824","44.15","81.22","","","","2"
"2014","Peterborough, Ontario [35529]","2021A003535529","Violent weighted clearance rate","Number","223","units","0","v53079824","44.15","78.29","","","","2"
"2015","Peterborough, Ontario [35529]","2021A003535529","Violent weighted clearance rate","Number","223","units","0","v53079824","44.15","75.84","","","","2"
"2016","Peterborough, Ontario [35529]","2021A003535529","Violent weighted clearance rate","Number","223","units","0","v53079824","44.15","84.75","","","","2"
"2017","Peterborough, Ontario [35529]","2021A003535529","Violent weighted clearance rate","Number","223","units","0","v53079824","44.15","79.91","","","","2"
"2018","Peterborough, Ontario [35529]","2021A003535529","Violent weighted clearance rate","Number","223","units","0","v53079824","44.15","78.55","","","","2"
"2019","Peterborough, Ontario [35529]","2021A003535529","Violent weighted clearance rate","Number","223","units","0","v53079824","44.15","71.44","","","","2"
"2020","Peterborough, Ontario [35529]","2021A003535529","Violent weighted clearance rate","Number","223","units","0","v53079824","44.15","69.46","","","","2"
"2021","Peterborough, Ontario [35529]","2021A003535529","Violent weighted clearance rate","Number","223","units","0","v53079824","44.15","66.34","","","","2"
"2010","Peterborough, Ontario [35529]","2021A003535529","Percent change in violent weighted clearance rate","Percent","239","units","0","v53079825","44.16","6.93","","","","2"
"2011","Peterborough, Ontario [35529]","2021A003535529","Percent change in violent weighted clearance rate","Percent","239","units","0","v53079825","44.16","7.83","","","","2"
"2012","Peterborough, Ontario [35529]","2021A003535529","Percent change in violent weighted clearance rate","Percent","239","units","0","v53079825","44.16","-1.64","","","","2"
"2013","Peterborough, Ontario [35529]","2021A003535529","Percent change in violent weighted clearance rate","Percent","239","units","0","v53079825","44.16","0.61","","","","2"
"2014","Peterborough, Ontario [35529]","2021A003535529","Percent change in violent weighted clearance rate","Percent","239","units","0","v53079825","44.16","-3.61","","","","2"
"2015","Peterborough, Ontario [35529]","2021A003535529","Percent change in violent weighted clearance rate","Percent","239","units","0","v53079825","44.16","-3.13","","","","2"
"2016","Peterborough, Ontario [35529]","2021A003535529","Percent change in violent weighted clearance rate","Percent","239","units","0","v53079825","44.16","11.75","","","","2"
"2017","Peterborough, Ontario [35529]","2021A003535529","Percent change in violent weighted clearance rate","Percent","239","units","0","v53079825","44.16","-5.71","","","","2"
"2018","Peterborough, Ontario [35529]","2021A003535529","Percent change in violent weighted clearance rate","Percent","239","units","0","v53079825","44.16","-1.70","","","","2"
"2019","Peterborough, Ontario [35529]","2021A003535529","Percent change in violent weighted clearance rate","Percent","239","units","0","v53079825","44.16","-9.05","","","","2"
"2020","Peterborough, Ontario [35529]","2021A003535529","Percent change in violent weighted clearance rate","Percent","239","units","0","v53079825","44.16","-2.77","","","","2"
"2021","Peterborough, Ontario [35529]","2021A003535529","Percent change in violent weighted clearance rate","Percent","239","units","0","v53079825","44.16","-4.49","","","","2"
"2010","Peterborough, Ontario [35529]","2021A003535529","Non-violent weighted clearance rate","Number","223","units","0","v53079826","44.17","37.23","","","","2"
"2011","Peterborough, Ontario [35529]","2021A003535529","Non-violent weighted clearance rate","Number","223","units","0","v53079826","44.17","46.41","","","","2"
"2012","Peterborough, Ontario [35529]","2021A003535529","Non-violent weighted clearance rate","Number","223","units","0","v53079826","44.17","42.25","","","","2"
"2013","Peterborough, Ontario [35529]","2021A003535529","Non-violent weighted clearance rate","Number","223","units","0","v53079826","44.17","43.16","","","","2"
"2014","Peterborough, Ontario [35529]","2021A003535529","Non-violent weighted clearance rate","Number","223","units","0","v53079826","44.17","42.78","","","","2"
"2015","Peterborough, Ontario [35529]","2021A003535529","Non-violent weighted clearance rate","Number","223","units","0","v53079826","44.17","41.68","","","","2"
"2016","Peterborough, Ontario [35529]","2021A003535529","Non-violent weighted clearance rate","Number","223","units","0","v53079826","44.17","45.82","","","","2"
"2017","Peterborough, Ontario [35529]","2021A003535529","Non-violent weighted clearance rate","Number","223","units","0","v53079826","44.17","48.82","","","","2"
"2018","Peterborough, Ontario [35529]","2021A003535529","Non-violent weighted clearance rate","Number","223","units","0","v53079826","44.17","49.00","","","","2"
"2019","Peterborough, Ontario [35529]","2021A003535529","Non-violent weighted clearance rate","Number","223","units","0","v53079826","44.17","44.44","","","","2"
"2020","Peterborough, Ontario [35529]","2021A003535529","Non-violent weighted clearance rate","Number","223","units","0","v53079826","44.17","40.36","","","","2"
"2021","Peterborough, Ontario [35529]","2021A003535529","Non-violent weighted clearance rate","Number","223","units","0","v53079826","44.17","37.17","","","","2"
"2010","Peterborough, Ontario [35529]","2021A003535529","Percent change in non-violent weighted clearance rate","Percent","239","units","0","v53079827","44.18","12.72","","","","2"
"2011","Peterborough, Ontario [35529]","2021A003535529","Percent change in non-violent weighted clearance rate","Percent","239","units","0","v53079827","44.18","24.66","","","","2"
"2012","Peterborough, Ontario [35529]","2021A003535529","Percent change in non-violent weighted clearance rate","Percent","239","units","0","v53079827","44.18","-8.96","","","","2"
"2013","Peterborough, Ontario [35529]","2021A003535529","Percent change in non-violent weighted clearance rate","Percent","239","units","0","v53079827","44.18","2.15","","","","2"
"2014","Peterborough, Ontario [35529]","2021A003535529","Percent change in non-violent weighted clearance rate","Percent","239","units","0","v53079827","44.18","-0.88","","","","2"
"2015","Peterborough, Ontario [35529]","2021A003535529","Percent change in non-violent weighted clearance rate","Percent","239","units","0","v53079827","44.18","-2.57","","","","2"
"2016","Peterborough, Ontario [35529]","2021A003535529","Percent change in non-violent weighted clearance rate","Percent","239","units","0","v53079827","44.18","9.93","","","","2"
"2017","Peterborough, Ontario [35529]","2021A003535529","Percent change in non-violent weighted clearance rate","Percent","239","units","0","v53079827","44.18","6.55","","","","2"
"2018","Peterborough, Ontario [35529]","2021A003535529","Percent change in non-violent weighted clearance rate","Percent","239","units","0","v53079827","44.18","0.37","","","","2"
"2019","Peterborough, Ontario [35529]","2021A003535529","Percent change in non-violent weighted clearance rate","Percent","239","units","0","v53079827","44.18","-9.31","","","","2"
"2020","Peterborough, Ontario [35529]","2021A003535529","Percent change in non-violent weighted clearance rate","Percent","239","units","0","v53079827","44.18","-9.18","","","","2"
"2021","Peterborough, Ontario [35529]","2021A003535529","Percent change in non-violent weighted clearance rate","Percent","239","units","0","v53079827","44.18","-7.90","","","","2"


