﻿"REF_DATE","GEO","DGUID","Statistics","UOM","UOM_ID","SCALAR_FACTOR","SCALAR_ID","VECTOR","COORDINATE","VALUE","STATUS","SYMBOL","TERMINATED","DECIMALS"
"2010","Regina, Saskatchewan [47705]","2021A003547705","Crime severity index","Index","160","units","0","v44312641","31.1","133.18","","","","2"
"2011","Regina, Saskatchewan [47705]","2021A003547705","Crime severity index","Index","160","units","0","v44312641","31.1","124.19","","","","2"
"2012","Regina, Saskatchewan [47705]","2021A003547705","Crime severity index","Index","160","units","0","v44312641","31.1","117.39","","","","2"
"2013","Regina, Saskatchewan [47705]","2021A003547705","Crime severity index","Index","160","units","0","v44312641","31.1","106.12","","","","2"
"2014","Regina, Saskatchewan [47705]","2021A003547705","Crime severity index","Index","160","units","0","v44312641","31.1","103.30","","","","2"
"2015","Regina, Saskatchewan [47705]","2021A003547705","Crime severity index","Index","160","units","0","v44312641","31.1","110.01","","","","2"
"2016","Regina, Saskatchewan [47705]","2021A003547705","Crime severity index","Index","160","units","0","v44312641","31.1","126.07","","","","2"
"2017","Regina, Saskatchewan [47705]","2021A003547705","Crime severity index","Index","160","units","0","v44312641","31.1","114.90","","","","2"
"2018","Regina, Saskatchewan [47705]","2021A003547705","Crime severity index","Index","160","units","0","v44312641","31.1","128.28","","","","2"
"2019","Regina, Saskatchewan [47705]","2021A003547705","Crime severity index","Index","160","units","0","v44312641","31.1","131.46","","","","2"
"2020","Regina, Saskatchewan [47705]","2021A003547705","Crime severity index","Index","160","units","0","v44312641","31.1","105.12","","","","2"
"2021","Regina, Saskatchewan [47705]","2021A003547705","Crime severity index","Index","160","units","0","v44312641","31.1","110.93","","","","2"
"2010","Regina, Saskatchewan [47705]","2021A003547705","Percent change in crime severity index","Percent","239","units","0","v44312642","31.2","-7.30","","","","2"
"2011","Regina, Saskatchewan [47705]","2021A003547705","Percent change in crime severity index","Percent","239","units","0","v44312642","31.2","-6.75","","","","2"
"2012","Regina, Saskatchewan [47705]","2021A003547705","Percent change in crime severity index","Percent","239","units","0","v44312642","31.2","-5.48","","","","2"
"2013","Regina, Saskatchewan [47705]","2021A003547705","Percent change in crime severity index","Percent","239","units","0","v44312642","31.2","-9.60","","","","2"
"2014","Regina, Saskatchewan [47705]","2021A003547705","Percent change in crime severity index","Percent","239","units","0","v44312642","31.2","-2.66","","","","2"
"2015","Regina, Saskatchewan [47705]","2021A003547705","Percent change in crime severity index","Percent","239","units","0","v44312642","31.2","6.50","","","","2"
"2016","Regina, Saskatchewan [47705]","2021A003547705","Percent change in crime severity index","Percent","239","units","0","v44312642","31.2","14.60","","","","2"
"2017","Regina, Saskatchewan [47705]","2021A003547705","Percent change in crime severity index","Percent","239","units","0","v44312642","31.2","-8.86","","","","2"
"2018","Regina, Saskatchewan [47705]","2021A003547705","Percent change in crime severity index","Percent","239","units","0","v44312642","31.2","11.64","","","","2"
"2019","Regina, Saskatchewan [47705]","2021A003547705","Percent change in crime severity index","Percent","239","units","0","v44312642","31.2","2.48","","","","2"
"2020","Regina, Saskatchewan [47705]","2021A003547705","Percent change in crime severity index","Percent","239","units","0","v44312642","31.2","-20.04","","","","2"
"2021","Regina, Saskatchewan [47705]","2021A003547705","Percent change in crime severity index","Percent","239","units","0","v44312642","31.2","5.53","","","","2"
"2010","Regina, Saskatchewan [47705]","2021A003547705","Violent crime severity index","Index","160","units","0","v44312643","31.3","151.86","","","","2"
"2011","Regina, Saskatchewan [47705]","2021A003547705","Violent crime severity index","Index","160","units","0","v44312643","31.3","121.45","","","","2"
"2012","Regina, Saskatchewan [47705]","2021A003547705","Violent crime severity index","Index","160","units","0","v44312643","31.3","110.66","","","","2"
"2013","Regina, Saskatchewan [47705]","2021A003547705","Violent crime severity index","Index","160","units","0","v44312643","31.3","108.23","","","","2"
"2014","Regina, Saskatchewan [47705]","2021A003547705","Violent crime severity index","Index","160","units","0","v44312643","31.3","103.63","","","","2"
"2015","Regina, Saskatchewan [47705]","2021A003547705","Violent crime severity index","Index","160","units","0","v44312643","31.3","108.87","","","","2"
"2016","Regina, Saskatchewan [47705]","2021A003547705","Violent crime severity index","Index","160","units","0","v44312643","31.3","127.32","","","","2"
"2017","Regina, Saskatchewan [47705]","2021A003547705","Violent crime severity index","Index","160","units","0","v44312643","31.3","111.59","","","","2"
"2018","Regina, Saskatchewan [47705]","2021A003547705","Violent crime severity index","Index","160","units","0","v44312643","31.3","122.71","","","","2"
"2019","Regina, Saskatchewan [47705]","2021A003547705","Violent crime severity index","Index","160","units","0","v44312643","31.3","134.32","","","","2"
"2020","Regina, Saskatchewan [47705]","2021A003547705","Violent crime severity index","Index","160","units","0","v44312643","31.3","128.16","","","","2"
"2021","Regina, Saskatchewan [47705]","2021A003547705","Violent crime severity index","Index","160","units","0","v44312643","31.3","141.30","","","","2"
"2010","Regina, Saskatchewan [47705]","2021A003547705","Percent change in violent crime severity index","Percent","239","units","0","v44312644","31.4","-2.67","","","","2"
"2011","Regina, Saskatchewan [47705]","2021A003547705","Percent change in violent crime severity index","Percent","239","units","0","v44312644","31.4","-20.03","","","","2"
"2012","Regina, Saskatchewan [47705]","2021A003547705","Percent change in violent crime severity index","Percent","239","units","0","v44312644","31.4","-8.88","","","","2"
"2013","Regina, Saskatchewan [47705]","2021A003547705","Percent change in violent crime severity index","Percent","239","units","0","v44312644","31.4","-2.20","","","","2"
"2014","Regina, Saskatchewan [47705]","2021A003547705","Percent change in violent crime severity index","Percent","239","units","0","v44312644","31.4","-4.25","","","","2"
"2015","Regina, Saskatchewan [47705]","2021A003547705","Percent change in violent crime severity index","Percent","239","units","0","v44312644","31.4","5.06","","","","2"
"2016","Regina, Saskatchewan [47705]","2021A003547705","Percent change in violent crime severity index","Percent","239","units","0","v44312644","31.4","16.95","","","","2"
"2017","Regina, Saskatchewan [47705]","2021A003547705","Percent change in violent crime severity index","Percent","239","units","0","v44312644","31.4","-12.35","","","","2"
"2018","Regina, Saskatchewan [47705]","2021A003547705","Percent change in violent crime severity index","Percent","239","units","0","v44312644","31.4","9.97","","","","2"
"2019","Regina, Saskatchewan [47705]","2021A003547705","Percent change in violent crime severity index","Percent","239","units","0","v44312644","31.4","9.46","","","","2"
"2020","Regina, Saskatchewan [47705]","2021A003547705","Percent change in violent crime severity index","Percent","239","units","0","v44312644","31.4","-4.59","","","","2"
"2021","Regina, Saskatchewan [47705]","2021A003547705","Percent change in violent crime severity index","Percent","239","units","0","v44312644","31.4","10.25","","","","2"
"2010","Regina, Saskatchewan [47705]","2021A003547705","Non-violent crime severity index","Index","160","units","0","v44312645","31.5","125.99","","","","2"
"2011","Regina, Saskatchewan [47705]","2021A003547705","Non-violent crime severity index","Index","160","units","0","v44312645","31.5","124.93","","","","2"
"2012","Regina, Saskatchewan [47705]","2021A003547705","Non-violent crime severity index","Index","160","units","0","v44312645","31.5","119.60","","","","2"
"2013","Regina, Saskatchewan [47705]","2021A003547705","Non-violent crime severity index","Index","160","units","0","v44312645","31.5","105.13","","","","2"
"2014","Regina, Saskatchewan [47705]","2021A003547705","Non-violent crime severity index","Index","160","units","0","v44312645","31.5","102.97","","","","2"
"2015","Regina, Saskatchewan [47705]","2021A003547705","Non-violent crime severity index","Index","160","units","0","v44312645","31.5","110.20","","","","2"
"2016","Regina, Saskatchewan [47705]","2021A003547705","Non-violent crime severity index","Index","160","units","0","v44312645","31.5","125.32","","","","2"
"2017","Regina, Saskatchewan [47705]","2021A003547705","Non-violent crime severity index","Index","160","units","0","v44312645","31.5","115.82","","","","2"
"2018","Regina, Saskatchewan [47705]","2021A003547705","Non-violent crime severity index","Index","160","units","0","v44312645","31.5","129.98","","","","2"
"2019","Regina, Saskatchewan [47705]","2021A003547705","Non-violent crime severity index","Index","160","units","0","v44312645","31.5","130.12","","","","2"
"2020","Regina, Saskatchewan [47705]","2021A003547705","Non-violent crime severity index","Index","160","units","0","v44312645","31.5","96.58","","","","2"
"2021","Regina, Saskatchewan [47705]","2021A003547705","Non-violent crime severity index","Index","160","units","0","v44312645","31.5","99.75","","","","2"
"2010","Regina, Saskatchewan [47705]","2021A003547705","Percent change in non-violent crime severity index","Percent","239","units","0","v44312646","31.6","-9.30","","","","2"
"2011","Regina, Saskatchewan [47705]","2021A003547705","Percent change in non-violent crime severity index","Percent","239","units","0","v44312646","31.6","-0.84","","","","2"
"2012","Regina, Saskatchewan [47705]","2021A003547705","Percent change in non-violent crime severity index","Percent","239","units","0","v44312646","31.6","-4.27","","","","2"
"2013","Regina, Saskatchewan [47705]","2021A003547705","Percent change in non-violent crime severity index","Percent","239","units","0","v44312646","31.6","-12.10","","","","2"
"2014","Regina, Saskatchewan [47705]","2021A003547705","Percent change in non-violent crime severity index","Percent","239","units","0","v44312646","31.6","-2.05","","","","2"
"2015","Regina, Saskatchewan [47705]","2021A003547705","Percent change in non-violent crime severity index","Percent","239","units","0","v44312646","31.6","7.02","","","","2"
"2016","Regina, Saskatchewan [47705]","2021A003547705","Percent change in non-violent crime severity index","Percent","239","units","0","v44312646","31.6","13.72","","","","2"
"2017","Regina, Saskatchewan [47705]","2021A003547705","Percent change in non-violent crime severity index","Percent","239","units","0","v44312646","31.6","-7.58","","","","2"
"2018","Regina, Saskatchewan [47705]","2021A003547705","Percent change in non-violent crime severity index","Percent","239","units","0","v44312646","31.6","12.23","","","","2"
"2019","Regina, Saskatchewan [47705]","2021A003547705","Percent change in non-violent crime severity index","Percent","239","units","0","v44312646","31.6","0.11","","","","2"
"2020","Regina, Saskatchewan [47705]","2021A003547705","Percent change in non-violent crime severity index","Percent","239","units","0","v44312646","31.6","-25.78","","","","2"
"2021","Regina, Saskatchewan [47705]","2021A003547705","Percent change in non-violent crime severity index","Percent","239","units","0","v44312646","31.6","3.28","","","","2"
"2010","Regina, Saskatchewan [47705]","2021A003547705","Youth crime severity index","Index","160","units","0","v53079684","31.7","0.00","","","","2"
"2011","Regina, Saskatchewan [47705]","2021A003547705","Youth crime severity index","Index","160","units","0","v53079684","31.7","","..","","","2"
"2012","Regina, Saskatchewan [47705]","2021A003547705","Youth crime severity index","Index","160","units","0","v53079684","31.7","","..","","","2"
"2013","Regina, Saskatchewan [47705]","2021A003547705","Youth crime severity index","Index","160","units","0","v53079684","31.7","","..","","","2"
"2014","Regina, Saskatchewan [47705]","2021A003547705","Youth crime severity index","Index","160","units","0","v53079684","31.7","","..","","","2"
"2015","Regina, Saskatchewan [47705]","2021A003547705","Youth crime severity index","Index","160","units","0","v53079684","31.7","","..","","","2"
"2016","Regina, Saskatchewan [47705]","2021A003547705","Youth crime severity index","Index","160","units","0","v53079684","31.7","","..","","","2"
"2017","Regina, Saskatchewan [47705]","2021A003547705","Youth crime severity index","Index","160","units","0","v53079684","31.7","","..","","","2"
"2018","Regina, Saskatchewan [47705]","2021A003547705","Youth crime severity index","Index","160","units","0","v53079684","31.7","","..","","","2"
"2019","Regina, Saskatchewan [47705]","2021A003547705","Youth crime severity index","Index","160","units","0","v53079684","31.7","","..","","","2"
"2020","Regina, Saskatchewan [47705]","2021A003547705","Youth crime severity index","Index","160","units","0","v53079684","31.7","","..","","","2"
"2021","Regina, Saskatchewan [47705]","2021A003547705","Youth crime severity index","Index","160","units","0","v53079684","31.7","","..","","","2"
"2010","Regina, Saskatchewan [47705]","2021A003547705","Percent change in youth crime severity index","Percent","239","units","0","v87984930","31.8","0.00","","","","2"
"2011","Regina, Saskatchewan [47705]","2021A003547705","Percent change in youth crime severity index","Percent","239","units","0","v87984930","31.8","","..","","","2"
"2012","Regina, Saskatchewan [47705]","2021A003547705","Percent change in youth crime severity index","Percent","239","units","0","v87984930","31.8","","..","","","2"
"2013","Regina, Saskatchewan [47705]","2021A003547705","Percent change in youth crime severity index","Percent","239","units","0","v87984930","31.8","","..","","","2"
"2014","Regina, Saskatchewan [47705]","2021A003547705","Percent change in youth crime severity index","Percent","239","units","0","v87984930","31.8","","..","","","2"
"2015","Regina, Saskatchewan [47705]","2021A003547705","Percent change in youth crime severity index","Percent","239","units","0","v87984930","31.8","","..","","","2"
"2016","Regina, Saskatchewan [47705]","2021A003547705","Percent change in youth crime severity index","Percent","239","units","0","v87984930","31.8","","..","","","2"
"2017","Regina, Saskatchewan [47705]","2021A003547705","Percent change in youth crime severity index","Percent","239","units","0","v87984930","31.8","","..","","","2"
"2018","Regina, Saskatchewan [47705]","2021A003547705","Percent change in youth crime severity index","Percent","239","units","0","v87984930","31.8","","..","","","2"
"2019","Regina, Saskatchewan [47705]","2021A003547705","Percent change in youth crime severity index","Percent","239","units","0","v87984930","31.8","","..","","","2"
"2020","Regina, Saskatchewan [47705]","2021A003547705","Percent change in youth crime severity index","Percent","239","units","0","v87984930","31.8","","..","","","2"
"2021","Regina, Saskatchewan [47705]","2021A003547705","Percent change in youth crime severity index","Percent","239","units","0","v87984930","31.8","","..","","","2"
"2010","Regina, Saskatchewan [47705]","2021A003547705","Youth violent crime severity index","Index","160","units","0","v53079685","31.9","0.00","","","","2"
"2011","Regina, Saskatchewan [47705]","2021A003547705","Youth violent crime severity index","Index","160","units","0","v53079685","31.9","","..","","","2"
"2012","Regina, Saskatchewan [47705]","2021A003547705","Youth violent crime severity index","Index","160","units","0","v53079685","31.9","","..","","","2"
"2013","Regina, Saskatchewan [47705]","2021A003547705","Youth violent crime severity index","Index","160","units","0","v53079685","31.9","","..","","","2"
"2014","Regina, Saskatchewan [47705]","2021A003547705","Youth violent crime severity index","Index","160","units","0","v53079685","31.9","","..","","","2"
"2015","Regina, Saskatchewan [47705]","2021A003547705","Youth violent crime severity index","Index","160","units","0","v53079685","31.9","","..","","","2"
"2016","Regina, Saskatchewan [47705]","2021A003547705","Youth violent crime severity index","Index","160","units","0","v53079685","31.9","","..","","","2"
"2017","Regina, Saskatchewan [47705]","2021A003547705","Youth violent crime severity index","Index","160","units","0","v53079685","31.9","","..","","","2"
"2018","Regina, Saskatchewan [47705]","2021A003547705","Youth violent crime severity index","Index","160","units","0","v53079685","31.9","","..","","","2"
"2019","Regina, Saskatchewan [47705]","2021A003547705","Youth violent crime severity index","Index","160","units","0","v53079685","31.9","","..","","","2"
"2020","Regina, Saskatchewan [47705]","2021A003547705","Youth violent crime severity index","Index","160","units","0","v53079685","31.9","","..","","","2"
"2021","Regina, Saskatchewan [47705]","2021A003547705","Youth violent crime severity index","Index","160","units","0","v53079685","31.9","","..","","","2"
"2010","Regina, Saskatchewan [47705]","2021A003547705","Percent change in youth violent crime severity index","Percent","239","units","0","v87984931","31.10","0.00","","","","2"
"2011","Regina, Saskatchewan [47705]","2021A003547705","Percent change in youth violent crime severity index","Percent","239","units","0","v87984931","31.10","","..","","","2"
"2012","Regina, Saskatchewan [47705]","2021A003547705","Percent change in youth violent crime severity index","Percent","239","units","0","v87984931","31.10","","..","","","2"
"2013","Regina, Saskatchewan [47705]","2021A003547705","Percent change in youth violent crime severity index","Percent","239","units","0","v87984931","31.10","","..","","","2"
"2014","Regina, Saskatchewan [47705]","2021A003547705","Percent change in youth violent crime severity index","Percent","239","units","0","v87984931","31.10","","..","","","2"
"2015","Regina, Saskatchewan [47705]","2021A003547705","Percent change in youth violent crime severity index","Percent","239","units","0","v87984931","31.10","","..","","","2"
"2016","Regina, Saskatchewan [47705]","2021A003547705","Percent change in youth violent crime severity index","Percent","239","units","0","v87984931","31.10","","..","","","2"
"2017","Regina, Saskatchewan [47705]","2021A003547705","Percent change in youth violent crime severity index","Percent","239","units","0","v87984931","31.10","","..","","","2"
"2018","Regina, Saskatchewan [47705]","2021A003547705","Percent change in youth violent crime severity index","Percent","239","units","0","v87984931","31.10","","..","","","2"
"2019","Regina, Saskatchewan [47705]","2021A003547705","Percent change in youth violent crime severity index","Percent","239","units","0","v87984931","31.10","","..","","","2"
"2020","Regina, Saskatchewan [47705]","2021A003547705","Percent change in youth violent crime severity index","Percent","239","units","0","v87984931","31.10","","..","","","2"
"2021","Regina, Saskatchewan [47705]","2021A003547705","Percent change in youth violent crime severity index","Percent","239","units","0","v87984931","31.10","","..","","","2"
"2010","Regina, Saskatchewan [47705]","2021A003547705","Youth non-violent crime severity index","Index","160","units","0","v53079677","31.11","0.00","","","","2"
"2011","Regina, Saskatchewan [47705]","2021A003547705","Youth non-violent crime severity index","Index","160","units","0","v53079677","31.11","","..","","","2"
"2012","Regina, Saskatchewan [47705]","2021A003547705","Youth non-violent crime severity index","Index","160","units","0","v53079677","31.11","","..","","","2"
"2013","Regina, Saskatchewan [47705]","2021A003547705","Youth non-violent crime severity index","Index","160","units","0","v53079677","31.11","","..","","","2"
"2014","Regina, Saskatchewan [47705]","2021A003547705","Youth non-violent crime severity index","Index","160","units","0","v53079677","31.11","","..","","","2"
"2015","Regina, Saskatchewan [47705]","2021A003547705","Youth non-violent crime severity index","Index","160","units","0","v53079677","31.11","","..","","","2"
"2016","Regina, Saskatchewan [47705]","2021A003547705","Youth non-violent crime severity index","Index","160","units","0","v53079677","31.11","","..","","","2"
"2017","Regina, Saskatchewan [47705]","2021A003547705","Youth non-violent crime severity index","Index","160","units","0","v53079677","31.11","","..","","","2"
"2018","Regina, Saskatchewan [47705]","2021A003547705","Youth non-violent crime severity index","Index","160","units","0","v53079677","31.11","","..","","","2"
"2019","Regina, Saskatchewan [47705]","2021A003547705","Youth non-violent crime severity index","Index","160","units","0","v53079677","31.11","","..","","","2"
"2020","Regina, Saskatchewan [47705]","2021A003547705","Youth non-violent crime severity index","Index","160","units","0","v53079677","31.11","","..","","","2"
"2021","Regina, Saskatchewan [47705]","2021A003547705","Youth non-violent crime severity index","Index","160","units","0","v53079677","31.11","","..","","","2"
"2010","Regina, Saskatchewan [47705]","2021A003547705","Percent change in youth non-violent crime severity index","Percent","239","units","0","v87984932","31.12","0.00","","","","2"
"2011","Regina, Saskatchewan [47705]","2021A003547705","Percent change in youth non-violent crime severity index","Percent","239","units","0","v87984932","31.12","","..","","","2"
"2012","Regina, Saskatchewan [47705]","2021A003547705","Percent change in youth non-violent crime severity index","Percent","239","units","0","v87984932","31.12","","..","","","2"
"2013","Regina, Saskatchewan [47705]","2021A003547705","Percent change in youth non-violent crime severity index","Percent","239","units","0","v87984932","31.12","","..","","","2"
"2014","Regina, Saskatchewan [47705]","2021A003547705","Percent change in youth non-violent crime severity index","Percent","239","units","0","v87984932","31.12","","..","","","2"
"2015","Regina, Saskatchewan [47705]","2021A003547705","Percent change in youth non-violent crime severity index","Percent","239","units","0","v87984932","31.12","","..","","","2"
"2016","Regina, Saskatchewan [47705]","2021A003547705","Percent change in youth non-violent crime severity index","Percent","239","units","0","v87984932","31.12","","..","","","2"
"2017","Regina, Saskatchewan [47705]","2021A003547705","Percent change in youth non-violent crime severity index","Percent","239","units","0","v87984932","31.12","","..","","","2"
"2018","Regina, Saskatchewan [47705]","2021A003547705","Percent change in youth non-violent crime severity index","Percent","239","units","0","v87984932","31.12","","..","","","2"
"2019","Regina, Saskatchewan [47705]","2021A003547705","Percent change in youth non-violent crime severity index","Percent","239","units","0","v87984932","31.12","","..","","","2"
"2020","Regina, Saskatchewan [47705]","2021A003547705","Percent change in youth non-violent crime severity index","Percent","239","units","0","v87984932","31.12","","..","","","2"
"2021","Regina, Saskatchewan [47705]","2021A003547705","Percent change in youth non-violent crime severity index","Percent","239","units","0","v87984932","31.12","","..","","","2"
"2010","Regina, Saskatchewan [47705]","2021A003547705","Weighted clearance rate","Number","223","units","0","v53079678","31.13","43.31","","","","2"
"2011","Regina, Saskatchewan [47705]","2021A003547705","Weighted clearance rate","Number","223","units","0","v53079678","31.13","43.16","","","","2"
"2012","Regina, Saskatchewan [47705]","2021A003547705","Weighted clearance rate","Number","223","units","0","v53079678","31.13","40.42","","","","2"
"2013","Regina, Saskatchewan [47705]","2021A003547705","Weighted clearance rate","Number","223","units","0","v53079678","31.13","44.80","","","","2"
"2014","Regina, Saskatchewan [47705]","2021A003547705","Weighted clearance rate","Number","223","units","0","v53079678","31.13","40.34","","","","2"
"2015","Regina, Saskatchewan [47705]","2021A003547705","Weighted clearance rate","Number","223","units","0","v53079678","31.13","42.26","","","","2"
"2016","Regina, Saskatchewan [47705]","2021A003547705","Weighted clearance rate","Number","223","units","0","v53079678","31.13","39.57","","","","2"
"2017","Regina, Saskatchewan [47705]","2021A003547705","Weighted clearance rate","Number","223","units","0","v53079678","31.13","42.25","","","","2"
"2018","Regina, Saskatchewan [47705]","2021A003547705","Weighted clearance rate","Number","223","units","0","v53079678","31.13","37.79","","","","2"
"2019","Regina, Saskatchewan [47705]","2021A003547705","Weighted clearance rate","Number","223","units","0","v53079678","31.13","39.23","","","","2"
"2020","Regina, Saskatchewan [47705]","2021A003547705","Weighted clearance rate","Number","223","units","0","v53079678","31.13","42.82","","","","2"
"2021","Regina, Saskatchewan [47705]","2021A003547705","Weighted clearance rate","Number","223","units","0","v53079678","31.13","42.07","","","","2"
"2010","Regina, Saskatchewan [47705]","2021A003547705","Percent change in weighted clearance rate","Percent","239","units","0","v53079679","31.14","4.71","","","","2"
"2011","Regina, Saskatchewan [47705]","2021A003547705","Percent change in weighted clearance rate","Percent","239","units","0","v53079679","31.14","-0.35","","","","2"
"2012","Regina, Saskatchewan [47705]","2021A003547705","Percent change in weighted clearance rate","Percent","239","units","0","v53079679","31.14","-6.35","","","","2"
"2013","Regina, Saskatchewan [47705]","2021A003547705","Percent change in weighted clearance rate","Percent","239","units","0","v53079679","31.14","10.84","","","","2"
"2014","Regina, Saskatchewan [47705]","2021A003547705","Percent change in weighted clearance rate","Percent","239","units","0","v53079679","31.14","-9.96","","","","2"
"2015","Regina, Saskatchewan [47705]","2021A003547705","Percent change in weighted clearance rate","Percent","239","units","0","v53079679","31.14","4.76","","","","2"
"2016","Regina, Saskatchewan [47705]","2021A003547705","Percent change in weighted clearance rate","Percent","239","units","0","v53079679","31.14","-6.37","","","","2"
"2017","Regina, Saskatchewan [47705]","2021A003547705","Percent change in weighted clearance rate","Percent","239","units","0","v53079679","31.14","6.77","","","","2"
"2018","Regina, Saskatchewan [47705]","2021A003547705","Percent change in weighted clearance rate","Percent","239","units","0","v53079679","31.14","-10.56","","","","2"
"2019","Regina, Saskatchewan [47705]","2021A003547705","Percent change in weighted clearance rate","Percent","239","units","0","v53079679","31.14","3.81","","","","2"
"2020","Regina, Saskatchewan [47705]","2021A003547705","Percent change in weighted clearance rate","Percent","239","units","0","v53079679","31.14","9.15","","","","2"
"2021","Regina, Saskatchewan [47705]","2021A003547705","Percent change in weighted clearance rate","Percent","239","units","0","v53079679","31.14","-1.75","","","","2"
"2010","Regina, Saskatchewan [47705]","2021A003547705","Violent weighted clearance rate","Number","223","units","0","v53079680","31.15","57.07","","","","2"
"2011","Regina, Saskatchewan [47705]","2021A003547705","Violent weighted clearance rate","Number","223","units","0","v53079680","31.15","63.90","","","","2"
"2012","Regina, Saskatchewan [47705]","2021A003547705","Violent weighted clearance rate","Number","223","units","0","v53079680","31.15","60.30","","","","2"
"2013","Regina, Saskatchewan [47705]","2021A003547705","Violent weighted clearance rate","Number","223","units","0","v53079680","31.15","68.16","","","","2"
"2014","Regina, Saskatchewan [47705]","2021A003547705","Violent weighted clearance rate","Number","223","units","0","v53079680","31.15","57.82","","","","2"
"2015","Regina, Saskatchewan [47705]","2021A003547705","Violent weighted clearance rate","Number","223","units","0","v53079680","31.15","64.17","","","","2"
"2016","Regina, Saskatchewan [47705]","2021A003547705","Violent weighted clearance rate","Number","223","units","0","v53079680","31.15","55.87","","","","2"
"2017","Regina, Saskatchewan [47705]","2021A003547705","Violent weighted clearance rate","Number","223","units","0","v53079680","31.15","65.80","","","","2"
"2018","Regina, Saskatchewan [47705]","2021A003547705","Violent weighted clearance rate","Number","223","units","0","v53079680","31.15","59.16","","","","2"
"2019","Regina, Saskatchewan [47705]","2021A003547705","Violent weighted clearance rate","Number","223","units","0","v53079680","31.15","60.59","","","","2"
"2020","Regina, Saskatchewan [47705]","2021A003547705","Violent weighted clearance rate","Number","223","units","0","v53079680","31.15","61.89","","","","2"
"2021","Regina, Saskatchewan [47705]","2021A003547705","Violent weighted clearance rate","Number","223","units","0","v53079680","31.15","65.60","","","","2"
"2010","Regina, Saskatchewan [47705]","2021A003547705","Percent change in violent weighted clearance rate","Percent","239","units","0","v53079681","31.16","6.00","","","","2"
"2011","Regina, Saskatchewan [47705]","2021A003547705","Percent change in violent weighted clearance rate","Percent","239","units","0","v53079681","31.16","11.97","","","","2"
"2012","Regina, Saskatchewan [47705]","2021A003547705","Percent change in violent weighted clearance rate","Percent","239","units","0","v53079681","31.16","-5.63","","","","2"
"2013","Regina, Saskatchewan [47705]","2021A003547705","Percent change in violent weighted clearance rate","Percent","239","units","0","v53079681","31.16","13.03","","","","2"
"2014","Regina, Saskatchewan [47705]","2021A003547705","Percent change in violent weighted clearance rate","Percent","239","units","0","v53079681","31.16","-15.17","","","","2"
"2015","Regina, Saskatchewan [47705]","2021A003547705","Percent change in violent weighted clearance rate","Percent","239","units","0","v53079681","31.16","10.98","","","","2"
"2016","Regina, Saskatchewan [47705]","2021A003547705","Percent change in violent weighted clearance rate","Percent","239","units","0","v53079681","31.16","-12.93","","","","2"
"2017","Regina, Saskatchewan [47705]","2021A003547705","Percent change in violent weighted clearance rate","Percent","239","units","0","v53079681","31.16","17.77","","","","2"
"2018","Regina, Saskatchewan [47705]","2021A003547705","Percent change in violent weighted clearance rate","Percent","239","units","0","v53079681","31.16","-10.09","","","","2"
"2019","Regina, Saskatchewan [47705]","2021A003547705","Percent change in violent weighted clearance rate","Percent","239","units","0","v53079681","31.16","2.42","","","","2"
"2020","Regina, Saskatchewan [47705]","2021A003547705","Percent change in violent weighted clearance rate","Percent","239","units","0","v53079681","31.16","2.15","","","","2"
"2021","Regina, Saskatchewan [47705]","2021A003547705","Percent change in violent weighted clearance rate","Percent","239","units","0","v53079681","31.16","5.99","","","","2"
"2010","Regina, Saskatchewan [47705]","2021A003547705","Non-violent weighted clearance rate","Number","223","units","0","v53079682","31.17","36.93","","","","2"
"2011","Regina, Saskatchewan [47705]","2021A003547705","Non-violent weighted clearance rate","Number","223","units","0","v53079682","31.17","35.82","","","","2"
"2012","Regina, Saskatchewan [47705]","2021A003547705","Non-violent weighted clearance rate","Number","223","units","0","v53079682","31.17","33.73","","","","2"
"2013","Regina, Saskatchewan [47705]","2021A003547705","Non-violent weighted clearance rate","Number","223","units","0","v53079682","31.17","36.05","","","","2"
"2014","Regina, Saskatchewan [47705]","2021A003547705","Non-violent weighted clearance rate","Number","223","units","0","v53079682","31.17","33.94","","","","2"
"2015","Regina, Saskatchewan [47705]","2021A003547705","Non-violent weighted clearance rate","Number","223","units","0","v53079682","31.17","34.38","","","","2"
"2016","Regina, Saskatchewan [47705]","2021A003547705","Non-violent weighted clearance rate","Number","223","units","0","v53079682","31.17","33.61","","","","2"
"2017","Regina, Saskatchewan [47705]","2021A003547705","Non-violent weighted clearance rate","Number","223","units","0","v53079682","31.17","34.09","","","","2"
"2018","Regina, Saskatchewan [47705]","2021A003547705","Non-violent weighted clearance rate","Number","223","units","0","v53079682","31.17","30.53","","","","2"
"2019","Regina, Saskatchewan [47705]","2021A003547705","Non-violent weighted clearance rate","Number","223","units","0","v53079682","31.17","31.30","","","","2"
"2020","Regina, Saskatchewan [47705]","2021A003547705","Non-violent weighted clearance rate","Number","223","units","0","v53079682","31.17","33.71","","","","2"
"2021","Regina, Saskatchewan [47705]","2021A003547705","Non-violent weighted clearance rate","Number","223","units","0","v53079682","31.17","30.09","","","","2"
"2010","Regina, Saskatchewan [47705]","2021A003547705","Percent change in non-violent weighted clearance rate","Percent","239","units","0","v53079683","31.18","2.64","","","","2"
"2011","Regina, Saskatchewan [47705]","2021A003547705","Percent change in non-violent weighted clearance rate","Percent","239","units","0","v53079683","31.18","-3.01","","","","2"
"2012","Regina, Saskatchewan [47705]","2021A003547705","Percent change in non-violent weighted clearance rate","Percent","239","units","0","v53079683","31.18","-5.83","","","","2"
"2013","Regina, Saskatchewan [47705]","2021A003547705","Percent change in non-violent weighted clearance rate","Percent","239","units","0","v53079683","31.18","6.88","","","","2"
"2014","Regina, Saskatchewan [47705]","2021A003547705","Percent change in non-violent weighted clearance rate","Percent","239","units","0","v53079683","31.18","-5.85","","","","2"
"2015","Regina, Saskatchewan [47705]","2021A003547705","Percent change in non-violent weighted clearance rate","Percent","239","units","0","v53079683","31.18","1.30","","","","2"
"2016","Regina, Saskatchewan [47705]","2021A003547705","Percent change in non-violent weighted clearance rate","Percent","239","units","0","v53079683","31.18","-2.24","","","","2"
"2017","Regina, Saskatchewan [47705]","2021A003547705","Percent change in non-violent weighted clearance rate","Percent","239","units","0","v53079683","31.18","1.43","","","","2"
"2018","Regina, Saskatchewan [47705]","2021A003547705","Percent change in non-violent weighted clearance rate","Percent","239","units","0","v53079683","31.18","-10.44","","","","2"
"2019","Regina, Saskatchewan [47705]","2021A003547705","Percent change in non-violent weighted clearance rate","Percent","239","units","0","v53079683","31.18","2.52","","","","2"
"2020","Regina, Saskatchewan [47705]","2021A003547705","Percent change in non-violent weighted clearance rate","Percent","239","units","0","v53079683","31.18","7.70","","","","2"
"2021","Regina, Saskatchewan [47705]","2021A003547705","Percent change in non-violent weighted clearance rate","Percent","239","units","0","v53079683","31.18","-10.74","","","","2"


