﻿"REF_DATE","GEO","DGUID","Statistics","UOM","UOM_ID","SCALAR_FACTOR","SCALAR_ID","VECTOR","COORDINATE","VALUE","STATUS","SYMBOL","TERMINATED","DECIMALS"
"2010","Trois-Rivières, Quebec [24442]","2021A003524442","Crime severity index","Index","160","units","0","v44312533","13.1","68.61","","","","2"
"2011","Trois-Rivières, Quebec [24442]","2021A003524442","Crime severity index","Index","160","units","0","v44312533","13.1","69.68","","","","2"
"2012","Trois-Rivières, Quebec [24442]","2021A003524442","Crime severity index","Index","160","units","0","v44312533","13.1","64.94","","","","2"
"2013","Trois-Rivières, Quebec [24442]","2021A003524442","Crime severity index","Index","160","units","0","v44312533","13.1","60.58","","","","2"
"2014","Trois-Rivières, Quebec [24442]","2021A003524442","Crime severity index","Index","160","units","0","v44312533","13.1","59.57","","","","2"
"2015","Trois-Rivières, Quebec [24442]","2021A003524442","Crime severity index","Index","160","units","0","v44312533","13.1","57.17","","","","2"
"2016","Trois-Rivières, Quebec [24442]","2021A003524442","Crime severity index","Index","160","units","0","v44312533","13.1","48.65","","","","2"
"2017","Trois-Rivières, Quebec [24442]","2021A003524442","Crime severity index","Index","160","units","0","v44312533","13.1","53.47","","","","2"
"2018","Trois-Rivières, Quebec [24442]","2021A003524442","Crime severity index","Index","160","units","0","v44312533","13.1","54.72","","","","2"
"2019","Trois-Rivières, Quebec [24442]","2021A003524442","Crime severity index","Index","160","units","0","v44312533","13.1","51.59","","","","2"
"2020","Trois-Rivières, Quebec [24442]","2021A003524442","Crime severity index","Index","160","units","0","v44312533","13.1","47.78","","","","2"
"2021","Trois-Rivières, Quebec [24442]","2021A003524442","Crime severity index","Index","160","units","0","v44312533","13.1","50.64","","","","2"
"2010","Trois-Rivières, Quebec [24442]","2021A003524442","Percent change in crime severity index","Percent","239","units","0","v44312534","13.2","-12.98","","","","2"
"2011","Trois-Rivières, Quebec [24442]","2021A003524442","Percent change in crime severity index","Percent","239","units","0","v44312534","13.2","1.56","","","","2"
"2012","Trois-Rivières, Quebec [24442]","2021A003524442","Percent change in crime severity index","Percent","239","units","0","v44312534","13.2","-6.80","","","","2"
"2013","Trois-Rivières, Quebec [24442]","2021A003524442","Percent change in crime severity index","Percent","239","units","0","v44312534","13.2","-6.71","","","","2"
"2014","Trois-Rivières, Quebec [24442]","2021A003524442","Percent change in crime severity index","Percent","239","units","0","v44312534","13.2","-1.67","","","","2"
"2015","Trois-Rivières, Quebec [24442]","2021A003524442","Percent change in crime severity index","Percent","239","units","0","v44312534","13.2","-4.03","","","","2"
"2016","Trois-Rivières, Quebec [24442]","2021A003524442","Percent change in crime severity index","Percent","239","units","0","v44312534","13.2","-14.90","","","","2"
"2017","Trois-Rivières, Quebec [24442]","2021A003524442","Percent change in crime severity index","Percent","239","units","0","v44312534","13.2","9.91","","","","2"
"2018","Trois-Rivières, Quebec [24442]","2021A003524442","Percent change in crime severity index","Percent","239","units","0","v44312534","13.2","2.34","","","","2"
"2019","Trois-Rivières, Quebec [24442]","2021A003524442","Percent change in crime severity index","Percent","239","units","0","v44312534","13.2","-5.72","","","","2"
"2020","Trois-Rivières, Quebec [24442]","2021A003524442","Percent change in crime severity index","Percent","239","units","0","v44312534","13.2","-7.39","","","","2"
"2021","Trois-Rivières, Quebec [24442]","2021A003524442","Percent change in crime severity index","Percent","239","units","0","v44312534","13.2","5.99","","","","2"
"2010","Trois-Rivières, Quebec [24442]","2021A003524442","Violent crime severity index","Index","160","units","0","v44312535","13.3","43.65","","","","2"
"2011","Trois-Rivières, Quebec [24442]","2021A003524442","Violent crime severity index","Index","160","units","0","v44312535","13.3","49.42","","","","2"
"2012","Trois-Rivières, Quebec [24442]","2021A003524442","Violent crime severity index","Index","160","units","0","v44312535","13.3","45.37","","","","2"
"2013","Trois-Rivières, Quebec [24442]","2021A003524442","Violent crime severity index","Index","160","units","0","v44312535","13.3","52.55","","","","2"
"2014","Trois-Rivières, Quebec [24442]","2021A003524442","Violent crime severity index","Index","160","units","0","v44312535","13.3","59.51","","","","2"
"2015","Trois-Rivières, Quebec [24442]","2021A003524442","Violent crime severity index","Index","160","units","0","v44312535","13.3","60.90","","","","2"
"2016","Trois-Rivières, Quebec [24442]","2021A003524442","Violent crime severity index","Index","160","units","0","v44312535","13.3","47.14","","","","2"
"2017","Trois-Rivières, Quebec [24442]","2021A003524442","Violent crime severity index","Index","160","units","0","v44312535","13.3","56.66","","","","2"
"2018","Trois-Rivières, Quebec [24442]","2021A003524442","Violent crime severity index","Index","160","units","0","v44312535","13.3","69.42","","","","2"
"2019","Trois-Rivières, Quebec [24442]","2021A003524442","Violent crime severity index","Index","160","units","0","v44312535","13.3","63.41","","","","2"
"2020","Trois-Rivières, Quebec [24442]","2021A003524442","Violent crime severity index","Index","160","units","0","v44312535","13.3","73.83","","","","2"
"2021","Trois-Rivières, Quebec [24442]","2021A003524442","Violent crime severity index","Index","160","units","0","v44312535","13.3","76.70","","","","2"
"2010","Trois-Rivières, Quebec [24442]","2021A003524442","Percent change in violent crime severity index","Percent","239","units","0","v44312536","13.4","-18.58","","","","2"
"2011","Trois-Rivières, Quebec [24442]","2021A003524442","Percent change in violent crime severity index","Percent","239","units","0","v44312536","13.4","13.22","","","","2"
"2012","Trois-Rivières, Quebec [24442]","2021A003524442","Percent change in violent crime severity index","Percent","239","units","0","v44312536","13.4","-8.20","","","","2"
"2013","Trois-Rivières, Quebec [24442]","2021A003524442","Percent change in violent crime severity index","Percent","239","units","0","v44312536","13.4","15.83","","","","2"
"2014","Trois-Rivières, Quebec [24442]","2021A003524442","Percent change in violent crime severity index","Percent","239","units","0","v44312536","13.4","13.24","","","","2"
"2015","Trois-Rivières, Quebec [24442]","2021A003524442","Percent change in violent crime severity index","Percent","239","units","0","v44312536","13.4","2.34","","","","2"
"2016","Trois-Rivières, Quebec [24442]","2021A003524442","Percent change in violent crime severity index","Percent","239","units","0","v44312536","13.4","-22.59","","","","2"
"2017","Trois-Rivières, Quebec [24442]","2021A003524442","Percent change in violent crime severity index","Percent","239","units","0","v44312536","13.4","20.20","","","","2"
"2018","Trois-Rivières, Quebec [24442]","2021A003524442","Percent change in violent crime severity index","Percent","239","units","0","v44312536","13.4","22.52","","","","2"
"2019","Trois-Rivières, Quebec [24442]","2021A003524442","Percent change in violent crime severity index","Percent","239","units","0","v44312536","13.4","-8.66","","","","2"
"2020","Trois-Rivières, Quebec [24442]","2021A003524442","Percent change in violent crime severity index","Percent","239","units","0","v44312536","13.4","16.43","","","","2"
"2021","Trois-Rivières, Quebec [24442]","2021A003524442","Percent change in violent crime severity index","Percent","239","units","0","v44312536","13.4","3.89","","","","2"
"2010","Trois-Rivières, Quebec [24442]","2021A003524442","Non-violent crime severity index","Index","160","units","0","v44312537","13.5","78.20","","","","2"
"2011","Trois-Rivières, Quebec [24442]","2021A003524442","Non-violent crime severity index","Index","160","units","0","v44312537","13.5","76.91","","","","2"
"2012","Trois-Rivières, Quebec [24442]","2021A003524442","Non-violent crime severity index","Index","160","units","0","v44312537","13.5","71.92","","","","2"
"2013","Trois-Rivières, Quebec [24442]","2021A003524442","Non-violent crime severity index","Index","160","units","0","v44312537","13.5","63.38","","","","2"
"2014","Trois-Rivières, Quebec [24442]","2021A003524442","Non-violent crime severity index","Index","160","units","0","v44312537","13.5","59.47","","","","2"
"2015","Trois-Rivières, Quebec [24442]","2021A003524442","Non-violent crime severity index","Index","160","units","0","v44312537","13.5","55.70","","","","2"
"2016","Trois-Rivières, Quebec [24442]","2021A003524442","Non-violent crime severity index","Index","160","units","0","v44312537","13.5","49.08","","","","2"
"2017","Trois-Rivières, Quebec [24442]","2021A003524442","Non-violent crime severity index","Index","160","units","0","v44312537","13.5","52.19","","","","2"
"2018","Trois-Rivières, Quebec [24442]","2021A003524442","Non-violent crime severity index","Index","160","units","0","v44312537","13.5","49.31","","","","2"
"2019","Trois-Rivières, Quebec [24442]","2021A003524442","Non-violent crime severity index","Index","160","units","0","v44312537","13.5","47.22","","","","2"
"2020","Trois-Rivières, Quebec [24442]","2021A003524442","Non-violent crime severity index","Index","160","units","0","v44312537","13.5","38.30","","","","2"
"2021","Trois-Rivières, Quebec [24442]","2021A003524442","Non-violent crime severity index","Index","160","units","0","v44312537","13.5","41.15","","","","2"
"2010","Trois-Rivières, Quebec [24442]","2021A003524442","Percent change in non-violent crime severity index","Percent","239","units","0","v44312538","13.6","-11.68","","","","2"
"2011","Trois-Rivières, Quebec [24442]","2021A003524442","Percent change in non-violent crime severity index","Percent","239","units","0","v44312538","13.6","-1.65","","","","2"
"2012","Trois-Rivières, Quebec [24442]","2021A003524442","Percent change in non-violent crime severity index","Percent","239","units","0","v44312538","13.6","-6.49","","","","2"
"2013","Trois-Rivières, Quebec [24442]","2021A003524442","Percent change in non-violent crime severity index","Percent","239","units","0","v44312538","13.6","-11.87","","","","2"
"2014","Trois-Rivières, Quebec [24442]","2021A003524442","Percent change in non-violent crime severity index","Percent","239","units","0","v44312538","13.6","-6.17","","","","2"
"2015","Trois-Rivières, Quebec [24442]","2021A003524442","Percent change in non-violent crime severity index","Percent","239","units","0","v44312538","13.6","-6.34","","","","2"
"2016","Trois-Rivières, Quebec [24442]","2021A003524442","Percent change in non-violent crime severity index","Percent","239","units","0","v44312538","13.6","-11.89","","","","2"
"2017","Trois-Rivières, Quebec [24442]","2021A003524442","Percent change in non-violent crime severity index","Percent","239","units","0","v44312538","13.6","6.34","","","","2"
"2018","Trois-Rivières, Quebec [24442]","2021A003524442","Percent change in non-violent crime severity index","Percent","239","units","0","v44312538","13.6","-5.52","","","","2"
"2019","Trois-Rivières, Quebec [24442]","2021A003524442","Percent change in non-violent crime severity index","Percent","239","units","0","v44312538","13.6","-4.24","","","","2"
"2020","Trois-Rivières, Quebec [24442]","2021A003524442","Percent change in non-violent crime severity index","Percent","239","units","0","v44312538","13.6","-18.89","","","","2"
"2021","Trois-Rivières, Quebec [24442]","2021A003524442","Percent change in non-violent crime severity index","Percent","239","units","0","v44312538","13.6","7.44","","","","2"
"2010","Trois-Rivières, Quebec [24442]","2021A003524442","Youth crime severity index","Index","160","units","0","v53079492","13.7","0.00","","","","2"
"2011","Trois-Rivières, Quebec [24442]","2021A003524442","Youth crime severity index","Index","160","units","0","v53079492","13.7","","..","","","2"
"2012","Trois-Rivières, Quebec [24442]","2021A003524442","Youth crime severity index","Index","160","units","0","v53079492","13.7","","..","","","2"
"2013","Trois-Rivières, Quebec [24442]","2021A003524442","Youth crime severity index","Index","160","units","0","v53079492","13.7","","..","","","2"
"2014","Trois-Rivières, Quebec [24442]","2021A003524442","Youth crime severity index","Index","160","units","0","v53079492","13.7","","..","","","2"
"2015","Trois-Rivières, Quebec [24442]","2021A003524442","Youth crime severity index","Index","160","units","0","v53079492","13.7","","..","","","2"
"2016","Trois-Rivières, Quebec [24442]","2021A003524442","Youth crime severity index","Index","160","units","0","v53079492","13.7","","..","","","2"
"2017","Trois-Rivières, Quebec [24442]","2021A003524442","Youth crime severity index","Index","160","units","0","v53079492","13.7","","..","","","2"
"2018","Trois-Rivières, Quebec [24442]","2021A003524442","Youth crime severity index","Index","160","units","0","v53079492","13.7","","..","","","2"
"2019","Trois-Rivières, Quebec [24442]","2021A003524442","Youth crime severity index","Index","160","units","0","v53079492","13.7","","..","","","2"
"2020","Trois-Rivières, Quebec [24442]","2021A003524442","Youth crime severity index","Index","160","units","0","v53079492","13.7","","..","","","2"
"2021","Trois-Rivières, Quebec [24442]","2021A003524442","Youth crime severity index","Index","160","units","0","v53079492","13.7","","..","","","2"
"2010","Trois-Rivières, Quebec [24442]","2021A003524442","Percent change in youth crime severity index","Percent","239","units","0","v87984873","13.8","0.00","","","","2"
"2011","Trois-Rivières, Quebec [24442]","2021A003524442","Percent change in youth crime severity index","Percent","239","units","0","v87984873","13.8","","..","","","2"
"2012","Trois-Rivières, Quebec [24442]","2021A003524442","Percent change in youth crime severity index","Percent","239","units","0","v87984873","13.8","","..","","","2"
"2013","Trois-Rivières, Quebec [24442]","2021A003524442","Percent change in youth crime severity index","Percent","239","units","0","v87984873","13.8","","..","","","2"
"2014","Trois-Rivières, Quebec [24442]","2021A003524442","Percent change in youth crime severity index","Percent","239","units","0","v87984873","13.8","","..","","","2"
"2015","Trois-Rivières, Quebec [24442]","2021A003524442","Percent change in youth crime severity index","Percent","239","units","0","v87984873","13.8","","..","","","2"
"2016","Trois-Rivières, Quebec [24442]","2021A003524442","Percent change in youth crime severity index","Percent","239","units","0","v87984873","13.8","","..","","","2"
"2017","Trois-Rivières, Quebec [24442]","2021A003524442","Percent change in youth crime severity index","Percent","239","units","0","v87984873","13.8","","..","","","2"
"2018","Trois-Rivières, Quebec [24442]","2021A003524442","Percent change in youth crime severity index","Percent","239","units","0","v87984873","13.8","","..","","","2"
"2019","Trois-Rivières, Quebec [24442]","2021A003524442","Percent change in youth crime severity index","Percent","239","units","0","v87984873","13.8","","..","","","2"
"2020","Trois-Rivières, Quebec [24442]","2021A003524442","Percent change in youth crime severity index","Percent","239","units","0","v87984873","13.8","","..","","","2"
"2021","Trois-Rivières, Quebec [24442]","2021A003524442","Percent change in youth crime severity index","Percent","239","units","0","v87984873","13.8","","..","","","2"
"2010","Trois-Rivières, Quebec [24442]","2021A003524442","Youth violent crime severity index","Index","160","units","0","v53079493","13.9","0.00","","","","2"
"2011","Trois-Rivières, Quebec [24442]","2021A003524442","Youth violent crime severity index","Index","160","units","0","v53079493","13.9","","..","","","2"
"2012","Trois-Rivières, Quebec [24442]","2021A003524442","Youth violent crime severity index","Index","160","units","0","v53079493","13.9","","..","","","2"
"2013","Trois-Rivières, Quebec [24442]","2021A003524442","Youth violent crime severity index","Index","160","units","0","v53079493","13.9","","..","","","2"
"2014","Trois-Rivières, Quebec [24442]","2021A003524442","Youth violent crime severity index","Index","160","units","0","v53079493","13.9","","..","","","2"
"2015","Trois-Rivières, Quebec [24442]","2021A003524442","Youth violent crime severity index","Index","160","units","0","v53079493","13.9","","..","","","2"
"2016","Trois-Rivières, Quebec [24442]","2021A003524442","Youth violent crime severity index","Index","160","units","0","v53079493","13.9","","..","","","2"
"2017","Trois-Rivières, Quebec [24442]","2021A003524442","Youth violent crime severity index","Index","160","units","0","v53079493","13.9","","..","","","2"
"2018","Trois-Rivières, Quebec [24442]","2021A003524442","Youth violent crime severity index","Index","160","units","0","v53079493","13.9","","..","","","2"
"2019","Trois-Rivières, Quebec [24442]","2021A003524442","Youth violent crime severity index","Index","160","units","0","v53079493","13.9","","..","","","2"
"2020","Trois-Rivières, Quebec [24442]","2021A003524442","Youth violent crime severity index","Index","160","units","0","v53079493","13.9","","..","","","2"
"2021","Trois-Rivières, Quebec [24442]","2021A003524442","Youth violent crime severity index","Index","160","units","0","v53079493","13.9","","..","","","2"
"2010","Trois-Rivières, Quebec [24442]","2021A003524442","Percent change in youth violent crime severity index","Percent","239","units","0","v87984874","13.10","0.00","","","","2"
"2011","Trois-Rivières, Quebec [24442]","2021A003524442","Percent change in youth violent crime severity index","Percent","239","units","0","v87984874","13.10","","..","","","2"
"2012","Trois-Rivières, Quebec [24442]","2021A003524442","Percent change in youth violent crime severity index","Percent","239","units","0","v87984874","13.10","","..","","","2"
"2013","Trois-Rivières, Quebec [24442]","2021A003524442","Percent change in youth violent crime severity index","Percent","239","units","0","v87984874","13.10","","..","","","2"
"2014","Trois-Rivières, Quebec [24442]","2021A003524442","Percent change in youth violent crime severity index","Percent","239","units","0","v87984874","13.10","","..","","","2"
"2015","Trois-Rivières, Quebec [24442]","2021A003524442","Percent change in youth violent crime severity index","Percent","239","units","0","v87984874","13.10","","..","","","2"
"2016","Trois-Rivières, Quebec [24442]","2021A003524442","Percent change in youth violent crime severity index","Percent","239","units","0","v87984874","13.10","","..","","","2"
"2017","Trois-Rivières, Quebec [24442]","2021A003524442","Percent change in youth violent crime severity index","Percent","239","units","0","v87984874","13.10","","..","","","2"
"2018","Trois-Rivières, Quebec [24442]","2021A003524442","Percent change in youth violent crime severity index","Percent","239","units","0","v87984874","13.10","","..","","","2"
"2019","Trois-Rivières, Quebec [24442]","2021A003524442","Percent change in youth violent crime severity index","Percent","239","units","0","v87984874","13.10","","..","","","2"
"2020","Trois-Rivières, Quebec [24442]","2021A003524442","Percent change in youth violent crime severity index","Percent","239","units","0","v87984874","13.10","","..","","","2"
"2021","Trois-Rivières, Quebec [24442]","2021A003524442","Percent change in youth violent crime severity index","Percent","239","units","0","v87984874","13.10","","..","","","2"
"2010","Trois-Rivières, Quebec [24442]","2021A003524442","Youth non-violent crime severity index","Index","160","units","0","v53079485","13.11","0.00","","","","2"
"2011","Trois-Rivières, Quebec [24442]","2021A003524442","Youth non-violent crime severity index","Index","160","units","0","v53079485","13.11","","..","","","2"
"2012","Trois-Rivières, Quebec [24442]","2021A003524442","Youth non-violent crime severity index","Index","160","units","0","v53079485","13.11","","..","","","2"
"2013","Trois-Rivières, Quebec [24442]","2021A003524442","Youth non-violent crime severity index","Index","160","units","0","v53079485","13.11","","..","","","2"
"2014","Trois-Rivières, Quebec [24442]","2021A003524442","Youth non-violent crime severity index","Index","160","units","0","v53079485","13.11","","..","","","2"
"2015","Trois-Rivières, Quebec [24442]","2021A003524442","Youth non-violent crime severity index","Index","160","units","0","v53079485","13.11","","..","","","2"
"2016","Trois-Rivières, Quebec [24442]","2021A003524442","Youth non-violent crime severity index","Index","160","units","0","v53079485","13.11","","..","","","2"
"2017","Trois-Rivières, Quebec [24442]","2021A003524442","Youth non-violent crime severity index","Index","160","units","0","v53079485","13.11","","..","","","2"
"2018","Trois-Rivières, Quebec [24442]","2021A003524442","Youth non-violent crime severity index","Index","160","units","0","v53079485","13.11","","..","","","2"
"2019","Trois-Rivières, Quebec [24442]","2021A003524442","Youth non-violent crime severity index","Index","160","units","0","v53079485","13.11","","..","","","2"
"2020","Trois-Rivières, Quebec [24442]","2021A003524442","Youth non-violent crime severity index","Index","160","units","0","v53079485","13.11","","..","","","2"
"2021","Trois-Rivières, Quebec [24442]","2021A003524442","Youth non-violent crime severity index","Index","160","units","0","v53079485","13.11","","..","","","2"
"2010","Trois-Rivières, Quebec [24442]","2021A003524442","Percent change in youth non-violent crime severity index","Percent","239","units","0","v87984875","13.12","0.00","","","","2"
"2011","Trois-Rivières, Quebec [24442]","2021A003524442","Percent change in youth non-violent crime severity index","Percent","239","units","0","v87984875","13.12","","..","","","2"
"2012","Trois-Rivières, Quebec [24442]","2021A003524442","Percent change in youth non-violent crime severity index","Percent","239","units","0","v87984875","13.12","","..","","","2"
"2013","Trois-Rivières, Quebec [24442]","2021A003524442","Percent change in youth non-violent crime severity index","Percent","239","units","0","v87984875","13.12","","..","","","2"
"2014","Trois-Rivières, Quebec [24442]","2021A003524442","Percent change in youth non-violent crime severity index","Percent","239","units","0","v87984875","13.12","","..","","","2"
"2015","Trois-Rivières, Quebec [24442]","2021A003524442","Percent change in youth non-violent crime severity index","Percent","239","units","0","v87984875","13.12","","..","","","2"
"2016","Trois-Rivières, Quebec [24442]","2021A003524442","Percent change in youth non-violent crime severity index","Percent","239","units","0","v87984875","13.12","","..","","","2"
"2017","Trois-Rivières, Quebec [24442]","2021A003524442","Percent change in youth non-violent crime severity index","Percent","239","units","0","v87984875","13.12","","..","","","2"
"2018","Trois-Rivières, Quebec [24442]","2021A003524442","Percent change in youth non-violent crime severity index","Percent","239","units","0","v87984875","13.12","","..","","","2"
"2019","Trois-Rivières, Quebec [24442]","2021A003524442","Percent change in youth non-violent crime severity index","Percent","239","units","0","v87984875","13.12","","..","","","2"
"2020","Trois-Rivières, Quebec [24442]","2021A003524442","Percent change in youth non-violent crime severity index","Percent","239","units","0","v87984875","13.12","","..","","","2"
"2021","Trois-Rivières, Quebec [24442]","2021A003524442","Percent change in youth non-violent crime severity index","Percent","239","units","0","v87984875","13.12","","..","","","2"
"2010","Trois-Rivières, Quebec [24442]","2021A003524442","Weighted clearance rate","Number","223","units","0","v53079486","13.13","40.31","","","","2"
"2011","Trois-Rivières, Quebec [24442]","2021A003524442","Weighted clearance rate","Number","223","units","0","v53079486","13.13","46.23","","","","2"
"2012","Trois-Rivières, Quebec [24442]","2021A003524442","Weighted clearance rate","Number","223","units","0","v53079486","13.13","47.31","","","","2"
"2013","Trois-Rivières, Quebec [24442]","2021A003524442","Weighted clearance rate","Number","223","units","0","v53079486","13.13","45.73","","","","2"
"2014","Trois-Rivières, Quebec [24442]","2021A003524442","Weighted clearance rate","Number","223","units","0","v53079486","13.13","48.08","","","","2"
"2015","Trois-Rivières, Quebec [24442]","2021A003524442","Weighted clearance rate","Number","223","units","0","v53079486","13.13","49.51","","","","2"
"2016","Trois-Rivières, Quebec [24442]","2021A003524442","Weighted clearance rate","Number","223","units","0","v53079486","13.13","50.17","","","","2"
"2017","Trois-Rivières, Quebec [24442]","2021A003524442","Weighted clearance rate","Number","223","units","0","v53079486","13.13","48.01","","","","2"
"2018","Trois-Rivières, Quebec [24442]","2021A003524442","Weighted clearance rate","Number","223","units","0","v53079486","13.13","48.75","","","","2"
"2019","Trois-Rivières, Quebec [24442]","2021A003524442","Weighted clearance rate","Number","223","units","0","v53079486","13.13","50.54","","","","2"
"2020","Trois-Rivières, Quebec [24442]","2021A003524442","Weighted clearance rate","Number","223","units","0","v53079486","13.13","55.95","","","","2"
"2021","Trois-Rivières, Quebec [24442]","2021A003524442","Weighted clearance rate","Number","223","units","0","v53079486","13.13","45.01","","","","2"
"2010","Trois-Rivières, Quebec [24442]","2021A003524442","Percent change in weighted clearance rate","Percent","239","units","0","v53079487","13.14","4.21","","","","2"
"2011","Trois-Rivières, Quebec [24442]","2021A003524442","Percent change in weighted clearance rate","Percent","239","units","0","v53079487","13.14","14.69","","","","2"
"2012","Trois-Rivières, Quebec [24442]","2021A003524442","Percent change in weighted clearance rate","Percent","239","units","0","v53079487","13.14","2.34","","","","2"
"2013","Trois-Rivières, Quebec [24442]","2021A003524442","Percent change in weighted clearance rate","Percent","239","units","0","v53079487","13.14","-3.34","","","","2"
"2014","Trois-Rivières, Quebec [24442]","2021A003524442","Percent change in weighted clearance rate","Percent","239","units","0","v53079487","13.14","5.14","","","","2"
"2015","Trois-Rivières, Quebec [24442]","2021A003524442","Percent change in weighted clearance rate","Percent","239","units","0","v53079487","13.14","2.97","","","","2"
"2016","Trois-Rivières, Quebec [24442]","2021A003524442","Percent change in weighted clearance rate","Percent","239","units","0","v53079487","13.14","1.33","","","","2"
"2017","Trois-Rivières, Quebec [24442]","2021A003524442","Percent change in weighted clearance rate","Percent","239","units","0","v53079487","13.14","-4.31","","","","2"
"2018","Trois-Rivières, Quebec [24442]","2021A003524442","Percent change in weighted clearance rate","Percent","239","units","0","v53079487","13.14","1.54","","","","2"
"2019","Trois-Rivières, Quebec [24442]","2021A003524442","Percent change in weighted clearance rate","Percent","239","units","0","v53079487","13.14","3.67","","","","2"
"2020","Trois-Rivières, Quebec [24442]","2021A003524442","Percent change in weighted clearance rate","Percent","239","units","0","v53079487","13.14","10.70","","","","2"
"2021","Trois-Rivières, Quebec [24442]","2021A003524442","Percent change in weighted clearance rate","Percent","239","units","0","v53079487","13.14","-19.55","","","","2"
"2010","Trois-Rivières, Quebec [24442]","2021A003524442","Violent weighted clearance rate","Number","223","units","0","v53079488","13.15","77.84","","","","2"
"2011","Trois-Rivières, Quebec [24442]","2021A003524442","Violent weighted clearance rate","Number","223","units","0","v53079488","13.15","83.89","","","","2"
"2012","Trois-Rivières, Quebec [24442]","2021A003524442","Violent weighted clearance rate","Number","223","units","0","v53079488","13.15","88.56","","","","2"
"2013","Trois-Rivières, Quebec [24442]","2021A003524442","Violent weighted clearance rate","Number","223","units","0","v53079488","13.15","80.06","","","","2"
"2014","Trois-Rivières, Quebec [24442]","2021A003524442","Violent weighted clearance rate","Number","223","units","0","v53079488","13.15","81.12","","","","2"
"2015","Trois-Rivières, Quebec [24442]","2021A003524442","Violent weighted clearance rate","Number","223","units","0","v53079488","13.15","78.19","","","","2"
"2016","Trois-Rivières, Quebec [24442]","2021A003524442","Violent weighted clearance rate","Number","223","units","0","v53079488","13.15","84.39","","","","2"
"2017","Trois-Rivières, Quebec [24442]","2021A003524442","Violent weighted clearance rate","Number","223","units","0","v53079488","13.15","79.57","","","","2"
"2018","Trois-Rivières, Quebec [24442]","2021A003524442","Violent weighted clearance rate","Number","223","units","0","v53079488","13.15","71.68","","","","2"
"2019","Trois-Rivières, Quebec [24442]","2021A003524442","Violent weighted clearance rate","Number","223","units","0","v53079488","13.15","74.46","","","","2"
"2020","Trois-Rivières, Quebec [24442]","2021A003524442","Violent weighted clearance rate","Number","223","units","0","v53079488","13.15","74.67","","","","2"
"2021","Trois-Rivières, Quebec [24442]","2021A003524442","Violent weighted clearance rate","Number","223","units","0","v53079488","13.15","63.90","","","","2"
"2010","Trois-Rivières, Quebec [24442]","2021A003524442","Percent change in violent weighted clearance rate","Percent","239","units","0","v53079489","13.16","8.73","","","","2"
"2011","Trois-Rivières, Quebec [24442]","2021A003524442","Percent change in violent weighted clearance rate","Percent","239","units","0","v53079489","13.16","7.77","","","","2"
"2012","Trois-Rivières, Quebec [24442]","2021A003524442","Percent change in violent weighted clearance rate","Percent","239","units","0","v53079489","13.16","5.57","","","","2"
"2013","Trois-Rivières, Quebec [24442]","2021A003524442","Percent change in violent weighted clearance rate","Percent","239","units","0","v53079489","13.16","-9.60","","","","2"
"2014","Trois-Rivières, Quebec [24442]","2021A003524442","Percent change in violent weighted clearance rate","Percent","239","units","0","v53079489","13.16","1.32","","","","2"
"2015","Trois-Rivières, Quebec [24442]","2021A003524442","Percent change in violent weighted clearance rate","Percent","239","units","0","v53079489","13.16","-3.61","","","","2"
"2016","Trois-Rivières, Quebec [24442]","2021A003524442","Percent change in violent weighted clearance rate","Percent","239","units","0","v53079489","13.16","7.93","","","","2"
"2017","Trois-Rivières, Quebec [24442]","2021A003524442","Percent change in violent weighted clearance rate","Percent","239","units","0","v53079489","13.16","-5.71","","","","2"
"2018","Trois-Rivières, Quebec [24442]","2021A003524442","Percent change in violent weighted clearance rate","Percent","239","units","0","v53079489","13.16","-9.92","","","","2"
"2019","Trois-Rivières, Quebec [24442]","2021A003524442","Percent change in violent weighted clearance rate","Percent","239","units","0","v53079489","13.16","3.88","","","","2"
"2020","Trois-Rivières, Quebec [24442]","2021A003524442","Percent change in violent weighted clearance rate","Percent","239","units","0","v53079489","13.16","0.28","","","","2"
"2021","Trois-Rivières, Quebec [24442]","2021A003524442","Percent change in violent weighted clearance rate","Percent","239","units","0","v53079489","13.16","-14.42","","","","2"
"2010","Trois-Rivières, Quebec [24442]","2021A003524442","Non-violent weighted clearance rate","Number","223","units","0","v53079490","13.17","32.26","","","","2"
"2011","Trois-Rivières, Quebec [24442]","2021A003524442","Non-violent weighted clearance rate","Number","223","units","0","v53079490","13.17","37.43","","","","2"
"2012","Trois-Rivières, Quebec [24442]","2021A003524442","Non-violent weighted clearance rate","Number","223","units","0","v53079490","13.17","37.84","","","","2"
"2013","Trois-Rivières, Quebec [24442]","2021A003524442","Non-violent weighted clearance rate","Number","223","units","0","v53079490","13.17","35.38","","","","2"
"2014","Trois-Rivières, Quebec [24442]","2021A003524442","Non-violent weighted clearance rate","Number","223","units","0","v53079490","13.17","36.05","","","","2"
"2015","Trois-Rivières, Quebec [24442]","2021A003524442","Non-violent weighted clearance rate","Number","223","units","0","v53079490","13.17","38.10","","","","2"
"2016","Trois-Rivières, Quebec [24442]","2021A003524442","Non-violent weighted clearance rate","Number","223","units","0","v53079490","13.17","38.34","","","","2"
"2017","Trois-Rivières, Quebec [24442]","2021A003524442","Non-violent weighted clearance rate","Number","223","units","0","v53079490","13.17","35.68","","","","2"
"2018","Trois-Rivières, Quebec [24442]","2021A003524442","Non-violent weighted clearance rate","Number","223","units","0","v53079490","13.17","37.13","","","","2"
"2019","Trois-Rivières, Quebec [24442]","2021A003524442","Non-violent weighted clearance rate","Number","223","units","0","v53079490","13.17","38.98","","","","2"
"2020","Trois-Rivières, Quebec [24442]","2021A003524442","Non-violent weighted clearance rate","Number","223","units","0","v53079490","13.17","42.97","","","","2"
"2021","Trois-Rivières, Quebec [24442]","2021A003524442","Non-violent weighted clearance rate","Number","223","units","0","v53079490","13.17","32.35","","","","2"
"2010","Trois-Rivières, Quebec [24442]","2021A003524442","Percent change in non-violent weighted clearance rate","Percent","239","units","0","v53079491","13.18","4.00","","","","2"
"2011","Trois-Rivières, Quebec [24442]","2021A003524442","Percent change in non-violent weighted clearance rate","Percent","239","units","0","v53079491","13.18","16.03","","","","2"
"2012","Trois-Rivières, Quebec [24442]","2021A003524442","Percent change in non-violent weighted clearance rate","Percent","239","units","0","v53079491","13.18","1.10","","","","2"
"2013","Trois-Rivières, Quebec [24442]","2021A003524442","Percent change in non-violent weighted clearance rate","Percent","239","units","0","v53079491","13.18","-6.50","","","","2"
"2014","Trois-Rivières, Quebec [24442]","2021A003524442","Percent change in non-violent weighted clearance rate","Percent","239","units","0","v53079491","13.18","1.89","","","","2"
"2015","Trois-Rivières, Quebec [24442]","2021A003524442","Percent change in non-violent weighted clearance rate","Percent","239","units","0","v53079491","13.18","5.69","","","","2"
"2016","Trois-Rivières, Quebec [24442]","2021A003524442","Percent change in non-violent weighted clearance rate","Percent","239","units","0","v53079491","13.18","0.63","","","","2"
"2017","Trois-Rivières, Quebec [24442]","2021A003524442","Percent change in non-violent weighted clearance rate","Percent","239","units","0","v53079491","13.18","-6.94","","","","2"
"2018","Trois-Rivières, Quebec [24442]","2021A003524442","Percent change in non-violent weighted clearance rate","Percent","239","units","0","v53079491","13.18","4.06","","","","2"
"2019","Trois-Rivières, Quebec [24442]","2021A003524442","Percent change in non-violent weighted clearance rate","Percent","239","units","0","v53079491","13.18","4.98","","","","2"
"2020","Trois-Rivières, Quebec [24442]","2021A003524442","Percent change in non-violent weighted clearance rate","Percent","239","units","0","v53079491","13.18","10.24","","","","2"
"2021","Trois-Rivières, Quebec [24442]","2021A003524442","Percent change in non-violent weighted clearance rate","Percent","239","units","0","v53079491","13.18","-24.71","","","","2"


