﻿"REF_DATE","GEO","DGUID","Statistics","UOM","UOM_ID","SCALAR_FACTOR","SCALAR_ID","VECTOR","COORDINATE","VALUE","STATUS","SYMBOL","TERMINATED","DECIMALS"
"2010","Thunder Bay, Ontario [35595]","2021A003535595","Crime severity index","Index","160","units","0","v44312611","26.1","111.96","","","","2"
"2011","Thunder Bay, Ontario [35595]","2021A003535595","Crime severity index","Index","160","units","0","v44312611","26.1","105.72","","","","2"
"2012","Thunder Bay, Ontario [35595]","2021A003535595","Crime severity index","Index","160","units","0","v44312611","26.1","88.01","","","","2"
"2013","Thunder Bay, Ontario [35595]","2021A003535595","Crime severity index","Index","160","units","0","v44312611","26.1","81.39","","","","2"
"2014","Thunder Bay, Ontario [35595]","2021A003535595","Crime severity index","Index","160","units","0","v44312611","26.1","89.57","","","","2"
"2015","Thunder Bay, Ontario [35595]","2021A003535595","Crime severity index","Index","160","units","0","v44312611","26.1","80.09","","","","2"
"2016","Thunder Bay, Ontario [35595]","2021A003535595","Crime severity index","Index","160","units","0","v44312611","26.1","83.84","","","","2"
"2017","Thunder Bay, Ontario [35595]","2021A003535595","Crime severity index","Index","160","units","0","v44312611","26.1","86.55","","","","2"
"2018","Thunder Bay, Ontario [35595]","2021A003535595","Crime severity index","Index","160","units","0","v44312611","26.1","99.09","","","","2"
"2019","Thunder Bay, Ontario [35595]","2021A003535595","Crime severity index","Index","160","units","0","v44312611","26.1","101.79","","","","2"
"2020","Thunder Bay, Ontario [35595]","2021A003535595","Crime severity index","Index","160","units","0","v44312611","26.1","94.86","","","","2"
"2021","Thunder Bay, Ontario [35595]","2021A003535595","Crime severity index","Index","160","units","0","v44312611","26.1","101.31","","","","2"
"2010","Thunder Bay, Ontario [35595]","2021A003535595","Percent change in crime severity index","Percent","239","units","0","v44312612","26.2","-0.72","","","","2"
"2011","Thunder Bay, Ontario [35595]","2021A003535595","Percent change in crime severity index","Percent","239","units","0","v44312612","26.2","-5.57","","","","2"
"2012","Thunder Bay, Ontario [35595]","2021A003535595","Percent change in crime severity index","Percent","239","units","0","v44312612","26.2","-16.75","","","","2"
"2013","Thunder Bay, Ontario [35595]","2021A003535595","Percent change in crime severity index","Percent","239","units","0","v44312612","26.2","-7.52","","","","2"
"2014","Thunder Bay, Ontario [35595]","2021A003535595","Percent change in crime severity index","Percent","239","units","0","v44312612","26.2","10.05","","","","2"
"2015","Thunder Bay, Ontario [35595]","2021A003535595","Percent change in crime severity index","Percent","239","units","0","v44312612","26.2","-10.58","","","","2"
"2016","Thunder Bay, Ontario [35595]","2021A003535595","Percent change in crime severity index","Percent","239","units","0","v44312612","26.2","4.68","","","","2"
"2017","Thunder Bay, Ontario [35595]","2021A003535595","Percent change in crime severity index","Percent","239","units","0","v44312612","26.2","3.23","","","","2"
"2018","Thunder Bay, Ontario [35595]","2021A003535595","Percent change in crime severity index","Percent","239","units","0","v44312612","26.2","14.49","","","","2"
"2019","Thunder Bay, Ontario [35595]","2021A003535595","Percent change in crime severity index","Percent","239","units","0","v44312612","26.2","2.72","","","","2"
"2020","Thunder Bay, Ontario [35595]","2021A003535595","Percent change in crime severity index","Percent","239","units","0","v44312612","26.2","-6.81","","","","2"
"2021","Thunder Bay, Ontario [35595]","2021A003535595","Percent change in crime severity index","Percent","239","units","0","v44312612","26.2","6.80","","","","2"
"2010","Thunder Bay, Ontario [35595]","2021A003535595","Violent crime severity index","Index","160","units","0","v44312613","26.3","139.47","","","","2"
"2011","Thunder Bay, Ontario [35595]","2021A003535595","Violent crime severity index","Index","160","units","0","v44312613","26.3","124.48","","","","2"
"2012","Thunder Bay, Ontario [35595]","2021A003535595","Violent crime severity index","Index","160","units","0","v44312613","26.3","119.08","","","","2"
"2013","Thunder Bay, Ontario [35595]","2021A003535595","Violent crime severity index","Index","160","units","0","v44312613","26.3","112.76","","","","2"
"2014","Thunder Bay, Ontario [35595]","2021A003535595","Violent crime severity index","Index","160","units","0","v44312613","26.3","137.81","","","","2"
"2015","Thunder Bay, Ontario [35595]","2021A003535595","Violent crime severity index","Index","160","units","0","v44312613","26.3","119.51","","","","2"
"2016","Thunder Bay, Ontario [35595]","2021A003535595","Violent crime severity index","Index","160","units","0","v44312613","26.3","124.05","","","","2"
"2017","Thunder Bay, Ontario [35595]","2021A003535595","Violent crime severity index","Index","160","units","0","v44312613","26.3","142.73","","","","2"
"2018","Thunder Bay, Ontario [35595]","2021A003535595","Violent crime severity index","Index","160","units","0","v44312613","26.3","163.87","","","","2"
"2019","Thunder Bay, Ontario [35595]","2021A003535595","Violent crime severity index","Index","160","units","0","v44312613","26.3","147.26","","","","2"
"2020","Thunder Bay, Ontario [35595]","2021A003535595","Violent crime severity index","Index","160","units","0","v44312613","26.3","156.42","","","","2"
"2021","Thunder Bay, Ontario [35595]","2021A003535595","Violent crime severity index","Index","160","units","0","v44312613","26.3","176.30","","","","2"
"2010","Thunder Bay, Ontario [35595]","2021A003535595","Percent change in violent crime severity index","Percent","239","units","0","v44312614","26.4","1.23","","","","2"
"2011","Thunder Bay, Ontario [35595]","2021A003535595","Percent change in violent crime severity index","Percent","239","units","0","v44312614","26.4","-10.75","","","","2"
"2012","Thunder Bay, Ontario [35595]","2021A003535595","Percent change in violent crime severity index","Percent","239","units","0","v44312614","26.4","-4.34","","","","2"
"2013","Thunder Bay, Ontario [35595]","2021A003535595","Percent change in violent crime severity index","Percent","239","units","0","v44312614","26.4","-5.31","","","","2"
"2014","Thunder Bay, Ontario [35595]","2021A003535595","Percent change in violent crime severity index","Percent","239","units","0","v44312614","26.4","22.22","","","","2"
"2015","Thunder Bay, Ontario [35595]","2021A003535595","Percent change in violent crime severity index","Percent","239","units","0","v44312614","26.4","-13.28","","","","2"
"2016","Thunder Bay, Ontario [35595]","2021A003535595","Percent change in violent crime severity index","Percent","239","units","0","v44312614","26.4","3.80","","","","2"
"2017","Thunder Bay, Ontario [35595]","2021A003535595","Percent change in violent crime severity index","Percent","239","units","0","v44312614","26.4","15.06","","","","2"
"2018","Thunder Bay, Ontario [35595]","2021A003535595","Percent change in violent crime severity index","Percent","239","units","0","v44312614","26.4","14.81","","","","2"
"2019","Thunder Bay, Ontario [35595]","2021A003535595","Percent change in violent crime severity index","Percent","239","units","0","v44312614","26.4","-10.14","","","","2"
"2020","Thunder Bay, Ontario [35595]","2021A003535595","Percent change in violent crime severity index","Percent","239","units","0","v44312614","26.4","6.22","","","","2"
"2021","Thunder Bay, Ontario [35595]","2021A003535595","Percent change in violent crime severity index","Percent","239","units","0","v44312614","26.4","12.71","","","","2"
"2010","Thunder Bay, Ontario [35595]","2021A003535595","Non-violent crime severity index","Index","160","units","0","v44312615","26.5","101.39","","","","2"
"2011","Thunder Bay, Ontario [35595]","2021A003535595","Non-violent crime severity index","Index","160","units","0","v44312615","26.5","98.68","","","","2"
"2012","Thunder Bay, Ontario [35595]","2021A003535595","Non-violent crime severity index","Index","160","units","0","v44312615","26.5","76.53","","","","2"
"2013","Thunder Bay, Ontario [35595]","2021A003535595","Non-violent crime severity index","Index","160","units","0","v44312615","26.5","69.81","","","","2"
"2014","Thunder Bay, Ontario [35595]","2021A003535595","Non-violent crime severity index","Index","160","units","0","v44312615","26.5","71.83","","","","2"
"2015","Thunder Bay, Ontario [35595]","2021A003535595","Non-violent crime severity index","Index","160","units","0","v44312615","26.5","65.58","","","","2"
"2016","Thunder Bay, Ontario [35595]","2021A003535595","Non-violent crime severity index","Index","160","units","0","v44312615","26.5","69.17","","","","2"
"2017","Thunder Bay, Ontario [35595]","2021A003535595","Non-violent crime severity index","Index","160","units","0","v44312615","26.5","66.14","","","","2"
"2018","Thunder Bay, Ontario [35595]","2021A003535595","Non-violent crime severity index","Index","160","units","0","v44312615","26.5","75.55","","","","2"
"2019","Thunder Bay, Ontario [35595]","2021A003535595","Non-violent crime severity index","Index","160","units","0","v44312615","26.5","85.20","","","","2"
"2020","Thunder Bay, Ontario [35595]","2021A003535595","Non-violent crime severity index","Index","160","units","0","v44312615","26.5","72.49","","","","2"
"2021","Thunder Bay, Ontario [35595]","2021A003535595","Non-violent crime severity index","Index","160","units","0","v44312615","26.5","74.09","","","","2"
"2010","Thunder Bay, Ontario [35595]","2021A003535595","Percent change in non-violent crime severity index","Percent","239","units","0","v44312616","26.6","-1.71","","","","2"
"2011","Thunder Bay, Ontario [35595]","2021A003535595","Percent change in non-violent crime severity index","Percent","239","units","0","v44312616","26.6","-2.67","","","","2"
"2012","Thunder Bay, Ontario [35595]","2021A003535595","Percent change in non-violent crime severity index","Percent","239","units","0","v44312616","26.6","-22.45","","","","2"
"2013","Thunder Bay, Ontario [35595]","2021A003535595","Percent change in non-violent crime severity index","Percent","239","units","0","v44312616","26.6","-8.78","","","","2"
"2014","Thunder Bay, Ontario [35595]","2021A003535595","Percent change in non-violent crime severity index","Percent","239","units","0","v44312616","26.6","2.89","","","","2"
"2015","Thunder Bay, Ontario [35595]","2021A003535595","Percent change in non-violent crime severity index","Percent","239","units","0","v44312616","26.6","-8.70","","","","2"
"2016","Thunder Bay, Ontario [35595]","2021A003535595","Percent change in non-violent crime severity index","Percent","239","units","0","v44312616","26.6","5.47","","","","2"
"2017","Thunder Bay, Ontario [35595]","2021A003535595","Percent change in non-violent crime severity index","Percent","239","units","0","v44312616","26.6","-4.38","","","","2"
"2018","Thunder Bay, Ontario [35595]","2021A003535595","Percent change in non-violent crime severity index","Percent","239","units","0","v44312616","26.6","14.23","","","","2"
"2019","Thunder Bay, Ontario [35595]","2021A003535595","Percent change in non-violent crime severity index","Percent","239","units","0","v44312616","26.6","12.77","","","","2"
"2020","Thunder Bay, Ontario [35595]","2021A003535595","Percent change in non-violent crime severity index","Percent","239","units","0","v44312616","26.6","-14.92","","","","2"
"2021","Thunder Bay, Ontario [35595]","2021A003535595","Percent change in non-violent crime severity index","Percent","239","units","0","v44312616","26.6","2.21","","","","2"
"2010","Thunder Bay, Ontario [35595]","2021A003535595","Youth crime severity index","Index","160","units","0","v53079624","26.7","0.00","","","","2"
"2011","Thunder Bay, Ontario [35595]","2021A003535595","Youth crime severity index","Index","160","units","0","v53079624","26.7","","..","","","2"
"2012","Thunder Bay, Ontario [35595]","2021A003535595","Youth crime severity index","Index","160","units","0","v53079624","26.7","","..","","","2"
"2013","Thunder Bay, Ontario [35595]","2021A003535595","Youth crime severity index","Index","160","units","0","v53079624","26.7","","..","","","2"
"2014","Thunder Bay, Ontario [35595]","2021A003535595","Youth crime severity index","Index","160","units","0","v53079624","26.7","","..","","","2"
"2015","Thunder Bay, Ontario [35595]","2021A003535595","Youth crime severity index","Index","160","units","0","v53079624","26.7","","..","","","2"
"2016","Thunder Bay, Ontario [35595]","2021A003535595","Youth crime severity index","Index","160","units","0","v53079624","26.7","","..","","","2"
"2017","Thunder Bay, Ontario [35595]","2021A003535595","Youth crime severity index","Index","160","units","0","v53079624","26.7","","..","","","2"
"2018","Thunder Bay, Ontario [35595]","2021A003535595","Youth crime severity index","Index","160","units","0","v53079624","26.7","","..","","","2"
"2019","Thunder Bay, Ontario [35595]","2021A003535595","Youth crime severity index","Index","160","units","0","v53079624","26.7","","..","","","2"
"2020","Thunder Bay, Ontario [35595]","2021A003535595","Youth crime severity index","Index","160","units","0","v53079624","26.7","","..","","","2"
"2021","Thunder Bay, Ontario [35595]","2021A003535595","Youth crime severity index","Index","160","units","0","v53079624","26.7","","..","","","2"
"2010","Thunder Bay, Ontario [35595]","2021A003535595","Percent change in youth crime severity index","Percent","239","units","0","v87984924","26.8","0.00","","","","2"
"2011","Thunder Bay, Ontario [35595]","2021A003535595","Percent change in youth crime severity index","Percent","239","units","0","v87984924","26.8","","..","","","2"
"2012","Thunder Bay, Ontario [35595]","2021A003535595","Percent change in youth crime severity index","Percent","239","units","0","v87984924","26.8","","..","","","2"
"2013","Thunder Bay, Ontario [35595]","2021A003535595","Percent change in youth crime severity index","Percent","239","units","0","v87984924","26.8","","..","","","2"
"2014","Thunder Bay, Ontario [35595]","2021A003535595","Percent change in youth crime severity index","Percent","239","units","0","v87984924","26.8","","..","","","2"
"2015","Thunder Bay, Ontario [35595]","2021A003535595","Percent change in youth crime severity index","Percent","239","units","0","v87984924","26.8","","..","","","2"
"2016","Thunder Bay, Ontario [35595]","2021A003535595","Percent change in youth crime severity index","Percent","239","units","0","v87984924","26.8","","..","","","2"
"2017","Thunder Bay, Ontario [35595]","2021A003535595","Percent change in youth crime severity index","Percent","239","units","0","v87984924","26.8","","..","","","2"
"2018","Thunder Bay, Ontario [35595]","2021A003535595","Percent change in youth crime severity index","Percent","239","units","0","v87984924","26.8","","..","","","2"
"2019","Thunder Bay, Ontario [35595]","2021A003535595","Percent change in youth crime severity index","Percent","239","units","0","v87984924","26.8","","..","","","2"
"2020","Thunder Bay, Ontario [35595]","2021A003535595","Percent change in youth crime severity index","Percent","239","units","0","v87984924","26.8","","..","","","2"
"2021","Thunder Bay, Ontario [35595]","2021A003535595","Percent change in youth crime severity index","Percent","239","units","0","v87984924","26.8","","..","","","2"
"2010","Thunder Bay, Ontario [35595]","2021A003535595","Youth violent crime severity index","Index","160","units","0","v53079625","26.9","0.00","","","","2"
"2011","Thunder Bay, Ontario [35595]","2021A003535595","Youth violent crime severity index","Index","160","units","0","v53079625","26.9","","..","","","2"
"2012","Thunder Bay, Ontario [35595]","2021A003535595","Youth violent crime severity index","Index","160","units","0","v53079625","26.9","","..","","","2"
"2013","Thunder Bay, Ontario [35595]","2021A003535595","Youth violent crime severity index","Index","160","units","0","v53079625","26.9","","..","","","2"
"2014","Thunder Bay, Ontario [35595]","2021A003535595","Youth violent crime severity index","Index","160","units","0","v53079625","26.9","","..","","","2"
"2015","Thunder Bay, Ontario [35595]","2021A003535595","Youth violent crime severity index","Index","160","units","0","v53079625","26.9","","..","","","2"
"2016","Thunder Bay, Ontario [35595]","2021A003535595","Youth violent crime severity index","Index","160","units","0","v53079625","26.9","","..","","","2"
"2017","Thunder Bay, Ontario [35595]","2021A003535595","Youth violent crime severity index","Index","160","units","0","v53079625","26.9","","..","","","2"
"2018","Thunder Bay, Ontario [35595]","2021A003535595","Youth violent crime severity index","Index","160","units","0","v53079625","26.9","","..","","","2"
"2019","Thunder Bay, Ontario [35595]","2021A003535595","Youth violent crime severity index","Index","160","units","0","v53079625","26.9","","..","","","2"
"2020","Thunder Bay, Ontario [35595]","2021A003535595","Youth violent crime severity index","Index","160","units","0","v53079625","26.9","","..","","","2"
"2021","Thunder Bay, Ontario [35595]","2021A003535595","Youth violent crime severity index","Index","160","units","0","v53079625","26.9","","..","","","2"
"2010","Thunder Bay, Ontario [35595]","2021A003535595","Percent change in youth violent crime severity index","Percent","239","units","0","v87984925","26.10","0.00","","","","2"
"2011","Thunder Bay, Ontario [35595]","2021A003535595","Percent change in youth violent crime severity index","Percent","239","units","0","v87984925","26.10","","..","","","2"
"2012","Thunder Bay, Ontario [35595]","2021A003535595","Percent change in youth violent crime severity index","Percent","239","units","0","v87984925","26.10","","..","","","2"
"2013","Thunder Bay, Ontario [35595]","2021A003535595","Percent change in youth violent crime severity index","Percent","239","units","0","v87984925","26.10","","..","","","2"
"2014","Thunder Bay, Ontario [35595]","2021A003535595","Percent change in youth violent crime severity index","Percent","239","units","0","v87984925","26.10","","..","","","2"
"2015","Thunder Bay, Ontario [35595]","2021A003535595","Percent change in youth violent crime severity index","Percent","239","units","0","v87984925","26.10","","..","","","2"
"2016","Thunder Bay, Ontario [35595]","2021A003535595","Percent change in youth violent crime severity index","Percent","239","units","0","v87984925","26.10","","..","","","2"
"2017","Thunder Bay, Ontario [35595]","2021A003535595","Percent change in youth violent crime severity index","Percent","239","units","0","v87984925","26.10","","..","","","2"
"2018","Thunder Bay, Ontario [35595]","2021A003535595","Percent change in youth violent crime severity index","Percent","239","units","0","v87984925","26.10","","..","","","2"
"2019","Thunder Bay, Ontario [35595]","2021A003535595","Percent change in youth violent crime severity index","Percent","239","units","0","v87984925","26.10","","..","","","2"
"2020","Thunder Bay, Ontario [35595]","2021A003535595","Percent change in youth violent crime severity index","Percent","239","units","0","v87984925","26.10","","..","","","2"
"2021","Thunder Bay, Ontario [35595]","2021A003535595","Percent change in youth violent crime severity index","Percent","239","units","0","v87984925","26.10","","..","","","2"
"2010","Thunder Bay, Ontario [35595]","2021A003535595","Youth non-violent crime severity index","Index","160","units","0","v53079617","26.11","0.00","","","","2"
"2011","Thunder Bay, Ontario [35595]","2021A003535595","Youth non-violent crime severity index","Index","160","units","0","v53079617","26.11","","..","","","2"
"2012","Thunder Bay, Ontario [35595]","2021A003535595","Youth non-violent crime severity index","Index","160","units","0","v53079617","26.11","","..","","","2"
"2013","Thunder Bay, Ontario [35595]","2021A003535595","Youth non-violent crime severity index","Index","160","units","0","v53079617","26.11","","..","","","2"
"2014","Thunder Bay, Ontario [35595]","2021A003535595","Youth non-violent crime severity index","Index","160","units","0","v53079617","26.11","","..","","","2"
"2015","Thunder Bay, Ontario [35595]","2021A003535595","Youth non-violent crime severity index","Index","160","units","0","v53079617","26.11","","..","","","2"
"2016","Thunder Bay, Ontario [35595]","2021A003535595","Youth non-violent crime severity index","Index","160","units","0","v53079617","26.11","","..","","","2"
"2017","Thunder Bay, Ontario [35595]","2021A003535595","Youth non-violent crime severity index","Index","160","units","0","v53079617","26.11","","..","","","2"
"2018","Thunder Bay, Ontario [35595]","2021A003535595","Youth non-violent crime severity index","Index","160","units","0","v53079617","26.11","","..","","","2"
"2019","Thunder Bay, Ontario [35595]","2021A003535595","Youth non-violent crime severity index","Index","160","units","0","v53079617","26.11","","..","","","2"
"2020","Thunder Bay, Ontario [35595]","2021A003535595","Youth non-violent crime severity index","Index","160","units","0","v53079617","26.11","","..","","","2"
"2021","Thunder Bay, Ontario [35595]","2021A003535595","Youth non-violent crime severity index","Index","160","units","0","v53079617","26.11","","..","","","2"
"2010","Thunder Bay, Ontario [35595]","2021A003535595","Percent change in youth non-violent crime severity index","Percent","239","units","0","v87984926","26.12","0.00","","","","2"
"2011","Thunder Bay, Ontario [35595]","2021A003535595","Percent change in youth non-violent crime severity index","Percent","239","units","0","v87984926","26.12","","..","","","2"
"2012","Thunder Bay, Ontario [35595]","2021A003535595","Percent change in youth non-violent crime severity index","Percent","239","units","0","v87984926","26.12","","..","","","2"
"2013","Thunder Bay, Ontario [35595]","2021A003535595","Percent change in youth non-violent crime severity index","Percent","239","units","0","v87984926","26.12","","..","","","2"
"2014","Thunder Bay, Ontario [35595]","2021A003535595","Percent change in youth non-violent crime severity index","Percent","239","units","0","v87984926","26.12","","..","","","2"
"2015","Thunder Bay, Ontario [35595]","2021A003535595","Percent change in youth non-violent crime severity index","Percent","239","units","0","v87984926","26.12","","..","","","2"
"2016","Thunder Bay, Ontario [35595]","2021A003535595","Percent change in youth non-violent crime severity index","Percent","239","units","0","v87984926","26.12","","..","","","2"
"2017","Thunder Bay, Ontario [35595]","2021A003535595","Percent change in youth non-violent crime severity index","Percent","239","units","0","v87984926","26.12","","..","","","2"
"2018","Thunder Bay, Ontario [35595]","2021A003535595","Percent change in youth non-violent crime severity index","Percent","239","units","0","v87984926","26.12","","..","","","2"
"2019","Thunder Bay, Ontario [35595]","2021A003535595","Percent change in youth non-violent crime severity index","Percent","239","units","0","v87984926","26.12","","..","","","2"
"2020","Thunder Bay, Ontario [35595]","2021A003535595","Percent change in youth non-violent crime severity index","Percent","239","units","0","v87984926","26.12","","..","","","2"
"2021","Thunder Bay, Ontario [35595]","2021A003535595","Percent change in youth non-violent crime severity index","Percent","239","units","0","v87984926","26.12","","..","","","2"
"2010","Thunder Bay, Ontario [35595]","2021A003535595","Weighted clearance rate","Number","223","units","0","v53079618","26.13","45.05","","","","2"
"2011","Thunder Bay, Ontario [35595]","2021A003535595","Weighted clearance rate","Number","223","units","0","v53079618","26.13","43.21","","","","2"
"2012","Thunder Bay, Ontario [35595]","2021A003535595","Weighted clearance rate","Number","223","units","0","v53079618","26.13","47.58","","","","2"
"2013","Thunder Bay, Ontario [35595]","2021A003535595","Weighted clearance rate","Number","223","units","0","v53079618","26.13","43.63","","","","2"
"2014","Thunder Bay, Ontario [35595]","2021A003535595","Weighted clearance rate","Number","223","units","0","v53079618","26.13","51.73","","","","2"
"2015","Thunder Bay, Ontario [35595]","2021A003535595","Weighted clearance rate","Number","223","units","0","v53079618","26.13","46.52","","","","2"
"2016","Thunder Bay, Ontario [35595]","2021A003535595","Weighted clearance rate","Number","223","units","0","v53079618","26.13","48.34","","","","2"
"2017","Thunder Bay, Ontario [35595]","2021A003535595","Weighted clearance rate","Number","223","units","0","v53079618","26.13","48.58","","","","2"
"2018","Thunder Bay, Ontario [35595]","2021A003535595","Weighted clearance rate","Number","223","units","0","v53079618","26.13","42.55","","","","2"
"2019","Thunder Bay, Ontario [35595]","2021A003535595","Weighted clearance rate","Number","223","units","0","v53079618","26.13","45.94","","","","2"
"2020","Thunder Bay, Ontario [35595]","2021A003535595","Weighted clearance rate","Number","223","units","0","v53079618","26.13","56.19","","","","2"
"2021","Thunder Bay, Ontario [35595]","2021A003535595","Weighted clearance rate","Number","223","units","0","v53079618","26.13","54.54","","","","2"
"2010","Thunder Bay, Ontario [35595]","2021A003535595","Percent change in weighted clearance rate","Percent","239","units","0","v53079619","26.14","1.12","","","","2"
"2011","Thunder Bay, Ontario [35595]","2021A003535595","Percent change in weighted clearance rate","Percent","239","units","0","v53079619","26.14","-4.08","","","","2"
"2012","Thunder Bay, Ontario [35595]","2021A003535595","Percent change in weighted clearance rate","Percent","239","units","0","v53079619","26.14","10.11","","","","2"
"2013","Thunder Bay, Ontario [35595]","2021A003535595","Percent change in weighted clearance rate","Percent","239","units","0","v53079619","26.14","-8.30","","","","2"
"2014","Thunder Bay, Ontario [35595]","2021A003535595","Percent change in weighted clearance rate","Percent","239","units","0","v53079619","26.14","18.57","","","","2"
"2015","Thunder Bay, Ontario [35595]","2021A003535595","Percent change in weighted clearance rate","Percent","239","units","0","v53079619","26.14","-10.07","","","","2"
"2016","Thunder Bay, Ontario [35595]","2021A003535595","Percent change in weighted clearance rate","Percent","239","units","0","v53079619","26.14","3.91","","","","2"
"2017","Thunder Bay, Ontario [35595]","2021A003535595","Percent change in weighted clearance rate","Percent","239","units","0","v53079619","26.14","0.50","","","","2"
"2018","Thunder Bay, Ontario [35595]","2021A003535595","Percent change in weighted clearance rate","Percent","239","units","0","v53079619","26.14","-12.41","","","","2"
"2019","Thunder Bay, Ontario [35595]","2021A003535595","Percent change in weighted clearance rate","Percent","239","units","0","v53079619","26.14","7.97","","","","2"
"2020","Thunder Bay, Ontario [35595]","2021A003535595","Percent change in weighted clearance rate","Percent","239","units","0","v53079619","26.14","22.31","","","","2"
"2021","Thunder Bay, Ontario [35595]","2021A003535595","Percent change in weighted clearance rate","Percent","239","units","0","v53079619","26.14","-2.94","","","","2"
"2010","Thunder Bay, Ontario [35595]","2021A003535595","Violent weighted clearance rate","Number","223","units","0","v53079620","26.15","64.89","","","","2"
"2011","Thunder Bay, Ontario [35595]","2021A003535595","Violent weighted clearance rate","Number","223","units","0","v53079620","26.15","65.83","","","","2"
"2012","Thunder Bay, Ontario [35595]","2021A003535595","Violent weighted clearance rate","Number","223","units","0","v53079620","26.15","69.07","","","","2"
"2013","Thunder Bay, Ontario [35595]","2021A003535595","Violent weighted clearance rate","Number","223","units","0","v53079620","26.15","61.78","","","","2"
"2014","Thunder Bay, Ontario [35595]","2021A003535595","Violent weighted clearance rate","Number","223","units","0","v53079620","26.15","75.88","","","","2"
"2015","Thunder Bay, Ontario [35595]","2021A003535595","Violent weighted clearance rate","Number","223","units","0","v53079620","26.15","63.99","","","","2"
"2016","Thunder Bay, Ontario [35595]","2021A003535595","Violent weighted clearance rate","Number","223","units","0","v53079620","26.15","70.12","","","","2"
"2017","Thunder Bay, Ontario [35595]","2021A003535595","Violent weighted clearance rate","Number","223","units","0","v53079620","26.15","65.84","","","","2"
"2018","Thunder Bay, Ontario [35595]","2021A003535595","Violent weighted clearance rate","Number","223","units","0","v53079620","26.15","58.09","","","","2"
"2019","Thunder Bay, Ontario [35595]","2021A003535595","Violent weighted clearance rate","Number","223","units","0","v53079620","26.15","67.04","","","","2"
"2020","Thunder Bay, Ontario [35595]","2021A003535595","Violent weighted clearance rate","Number","223","units","0","v53079620","26.15","71.47","","","","2"
"2021","Thunder Bay, Ontario [35595]","2021A003535595","Violent weighted clearance rate","Number","223","units","0","v53079620","26.15","69.44","","","","2"
"2010","Thunder Bay, Ontario [35595]","2021A003535595","Percent change in violent weighted clearance rate","Percent","239","units","0","v53079621","26.16","-5.61","","","","2"
"2011","Thunder Bay, Ontario [35595]","2021A003535595","Percent change in violent weighted clearance rate","Percent","239","units","0","v53079621","26.16","1.45","","","","2"
"2012","Thunder Bay, Ontario [35595]","2021A003535595","Percent change in violent weighted clearance rate","Percent","239","units","0","v53079621","26.16","4.92","","","","2"
"2013","Thunder Bay, Ontario [35595]","2021A003535595","Percent change in violent weighted clearance rate","Percent","239","units","0","v53079621","26.16","-10.55","","","","2"
"2014","Thunder Bay, Ontario [35595]","2021A003535595","Percent change in violent weighted clearance rate","Percent","239","units","0","v53079621","26.16","22.82","","","","2"
"2015","Thunder Bay, Ontario [35595]","2021A003535595","Percent change in violent weighted clearance rate","Percent","239","units","0","v53079621","26.16","-15.67","","","","2"
"2016","Thunder Bay, Ontario [35595]","2021A003535595","Percent change in violent weighted clearance rate","Percent","239","units","0","v53079621","26.16","9.58","","","","2"
"2017","Thunder Bay, Ontario [35595]","2021A003535595","Percent change in violent weighted clearance rate","Percent","239","units","0","v53079621","26.16","-6.10","","","","2"
"2018","Thunder Bay, Ontario [35595]","2021A003535595","Percent change in violent weighted clearance rate","Percent","239","units","0","v53079621","26.16","-11.77","","","","2"
"2019","Thunder Bay, Ontario [35595]","2021A003535595","Percent change in violent weighted clearance rate","Percent","239","units","0","v53079621","26.16","15.41","","","","2"
"2020","Thunder Bay, Ontario [35595]","2021A003535595","Percent change in violent weighted clearance rate","Percent","239","units","0","v53079621","26.16","6.61","","","","2"
"2021","Thunder Bay, Ontario [35595]","2021A003535595","Percent change in violent weighted clearance rate","Percent","239","units","0","v53079621","26.16","-2.84","","","","2"
"2010","Thunder Bay, Ontario [35595]","2021A003535595","Non-violent weighted clearance rate","Number","223","units","0","v53079622","26.17","34.55","","","","2"
"2011","Thunder Bay, Ontario [35595]","2021A003535595","Non-violent weighted clearance rate","Number","223","units","0","v53079622","26.17","32.83","","","","2"
"2012","Thunder Bay, Ontario [35595]","2021A003535595","Non-violent weighted clearance rate","Number","223","units","0","v53079622","26.17","35.41","","","","2"
"2013","Thunder Bay, Ontario [35595]","2021A003535595","Non-violent weighted clearance rate","Number","223","units","0","v53079622","26.17","32.97","","","","2"
"2014","Thunder Bay, Ontario [35595]","2021A003535595","Non-violent weighted clearance rate","Number","223","units","0","v53079622","26.17","34.87","","","","2"
"2015","Thunder Bay, Ontario [35595]","2021A003535595","Non-violent weighted clearance rate","Number","223","units","0","v53079622","26.17","34.94","","","","2"
"2016","Thunder Bay, Ontario [35595]","2021A003535595","Non-violent weighted clearance rate","Number","223","units","0","v53079622","26.17","34.29","","","","2"
"2017","Thunder Bay, Ontario [35595]","2021A003535595","Non-violent weighted clearance rate","Number","223","units","0","v53079622","26.17","35.19","","","","2"
"2018","Thunder Bay, Ontario [35595]","2021A003535595","Non-violent weighted clearance rate","Number","223","units","0","v53079622","26.17","30.44","","","","2"
"2019","Thunder Bay, Ontario [35595]","2021A003535595","Non-violent weighted clearance rate","Number","223","units","0","v53079622","26.17","32.81","","","","2"
"2020","Thunder Bay, Ontario [35595]","2021A003535595","Non-violent weighted clearance rate","Number","223","units","0","v53079622","26.17","44.34","","","","2"
"2021","Thunder Bay, Ontario [35595]","2021A003535595","Non-violent weighted clearance rate","Number","223","units","0","v53079622","26.17","41.79","","","","2"
"2010","Thunder Bay, Ontario [35595]","2021A003535595","Percent change in non-violent weighted clearance rate","Percent","239","units","0","v53079623","26.18","7.53","","","","2"
"2011","Thunder Bay, Ontario [35595]","2021A003535595","Percent change in non-violent weighted clearance rate","Percent","239","units","0","v53079623","26.18","-4.98","","","","2"
"2012","Thunder Bay, Ontario [35595]","2021A003535595","Percent change in non-violent weighted clearance rate","Percent","239","units","0","v53079623","26.18","7.86","","","","2"
"2013","Thunder Bay, Ontario [35595]","2021A003535595","Percent change in non-violent weighted clearance rate","Percent","239","units","0","v53079623","26.18","-6.89","","","","2"
"2014","Thunder Bay, Ontario [35595]","2021A003535595","Percent change in non-violent weighted clearance rate","Percent","239","units","0","v53079623","26.18","5.76","","","","2"
"2015","Thunder Bay, Ontario [35595]","2021A003535595","Percent change in non-violent weighted clearance rate","Percent","239","units","0","v53079623","26.18","0.20","","","","2"
"2016","Thunder Bay, Ontario [35595]","2021A003535595","Percent change in non-violent weighted clearance rate","Percent","239","units","0","v53079623","26.18","-1.86","","","","2"
"2017","Thunder Bay, Ontario [35595]","2021A003535595","Percent change in non-violent weighted clearance rate","Percent","239","units","0","v53079623","26.18","2.62","","","","2"
"2018","Thunder Bay, Ontario [35595]","2021A003535595","Percent change in non-violent weighted clearance rate","Percent","239","units","0","v53079623","26.18","-13.50","","","","2"
"2019","Thunder Bay, Ontario [35595]","2021A003535595","Percent change in non-violent weighted clearance rate","Percent","239","units","0","v53079623","26.18","7.79","","","","2"
"2020","Thunder Bay, Ontario [35595]","2021A003535595","Percent change in non-violent weighted clearance rate","Percent","239","units","0","v53079623","26.18","35.14","","","","2"
"2021","Thunder Bay, Ontario [35595]","2021A003535595","Percent change in non-violent weighted clearance rate","Percent","239","units","0","v53079623","26.18","-5.75","","","","2"


