﻿"REF_DATE","GEO","DGUID","Statistics","UOM","UOM_ID","SCALAR_FACTOR","SCALAR_ID","VECTOR","COORDINATE","VALUE","STATUS","SYMBOL","TERMINATED","DECIMALS"
"2010","Prince Edward Island [11]","2016A000211","Crime severity index","Index","160","units","0","v44312479","4.1","66.36","","","","2"
"2011","Prince Edward Island [11]","2016A000211","Crime severity index","Index","160","units","0","v44312479","4.1","67.26","","","","2"
"2012","Prince Edward Island [11]","2016A000211","Crime severity index","Index","160","units","0","v44312479","4.1","73.60","","","","2"
"2013","Prince Edward Island [11]","2016A000211","Crime severity index","Index","160","units","0","v44312479","4.1","65.31","","","","2"
"2014","Prince Edward Island [11]","2016A000211","Crime severity index","Index","160","units","0","v44312479","4.1","55.75","","","","2"
"2015","Prince Edward Island [11]","2016A000211","Crime severity index","Index","160","units","0","v44312479","4.1","50.63","","","","2"
"2016","Prince Edward Island [11]","2016A000211","Crime severity index","Index","160","units","0","v44312479","4.1","49.33","","","","2"
"2017","Prince Edward Island [11]","2016A000211","Crime severity index","Index","160","units","0","v44312479","4.1","45.89","","","","2"
"2018","Prince Edward Island [11]","2016A000211","Crime severity index","Index","160","units","0","v44312479","4.1","54.24","","","","2"
"2019","Prince Edward Island [11]","2016A000211","Crime severity index","Index","160","units","0","v44312479","4.1","64.27","","","","2"
"2020","Prince Edward Island [11]","2016A000211","Crime severity index","Index","160","units","0","v44312479","4.1","57.24","","","","2"
"2021","Prince Edward Island [11]","2016A000211","Crime severity index","Index","160","units","0","v44312479","4.1","56.95","","","","2"
"2010","Prince Edward Island [11]","2016A000211","Percent change in crime severity index","Percent","239","units","0","v44312480","4.2","0.02","","","","2"
"2011","Prince Edward Island [11]","2016A000211","Percent change in crime severity index","Percent","239","units","0","v44312480","4.2","1.36","","","","2"
"2012","Prince Edward Island [11]","2016A000211","Percent change in crime severity index","Percent","239","units","0","v44312480","4.2","9.43","","","","2"
"2013","Prince Edward Island [11]","2016A000211","Percent change in crime severity index","Percent","239","units","0","v44312480","4.2","-11.26","","","","2"
"2014","Prince Edward Island [11]","2016A000211","Percent change in crime severity index","Percent","239","units","0","v44312480","4.2","-14.64","","","","2"
"2015","Prince Edward Island [11]","2016A000211","Percent change in crime severity index","Percent","239","units","0","v44312480","4.2","-9.18","","","","2"
"2016","Prince Edward Island [11]","2016A000211","Percent change in crime severity index","Percent","239","units","0","v44312480","4.2","-2.57","","","","2"
"2017","Prince Edward Island [11]","2016A000211","Percent change in crime severity index","Percent","239","units","0","v44312480","4.2","-6.97","","","","2"
"2018","Prince Edward Island [11]","2016A000211","Percent change in crime severity index","Percent","239","units","0","v44312480","4.2","18.20","","","","2"
"2019","Prince Edward Island [11]","2016A000211","Percent change in crime severity index","Percent","239","units","0","v44312480","4.2","18.49","","","","2"
"2020","Prince Edward Island [11]","2016A000211","Percent change in crime severity index","Percent","239","units","0","v44312480","4.2","-10.94","","","","2"
"2021","Prince Edward Island [11]","2016A000211","Percent change in crime severity index","Percent","239","units","0","v44312480","4.2","-0.51","","","","2"
"2010","Prince Edward Island [11]","2016A000211","Violent crime severity index","Index","160","units","0","v44312481","4.3","41.90","","","","2"
"2011","Prince Edward Island [11]","2016A000211","Violent crime severity index","Index","160","units","0","v44312481","4.3","44.72","","","","2"
"2012","Prince Edward Island [11]","2016A000211","Violent crime severity index","Index","160","units","0","v44312481","4.3","45.70","","","","2"
"2013","Prince Edward Island [11]","2016A000211","Violent crime severity index","Index","160","units","0","v44312481","4.3","43.49","","","","2"
"2014","Prince Edward Island [11]","2016A000211","Violent crime severity index","Index","160","units","0","v44312481","4.3","48.17","","","","2"
"2015","Prince Edward Island [11]","2016A000211","Violent crime severity index","Index","160","units","0","v44312481","4.3","42.16","","","","2"
"2016","Prince Edward Island [11]","2016A000211","Violent crime severity index","Index","160","units","0","v44312481","4.3","36.85","","","","2"
"2017","Prince Edward Island [11]","2016A000211","Violent crime severity index","Index","160","units","0","v44312481","4.3","40.22","","","","2"
"2018","Prince Edward Island [11]","2016A000211","Violent crime severity index","Index","160","units","0","v44312481","4.3","49.05","","","","2"
"2019","Prince Edward Island [11]","2016A000211","Violent crime severity index","Index","160","units","0","v44312481","4.3","64.62","","","","2"
"2020","Prince Edward Island [11]","2016A000211","Violent crime severity index","Index","160","units","0","v44312481","4.3","56.39","","","","2"
"2021","Prince Edward Island [11]","2016A000211","Violent crime severity index","Index","160","units","0","v44312481","4.3","60.03","","","","2"
"2010","Prince Edward Island [11]","2016A000211","Percent change in violent crime severity index","Percent","239","units","0","v44312482","4.4","-6.41","","","","2"
"2011","Prince Edward Island [11]","2016A000211","Percent change in violent crime severity index","Percent","239","units","0","v44312482","4.4","6.73","","","","2"
"2012","Prince Edward Island [11]","2016A000211","Percent change in violent crime severity index","Percent","239","units","0","v44312482","4.4","2.19","","","","2"
"2013","Prince Edward Island [11]","2016A000211","Percent change in violent crime severity index","Percent","239","units","0","v44312482","4.4","-4.84","","","","2"
"2014","Prince Edward Island [11]","2016A000211","Percent change in violent crime severity index","Percent","239","units","0","v44312482","4.4","10.76","","","","2"
"2015","Prince Edward Island [11]","2016A000211","Percent change in violent crime severity index","Percent","239","units","0","v44312482","4.4","-12.48","","","","2"
"2016","Prince Edward Island [11]","2016A000211","Percent change in violent crime severity index","Percent","239","units","0","v44312482","4.4","-12.59","","","","2"
"2017","Prince Edward Island [11]","2016A000211","Percent change in violent crime severity index","Percent","239","units","0","v44312482","4.4","9.15","","","","2"
"2018","Prince Edward Island [11]","2016A000211","Percent change in violent crime severity index","Percent","239","units","0","v44312482","4.4","21.95","","","","2"
"2019","Prince Edward Island [11]","2016A000211","Percent change in violent crime severity index","Percent","239","units","0","v44312482","4.4","31.74","","","","2"
"2020","Prince Edward Island [11]","2016A000211","Percent change in violent crime severity index","Percent","239","units","0","v44312482","4.4","-12.74","","","","2"
"2021","Prince Edward Island [11]","2016A000211","Percent change in violent crime severity index","Percent","239","units","0","v44312482","4.4","6.46","","","","2"
"2010","Prince Edward Island [11]","2016A000211","Non-violent crime severity index","Index","160","units","0","v44312483","4.5","75.76","","","","2"
"2011","Prince Edward Island [11]","2016A000211","Non-violent crime severity index","Index","160","units","0","v44312483","4.5","75.32","","","","2"
"2012","Prince Edward Island [11]","2016A000211","Non-violent crime severity index","Index","160","units","0","v44312483","4.5","83.60","","","","2"
"2013","Prince Edward Island [11]","2016A000211","Non-violent crime severity index","Index","160","units","0","v44312483","4.5","73.11","","","","2"
"2014","Prince Edward Island [11]","2016A000211","Non-violent crime severity index","Index","160","units","0","v44312483","4.5","58.39","","","","2"
"2015","Prince Edward Island [11]","2016A000211","Non-violent crime severity index","Index","160","units","0","v44312483","4.5","53.61","","","","2"
"2016","Prince Edward Island [11]","2016A000211","Non-violent crime severity index","Index","160","units","0","v44312483","4.5","53.71","","","","2"
"2017","Prince Edward Island [11]","2016A000211","Non-violent crime severity index","Index","160","units","0","v44312483","4.5","47.82","","","","2"
"2018","Prince Edward Island [11]","2016A000211","Non-violent crime severity index","Index","160","units","0","v44312483","4.5","55.98","","","","2"
"2019","Prince Edward Island [11]","2016A000211","Non-violent crime severity index","Index","160","units","0","v44312483","4.5","63.99","","","","2"
"2020","Prince Edward Island [11]","2016A000211","Non-violent crime severity index","Index","160","units","0","v44312483","4.5","57.41","","","","2"
"2021","Prince Edward Island [11]","2016A000211","Non-violent crime severity index","Index","160","units","0","v44312483","4.5","55.71","","","","2"
"2010","Prince Edward Island [11]","2016A000211","Percent change in non-violent crime severity index","Percent","239","units","0","v44312484","4.6","1.50","","","","2"
"2011","Prince Edward Island [11]","2016A000211","Percent change in non-violent crime severity index","Percent","239","units","0","v44312484","4.6","-0.58","","","","2"
"2012","Prince Edward Island [11]","2016A000211","Percent change in non-violent crime severity index","Percent","239","units","0","v44312484","4.6","10.99","","","","2"
"2013","Prince Edward Island [11]","2016A000211","Percent change in non-violent crime severity index","Percent","239","units","0","v44312484","4.6","-12.55","","","","2"
"2014","Prince Edward Island [11]","2016A000211","Percent change in non-violent crime severity index","Percent","239","units","0","v44312484","4.6","-20.13","","","","2"
"2015","Prince Edward Island [11]","2016A000211","Percent change in non-violent crime severity index","Percent","239","units","0","v44312484","4.6","-8.19","","","","2"
"2016","Prince Edward Island [11]","2016A000211","Percent change in non-violent crime severity index","Percent","239","units","0","v44312484","4.6","0.19","","","","2"
"2017","Prince Edward Island [11]","2016A000211","Percent change in non-violent crime severity index","Percent","239","units","0","v44312484","4.6","-10.97","","","","2"
"2018","Prince Edward Island [11]","2016A000211","Percent change in non-violent crime severity index","Percent","239","units","0","v44312484","4.6","17.06","","","","2"
"2019","Prince Edward Island [11]","2016A000211","Percent change in non-violent crime severity index","Percent","239","units","0","v44312484","4.6","14.31","","","","2"
"2020","Prince Edward Island [11]","2016A000211","Percent change in non-violent crime severity index","Percent","239","units","0","v44312484","4.6","-10.28","","","","2"
"2021","Prince Edward Island [11]","2016A000211","Percent change in non-violent crime severity index","Percent","239","units","0","v44312484","4.6","-2.96","","","","2"
"2010","Prince Edward Island [11]","2016A000211","Youth crime severity index","Index","160","units","0","v53079773","4.7","68.49","","","","2"
"2011","Prince Edward Island [11]","2016A000211","Youth crime severity index","Index","160","units","0","v53079773","4.7","63.64","","","","2"
"2012","Prince Edward Island [11]","2016A000211","Youth crime severity index","Index","160","units","0","v53079773","4.7","70.85","","","","2"
"2013","Prince Edward Island [11]","2016A000211","Youth crime severity index","Index","160","units","0","v53079773","4.7","62.00","","","","2"
"2014","Prince Edward Island [11]","2016A000211","Youth crime severity index","Index","160","units","0","v53079773","4.7","55.27","","","","2"
"2015","Prince Edward Island [11]","2016A000211","Youth crime severity index","Index","160","units","0","v53079773","4.7","34.64","","","","2"
"2016","Prince Edward Island [11]","2016A000211","Youth crime severity index","Index","160","units","0","v53079773","4.7","31.40","","","","2"
"2017","Prince Edward Island [11]","2016A000211","Youth crime severity index","Index","160","units","0","v53079773","4.7","29.24","","","","2"
"2018","Prince Edward Island [11]","2016A000211","Youth crime severity index","Index","160","units","0","v53079773","4.7","30.20","","","","2"
"2019","Prince Edward Island [11]","2016A000211","Youth crime severity index","Index","160","units","0","v53079773","4.7","31.27","","","","2"
"2020","Prince Edward Island [11]","2016A000211","Youth crime severity index","Index","160","units","0","v53079773","4.7","19.10","","","","2"
"2021","Prince Edward Island [11]","2016A000211","Youth crime severity index","Index","160","units","0","v53079773","4.7","22.61","","","","2"
"2010","Prince Edward Island [11]","2016A000211","Percent change in youth crime severity index","Percent","239","units","0","v53079774","4.8","-8.03","","","","2"
"2011","Prince Edward Island [11]","2016A000211","Percent change in youth crime severity index","Percent","239","units","0","v53079774","4.8","-7.08","","","","2"
"2012","Prince Edward Island [11]","2016A000211","Percent change in youth crime severity index","Percent","239","units","0","v53079774","4.8","11.33","","","","2"
"2013","Prince Edward Island [11]","2016A000211","Percent change in youth crime severity index","Percent","239","units","0","v53079774","4.8","-12.49","","","","2"
"2014","Prince Edward Island [11]","2016A000211","Percent change in youth crime severity index","Percent","239","units","0","v53079774","4.8","-10.85","","","","2"
"2015","Prince Edward Island [11]","2016A000211","Percent change in youth crime severity index","Percent","239","units","0","v53079774","4.8","-37.33","","","","2"
"2016","Prince Edward Island [11]","2016A000211","Percent change in youth crime severity index","Percent","239","units","0","v53079774","4.8","-9.35","","","","2"
"2017","Prince Edward Island [11]","2016A000211","Percent change in youth crime severity index","Percent","239","units","0","v53079774","4.8","-6.88","","","","2"
"2018","Prince Edward Island [11]","2016A000211","Percent change in youth crime severity index","Percent","239","units","0","v53079774","4.8","3.28","","","","2"
"2019","Prince Edward Island [11]","2016A000211","Percent change in youth crime severity index","Percent","239","units","0","v53079774","4.8","3.54","","","","2"
"2020","Prince Edward Island [11]","2016A000211","Percent change in youth crime severity index","Percent","239","units","0","v53079774","4.8","-38.92","","","","2"
"2021","Prince Edward Island [11]","2016A000211","Percent change in youth crime severity index","Percent","239","units","0","v53079774","4.8","18.38","","","","2"
"2010","Prince Edward Island [11]","2016A000211","Youth violent crime severity index","Index","160","units","0","v53079775","4.9","39.97","","","","2"
"2011","Prince Edward Island [11]","2016A000211","Youth violent crime severity index","Index","160","units","0","v53079775","4.9","31.95","","","","2"
"2012","Prince Edward Island [11]","2016A000211","Youth violent crime severity index","Index","160","units","0","v53079775","4.9","59.87","","","","2"
"2013","Prince Edward Island [11]","2016A000211","Youth violent crime severity index","Index","160","units","0","v53079775","4.9","37.52","","","","2"
"2014","Prince Edward Island [11]","2016A000211","Youth violent crime severity index","Index","160","units","0","v53079775","4.9","70.38","","","","2"
"2015","Prince Edward Island [11]","2016A000211","Youth violent crime severity index","Index","160","units","0","v53079775","4.9","30.44","","","","2"
"2016","Prince Edward Island [11]","2016A000211","Youth violent crime severity index","Index","160","units","0","v53079775","4.9","27.16","","","","2"
"2017","Prince Edward Island [11]","2016A000211","Youth violent crime severity index","Index","160","units","0","v53079775","4.9","30.75","","","","2"
"2018","Prince Edward Island [11]","2016A000211","Youth violent crime severity index","Index","160","units","0","v53079775","4.9","34.87","","","","2"
"2019","Prince Edward Island [11]","2016A000211","Youth violent crime severity index","Index","160","units","0","v53079775","4.9","32.33","","","","2"
"2020","Prince Edward Island [11]","2016A000211","Youth violent crime severity index","Index","160","units","0","v53079775","4.9","22.65","","","","2"
"2021","Prince Edward Island [11]","2016A000211","Youth violent crime severity index","Index","160","units","0","v53079775","4.9","29.67","","","","2"
"2010","Prince Edward Island [11]","2016A000211","Percent change in youth violent crime severity index","Percent","239","units","0","v53079922","4.10","-21.98","","","","2"
"2011","Prince Edward Island [11]","2016A000211","Percent change in youth violent crime severity index","Percent","239","units","0","v53079922","4.10","-20.07","","","","2"
"2012","Prince Edward Island [11]","2016A000211","Percent change in youth violent crime severity index","Percent","239","units","0","v53079922","4.10","87.39","","","","2"
"2013","Prince Edward Island [11]","2016A000211","Percent change in youth violent crime severity index","Percent","239","units","0","v53079922","4.10","-37.33","","","","2"
"2014","Prince Edward Island [11]","2016A000211","Percent change in youth violent crime severity index","Percent","239","units","0","v53079922","4.10","87.58","","","","2"
"2015","Prince Edward Island [11]","2016A000211","Percent change in youth violent crime severity index","Percent","239","units","0","v53079922","4.10","-56.75","","","","2"
"2016","Prince Edward Island [11]","2016A000211","Percent change in youth violent crime severity index","Percent","239","units","0","v53079922","4.10","-10.78","","","","2"
"2017","Prince Edward Island [11]","2016A000211","Percent change in youth violent crime severity index","Percent","239","units","0","v53079922","4.10","13.22","","","","2"
"2018","Prince Edward Island [11]","2016A000211","Percent change in youth violent crime severity index","Percent","239","units","0","v53079922","4.10","13.40","","","","2"
"2019","Prince Edward Island [11]","2016A000211","Percent change in youth violent crime severity index","Percent","239","units","0","v53079922","4.10","-7.28","","","","2"
"2020","Prince Edward Island [11]","2016A000211","Percent change in youth violent crime severity index","Percent","239","units","0","v53079922","4.10","-29.94","","","","2"
"2021","Prince Edward Island [11]","2016A000211","Percent change in youth violent crime severity index","Percent","239","units","0","v53079922","4.10","30.99","","","","2"
"2010","Prince Edward Island [11]","2016A000211","Youth non-violent crime severity index","Index","160","units","0","v53079765","4.11","90.22","","","","2"
"2011","Prince Edward Island [11]","2016A000211","Youth non-violent crime severity index","Index","160","units","0","v53079765","4.11","85.81","","","","2"
"2012","Prince Edward Island [11]","2016A000211","Youth non-violent crime severity index","Index","160","units","0","v53079765","4.11","78.31","","","","2"
"2013","Prince Edward Island [11]","2016A000211","Youth non-violent crime severity index","Index","160","units","0","v53079765","4.11","79.07","","","","2"
"2014","Prince Edward Island [11]","2016A000211","Youth non-violent crime severity index","Index","160","units","0","v53079765","4.11","44.32","","","","2"
"2015","Prince Edward Island [11]","2016A000211","Youth non-violent crime severity index","Index","160","units","0","v53079765","4.11","37.47","","","","2"
"2016","Prince Edward Island [11]","2016A000211","Youth non-violent crime severity index","Index","160","units","0","v53079765","4.11","34.00","","","","2"
"2017","Prince Edward Island [11]","2016A000211","Youth non-violent crime severity index","Index","160","units","0","v53079765","4.11","27.93","","","","2"
"2018","Prince Edward Island [11]","2016A000211","Youth non-violent crime severity index","Index","160","units","0","v53079765","4.11","26.73","","","","2"
"2019","Prince Edward Island [11]","2016A000211","Youth non-violent crime severity index","Index","160","units","0","v53079765","4.11","30.26","","","","2"
"2020","Prince Edward Island [11]","2016A000211","Youth non-violent crime severity index","Index","160","units","0","v53079765","4.11","16.50","","","","2"
"2021","Prince Edward Island [11]","2016A000211","Youth non-violent crime severity index","Index","160","units","0","v53079765","4.11","17.58","","","","2"
"2010","Prince Edward Island [11]","2016A000211","Percent change in youth non-violent crime severity index","Percent","239","units","0","v53079766","4.12","-2.13","","","","2"
"2011","Prince Edward Island [11]","2016A000211","Percent change in youth non-violent crime severity index","Percent","239","units","0","v53079766","4.12","-4.89","","","","2"
"2012","Prince Edward Island [11]","2016A000211","Percent change in youth non-violent crime severity index","Percent","239","units","0","v53079766","4.12","-8.74","","","","2"
"2013","Prince Edward Island [11]","2016A000211","Percent change in youth non-violent crime severity index","Percent","239","units","0","v53079766","4.12","0.97","","","","2"
"2014","Prince Edward Island [11]","2016A000211","Percent change in youth non-violent crime severity index","Percent","239","units","0","v53079766","4.12","-43.95","","","","2"
"2015","Prince Edward Island [11]","2016A000211","Percent change in youth non-violent crime severity index","Percent","239","units","0","v53079766","4.12","-15.46","","","","2"
"2016","Prince Edward Island [11]","2016A000211","Percent change in youth non-violent crime severity index","Percent","239","units","0","v53079766","4.12","-9.26","","","","2"
"2017","Prince Edward Island [11]","2016A000211","Percent change in youth non-violent crime severity index","Percent","239","units","0","v53079766","4.12","-17.85","","","","2"
"2018","Prince Edward Island [11]","2016A000211","Percent change in youth non-violent crime severity index","Percent","239","units","0","v53079766","4.12","-4.30","","","","2"
"2019","Prince Edward Island [11]","2016A000211","Percent change in youth non-violent crime severity index","Percent","239","units","0","v53079766","4.12","13.21","","","","2"
"2020","Prince Edward Island [11]","2016A000211","Percent change in youth non-violent crime severity index","Percent","239","units","0","v53079766","4.12","-45.47","","","","2"
"2021","Prince Edward Island [11]","2016A000211","Percent change in youth non-violent crime severity index","Percent","239","units","0","v53079766","4.12","6.55","","","","2"
"2010","Prince Edward Island [11]","2016A000211","Weighted clearance rate","Number","223","units","0","v53079767","4.13","38.57","","","","2"
"2011","Prince Edward Island [11]","2016A000211","Weighted clearance rate","Number","223","units","0","v53079767","4.13","33.62","","","","2"
"2012","Prince Edward Island [11]","2016A000211","Weighted clearance rate","Number","223","units","0","v53079767","4.13","33.03","","","","2"
"2013","Prince Edward Island [11]","2016A000211","Weighted clearance rate","Number","223","units","0","v53079767","4.13","33.56","","","","2"
"2014","Prince Edward Island [11]","2016A000211","Weighted clearance rate","Number","223","units","0","v53079767","4.13","37.48","","","","2"
"2015","Prince Edward Island [11]","2016A000211","Weighted clearance rate","Number","223","units","0","v53079767","4.13","34.82","","","","2"
"2016","Prince Edward Island [11]","2016A000211","Weighted clearance rate","Number","223","units","0","v53079767","4.13","32.27","","","","2"
"2017","Prince Edward Island [11]","2016A000211","Weighted clearance rate","Number","223","units","0","v53079767","4.13","36.58","","","","2"
"2018","Prince Edward Island [11]","2016A000211","Weighted clearance rate","Number","223","units","0","v53079767","4.13","35.67","","","","2"
"2019","Prince Edward Island [11]","2016A000211","Weighted clearance rate","Number","223","units","0","v53079767","4.13","31.57","","","","2"
"2020","Prince Edward Island [11]","2016A000211","Weighted clearance rate","Number","223","units","0","v53079767","4.13","29.37","","","","2"
"2021","Prince Edward Island [11]","2016A000211","Weighted clearance rate","Number","223","units","0","v53079767","4.13","26.17","","","","2"
"2010","Prince Edward Island [11]","2016A000211","Percent change in weighted clearance rate","Percent","239","units","0","v53079768","4.14","7.44","","","","2"
"2011","Prince Edward Island [11]","2016A000211","Percent change in weighted clearance rate","Percent","239","units","0","v53079768","4.14","-12.83","","","","2"
"2012","Prince Edward Island [11]","2016A000211","Percent change in weighted clearance rate","Percent","239","units","0","v53079768","4.14","-1.75","","","","2"
"2013","Prince Edward Island [11]","2016A000211","Percent change in weighted clearance rate","Percent","239","units","0","v53079768","4.14","1.60","","","","2"
"2014","Prince Edward Island [11]","2016A000211","Percent change in weighted clearance rate","Percent","239","units","0","v53079768","4.14","11.68","","","","2"
"2015","Prince Edward Island [11]","2016A000211","Percent change in weighted clearance rate","Percent","239","units","0","v53079768","4.14","-7.10","","","","2"
"2016","Prince Edward Island [11]","2016A000211","Percent change in weighted clearance rate","Percent","239","units","0","v53079768","4.14","-7.32","","","","2"
"2017","Prince Edward Island [11]","2016A000211","Percent change in weighted clearance rate","Percent","239","units","0","v53079768","4.14","13.36","","","","2"
"2018","Prince Edward Island [11]","2016A000211","Percent change in weighted clearance rate","Percent","239","units","0","v53079768","4.14","-2.49","","","","2"
"2019","Prince Edward Island [11]","2016A000211","Percent change in weighted clearance rate","Percent","239","units","0","v53079768","4.14","-11.49","","","","2"
"2020","Prince Edward Island [11]","2016A000211","Percent change in weighted clearance rate","Percent","239","units","0","v53079768","4.14","-6.97","","","","2"
"2021","Prince Edward Island [11]","2016A000211","Percent change in weighted clearance rate","Percent","239","units","0","v53079768","4.14","-10.90","","","","2"
"2010","Prince Edward Island [11]","2016A000211","Violent weighted clearance rate","Number","223","units","0","v53079769","4.15","75.95","","","","2"
"2011","Prince Edward Island [11]","2016A000211","Violent weighted clearance rate","Number","223","units","0","v53079769","4.15","65.25","","","","2"
"2012","Prince Edward Island [11]","2016A000211","Violent weighted clearance rate","Number","223","units","0","v53079769","4.15","70.74","","","","2"
"2013","Prince Edward Island [11]","2016A000211","Violent weighted clearance rate","Number","223","units","0","v53079769","4.15","67.68","","","","2"
"2014","Prince Edward Island [11]","2016A000211","Violent weighted clearance rate","Number","223","units","0","v53079769","4.15","73.16","","","","2"
"2015","Prince Edward Island [11]","2016A000211","Violent weighted clearance rate","Number","223","units","0","v53079769","4.15","73.69","","","","2"
"2016","Prince Edward Island [11]","2016A000211","Violent weighted clearance rate","Number","223","units","0","v53079769","4.15","66.01","","","","2"
"2017","Prince Edward Island [11]","2016A000211","Violent weighted clearance rate","Number","223","units","0","v53079769","4.15","68.76","","","","2"
"2018","Prince Edward Island [11]","2016A000211","Violent weighted clearance rate","Number","223","units","0","v53079769","4.15","61.76","","","","2"
"2019","Prince Edward Island [11]","2016A000211","Violent weighted clearance rate","Number","223","units","0","v53079769","4.15","49.97","","","","2"
"2020","Prince Edward Island [11]","2016A000211","Violent weighted clearance rate","Number","223","units","0","v53079769","4.15","44.89","","","","2"
"2021","Prince Edward Island [11]","2016A000211","Violent weighted clearance rate","Number","223","units","0","v53079769","4.15","42.95","","","","2"
"2010","Prince Edward Island [11]","2016A000211","Percent change in violent weighted clearance rate","Percent","239","units","0","v53079770","4.16","6.72","","","","2"
"2011","Prince Edward Island [11]","2016A000211","Percent change in violent weighted clearance rate","Percent","239","units","0","v53079770","4.16","-14.09","","","","2"
"2012","Prince Edward Island [11]","2016A000211","Percent change in violent weighted clearance rate","Percent","239","units","0","v53079770","4.16","8.41","","","","2"
"2013","Prince Edward Island [11]","2016A000211","Percent change in violent weighted clearance rate","Percent","239","units","0","v53079770","4.16","-4.33","","","","2"
"2014","Prince Edward Island [11]","2016A000211","Percent change in violent weighted clearance rate","Percent","239","units","0","v53079770","4.16","8.10","","","","2"
"2015","Prince Edward Island [11]","2016A000211","Percent change in violent weighted clearance rate","Percent","239","units","0","v53079770","4.16","0.72","","","","2"
"2016","Prince Edward Island [11]","2016A000211","Percent change in violent weighted clearance rate","Percent","239","units","0","v53079770","4.16","-10.42","","","","2"
"2017","Prince Edward Island [11]","2016A000211","Percent change in violent weighted clearance rate","Percent","239","units","0","v53079770","4.16","4.17","","","","2"
"2018","Prince Edward Island [11]","2016A000211","Percent change in violent weighted clearance rate","Percent","239","units","0","v53079770","4.16","-10.18","","","","2"
"2019","Prince Edward Island [11]","2016A000211","Percent change in violent weighted clearance rate","Percent","239","units","0","v53079770","4.16","-19.09","","","","2"
"2020","Prince Edward Island [11]","2016A000211","Percent change in violent weighted clearance rate","Percent","239","units","0","v53079770","4.16","-10.17","","","","2"
"2021","Prince Edward Island [11]","2016A000211","Percent change in violent weighted clearance rate","Percent","239","units","0","v53079770","4.16","-4.32","","","","2"
"2010","Prince Edward Island [11]","2016A000211","Non-violent weighted clearance rate","Number","223","units","0","v53079771","4.17","30.62","","","","2"
"2011","Prince Edward Island [11]","2016A000211","Non-violent weighted clearance rate","Number","223","units","0","v53079771","4.17","26.78","","","","2"
"2012","Prince Edward Island [11]","2016A000211","Non-violent weighted clearance rate","Number","223","units","0","v53079771","4.17","25.53","","","","2"
"2013","Prince Edward Island [11]","2016A000211","Non-violent weighted clearance rate","Number","223","units","0","v53079771","4.17","26.17","","","","2"
"2014","Prince Edward Island [11]","2016A000211","Non-violent weighted clearance rate","Number","223","units","0","v53079771","4.17","26.77","","","","2"
"2015","Prince Edward Island [11]","2016A000211","Non-violent weighted clearance rate","Number","223","units","0","v53079771","4.17","23.70","","","","2"
"2016","Prince Edward Island [11]","2016A000211","Non-violent weighted clearance rate","Number","223","units","0","v53079771","4.17","23.94","","","","2"
"2017","Prince Edward Island [11]","2016A000211","Non-violent weighted clearance rate","Number","223","units","0","v53079771","4.17","26.84","","","","2"
"2018","Prince Edward Island [11]","2016A000211","Non-violent weighted clearance rate","Number","223","units","0","v53079771","4.17","27.45","","","","2"
"2019","Prince Edward Island [11]","2016A000211","Non-violent weighted clearance rate","Number","223","units","0","v53079771","4.17","24.89","","","","2"
"2020","Prince Edward Island [11]","2016A000211","Non-violent weighted clearance rate","Number","223","units","0","v53079771","4.17","23.89","","","","2"
"2021","Prince Edward Island [11]","2016A000211","Non-violent weighted clearance rate","Number","223","units","0","v53079771","4.17","19.67","","","","2"
"2010","Prince Edward Island [11]","2016A000211","Percent change in non-violent weighted clearance rate","Percent","239","units","0","v53079772","4.18","10.26","","","","2"
"2011","Prince Edward Island [11]","2016A000211","Percent change in non-violent weighted clearance rate","Percent","239","units","0","v53079772","4.18","-12.54","","","","2"
"2012","Prince Edward Island [11]","2016A000211","Percent change in non-violent weighted clearance rate","Percent","239","units","0","v53079772","4.18","-4.67","","","","2"
"2013","Prince Edward Island [11]","2016A000211","Percent change in non-violent weighted clearance rate","Percent","239","units","0","v53079772","4.18","2.51","","","","2"
"2014","Prince Edward Island [11]","2016A000211","Percent change in non-violent weighted clearance rate","Percent","239","units","0","v53079772","4.18","2.29","","","","2"
"2015","Prince Edward Island [11]","2016A000211","Percent change in non-violent weighted clearance rate","Percent","239","units","0","v53079772","4.18","-11.47","","","","2"
"2016","Prince Edward Island [11]","2016A000211","Percent change in non-violent weighted clearance rate","Percent","239","units","0","v53079772","4.18","1.01","","","","2"
"2017","Prince Edward Island [11]","2016A000211","Percent change in non-violent weighted clearance rate","Percent","239","units","0","v53079772","4.18","12.11","","","","2"
"2018","Prince Edward Island [11]","2016A000211","Percent change in non-violent weighted clearance rate","Percent","239","units","0","v53079772","4.18","2.27","","","","2"
"2019","Prince Edward Island [11]","2016A000211","Percent change in non-violent weighted clearance rate","Percent","239","units","0","v53079772","4.18","-9.33","","","","2"
"2020","Prince Edward Island [11]","2016A000211","Percent change in non-violent weighted clearance rate","Percent","239","units","0","v53079772","4.18","-4.02","","","","2"
"2021","Prince Edward Island [11]","2016A000211","Percent change in non-violent weighted clearance rate","Percent","239","units","0","v53079772","4.18","-17.66","","","","2"


