﻿"REF_DATE","GEO","DGUID","Statistics","UOM","UOM_ID","SCALAR_FACTOR","SCALAR_ID","VECTOR","COORDINATE","VALUE","STATUS","SYMBOL","TERMINATED","DECIMALS"
"2010","Vancouver, British Columbia [59933]","2021A003559933","Crime severity index","Index","160","units","0","v44312677","37.1","103.23","","","","2"
"2011","Vancouver, British Columbia [59933]","2021A003559933","Crime severity index","Index","160","units","0","v44312677","37.1","95.79","","","","2"
"2012","Vancouver, British Columbia [59933]","2021A003559933","Crime severity index","Index","160","units","0","v44312677","37.1","94.44","","","","2"
"2013","Vancouver, British Columbia [59933]","2021A003559933","Crime severity index","Index","160","units","0","v44312677","37.1","89.12","","","","2"
"2014","Vancouver, British Columbia [59933]","2021A003559933","Crime severity index","Index","160","units","0","v44312677","37.1","94.27","","","","2"
"2015","Vancouver, British Columbia [59933]","2021A003559933","Crime severity index","Index","160","units","0","v44312677","37.1","94.33","","","","2"
"2016","Vancouver, British Columbia [59933]","2021A003559933","Crime severity index","Index","160","units","0","v44312677","37.1","92.83","","","","2"
"2017","Vancouver, British Columbia [59933]","2021A003559933","Crime severity index","Index","160","units","0","v44312677","37.1","86.77","","","","2"
"2018","Vancouver, British Columbia [59933]","2021A003559933","Crime severity index","Index","160","units","0","v44312677","37.1","85.65","","","","2"
"2019","Vancouver, British Columbia [59933]","2021A003559933","Crime severity index","Index","160","units","0","v44312677","37.1","95.43","","","","2"
"2020","Vancouver, British Columbia [59933]","2021A003559933","Crime severity index","Index","160","units","0","v44312677","37.1","88.65","","","","2"
"2021","Vancouver, British Columbia [59933]","2021A003559933","Crime severity index","Index","160","units","0","v44312677","37.1","81.64","","","","2"
"2010","Vancouver, British Columbia [59933]","2021A003559933","Percent change in crime severity index","Percent","239","units","0","v44312678","37.2","-7.49","","","","2"
"2011","Vancouver, British Columbia [59933]","2021A003559933","Percent change in crime severity index","Percent","239","units","0","v44312678","37.2","-7.21","","","","2"
"2012","Vancouver, British Columbia [59933]","2021A003559933","Percent change in crime severity index","Percent","239","units","0","v44312678","37.2","-1.41","","","","2"
"2013","Vancouver, British Columbia [59933]","2021A003559933","Percent change in crime severity index","Percent","239","units","0","v44312678","37.2","-5.63","","","","2"
"2014","Vancouver, British Columbia [59933]","2021A003559933","Percent change in crime severity index","Percent","239","units","0","v44312678","37.2","5.78","","","","2"
"2015","Vancouver, British Columbia [59933]","2021A003559933","Percent change in crime severity index","Percent","239","units","0","v44312678","37.2","0.06","","","","2"
"2016","Vancouver, British Columbia [59933]","2021A003559933","Percent change in crime severity index","Percent","239","units","0","v44312678","37.2","-1.59","","","","2"
"2017","Vancouver, British Columbia [59933]","2021A003559933","Percent change in crime severity index","Percent","239","units","0","v44312678","37.2","-6.53","","","","2"
"2018","Vancouver, British Columbia [59933]","2021A003559933","Percent change in crime severity index","Percent","239","units","0","v44312678","37.2","-1.29","","","","2"
"2019","Vancouver, British Columbia [59933]","2021A003559933","Percent change in crime severity index","Percent","239","units","0","v44312678","37.2","11.42","","","","2"
"2020","Vancouver, British Columbia [59933]","2021A003559933","Percent change in crime severity index","Percent","239","units","0","v44312678","37.2","-7.10","","","","2"
"2021","Vancouver, British Columbia [59933]","2021A003559933","Percent change in crime severity index","Percent","239","units","0","v44312678","37.2","-7.91","","","","2"
"2010","Vancouver, British Columbia [59933]","2021A003559933","Violent crime severity index","Index","160","units","0","v44312679","37.3","110.51","","","","2"
"2011","Vancouver, British Columbia [59933]","2021A003559933","Violent crime severity index","Index","160","units","0","v44312679","37.3","97.55","","","","2"
"2012","Vancouver, British Columbia [59933]","2021A003559933","Violent crime severity index","Index","160","units","0","v44312679","37.3","94.34","","","","2"
"2013","Vancouver, British Columbia [59933]","2021A003559933","Violent crime severity index","Index","160","units","0","v44312679","37.3","81.87","","","","2"
"2014","Vancouver, British Columbia [59933]","2021A003559933","Violent crime severity index","Index","160","units","0","v44312679","37.3","77.57","","","","2"
"2015","Vancouver, British Columbia [59933]","2021A003559933","Violent crime severity index","Index","160","units","0","v44312679","37.3","83.83","","","","2"
"2016","Vancouver, British Columbia [59933]","2021A003559933","Violent crime severity index","Index","160","units","0","v44312679","37.3","71.08","","","","2"
"2017","Vancouver, British Columbia [59933]","2021A003559933","Violent crime severity index","Index","160","units","0","v44312679","37.3","69.59","","","","2"
"2018","Vancouver, British Columbia [59933]","2021A003559933","Violent crime severity index","Index","160","units","0","v44312679","37.3","69.18","","","","2"
"2019","Vancouver, British Columbia [59933]","2021A003559933","Violent crime severity index","Index","160","units","0","v44312679","37.3","80.79","","","","2"
"2020","Vancouver, British Columbia [59933]","2021A003559933","Violent crime severity index","Index","160","units","0","v44312679","37.3","77.43","","","","2"
"2021","Vancouver, British Columbia [59933]","2021A003559933","Violent crime severity index","Index","160","units","0","v44312679","37.3","79.00","","","","2"
"2010","Vancouver, British Columbia [59933]","2021A003559933","Percent change in violent crime severity index","Percent","239","units","0","v44312680","37.4","-9.46","","","","2"
"2011","Vancouver, British Columbia [59933]","2021A003559933","Percent change in violent crime severity index","Percent","239","units","0","v44312680","37.4","-11.73","","","","2"
"2012","Vancouver, British Columbia [59933]","2021A003559933","Percent change in violent crime severity index","Percent","239","units","0","v44312680","37.4","-3.29","","","","2"
"2013","Vancouver, British Columbia [59933]","2021A003559933","Percent change in violent crime severity index","Percent","239","units","0","v44312680","37.4","-13.22","","","","2"
"2014","Vancouver, British Columbia [59933]","2021A003559933","Percent change in violent crime severity index","Percent","239","units","0","v44312680","37.4","-5.25","","","","2"
"2015","Vancouver, British Columbia [59933]","2021A003559933","Percent change in violent crime severity index","Percent","239","units","0","v44312680","37.4","8.07","","","","2"
"2016","Vancouver, British Columbia [59933]","2021A003559933","Percent change in violent crime severity index","Percent","239","units","0","v44312680","37.4","-15.21","","","","2"
"2017","Vancouver, British Columbia [59933]","2021A003559933","Percent change in violent crime severity index","Percent","239","units","0","v44312680","37.4","-2.10","","","","2"
"2018","Vancouver, British Columbia [59933]","2021A003559933","Percent change in violent crime severity index","Percent","239","units","0","v44312680","37.4","-0.59","","","","2"
"2019","Vancouver, British Columbia [59933]","2021A003559933","Percent change in violent crime severity index","Percent","239","units","0","v44312680","37.4","16.78","","","","2"
"2020","Vancouver, British Columbia [59933]","2021A003559933","Percent change in violent crime severity index","Percent","239","units","0","v44312680","37.4","-4.16","","","","2"
"2021","Vancouver, British Columbia [59933]","2021A003559933","Percent change in violent crime severity index","Percent","239","units","0","v44312680","37.4","2.03","","","","2"
"2010","Vancouver, British Columbia [59933]","2021A003559933","Non-violent crime severity index","Index","160","units","0","v44312681","37.5","100.43","","","","2"
"2011","Vancouver, British Columbia [59933]","2021A003559933","Non-violent crime severity index","Index","160","units","0","v44312681","37.5","94.96","","","","2"
"2012","Vancouver, British Columbia [59933]","2021A003559933","Non-violent crime severity index","Index","160","units","0","v44312681","37.5","94.28","","","","2"
"2013","Vancouver, British Columbia [59933]","2021A003559933","Non-violent crime severity index","Index","160","units","0","v44312681","37.5","91.58","","","","2"
"2014","Vancouver, British Columbia [59933]","2021A003559933","Non-violent crime severity index","Index","160","units","0","v44312681","37.5","100.15","","","","2"
"2015","Vancouver, British Columbia [59933]","2021A003559933","Non-violent crime severity index","Index","160","units","0","v44312681","37.5","97.96","","","","2"
"2016","Vancouver, British Columbia [59933]","2021A003559933","Non-violent crime severity index","Index","160","units","0","v44312681","37.5","100.43","","","","2"
"2017","Vancouver, British Columbia [59933]","2021A003559933","Non-violent crime severity index","Index","160","units","0","v44312681","37.5","92.75","","","","2"
"2018","Vancouver, British Columbia [59933]","2021A003559933","Non-violent crime severity index","Index","160","units","0","v44312681","37.5","91.37","","","","2"
"2019","Vancouver, British Columbia [59933]","2021A003559933","Non-violent crime severity index","Index","160","units","0","v44312681","37.5","100.47","","","","2"
"2020","Vancouver, British Columbia [59933]","2021A003559933","Non-violent crime severity index","Index","160","units","0","v44312681","37.5","92.48","","","","2"
"2021","Vancouver, British Columbia [59933]","2021A003559933","Non-violent crime severity index","Index","160","units","0","v44312681","37.5","82.40","","","","2"
"2010","Vancouver, British Columbia [59933]","2021A003559933","Percent change in non-violent crime severity index","Percent","239","units","0","v44312682","37.6","-6.64","","","","2"
"2011","Vancouver, British Columbia [59933]","2021A003559933","Percent change in non-violent crime severity index","Percent","239","units","0","v44312682","37.6","-5.45","","","","2"
"2012","Vancouver, British Columbia [59933]","2021A003559933","Percent change in non-violent crime severity index","Percent","239","units","0","v44312682","37.6","-0.72","","","","2"
"2013","Vancouver, British Columbia [59933]","2021A003559933","Percent change in non-violent crime severity index","Percent","239","units","0","v44312682","37.6","-2.86","","","","2"
"2014","Vancouver, British Columbia [59933]","2021A003559933","Percent change in non-violent crime severity index","Percent","239","units","0","v44312682","37.6","9.36","","","","2"
"2015","Vancouver, British Columbia [59933]","2021A003559933","Percent change in non-violent crime severity index","Percent","239","units","0","v44312682","37.6","-2.19","","","","2"
"2016","Vancouver, British Columbia [59933]","2021A003559933","Percent change in non-violent crime severity index","Percent","239","units","0","v44312682","37.6","2.52","","","","2"
"2017","Vancouver, British Columbia [59933]","2021A003559933","Percent change in non-violent crime severity index","Percent","239","units","0","v44312682","37.6","-7.65","","","","2"
"2018","Vancouver, British Columbia [59933]","2021A003559933","Percent change in non-violent crime severity index","Percent","239","units","0","v44312682","37.6","-1.49","","","","2"
"2019","Vancouver, British Columbia [59933]","2021A003559933","Percent change in non-violent crime severity index","Percent","239","units","0","v44312682","37.6","9.96","","","","2"
"2020","Vancouver, British Columbia [59933]","2021A003559933","Percent change in non-violent crime severity index","Percent","239","units","0","v44312682","37.6","-7.95","","","","2"
"2021","Vancouver, British Columbia [59933]","2021A003559933","Percent change in non-violent crime severity index","Percent","239","units","0","v44312682","37.6","-10.90","","","","2"
"2010","Vancouver, British Columbia [59933]","2021A003559933","Youth crime severity index","Index","160","units","0","v53079744","37.7","0.00","","","","2"
"2011","Vancouver, British Columbia [59933]","2021A003559933","Youth crime severity index","Index","160","units","0","v53079744","37.7","","..","","","2"
"2012","Vancouver, British Columbia [59933]","2021A003559933","Youth crime severity index","Index","160","units","0","v53079744","37.7","","..","","","2"
"2013","Vancouver, British Columbia [59933]","2021A003559933","Youth crime severity index","Index","160","units","0","v53079744","37.7","","..","","","2"
"2014","Vancouver, British Columbia [59933]","2021A003559933","Youth crime severity index","Index","160","units","0","v53079744","37.7","","..","","","2"
"2015","Vancouver, British Columbia [59933]","2021A003559933","Youth crime severity index","Index","160","units","0","v53079744","37.7","","..","","","2"
"2016","Vancouver, British Columbia [59933]","2021A003559933","Youth crime severity index","Index","160","units","0","v53079744","37.7","","..","","","2"
"2017","Vancouver, British Columbia [59933]","2021A003559933","Youth crime severity index","Index","160","units","0","v53079744","37.7","","..","","","2"
"2018","Vancouver, British Columbia [59933]","2021A003559933","Youth crime severity index","Index","160","units","0","v53079744","37.7","","..","","","2"
"2019","Vancouver, British Columbia [59933]","2021A003559933","Youth crime severity index","Index","160","units","0","v53079744","37.7","","..","","","2"
"2020","Vancouver, British Columbia [59933]","2021A003559933","Youth crime severity index","Index","160","units","0","v53079744","37.7","","..","","","2"
"2021","Vancouver, British Columbia [59933]","2021A003559933","Youth crime severity index","Index","160","units","0","v53079744","37.7","","..","","","2"
"2010","Vancouver, British Columbia [59933]","2021A003559933","Percent change in youth crime severity index","Percent","239","units","0","v87984948","37.8","0.00","","","","2"
"2011","Vancouver, British Columbia [59933]","2021A003559933","Percent change in youth crime severity index","Percent","239","units","0","v87984948","37.8","","..","","","2"
"2012","Vancouver, British Columbia [59933]","2021A003559933","Percent change in youth crime severity index","Percent","239","units","0","v87984948","37.8","","..","","","2"
"2013","Vancouver, British Columbia [59933]","2021A003559933","Percent change in youth crime severity index","Percent","239","units","0","v87984948","37.8","","..","","","2"
"2014","Vancouver, British Columbia [59933]","2021A003559933","Percent change in youth crime severity index","Percent","239","units","0","v87984948","37.8","","..","","","2"
"2015","Vancouver, British Columbia [59933]","2021A003559933","Percent change in youth crime severity index","Percent","239","units","0","v87984948","37.8","","..","","","2"
"2016","Vancouver, British Columbia [59933]","2021A003559933","Percent change in youth crime severity index","Percent","239","units","0","v87984948","37.8","","..","","","2"
"2017","Vancouver, British Columbia [59933]","2021A003559933","Percent change in youth crime severity index","Percent","239","units","0","v87984948","37.8","","..","","","2"
"2018","Vancouver, British Columbia [59933]","2021A003559933","Percent change in youth crime severity index","Percent","239","units","0","v87984948","37.8","","..","","","2"
"2019","Vancouver, British Columbia [59933]","2021A003559933","Percent change in youth crime severity index","Percent","239","units","0","v87984948","37.8","","..","","","2"
"2020","Vancouver, British Columbia [59933]","2021A003559933","Percent change in youth crime severity index","Percent","239","units","0","v87984948","37.8","","..","","","2"
"2021","Vancouver, British Columbia [59933]","2021A003559933","Percent change in youth crime severity index","Percent","239","units","0","v87984948","37.8","","..","","","2"
"2010","Vancouver, British Columbia [59933]","2021A003559933","Youth violent crime severity index","Index","160","units","0","v53079745","37.9","0.00","","","","2"
"2011","Vancouver, British Columbia [59933]","2021A003559933","Youth violent crime severity index","Index","160","units","0","v53079745","37.9","","..","","","2"
"2012","Vancouver, British Columbia [59933]","2021A003559933","Youth violent crime severity index","Index","160","units","0","v53079745","37.9","","..","","","2"
"2013","Vancouver, British Columbia [59933]","2021A003559933","Youth violent crime severity index","Index","160","units","0","v53079745","37.9","","..","","","2"
"2014","Vancouver, British Columbia [59933]","2021A003559933","Youth violent crime severity index","Index","160","units","0","v53079745","37.9","","..","","","2"
"2015","Vancouver, British Columbia [59933]","2021A003559933","Youth violent crime severity index","Index","160","units","0","v53079745","37.9","","..","","","2"
"2016","Vancouver, British Columbia [59933]","2021A003559933","Youth violent crime severity index","Index","160","units","0","v53079745","37.9","","..","","","2"
"2017","Vancouver, British Columbia [59933]","2021A003559933","Youth violent crime severity index","Index","160","units","0","v53079745","37.9","","..","","","2"
"2018","Vancouver, British Columbia [59933]","2021A003559933","Youth violent crime severity index","Index","160","units","0","v53079745","37.9","","..","","","2"
"2019","Vancouver, British Columbia [59933]","2021A003559933","Youth violent crime severity index","Index","160","units","0","v53079745","37.9","","..","","","2"
"2020","Vancouver, British Columbia [59933]","2021A003559933","Youth violent crime severity index","Index","160","units","0","v53079745","37.9","","..","","","2"
"2021","Vancouver, British Columbia [59933]","2021A003559933","Youth violent crime severity index","Index","160","units","0","v53079745","37.9","","..","","","2"
"2010","Vancouver, British Columbia [59933]","2021A003559933","Percent change in youth violent crime severity index","Percent","239","units","0","v87984949","37.10","0.00","","","","2"
"2011","Vancouver, British Columbia [59933]","2021A003559933","Percent change in youth violent crime severity index","Percent","239","units","0","v87984949","37.10","","..","","","2"
"2012","Vancouver, British Columbia [59933]","2021A003559933","Percent change in youth violent crime severity index","Percent","239","units","0","v87984949","37.10","","..","","","2"
"2013","Vancouver, British Columbia [59933]","2021A003559933","Percent change in youth violent crime severity index","Percent","239","units","0","v87984949","37.10","","..","","","2"
"2014","Vancouver, British Columbia [59933]","2021A003559933","Percent change in youth violent crime severity index","Percent","239","units","0","v87984949","37.10","","..","","","2"
"2015","Vancouver, British Columbia [59933]","2021A003559933","Percent change in youth violent crime severity index","Percent","239","units","0","v87984949","37.10","","..","","","2"
"2016","Vancouver, British Columbia [59933]","2021A003559933","Percent change in youth violent crime severity index","Percent","239","units","0","v87984949","37.10","","..","","","2"
"2017","Vancouver, British Columbia [59933]","2021A003559933","Percent change in youth violent crime severity index","Percent","239","units","0","v87984949","37.10","","..","","","2"
"2018","Vancouver, British Columbia [59933]","2021A003559933","Percent change in youth violent crime severity index","Percent","239","units","0","v87984949","37.10","","..","","","2"
"2019","Vancouver, British Columbia [59933]","2021A003559933","Percent change in youth violent crime severity index","Percent","239","units","0","v87984949","37.10","","..","","","2"
"2020","Vancouver, British Columbia [59933]","2021A003559933","Percent change in youth violent crime severity index","Percent","239","units","0","v87984949","37.10","","..","","","2"
"2021","Vancouver, British Columbia [59933]","2021A003559933","Percent change in youth violent crime severity index","Percent","239","units","0","v87984949","37.10","","..","","","2"
"2010","Vancouver, British Columbia [59933]","2021A003559933","Youth non-violent crime severity index","Index","160","units","0","v53079737","37.11","0.00","","","","2"
"2011","Vancouver, British Columbia [59933]","2021A003559933","Youth non-violent crime severity index","Index","160","units","0","v53079737","37.11","","..","","","2"
"2012","Vancouver, British Columbia [59933]","2021A003559933","Youth non-violent crime severity index","Index","160","units","0","v53079737","37.11","","..","","","2"
"2013","Vancouver, British Columbia [59933]","2021A003559933","Youth non-violent crime severity index","Index","160","units","0","v53079737","37.11","","..","","","2"
"2014","Vancouver, British Columbia [59933]","2021A003559933","Youth non-violent crime severity index","Index","160","units","0","v53079737","37.11","","..","","","2"
"2015","Vancouver, British Columbia [59933]","2021A003559933","Youth non-violent crime severity index","Index","160","units","0","v53079737","37.11","","..","","","2"
"2016","Vancouver, British Columbia [59933]","2021A003559933","Youth non-violent crime severity index","Index","160","units","0","v53079737","37.11","","..","","","2"
"2017","Vancouver, British Columbia [59933]","2021A003559933","Youth non-violent crime severity index","Index","160","units","0","v53079737","37.11","","..","","","2"
"2018","Vancouver, British Columbia [59933]","2021A003559933","Youth non-violent crime severity index","Index","160","units","0","v53079737","37.11","","..","","","2"
"2019","Vancouver, British Columbia [59933]","2021A003559933","Youth non-violent crime severity index","Index","160","units","0","v53079737","37.11","","..","","","2"
"2020","Vancouver, British Columbia [59933]","2021A003559933","Youth non-violent crime severity index","Index","160","units","0","v53079737","37.11","","..","","","2"
"2021","Vancouver, British Columbia [59933]","2021A003559933","Youth non-violent crime severity index","Index","160","units","0","v53079737","37.11","","..","","","2"
"2010","Vancouver, British Columbia [59933]","2021A003559933","Percent change in youth non-violent crime severity index","Percent","239","units","0","v87984950","37.12","0.00","","","","2"
"2011","Vancouver, British Columbia [59933]","2021A003559933","Percent change in youth non-violent crime severity index","Percent","239","units","0","v87984950","37.12","","..","","","2"
"2012","Vancouver, British Columbia [59933]","2021A003559933","Percent change in youth non-violent crime severity index","Percent","239","units","0","v87984950","37.12","","..","","","2"
"2013","Vancouver, British Columbia [59933]","2021A003559933","Percent change in youth non-violent crime severity index","Percent","239","units","0","v87984950","37.12","","..","","","2"
"2014","Vancouver, British Columbia [59933]","2021A003559933","Percent change in youth non-violent crime severity index","Percent","239","units","0","v87984950","37.12","","..","","","2"
"2015","Vancouver, British Columbia [59933]","2021A003559933","Percent change in youth non-violent crime severity index","Percent","239","units","0","v87984950","37.12","","..","","","2"
"2016","Vancouver, British Columbia [59933]","2021A003559933","Percent change in youth non-violent crime severity index","Percent","239","units","0","v87984950","37.12","","..","","","2"
"2017","Vancouver, British Columbia [59933]","2021A003559933","Percent change in youth non-violent crime severity index","Percent","239","units","0","v87984950","37.12","","..","","","2"
"2018","Vancouver, British Columbia [59933]","2021A003559933","Percent change in youth non-violent crime severity index","Percent","239","units","0","v87984950","37.12","","..","","","2"
"2019","Vancouver, British Columbia [59933]","2021A003559933","Percent change in youth non-violent crime severity index","Percent","239","units","0","v87984950","37.12","","..","","","2"
"2020","Vancouver, British Columbia [59933]","2021A003559933","Percent change in youth non-violent crime severity index","Percent","239","units","0","v87984950","37.12","","..","","","2"
"2021","Vancouver, British Columbia [59933]","2021A003559933","Percent change in youth non-violent crime severity index","Percent","239","units","0","v87984950","37.12","","..","","","2"
"2010","Vancouver, British Columbia [59933]","2021A003559933","Weighted clearance rate","Number","223","units","0","v53079738","37.13","24.97","","","","2"
"2011","Vancouver, British Columbia [59933]","2021A003559933","Weighted clearance rate","Number","223","units","0","v53079738","37.13","25.39","","","","2"
"2012","Vancouver, British Columbia [59933]","2021A003559933","Weighted clearance rate","Number","223","units","0","v53079738","37.13","24.53","","","","2"
"2013","Vancouver, British Columbia [59933]","2021A003559933","Weighted clearance rate","Number","223","units","0","v53079738","37.13","25.27","","","","2"
"2014","Vancouver, British Columbia [59933]","2021A003559933","Weighted clearance rate","Number","223","units","0","v53079738","37.13","22.24","","","","2"
"2015","Vancouver, British Columbia [59933]","2021A003559933","Weighted clearance rate","Number","223","units","0","v53079738","37.13","21.69","","","","2"
"2016","Vancouver, British Columbia [59933]","2021A003559933","Weighted clearance rate","Number","223","units","0","v53079738","37.13","22.06","","","","2"
"2017","Vancouver, British Columbia [59933]","2021A003559933","Weighted clearance rate","Number","223","units","0","v53079738","37.13","23.38","","","","2"
"2018","Vancouver, British Columbia [59933]","2021A003559933","Weighted clearance rate","Number","223","units","0","v53079738","37.13","22.55","","","","2"
"2019","Vancouver, British Columbia [59933]","2021A003559933","Weighted clearance rate","Number","223","units","0","v53079738","37.13","22.39","","","","2"
"2020","Vancouver, British Columbia [59933]","2021A003559933","Weighted clearance rate","Number","223","units","0","v53079738","37.13","22.49","","","","2"
"2021","Vancouver, British Columbia [59933]","2021A003559933","Weighted clearance rate","Number","223","units","0","v53079738","37.13","20.91","","","","2"
"2010","Vancouver, British Columbia [59933]","2021A003559933","Percent change in weighted clearance rate","Percent","239","units","0","v53079739","37.14","6.98","","","","2"
"2011","Vancouver, British Columbia [59933]","2021A003559933","Percent change in weighted clearance rate","Percent","239","units","0","v53079739","37.14","1.68","","","","2"
"2012","Vancouver, British Columbia [59933]","2021A003559933","Percent change in weighted clearance rate","Percent","239","units","0","v53079739","37.14","-3.39","","","","2"
"2013","Vancouver, British Columbia [59933]","2021A003559933","Percent change in weighted clearance rate","Percent","239","units","0","v53079739","37.14","3.02","","","","2"
"2014","Vancouver, British Columbia [59933]","2021A003559933","Percent change in weighted clearance rate","Percent","239","units","0","v53079739","37.14","-11.99","","","","2"
"2015","Vancouver, British Columbia [59933]","2021A003559933","Percent change in weighted clearance rate","Percent","239","units","0","v53079739","37.14","-2.47","","","","2"
"2016","Vancouver, British Columbia [59933]","2021A003559933","Percent change in weighted clearance rate","Percent","239","units","0","v53079739","37.14","1.71","","","","2"
"2017","Vancouver, British Columbia [59933]","2021A003559933","Percent change in weighted clearance rate","Percent","239","units","0","v53079739","37.14","5.98","","","","2"
"2018","Vancouver, British Columbia [59933]","2021A003559933","Percent change in weighted clearance rate","Percent","239","units","0","v53079739","37.14","-3.55","","","","2"
"2019","Vancouver, British Columbia [59933]","2021A003559933","Percent change in weighted clearance rate","Percent","239","units","0","v53079739","37.14","-0.71","","","","2"
"2020","Vancouver, British Columbia [59933]","2021A003559933","Percent change in weighted clearance rate","Percent","239","units","0","v53079739","37.14","0.45","","","","2"
"2021","Vancouver, British Columbia [59933]","2021A003559933","Percent change in weighted clearance rate","Percent","239","units","0","v53079739","37.14","-7.03","","","","2"
"2010","Vancouver, British Columbia [59933]","2021A003559933","Violent weighted clearance rate","Number","223","units","0","v53079740","37.15","40.59","","","","2"
"2011","Vancouver, British Columbia [59933]","2021A003559933","Violent weighted clearance rate","Number","223","units","0","v53079740","37.15","40.31","","","","2"
"2012","Vancouver, British Columbia [59933]","2021A003559933","Violent weighted clearance rate","Number","223","units","0","v53079740","37.15","41.22","","","","2"
"2013","Vancouver, British Columbia [59933]","2021A003559933","Violent weighted clearance rate","Number","223","units","0","v53079740","37.15","43.75","","","","2"
"2014","Vancouver, British Columbia [59933]","2021A003559933","Violent weighted clearance rate","Number","223","units","0","v53079740","37.15","44.23","","","","2"
"2015","Vancouver, British Columbia [59933]","2021A003559933","Violent weighted clearance rate","Number","223","units","0","v53079740","37.15","41.20","","","","2"
"2016","Vancouver, British Columbia [59933]","2021A003559933","Violent weighted clearance rate","Number","223","units","0","v53079740","37.15","42.37","","","","2"
"2017","Vancouver, British Columbia [59933]","2021A003559933","Violent weighted clearance rate","Number","223","units","0","v53079740","37.15","45.85","","","","2"
"2018","Vancouver, British Columbia [59933]","2021A003559933","Violent weighted clearance rate","Number","223","units","0","v53079740","37.15","43.52","","","","2"
"2019","Vancouver, British Columbia [59933]","2021A003559933","Violent weighted clearance rate","Number","223","units","0","v53079740","37.15","41.37","","","","2"
"2020","Vancouver, British Columbia [59933]","2021A003559933","Violent weighted clearance rate","Number","223","units","0","v53079740","37.15","43.03","","","","2"
"2021","Vancouver, British Columbia [59933]","2021A003559933","Violent weighted clearance rate","Number","223","units","0","v53079740","37.15","37.55","","","","2"
"2010","Vancouver, British Columbia [59933]","2021A003559933","Percent change in violent weighted clearance rate","Percent","239","units","0","v53079741","37.16","8.04","","","","2"
"2011","Vancouver, British Columbia [59933]","2021A003559933","Percent change in violent weighted clearance rate","Percent","239","units","0","v53079741","37.16","-0.69","","","","2"
"2012","Vancouver, British Columbia [59933]","2021A003559933","Percent change in violent weighted clearance rate","Percent","239","units","0","v53079741","37.16","2.26","","","","2"
"2013","Vancouver, British Columbia [59933]","2021A003559933","Percent change in violent weighted clearance rate","Percent","239","units","0","v53079741","37.16","6.14","","","","2"
"2014","Vancouver, British Columbia [59933]","2021A003559933","Percent change in violent weighted clearance rate","Percent","239","units","0","v53079741","37.16","1.10","","","","2"
"2015","Vancouver, British Columbia [59933]","2021A003559933","Percent change in violent weighted clearance rate","Percent","239","units","0","v53079741","37.16","-6.85","","","","2"
"2016","Vancouver, British Columbia [59933]","2021A003559933","Percent change in violent weighted clearance rate","Percent","239","units","0","v53079741","37.16","2.84","","","","2"
"2017","Vancouver, British Columbia [59933]","2021A003559933","Percent change in violent weighted clearance rate","Percent","239","units","0","v53079741","37.16","8.21","","","","2"
"2018","Vancouver, British Columbia [59933]","2021A003559933","Percent change in violent weighted clearance rate","Percent","239","units","0","v53079741","37.16","-5.08","","","","2"
"2019","Vancouver, British Columbia [59933]","2021A003559933","Percent change in violent weighted clearance rate","Percent","239","units","0","v53079741","37.16","-4.94","","","","2"
"2020","Vancouver, British Columbia [59933]","2021A003559933","Percent change in violent weighted clearance rate","Percent","239","units","0","v53079741","37.16","4.01","","","","2"
"2021","Vancouver, British Columbia [59933]","2021A003559933","Percent change in violent weighted clearance rate","Percent","239","units","0","v53079741","37.16","-12.74","","","","2"
"2010","Vancouver, British Columbia [59933]","2021A003559933","Non-violent weighted clearance rate","Number","223","units","0","v53079742","37.17","18.37","","","","2"
"2011","Vancouver, British Columbia [59933]","2021A003559933","Non-violent weighted clearance rate","Number","223","units","0","v53079742","37.17","19.81","","","","2"
"2012","Vancouver, British Columbia [59933]","2021A003559933","Non-violent weighted clearance rate","Number","223","units","0","v53079742","37.17","18.46","","","","2"
"2013","Vancouver, British Columbia [59933]","2021A003559933","Non-violent weighted clearance rate","Number","223","units","0","v53079742","37.17","19.25","","","","2"
"2014","Vancouver, British Columbia [59933]","2021A003559933","Non-violent weighted clearance rate","Number","223","units","0","v53079742","37.17","16.05","","","","2"
"2015","Vancouver, British Columbia [59933]","2021A003559933","Non-violent weighted clearance rate","Number","223","units","0","v53079742","37.17","15.62","","","","2"
"2016","Vancouver, British Columbia [59933]","2021A003559933","Non-violent weighted clearance rate","Number","223","units","0","v53079742","37.17","16.89","","","","2"
"2017","Vancouver, British Columbia [59933]","2021A003559933","Non-violent weighted clearance rate","Number","223","units","0","v53079742","37.17","17.31","","","","2"
"2018","Vancouver, British Columbia [59933]","2021A003559933","Non-violent weighted clearance rate","Number","223","units","0","v53079742","37.17","16.84","","","","2"
"2019","Vancouver, British Columbia [59933]","2021A003559933","Non-violent weighted clearance rate","Number","223","units","0","v53079742","37.17","16.89","","","","2"
"2020","Vancouver, British Columbia [59933]","2021A003559933","Non-violent weighted clearance rate","Number","223","units","0","v53079742","37.17","16.31","","","","2"
"2021","Vancouver, British Columbia [59933]","2021A003559933","Non-violent weighted clearance rate","Number","223","units","0","v53079742","37.17","15.17","","","","2"
"2010","Vancouver, British Columbia [59933]","2021A003559933","Percent change in non-violent weighted clearance rate","Percent","239","units","0","v53079743","37.18","7.24","","","","2"
"2011","Vancouver, British Columbia [59933]","2021A003559933","Percent change in non-violent weighted clearance rate","Percent","239","units","0","v53079743","37.18","7.84","","","","2"
"2012","Vancouver, British Columbia [59933]","2021A003559933","Percent change in non-violent weighted clearance rate","Percent","239","units","0","v53079743","37.18","-6.81","","","","2"
"2013","Vancouver, British Columbia [59933]","2021A003559933","Percent change in non-violent weighted clearance rate","Percent","239","units","0","v53079743","37.18","4.28","","","","2"
"2014","Vancouver, British Columbia [59933]","2021A003559933","Percent change in non-violent weighted clearance rate","Percent","239","units","0","v53079743","37.18","-16.62","","","","2"
"2015","Vancouver, British Columbia [59933]","2021A003559933","Percent change in non-violent weighted clearance rate","Percent","239","units","0","v53079743","37.18","-2.68","","","","2"
"2016","Vancouver, British Columbia [59933]","2021A003559933","Percent change in non-violent weighted clearance rate","Percent","239","units","0","v53079743","37.18","8.13","","","","2"
"2017","Vancouver, British Columbia [59933]","2021A003559933","Percent change in non-violent weighted clearance rate","Percent","239","units","0","v53079743","37.18","2.49","","","","2"
"2018","Vancouver, British Columbia [59933]","2021A003559933","Percent change in non-violent weighted clearance rate","Percent","239","units","0","v53079743","37.18","-2.72","","","","2"
"2019","Vancouver, British Columbia [59933]","2021A003559933","Percent change in non-violent weighted clearance rate","Percent","239","units","0","v53079743","37.18","0.30","","","","2"
"2020","Vancouver, British Columbia [59933]","2021A003559933","Percent change in non-violent weighted clearance rate","Percent","239","units","0","v53079743","37.18","-3.43","","","","2"
"2021","Vancouver, British Columbia [59933]","2021A003559933","Percent change in non-violent weighted clearance rate","Percent","239","units","0","v53079743","37.18","-6.99","","","","2"


