﻿"REF_DATE","GEO","DGUID","Statistics","UOM","UOM_ID","SCALAR_FACTOR","SCALAR_ID","VECTOR","COORDINATE","VALUE","STATUS","SYMBOL","TERMINATED","DECIMALS"
"2010","Saskatoon, Saskatchewan [47725]","2021A003547725","Crime severity index","Index","160","units","0","v44312647","32.1","128.62","","","","2"
"2011","Saskatoon, Saskatchewan [47725]","2021A003547725","Crime severity index","Index","160","units","0","v44312647","32.1","114.84","","","","2"
"2012","Saskatoon, Saskatchewan [47725]","2021A003547725","Crime severity index","Index","160","units","0","v44312647","32.1","107.72","","","","2"
"2013","Saskatoon, Saskatchewan [47725]","2021A003547725","Crime severity index","Index","160","units","0","v44312647","32.1","100.84","","","","2"
"2014","Saskatoon, Saskatchewan [47725]","2021A003547725","Crime severity index","Index","160","units","0","v44312647","32.1","111.67","","","","2"
"2015","Saskatoon, Saskatchewan [47725]","2021A003547725","Crime severity index","Index","160","units","0","v44312647","32.1","114.78","","","","2"
"2016","Saskatoon, Saskatchewan [47725]","2021A003547725","Crime severity index","Index","160","units","0","v44312647","32.1","118.73","","","","2"
"2017","Saskatoon, Saskatchewan [47725]","2021A003547725","Crime severity index","Index","160","units","0","v44312647","32.1","117.89","","","","2"
"2018","Saskatoon, Saskatchewan [47725]","2021A003547725","Crime severity index","Index","160","units","0","v44312647","32.1","118.12","","","","2"
"2019","Saskatoon, Saskatchewan [47725]","2021A003547725","Crime severity index","Index","160","units","0","v44312647","32.1","118.04","","","","2"
"2020","Saskatoon, Saskatchewan [47725]","2021A003547725","Crime severity index","Index","160","units","0","v44312647","32.1","105.77","","","","2"
"2021","Saskatoon, Saskatchewan [47725]","2021A003547725","Crime severity index","Index","160","units","0","v44312647","32.1","105.97","","","","2"
"2010","Saskatoon, Saskatchewan [47725]","2021A003547725","Percent change in crime severity index","Percent","239","units","0","v44312648","32.2","-3.64","","","","2"
"2011","Saskatoon, Saskatchewan [47725]","2021A003547725","Percent change in crime severity index","Percent","239","units","0","v44312648","32.2","-10.71","","","","2"
"2012","Saskatoon, Saskatchewan [47725]","2021A003547725","Percent change in crime severity index","Percent","239","units","0","v44312648","32.2","-6.20","","","","2"
"2013","Saskatoon, Saskatchewan [47725]","2021A003547725","Percent change in crime severity index","Percent","239","units","0","v44312648","32.2","-6.39","","","","2"
"2014","Saskatoon, Saskatchewan [47725]","2021A003547725","Percent change in crime severity index","Percent","239","units","0","v44312648","32.2","10.74","","","","2"
"2015","Saskatoon, Saskatchewan [47725]","2021A003547725","Percent change in crime severity index","Percent","239","units","0","v44312648","32.2","2.78","","","","2"
"2016","Saskatoon, Saskatchewan [47725]","2021A003547725","Percent change in crime severity index","Percent","239","units","0","v44312648","32.2","3.44","","","","2"
"2017","Saskatoon, Saskatchewan [47725]","2021A003547725","Percent change in crime severity index","Percent","239","units","0","v44312648","32.2","-0.71","","","","2"
"2018","Saskatoon, Saskatchewan [47725]","2021A003547725","Percent change in crime severity index","Percent","239","units","0","v44312648","32.2","0.20","","","","2"
"2019","Saskatoon, Saskatchewan [47725]","2021A003547725","Percent change in crime severity index","Percent","239","units","0","v44312648","32.2","-0.07","","","","2"
"2020","Saskatoon, Saskatchewan [47725]","2021A003547725","Percent change in crime severity index","Percent","239","units","0","v44312648","32.2","-10.39","","","","2"
"2021","Saskatoon, Saskatchewan [47725]","2021A003547725","Percent change in crime severity index","Percent","239","units","0","v44312648","32.2","0.19","","","","2"
"2010","Saskatoon, Saskatchewan [47725]","2021A003547725","Violent crime severity index","Index","160","units","0","v44312649","32.3","156.39","","","","2"
"2011","Saskatoon, Saskatchewan [47725]","2021A003547725","Violent crime severity index","Index","160","units","0","v44312649","32.3","130.48","","","","2"
"2012","Saskatoon, Saskatchewan [47725]","2021A003547725","Violent crime severity index","Index","160","units","0","v44312649","32.3","127.09","","","","2"
"2013","Saskatoon, Saskatchewan [47725]","2021A003547725","Violent crime severity index","Index","160","units","0","v44312649","32.3","111.79","","","","2"
"2014","Saskatoon, Saskatchewan [47725]","2021A003547725","Violent crime severity index","Index","160","units","0","v44312649","32.3","124.08","","","","2"
"2015","Saskatoon, Saskatchewan [47725]","2021A003547725","Violent crime severity index","Index","160","units","0","v44312649","32.3","115.32","","","","2"
"2016","Saskatoon, Saskatchewan [47725]","2021A003547725","Violent crime severity index","Index","160","units","0","v44312649","32.3","112.64","","","","2"
"2017","Saskatoon, Saskatchewan [47725]","2021A003547725","Violent crime severity index","Index","160","units","0","v44312649","32.3","111.43","","","","2"
"2018","Saskatoon, Saskatchewan [47725]","2021A003547725","Violent crime severity index","Index","160","units","0","v44312649","32.3","109.35","","","","2"
"2019","Saskatoon, Saskatchewan [47725]","2021A003547725","Violent crime severity index","Index","160","units","0","v44312649","32.3","137.05","","","","2"
"2020","Saskatoon, Saskatchewan [47725]","2021A003547725","Violent crime severity index","Index","160","units","0","v44312649","32.3","120.56","","","","2"
"2021","Saskatoon, Saskatchewan [47725]","2021A003547725","Violent crime severity index","Index","160","units","0","v44312649","32.3","121.44","","","","2"
"2010","Saskatoon, Saskatchewan [47725]","2021A003547725","Percent change in violent crime severity index","Percent","239","units","0","v44312650","32.4","0.15","","","","2"
"2011","Saskatoon, Saskatchewan [47725]","2021A003547725","Percent change in violent crime severity index","Percent","239","units","0","v44312650","32.4","-16.57","","","","2"
"2012","Saskatoon, Saskatchewan [47725]","2021A003547725","Percent change in violent crime severity index","Percent","239","units","0","v44312650","32.4","-2.60","","","","2"
"2013","Saskatoon, Saskatchewan [47725]","2021A003547725","Percent change in violent crime severity index","Percent","239","units","0","v44312650","32.4","-12.04","","","","2"
"2014","Saskatoon, Saskatchewan [47725]","2021A003547725","Percent change in violent crime severity index","Percent","239","units","0","v44312650","32.4","10.99","","","","2"
"2015","Saskatoon, Saskatchewan [47725]","2021A003547725","Percent change in violent crime severity index","Percent","239","units","0","v44312650","32.4","-7.06","","","","2"
"2016","Saskatoon, Saskatchewan [47725]","2021A003547725","Percent change in violent crime severity index","Percent","239","units","0","v44312650","32.4","-2.32","","","","2"
"2017","Saskatoon, Saskatchewan [47725]","2021A003547725","Percent change in violent crime severity index","Percent","239","units","0","v44312650","32.4","-1.07","","","","2"
"2018","Saskatoon, Saskatchewan [47725]","2021A003547725","Percent change in violent crime severity index","Percent","239","units","0","v44312650","32.4","-1.87","","","","2"
"2019","Saskatoon, Saskatchewan [47725]","2021A003547725","Percent change in violent crime severity index","Percent","239","units","0","v44312650","32.4","25.33","","","","2"
"2020","Saskatoon, Saskatchewan [47725]","2021A003547725","Percent change in violent crime severity index","Percent","239","units","0","v44312650","32.4","-12.03","","","","2"
"2021","Saskatoon, Saskatchewan [47725]","2021A003547725","Percent change in violent crime severity index","Percent","239","units","0","v44312650","32.4","0.73","","","","2"
"2010","Saskatoon, Saskatchewan [47725]","2021A003547725","Non-violent crime severity index","Index","160","units","0","v44312651","32.5","117.94","","","","2"
"2011","Saskatoon, Saskatchewan [47725]","2021A003547725","Non-violent crime severity index","Index","160","units","0","v44312651","32.5","108.91","","","","2"
"2012","Saskatoon, Saskatchewan [47725]","2021A003547725","Non-violent crime severity index","Index","160","units","0","v44312651","32.5","100.45","","","","2"
"2013","Saskatoon, Saskatchewan [47725]","2021A003547725","Non-violent crime severity index","Index","160","units","0","v44312651","32.5","96.65","","","","2"
"2014","Saskatoon, Saskatchewan [47725]","2021A003547725","Non-violent crime severity index","Index","160","units","0","v44312651","32.5","106.92","","","","2"
"2015","Saskatoon, Saskatchewan [47725]","2021A003547725","Non-violent crime severity index","Index","160","units","0","v44312651","32.5","114.34","","","","2"
"2016","Saskatoon, Saskatchewan [47725]","2021A003547725","Non-violent crime severity index","Index","160","units","0","v44312651","32.5","120.63","","","","2"
"2017","Saskatoon, Saskatchewan [47725]","2021A003547725","Non-violent crime severity index","Index","160","units","0","v44312651","32.5","119.94","","","","2"
"2018","Saskatoon, Saskatchewan [47725]","2021A003547725","Non-violent crime severity index","Index","160","units","0","v44312651","32.5","120.99","","","","2"
"2019","Saskatoon, Saskatchewan [47725]","2021A003547725","Non-violent crime severity index","Index","160","units","0","v44312651","32.5","110.93","","","","2"
"2020","Saskatoon, Saskatchewan [47725]","2021A003547725","Non-violent crime severity index","Index","160","units","0","v44312651","32.5","100.20","","","","2"
"2021","Saskatoon, Saskatchewan [47725]","2021A003547725","Non-violent crime severity index","Index","160","units","0","v44312651","32.5","100.16","","","","2"
"2010","Saskatoon, Saskatchewan [47725]","2021A003547725","Percent change in non-violent crime severity index","Percent","239","units","0","v44312652","32.6","-5.47","","","","2"
"2011","Saskatoon, Saskatchewan [47725]","2021A003547725","Percent change in non-violent crime severity index","Percent","239","units","0","v44312652","32.6","-7.66","","","","2"
"2012","Saskatoon, Saskatchewan [47725]","2021A003547725","Percent change in non-violent crime severity index","Percent","239","units","0","v44312652","32.6","-7.77","","","","2"
"2013","Saskatoon, Saskatchewan [47725]","2021A003547725","Percent change in non-violent crime severity index","Percent","239","units","0","v44312652","32.6","-3.78","","","","2"
"2014","Saskatoon, Saskatchewan [47725]","2021A003547725","Percent change in non-violent crime severity index","Percent","239","units","0","v44312652","32.6","10.63","","","","2"
"2015","Saskatoon, Saskatchewan [47725]","2021A003547725","Percent change in non-violent crime severity index","Percent","239","units","0","v44312652","32.6","6.94","","","","2"
"2016","Saskatoon, Saskatchewan [47725]","2021A003547725","Percent change in non-violent crime severity index","Percent","239","units","0","v44312652","32.6","5.50","","","","2"
"2017","Saskatoon, Saskatchewan [47725]","2021A003547725","Percent change in non-violent crime severity index","Percent","239","units","0","v44312652","32.6","-0.57","","","","2"
"2018","Saskatoon, Saskatchewan [47725]","2021A003547725","Percent change in non-violent crime severity index","Percent","239","units","0","v44312652","32.6","0.88","","","","2"
"2019","Saskatoon, Saskatchewan [47725]","2021A003547725","Percent change in non-violent crime severity index","Percent","239","units","0","v44312652","32.6","-8.31","","","","2"
"2020","Saskatoon, Saskatchewan [47725]","2021A003547725","Percent change in non-violent crime severity index","Percent","239","units","0","v44312652","32.6","-9.67","","","","2"
"2021","Saskatoon, Saskatchewan [47725]","2021A003547725","Percent change in non-violent crime severity index","Percent","239","units","0","v44312652","32.6","-0.04","","","","2"
"2010","Saskatoon, Saskatchewan [47725]","2021A003547725","Youth crime severity index","Index","160","units","0","v53079693","32.7","0.00","","","","2"
"2011","Saskatoon, Saskatchewan [47725]","2021A003547725","Youth crime severity index","Index","160","units","0","v53079693","32.7","","..","","","2"
"2012","Saskatoon, Saskatchewan [47725]","2021A003547725","Youth crime severity index","Index","160","units","0","v53079693","32.7","","..","","","2"
"2013","Saskatoon, Saskatchewan [47725]","2021A003547725","Youth crime severity index","Index","160","units","0","v53079693","32.7","","..","","","2"
"2014","Saskatoon, Saskatchewan [47725]","2021A003547725","Youth crime severity index","Index","160","units","0","v53079693","32.7","","..","","","2"
"2015","Saskatoon, Saskatchewan [47725]","2021A003547725","Youth crime severity index","Index","160","units","0","v53079693","32.7","","..","","","2"
"2016","Saskatoon, Saskatchewan [47725]","2021A003547725","Youth crime severity index","Index","160","units","0","v53079693","32.7","","..","","","2"
"2017","Saskatoon, Saskatchewan [47725]","2021A003547725","Youth crime severity index","Index","160","units","0","v53079693","32.7","","..","","","2"
"2018","Saskatoon, Saskatchewan [47725]","2021A003547725","Youth crime severity index","Index","160","units","0","v53079693","32.7","","..","","","2"
"2019","Saskatoon, Saskatchewan [47725]","2021A003547725","Youth crime severity index","Index","160","units","0","v53079693","32.7","","..","","","2"
"2020","Saskatoon, Saskatchewan [47725]","2021A003547725","Youth crime severity index","Index","160","units","0","v53079693","32.7","","..","","","2"
"2021","Saskatoon, Saskatchewan [47725]","2021A003547725","Youth crime severity index","Index","160","units","0","v53079693","32.7","","..","","","2"
"2010","Saskatoon, Saskatchewan [47725]","2021A003547725","Percent change in youth crime severity index","Percent","239","units","0","v87984933","32.8","0.00","","","","2"
"2011","Saskatoon, Saskatchewan [47725]","2021A003547725","Percent change in youth crime severity index","Percent","239","units","0","v87984933","32.8","","..","","","2"
"2012","Saskatoon, Saskatchewan [47725]","2021A003547725","Percent change in youth crime severity index","Percent","239","units","0","v87984933","32.8","","..","","","2"
"2013","Saskatoon, Saskatchewan [47725]","2021A003547725","Percent change in youth crime severity index","Percent","239","units","0","v87984933","32.8","","..","","","2"
"2014","Saskatoon, Saskatchewan [47725]","2021A003547725","Percent change in youth crime severity index","Percent","239","units","0","v87984933","32.8","","..","","","2"
"2015","Saskatoon, Saskatchewan [47725]","2021A003547725","Percent change in youth crime severity index","Percent","239","units","0","v87984933","32.8","","..","","","2"
"2016","Saskatoon, Saskatchewan [47725]","2021A003547725","Percent change in youth crime severity index","Percent","239","units","0","v87984933","32.8","","..","","","2"
"2017","Saskatoon, Saskatchewan [47725]","2021A003547725","Percent change in youth crime severity index","Percent","239","units","0","v87984933","32.8","","..","","","2"
"2018","Saskatoon, Saskatchewan [47725]","2021A003547725","Percent change in youth crime severity index","Percent","239","units","0","v87984933","32.8","","..","","","2"
"2019","Saskatoon, Saskatchewan [47725]","2021A003547725","Percent change in youth crime severity index","Percent","239","units","0","v87984933","32.8","","..","","","2"
"2020","Saskatoon, Saskatchewan [47725]","2021A003547725","Percent change in youth crime severity index","Percent","239","units","0","v87984933","32.8","","..","","","2"
"2021","Saskatoon, Saskatchewan [47725]","2021A003547725","Percent change in youth crime severity index","Percent","239","units","0","v87984933","32.8","","..","","","2"
"2010","Saskatoon, Saskatchewan [47725]","2021A003547725","Youth violent crime severity index","Index","160","units","0","v53079694","32.9","0.00","","","","2"
"2011","Saskatoon, Saskatchewan [47725]","2021A003547725","Youth violent crime severity index","Index","160","units","0","v53079694","32.9","","..","","","2"
"2012","Saskatoon, Saskatchewan [47725]","2021A003547725","Youth violent crime severity index","Index","160","units","0","v53079694","32.9","","..","","","2"
"2013","Saskatoon, Saskatchewan [47725]","2021A003547725","Youth violent crime severity index","Index","160","units","0","v53079694","32.9","","..","","","2"
"2014","Saskatoon, Saskatchewan [47725]","2021A003547725","Youth violent crime severity index","Index","160","units","0","v53079694","32.9","","..","","","2"
"2015","Saskatoon, Saskatchewan [47725]","2021A003547725","Youth violent crime severity index","Index","160","units","0","v53079694","32.9","","..","","","2"
"2016","Saskatoon, Saskatchewan [47725]","2021A003547725","Youth violent crime severity index","Index","160","units","0","v53079694","32.9","","..","","","2"
"2017","Saskatoon, Saskatchewan [47725]","2021A003547725","Youth violent crime severity index","Index","160","units","0","v53079694","32.9","","..","","","2"
"2018","Saskatoon, Saskatchewan [47725]","2021A003547725","Youth violent crime severity index","Index","160","units","0","v53079694","32.9","","..","","","2"
"2019","Saskatoon, Saskatchewan [47725]","2021A003547725","Youth violent crime severity index","Index","160","units","0","v53079694","32.9","","..","","","2"
"2020","Saskatoon, Saskatchewan [47725]","2021A003547725","Youth violent crime severity index","Index","160","units","0","v53079694","32.9","","..","","","2"
"2021","Saskatoon, Saskatchewan [47725]","2021A003547725","Youth violent crime severity index","Index","160","units","0","v53079694","32.9","","..","","","2"
"2010","Saskatoon, Saskatchewan [47725]","2021A003547725","Percent change in youth violent crime severity index","Percent","239","units","0","v87984934","32.10","0.00","","","","2"
"2011","Saskatoon, Saskatchewan [47725]","2021A003547725","Percent change in youth violent crime severity index","Percent","239","units","0","v87984934","32.10","","..","","","2"
"2012","Saskatoon, Saskatchewan [47725]","2021A003547725","Percent change in youth violent crime severity index","Percent","239","units","0","v87984934","32.10","","..","","","2"
"2013","Saskatoon, Saskatchewan [47725]","2021A003547725","Percent change in youth violent crime severity index","Percent","239","units","0","v87984934","32.10","","..","","","2"
"2014","Saskatoon, Saskatchewan [47725]","2021A003547725","Percent change in youth violent crime severity index","Percent","239","units","0","v87984934","32.10","","..","","","2"
"2015","Saskatoon, Saskatchewan [47725]","2021A003547725","Percent change in youth violent crime severity index","Percent","239","units","0","v87984934","32.10","","..","","","2"
"2016","Saskatoon, Saskatchewan [47725]","2021A003547725","Percent change in youth violent crime severity index","Percent","239","units","0","v87984934","32.10","","..","","","2"
"2017","Saskatoon, Saskatchewan [47725]","2021A003547725","Percent change in youth violent crime severity index","Percent","239","units","0","v87984934","32.10","","..","","","2"
"2018","Saskatoon, Saskatchewan [47725]","2021A003547725","Percent change in youth violent crime severity index","Percent","239","units","0","v87984934","32.10","","..","","","2"
"2019","Saskatoon, Saskatchewan [47725]","2021A003547725","Percent change in youth violent crime severity index","Percent","239","units","0","v87984934","32.10","","..","","","2"
"2020","Saskatoon, Saskatchewan [47725]","2021A003547725","Percent change in youth violent crime severity index","Percent","239","units","0","v87984934","32.10","","..","","","2"
"2021","Saskatoon, Saskatchewan [47725]","2021A003547725","Percent change in youth violent crime severity index","Percent","239","units","0","v87984934","32.10","","..","","","2"
"2010","Saskatoon, Saskatchewan [47725]","2021A003547725","Youth non-violent crime severity index","Index","160","units","0","v53079686","32.11","0.00","","","","2"
"2011","Saskatoon, Saskatchewan [47725]","2021A003547725","Youth non-violent crime severity index","Index","160","units","0","v53079686","32.11","","..","","","2"
"2012","Saskatoon, Saskatchewan [47725]","2021A003547725","Youth non-violent crime severity index","Index","160","units","0","v53079686","32.11","","..","","","2"
"2013","Saskatoon, Saskatchewan [47725]","2021A003547725","Youth non-violent crime severity index","Index","160","units","0","v53079686","32.11","","..","","","2"
"2014","Saskatoon, Saskatchewan [47725]","2021A003547725","Youth non-violent crime severity index","Index","160","units","0","v53079686","32.11","","..","","","2"
"2015","Saskatoon, Saskatchewan [47725]","2021A003547725","Youth non-violent crime severity index","Index","160","units","0","v53079686","32.11","","..","","","2"
"2016","Saskatoon, Saskatchewan [47725]","2021A003547725","Youth non-violent crime severity index","Index","160","units","0","v53079686","32.11","","..","","","2"
"2017","Saskatoon, Saskatchewan [47725]","2021A003547725","Youth non-violent crime severity index","Index","160","units","0","v53079686","32.11","","..","","","2"
"2018","Saskatoon, Saskatchewan [47725]","2021A003547725","Youth non-violent crime severity index","Index","160","units","0","v53079686","32.11","","..","","","2"
"2019","Saskatoon, Saskatchewan [47725]","2021A003547725","Youth non-violent crime severity index","Index","160","units","0","v53079686","32.11","","..","","","2"
"2020","Saskatoon, Saskatchewan [47725]","2021A003547725","Youth non-violent crime severity index","Index","160","units","0","v53079686","32.11","","..","","","2"
"2021","Saskatoon, Saskatchewan [47725]","2021A003547725","Youth non-violent crime severity index","Index","160","units","0","v53079686","32.11","","..","","","2"
"2010","Saskatoon, Saskatchewan [47725]","2021A003547725","Percent change in youth non-violent crime severity index","Percent","239","units","0","v87984935","32.12","0.00","","","","2"
"2011","Saskatoon, Saskatchewan [47725]","2021A003547725","Percent change in youth non-violent crime severity index","Percent","239","units","0","v87984935","32.12","","..","","","2"
"2012","Saskatoon, Saskatchewan [47725]","2021A003547725","Percent change in youth non-violent crime severity index","Percent","239","units","0","v87984935","32.12","","..","","","2"
"2013","Saskatoon, Saskatchewan [47725]","2021A003547725","Percent change in youth non-violent crime severity index","Percent","239","units","0","v87984935","32.12","","..","","","2"
"2014","Saskatoon, Saskatchewan [47725]","2021A003547725","Percent change in youth non-violent crime severity index","Percent","239","units","0","v87984935","32.12","","..","","","2"
"2015","Saskatoon, Saskatchewan [47725]","2021A003547725","Percent change in youth non-violent crime severity index","Percent","239","units","0","v87984935","32.12","","..","","","2"
"2016","Saskatoon, Saskatchewan [47725]","2021A003547725","Percent change in youth non-violent crime severity index","Percent","239","units","0","v87984935","32.12","","..","","","2"
"2017","Saskatoon, Saskatchewan [47725]","2021A003547725","Percent change in youth non-violent crime severity index","Percent","239","units","0","v87984935","32.12","","..","","","2"
"2018","Saskatoon, Saskatchewan [47725]","2021A003547725","Percent change in youth non-violent crime severity index","Percent","239","units","0","v87984935","32.12","","..","","","2"
"2019","Saskatoon, Saskatchewan [47725]","2021A003547725","Percent change in youth non-violent crime severity index","Percent","239","units","0","v87984935","32.12","","..","","","2"
"2020","Saskatoon, Saskatchewan [47725]","2021A003547725","Percent change in youth non-violent crime severity index","Percent","239","units","0","v87984935","32.12","","..","","","2"
"2021","Saskatoon, Saskatchewan [47725]","2021A003547725","Percent change in youth non-violent crime severity index","Percent","239","units","0","v87984935","32.12","","..","","","2"
"2010","Saskatoon, Saskatchewan [47725]","2021A003547725","Weighted clearance rate","Number","223","units","0","v53079687","32.13","36.02","","","","2"
"2011","Saskatoon, Saskatchewan [47725]","2021A003547725","Weighted clearance rate","Number","223","units","0","v53079687","32.13","37.07","","","","2"
"2012","Saskatoon, Saskatchewan [47725]","2021A003547725","Weighted clearance rate","Number","223","units","0","v53079687","32.13","39.42","","","","2"
"2013","Saskatoon, Saskatchewan [47725]","2021A003547725","Weighted clearance rate","Number","223","units","0","v53079687","32.13","38.01","","","","2"
"2014","Saskatoon, Saskatchewan [47725]","2021A003547725","Weighted clearance rate","Number","223","units","0","v53079687","32.13","36.85","","","","2"
"2015","Saskatoon, Saskatchewan [47725]","2021A003547725","Weighted clearance rate","Number","223","units","0","v53079687","32.13","37.00","","","","2"
"2016","Saskatoon, Saskatchewan [47725]","2021A003547725","Weighted clearance rate","Number","223","units","0","v53079687","32.13","36.98","","","","2"
"2017","Saskatoon, Saskatchewan [47725]","2021A003547725","Weighted clearance rate","Number","223","units","0","v53079687","32.13","35.89","","","","2"
"2018","Saskatoon, Saskatchewan [47725]","2021A003547725","Weighted clearance rate","Number","223","units","0","v53079687","32.13","34.39","","","","2"
"2019","Saskatoon, Saskatchewan [47725]","2021A003547725","Weighted clearance rate","Number","223","units","0","v53079687","32.13","35.64","","","","2"
"2020","Saskatoon, Saskatchewan [47725]","2021A003547725","Weighted clearance rate","Number","223","units","0","v53079687","32.13","36.15","","","","2"
"2021","Saskatoon, Saskatchewan [47725]","2021A003547725","Weighted clearance rate","Number","223","units","0","v53079687","32.13","34.66","","","","2"
"2010","Saskatoon, Saskatchewan [47725]","2021A003547725","Percent change in weighted clearance rate","Percent","239","units","0","v53079688","32.14","13.70","","","","2"
"2011","Saskatoon, Saskatchewan [47725]","2021A003547725","Percent change in weighted clearance rate","Percent","239","units","0","v53079688","32.14","2.92","","","","2"
"2012","Saskatoon, Saskatchewan [47725]","2021A003547725","Percent change in weighted clearance rate","Percent","239","units","0","v53079688","32.14","6.34","","","","2"
"2013","Saskatoon, Saskatchewan [47725]","2021A003547725","Percent change in weighted clearance rate","Percent","239","units","0","v53079688","32.14","-3.58","","","","2"
"2014","Saskatoon, Saskatchewan [47725]","2021A003547725","Percent change in weighted clearance rate","Percent","239","units","0","v53079688","32.14","-3.05","","","","2"
"2015","Saskatoon, Saskatchewan [47725]","2021A003547725","Percent change in weighted clearance rate","Percent","239","units","0","v53079688","32.14","0.41","","","","2"
"2016","Saskatoon, Saskatchewan [47725]","2021A003547725","Percent change in weighted clearance rate","Percent","239","units","0","v53079688","32.14","-0.05","","","","2"
"2017","Saskatoon, Saskatchewan [47725]","2021A003547725","Percent change in weighted clearance rate","Percent","239","units","0","v53079688","32.14","-2.95","","","","2"
"2018","Saskatoon, Saskatchewan [47725]","2021A003547725","Percent change in weighted clearance rate","Percent","239","units","0","v53079688","32.14","-4.18","","","","2"
"2019","Saskatoon, Saskatchewan [47725]","2021A003547725","Percent change in weighted clearance rate","Percent","239","units","0","v53079688","32.14","3.63","","","","2"
"2020","Saskatoon, Saskatchewan [47725]","2021A003547725","Percent change in weighted clearance rate","Percent","239","units","0","v53079688","32.14","1.43","","","","2"
"2021","Saskatoon, Saskatchewan [47725]","2021A003547725","Percent change in weighted clearance rate","Percent","239","units","0","v53079688","32.14","-4.12","","","","2"
"2010","Saskatoon, Saskatchewan [47725]","2021A003547725","Violent weighted clearance rate","Number","223","units","0","v53079689","32.15","41.77","","","","2"
"2011","Saskatoon, Saskatchewan [47725]","2021A003547725","Violent weighted clearance rate","Number","223","units","0","v53079689","32.15","43.43","","","","2"
"2012","Saskatoon, Saskatchewan [47725]","2021A003547725","Violent weighted clearance rate","Number","223","units","0","v53079689","32.15","45.94","","","","2"
"2013","Saskatoon, Saskatchewan [47725]","2021A003547725","Violent weighted clearance rate","Number","223","units","0","v53079689","32.15","46.89","","","","2"
"2014","Saskatoon, Saskatchewan [47725]","2021A003547725","Violent weighted clearance rate","Number","223","units","0","v53079689","32.15","48.99","","","","2"
"2015","Saskatoon, Saskatchewan [47725]","2021A003547725","Violent weighted clearance rate","Number","223","units","0","v53079689","32.15","52.00","","","","2"
"2016","Saskatoon, Saskatchewan [47725]","2021A003547725","Violent weighted clearance rate","Number","223","units","0","v53079689","32.15","48.55","","","","2"
"2017","Saskatoon, Saskatchewan [47725]","2021A003547725","Violent weighted clearance rate","Number","223","units","0","v53079689","32.15","40.81","","","","2"
"2018","Saskatoon, Saskatchewan [47725]","2021A003547725","Violent weighted clearance rate","Number","223","units","0","v53079689","32.15","46.31","","","","2"
"2019","Saskatoon, Saskatchewan [47725]","2021A003547725","Violent weighted clearance rate","Number","223","units","0","v53079689","32.15","49.05","","","","2"
"2020","Saskatoon, Saskatchewan [47725]","2021A003547725","Violent weighted clearance rate","Number","223","units","0","v53079689","32.15","47.92","","","","2"
"2021","Saskatoon, Saskatchewan [47725]","2021A003547725","Violent weighted clearance rate","Number","223","units","0","v53079689","32.15","42.83","","","","2"
"2010","Saskatoon, Saskatchewan [47725]","2021A003547725","Percent change in violent weighted clearance rate","Percent","239","units","0","v53079690","32.16","14.82","","","","2"
"2011","Saskatoon, Saskatchewan [47725]","2021A003547725","Percent change in violent weighted clearance rate","Percent","239","units","0","v53079690","32.16","3.97","","","","2"
"2012","Saskatoon, Saskatchewan [47725]","2021A003547725","Percent change in violent weighted clearance rate","Percent","239","units","0","v53079690","32.16","5.78","","","","2"
"2013","Saskatoon, Saskatchewan [47725]","2021A003547725","Percent change in violent weighted clearance rate","Percent","239","units","0","v53079690","32.16","2.07","","","","2"
"2014","Saskatoon, Saskatchewan [47725]","2021A003547725","Percent change in violent weighted clearance rate","Percent","239","units","0","v53079690","32.16","4.48","","","","2"
"2015","Saskatoon, Saskatchewan [47725]","2021A003547725","Percent change in violent weighted clearance rate","Percent","239","units","0","v53079690","32.16","6.14","","","","2"
"2016","Saskatoon, Saskatchewan [47725]","2021A003547725","Percent change in violent weighted clearance rate","Percent","239","units","0","v53079690","32.16","-6.63","","","","2"
"2017","Saskatoon, Saskatchewan [47725]","2021A003547725","Percent change in violent weighted clearance rate","Percent","239","units","0","v53079690","32.16","-15.94","","","","2"
"2018","Saskatoon, Saskatchewan [47725]","2021A003547725","Percent change in violent weighted clearance rate","Percent","239","units","0","v53079690","32.16","13.48","","","","2"
"2019","Saskatoon, Saskatchewan [47725]","2021A003547725","Percent change in violent weighted clearance rate","Percent","239","units","0","v53079690","32.16","5.92","","","","2"
"2020","Saskatoon, Saskatchewan [47725]","2021A003547725","Percent change in violent weighted clearance rate","Percent","239","units","0","v53079690","32.16","-2.30","","","","2"
"2021","Saskatoon, Saskatchewan [47725]","2021A003547725","Percent change in violent weighted clearance rate","Percent","239","units","0","v53079690","32.16","-10.62","","","","2"
"2010","Saskatoon, Saskatchewan [47725]","2021A003547725","Non-violent weighted clearance rate","Number","223","units","0","v53079691","32.17","33.09","","","","2"
"2011","Saskatoon, Saskatchewan [47725]","2021A003547725","Non-violent weighted clearance rate","Number","223","units","0","v53079691","32.17","34.30","","","","2"
"2012","Saskatoon, Saskatchewan [47725]","2021A003547725","Non-violent weighted clearance rate","Number","223","units","0","v53079691","32.17","36.42","","","","2"
"2013","Saskatoon, Saskatchewan [47725]","2021A003547725","Non-violent weighted clearance rate","Number","223","units","0","v53079691","32.17","34.27","","","","2"
"2014","Saskatoon, Saskatchewan [47725]","2021A003547725","Non-violent weighted clearance rate","Number","223","units","0","v53079691","32.17","31.72","","","","2"
"2015","Saskatoon, Saskatchewan [47725]","2021A003547725","Non-violent weighted clearance rate","Number","223","units","0","v53079691","32.17","31.49","","","","2"
"2016","Saskatoon, Saskatchewan [47725]","2021A003547725","Non-violent weighted clearance rate","Number","223","units","0","v53079691","32.17","33.09","","","","2"
"2017","Saskatoon, Saskatchewan [47725]","2021A003547725","Non-violent weighted clearance rate","Number","223","units","0","v53079691","32.17","34.24","","","","2"
"2018","Saskatoon, Saskatchewan [47725]","2021A003547725","Non-violent weighted clearance rate","Number","223","units","0","v53079691","32.17","30.51","","","","2"
"2019","Saskatoon, Saskatchewan [47725]","2021A003547725","Non-violent weighted clearance rate","Number","223","units","0","v53079691","32.17","29.68","","","","2"
"2020","Saskatoon, Saskatchewan [47725]","2021A003547725","Non-violent weighted clearance rate","Number","223","units","0","v53079691","32.17","31.05","","","","2"
"2021","Saskatoon, Saskatchewan [47725]","2021A003547725","Non-violent weighted clearance rate","Number","223","units","0","v53079691","32.17","31.10","","","","2"
"2010","Saskatoon, Saskatchewan [47725]","2021A003547725","Percent change in non-violent weighted clearance rate","Percent","239","units","0","v53079692","32.18","12.47","","","","2"
"2011","Saskatoon, Saskatchewan [47725]","2021A003547725","Percent change in non-violent weighted clearance rate","Percent","239","units","0","v53079692","32.18","3.66","","","","2"
"2012","Saskatoon, Saskatchewan [47725]","2021A003547725","Percent change in non-violent weighted clearance rate","Percent","239","units","0","v53079692","32.18","6.18","","","","2"
"2013","Saskatoon, Saskatchewan [47725]","2021A003547725","Percent change in non-violent weighted clearance rate","Percent","239","units","0","v53079692","32.18","-5.90","","","","2"
"2014","Saskatoon, Saskatchewan [47725]","2021A003547725","Percent change in non-violent weighted clearance rate","Percent","239","units","0","v53079692","32.18","-7.44","","","","2"
"2015","Saskatoon, Saskatchewan [47725]","2021A003547725","Percent change in non-violent weighted clearance rate","Percent","239","units","0","v53079692","32.18","-0.73","","","","2"
"2016","Saskatoon, Saskatchewan [47725]","2021A003547725","Percent change in non-violent weighted clearance rate","Percent","239","units","0","v53079692","32.18","5.08","","","","2"
"2017","Saskatoon, Saskatchewan [47725]","2021A003547725","Percent change in non-violent weighted clearance rate","Percent","239","units","0","v53079692","32.18","3.48","","","","2"
"2018","Saskatoon, Saskatchewan [47725]","2021A003547725","Percent change in non-violent weighted clearance rate","Percent","239","units","0","v53079692","32.18","-10.89","","","","2"
"2019","Saskatoon, Saskatchewan [47725]","2021A003547725","Percent change in non-violent weighted clearance rate","Percent","239","units","0","v53079692","32.18","-2.72","","","","2"
"2020","Saskatoon, Saskatchewan [47725]","2021A003547725","Percent change in non-violent weighted clearance rate","Percent","239","units","0","v53079692","32.18","4.62","","","","2"
"2021","Saskatoon, Saskatchewan [47725]","2021A003547725","Percent change in non-violent weighted clearance rate","Percent","239","units","0","v53079692","32.18","0.16","","","","2"


