﻿"REF_DATE","GEO","DGUID","Statistics","UOM","UOM_ID","SCALAR_FACTOR","SCALAR_ID","VECTOR","COORDINATE","VALUE","STATUS","SYMBOL","TERMINATED","DECIMALS"
"2011","Lethbridge, Alberta [48810]","2021A003548810","Crime severity index","Index","160","units","0","v1064948755","50.1","","..","","","2"
"2012","Lethbridge, Alberta [48810]","2021A003548810","Crime severity index","Index","160","units","0","v1064948755","50.1","","..","","","2"
"2013","Lethbridge, Alberta [48810]","2021A003548810","Crime severity index","Index","160","units","0","v1064948755","50.1","","..","","","2"
"2014","Lethbridge, Alberta [48810]","2021A003548810","Crime severity index","Index","160","units","0","v1064948755","50.1","","..","","","2"
"2015","Lethbridge, Alberta [48810]","2021A003548810","Crime severity index","Index","160","units","0","v1064948755","50.1","","..","","","2"
"2016","Lethbridge, Alberta [48810]","2021A003548810","Crime severity index","Index","160","units","0","v1064948755","50.1","103.45","","","","2"
"2017","Lethbridge, Alberta [48810]","2021A003548810","Crime severity index","Index","160","units","0","v1064948755","50.1","124.41","","","","2"
"2018","Lethbridge, Alberta [48810]","2021A003548810","Crime severity index","Index","160","units","0","v1064948755","50.1","138.29","","","","2"
"2019","Lethbridge, Alberta [48810]","2021A003548810","Crime severity index","Index","160","units","0","v1064948755","50.1","141.67","","","","2"
"2020","Lethbridge, Alberta [48810]","2021A003548810","Crime severity index","Index","160","units","0","v1064948755","50.1","138.52","","","","2"
"2021","Lethbridge, Alberta [48810]","2021A003548810","Crime severity index","Index","160","units","0","v1064948755","50.1","128.65","","","","2"
"2011","Lethbridge, Alberta [48810]","2021A003548810","Percent change in crime severity index","Percent","239","units","0","v1064948756","50.2","","..","","","2"
"2012","Lethbridge, Alberta [48810]","2021A003548810","Percent change in crime severity index","Percent","239","units","0","v1064948756","50.2","","..","","","2"
"2013","Lethbridge, Alberta [48810]","2021A003548810","Percent change in crime severity index","Percent","239","units","0","v1064948756","50.2","","..","","","2"
"2014","Lethbridge, Alberta [48810]","2021A003548810","Percent change in crime severity index","Percent","239","units","0","v1064948756","50.2","","..","","","2"
"2015","Lethbridge, Alberta [48810]","2021A003548810","Percent change in crime severity index","Percent","239","units","0","v1064948756","50.2","","..","","","2"
"2016","Lethbridge, Alberta [48810]","2021A003548810","Percent change in crime severity index","Percent","239","units","0","v1064948756","50.2","","..","","","2"
"2017","Lethbridge, Alberta [48810]","2021A003548810","Percent change in crime severity index","Percent","239","units","0","v1064948756","50.2","20.26","","","","2"
"2018","Lethbridge, Alberta [48810]","2021A003548810","Percent change in crime severity index","Percent","239","units","0","v1064948756","50.2","11.16","","","","2"
"2019","Lethbridge, Alberta [48810]","2021A003548810","Percent change in crime severity index","Percent","239","units","0","v1064948756","50.2","2.44","","","","2"
"2020","Lethbridge, Alberta [48810]","2021A003548810","Percent change in crime severity index","Percent","239","units","0","v1064948756","50.2","-2.22","","","","2"
"2021","Lethbridge, Alberta [48810]","2021A003548810","Percent change in crime severity index","Percent","239","units","0","v1064948756","50.2","-7.13","","","","2"
"2011","Lethbridge, Alberta [48810]","2021A003548810","Violent crime severity index","Index","160","units","0","v1064948757","50.3","","..","","","2"
"2012","Lethbridge, Alberta [48810]","2021A003548810","Violent crime severity index","Index","160","units","0","v1064948757","50.3","","..","","","2"
"2013","Lethbridge, Alberta [48810]","2021A003548810","Violent crime severity index","Index","160","units","0","v1064948757","50.3","","..","","","2"
"2014","Lethbridge, Alberta [48810]","2021A003548810","Violent crime severity index","Index","160","units","0","v1064948757","50.3","","..","","","2"
"2015","Lethbridge, Alberta [48810]","2021A003548810","Violent crime severity index","Index","160","units","0","v1064948757","50.3","","..","","","2"
"2016","Lethbridge, Alberta [48810]","2021A003548810","Violent crime severity index","Index","160","units","0","v1064948757","50.3","62.78","","","","2"
"2017","Lethbridge, Alberta [48810]","2021A003548810","Violent crime severity index","Index","160","units","0","v1064948757","50.3","87.19","","","","2"
"2018","Lethbridge, Alberta [48810]","2021A003548810","Violent crime severity index","Index","160","units","0","v1064948757","50.3","100.17","","","","2"
"2019","Lethbridge, Alberta [48810]","2021A003548810","Violent crime severity index","Index","160","units","0","v1064948757","50.3","102.45","","","","2"
"2020","Lethbridge, Alberta [48810]","2021A003548810","Violent crime severity index","Index","160","units","0","v1064948757","50.3","111.26","","","","2"
"2021","Lethbridge, Alberta [48810]","2021A003548810","Violent crime severity index","Index","160","units","0","v1064948757","50.3","114.25","","","","2"
"2011","Lethbridge, Alberta [48810]","2021A003548810","Percent change in violent crime severity index","Percent","239","units","0","v1064948758","50.4","","..","","","2"
"2012","Lethbridge, Alberta [48810]","2021A003548810","Percent change in violent crime severity index","Percent","239","units","0","v1064948758","50.4","","..","","","2"
"2013","Lethbridge, Alberta [48810]","2021A003548810","Percent change in violent crime severity index","Percent","239","units","0","v1064948758","50.4","","..","","","2"
"2014","Lethbridge, Alberta [48810]","2021A003548810","Percent change in violent crime severity index","Percent","239","units","0","v1064948758","50.4","","..","","","2"
"2015","Lethbridge, Alberta [48810]","2021A003548810","Percent change in violent crime severity index","Percent","239","units","0","v1064948758","50.4","","..","","","2"
"2016","Lethbridge, Alberta [48810]","2021A003548810","Percent change in violent crime severity index","Percent","239","units","0","v1064948758","50.4","","..","","","2"
"2017","Lethbridge, Alberta [48810]","2021A003548810","Percent change in violent crime severity index","Percent","239","units","0","v1064948758","50.4","38.88","","","","2"
"2018","Lethbridge, Alberta [48810]","2021A003548810","Percent change in violent crime severity index","Percent","239","units","0","v1064948758","50.4","14.89","","","","2"
"2019","Lethbridge, Alberta [48810]","2021A003548810","Percent change in violent crime severity index","Percent","239","units","0","v1064948758","50.4","2.28","","","","2"
"2020","Lethbridge, Alberta [48810]","2021A003548810","Percent change in violent crime severity index","Percent","239","units","0","v1064948758","50.4","8.60","","","","2"
"2021","Lethbridge, Alberta [48810]","2021A003548810","Percent change in violent crime severity index","Percent","239","units","0","v1064948758","50.4","2.69","","","","2"
"2011","Lethbridge, Alberta [48810]","2021A003548810","Non-violent crime severity index","Index","160","units","0","v1064948759","50.5","","..","","","2"
"2012","Lethbridge, Alberta [48810]","2021A003548810","Non-violent crime severity index","Index","160","units","0","v1064948759","50.5","","..","","","2"
"2013","Lethbridge, Alberta [48810]","2021A003548810","Non-violent crime severity index","Index","160","units","0","v1064948759","50.5","","..","","","2"
"2014","Lethbridge, Alberta [48810]","2021A003548810","Non-violent crime severity index","Index","160","units","0","v1064948759","50.5","","..","","","2"
"2015","Lethbridge, Alberta [48810]","2021A003548810","Non-violent crime severity index","Index","160","units","0","v1064948759","50.5","","..","","","2"
"2016","Lethbridge, Alberta [48810]","2021A003548810","Non-violent crime severity index","Index","160","units","0","v1064948759","50.5","117.84","","","","2"
"2017","Lethbridge, Alberta [48810]","2021A003548810","Non-violent crime severity index","Index","160","units","0","v1064948759","50.5","137.51","","","","2"
"2018","Lethbridge, Alberta [48810]","2021A003548810","Non-violent crime severity index","Index","160","units","0","v1064948759","50.5","151.68","","","","2"
"2019","Lethbridge, Alberta [48810]","2021A003548810","Non-violent crime severity index","Index","160","units","0","v1064948759","50.5","155.45","","","","2"
"2020","Lethbridge, Alberta [48810]","2021A003548810","Non-violent crime severity index","Index","160","units","0","v1064948759","50.5","148.00","","","","2"
"2021","Lethbridge, Alberta [48810]","2021A003548810","Non-violent crime severity index","Index","160","units","0","v1064948759","50.5","133.53","","","","2"
"2011","Lethbridge, Alberta [48810]","2021A003548810","Percent change in non-violent crime severity index","Percent","239","units","0","v1064948760","50.6","","..","","","2"
"2012","Lethbridge, Alberta [48810]","2021A003548810","Percent change in non-violent crime severity index","Percent","239","units","0","v1064948760","50.6","","..","","","2"
"2013","Lethbridge, Alberta [48810]","2021A003548810","Percent change in non-violent crime severity index","Percent","239","units","0","v1064948760","50.6","","..","","","2"
"2014","Lethbridge, Alberta [48810]","2021A003548810","Percent change in non-violent crime severity index","Percent","239","units","0","v1064948760","50.6","","..","","","2"
"2015","Lethbridge, Alberta [48810]","2021A003548810","Percent change in non-violent crime severity index","Percent","239","units","0","v1064948760","50.6","","..","","","2"
"2016","Lethbridge, Alberta [48810]","2021A003548810","Percent change in non-violent crime severity index","Percent","239","units","0","v1064948760","50.6","","..","","","2"
"2017","Lethbridge, Alberta [48810]","2021A003548810","Percent change in non-violent crime severity index","Percent","239","units","0","v1064948760","50.6","16.69","","","","2"
"2018","Lethbridge, Alberta [48810]","2021A003548810","Percent change in non-violent crime severity index","Percent","239","units","0","v1064948760","50.6","10.30","","","","2"
"2019","Lethbridge, Alberta [48810]","2021A003548810","Percent change in non-violent crime severity index","Percent","239","units","0","v1064948760","50.6","2.49","","","","2"
"2020","Lethbridge, Alberta [48810]","2021A003548810","Percent change in non-violent crime severity index","Percent","239","units","0","v1064948760","50.6","-4.79","","","","2"
"2021","Lethbridge, Alberta [48810]","2021A003548810","Percent change in non-violent crime severity index","Percent","239","units","0","v1064948760","50.6","-9.78","","","","2"
"2011","Lethbridge, Alberta [48810]","2021A003548810","Youth crime severity index","Index","160","units","0","v1064948761","50.7","","..","","","2"
"2012","Lethbridge, Alberta [48810]","2021A003548810","Youth crime severity index","Index","160","units","0","v1064948761","50.7","","..","","","2"
"2013","Lethbridge, Alberta [48810]","2021A003548810","Youth crime severity index","Index","160","units","0","v1064948761","50.7","","..","","","2"
"2014","Lethbridge, Alberta [48810]","2021A003548810","Youth crime severity index","Index","160","units","0","v1064948761","50.7","","..","","","2"
"2015","Lethbridge, Alberta [48810]","2021A003548810","Youth crime severity index","Index","160","units","0","v1064948761","50.7","","..","","","2"
"2016","Lethbridge, Alberta [48810]","2021A003548810","Youth crime severity index","Index","160","units","0","v1064948761","50.7","","..","","","2"
"2017","Lethbridge, Alberta [48810]","2021A003548810","Youth crime severity index","Index","160","units","0","v1064948761","50.7","","..","","","2"
"2018","Lethbridge, Alberta [48810]","2021A003548810","Youth crime severity index","Index","160","units","0","v1064948761","50.7","","..","","","2"
"2019","Lethbridge, Alberta [48810]","2021A003548810","Youth crime severity index","Index","160","units","0","v1064948761","50.7","","..","","","2"
"2020","Lethbridge, Alberta [48810]","2021A003548810","Youth crime severity index","Index","160","units","0","v1064948761","50.7","","..","","","2"
"2021","Lethbridge, Alberta [48810]","2021A003548810","Youth crime severity index","Index","160","units","0","v1064948761","50.7","","..","","","2"
"2011","Lethbridge, Alberta [48810]","2021A003548810","Percent change in youth crime severity index","Percent","239","units","0","v1064948762","50.8","","..","","","2"
"2012","Lethbridge, Alberta [48810]","2021A003548810","Percent change in youth crime severity index","Percent","239","units","0","v1064948762","50.8","","..","","","2"
"2013","Lethbridge, Alberta [48810]","2021A003548810","Percent change in youth crime severity index","Percent","239","units","0","v1064948762","50.8","","..","","","2"
"2014","Lethbridge, Alberta [48810]","2021A003548810","Percent change in youth crime severity index","Percent","239","units","0","v1064948762","50.8","","..","","","2"
"2015","Lethbridge, Alberta [48810]","2021A003548810","Percent change in youth crime severity index","Percent","239","units","0","v1064948762","50.8","","..","","","2"
"2016","Lethbridge, Alberta [48810]","2021A003548810","Percent change in youth crime severity index","Percent","239","units","0","v1064948762","50.8","","..","","","2"
"2017","Lethbridge, Alberta [48810]","2021A003548810","Percent change in youth crime severity index","Percent","239","units","0","v1064948762","50.8","","..","","","2"
"2018","Lethbridge, Alberta [48810]","2021A003548810","Percent change in youth crime severity index","Percent","239","units","0","v1064948762","50.8","","..","","","2"
"2019","Lethbridge, Alberta [48810]","2021A003548810","Percent change in youth crime severity index","Percent","239","units","0","v1064948762","50.8","","..","","","2"
"2020","Lethbridge, Alberta [48810]","2021A003548810","Percent change in youth crime severity index","Percent","239","units","0","v1064948762","50.8","","..","","","2"
"2021","Lethbridge, Alberta [48810]","2021A003548810","Percent change in youth crime severity index","Percent","239","units","0","v1064948762","50.8","","..","","","2"
"2011","Lethbridge, Alberta [48810]","2021A003548810","Youth violent crime severity index","Index","160","units","0","v1064948763","50.9","","..","","","2"
"2012","Lethbridge, Alberta [48810]","2021A003548810","Youth violent crime severity index","Index","160","units","0","v1064948763","50.9","","..","","","2"
"2013","Lethbridge, Alberta [48810]","2021A003548810","Youth violent crime severity index","Index","160","units","0","v1064948763","50.9","","..","","","2"
"2014","Lethbridge, Alberta [48810]","2021A003548810","Youth violent crime severity index","Index","160","units","0","v1064948763","50.9","","..","","","2"
"2015","Lethbridge, Alberta [48810]","2021A003548810","Youth violent crime severity index","Index","160","units","0","v1064948763","50.9","","..","","","2"
"2016","Lethbridge, Alberta [48810]","2021A003548810","Youth violent crime severity index","Index","160","units","0","v1064948763","50.9","","..","","","2"
"2017","Lethbridge, Alberta [48810]","2021A003548810","Youth violent crime severity index","Index","160","units","0","v1064948763","50.9","","..","","","2"
"2018","Lethbridge, Alberta [48810]","2021A003548810","Youth violent crime severity index","Index","160","units","0","v1064948763","50.9","","..","","","2"
"2019","Lethbridge, Alberta [48810]","2021A003548810","Youth violent crime severity index","Index","160","units","0","v1064948763","50.9","","..","","","2"
"2020","Lethbridge, Alberta [48810]","2021A003548810","Youth violent crime severity index","Index","160","units","0","v1064948763","50.9","","..","","","2"
"2021","Lethbridge, Alberta [48810]","2021A003548810","Youth violent crime severity index","Index","160","units","0","v1064948763","50.9","","..","","","2"
"2011","Lethbridge, Alberta [48810]","2021A003548810","Percent change in youth violent crime severity index","Percent","239","units","0","v1064948764","50.10","","..","","","2"
"2012","Lethbridge, Alberta [48810]","2021A003548810","Percent change in youth violent crime severity index","Percent","239","units","0","v1064948764","50.10","","..","","","2"
"2013","Lethbridge, Alberta [48810]","2021A003548810","Percent change in youth violent crime severity index","Percent","239","units","0","v1064948764","50.10","","..","","","2"
"2014","Lethbridge, Alberta [48810]","2021A003548810","Percent change in youth violent crime severity index","Percent","239","units","0","v1064948764","50.10","","..","","","2"
"2015","Lethbridge, Alberta [48810]","2021A003548810","Percent change in youth violent crime severity index","Percent","239","units","0","v1064948764","50.10","","..","","","2"
"2016","Lethbridge, Alberta [48810]","2021A003548810","Percent change in youth violent crime severity index","Percent","239","units","0","v1064948764","50.10","","..","","","2"
"2017","Lethbridge, Alberta [48810]","2021A003548810","Percent change in youth violent crime severity index","Percent","239","units","0","v1064948764","50.10","","..","","","2"
"2018","Lethbridge, Alberta [48810]","2021A003548810","Percent change in youth violent crime severity index","Percent","239","units","0","v1064948764","50.10","","..","","","2"
"2019","Lethbridge, Alberta [48810]","2021A003548810","Percent change in youth violent crime severity index","Percent","239","units","0","v1064948764","50.10","","..","","","2"
"2020","Lethbridge, Alberta [48810]","2021A003548810","Percent change in youth violent crime severity index","Percent","239","units","0","v1064948764","50.10","","..","","","2"
"2021","Lethbridge, Alberta [48810]","2021A003548810","Percent change in youth violent crime severity index","Percent","239","units","0","v1064948764","50.10","","..","","","2"
"2011","Lethbridge, Alberta [48810]","2021A003548810","Youth non-violent crime severity index","Index","160","units","0","v1064948765","50.11","","..","","","2"
"2012","Lethbridge, Alberta [48810]","2021A003548810","Youth non-violent crime severity index","Index","160","units","0","v1064948765","50.11","","..","","","2"
"2013","Lethbridge, Alberta [48810]","2021A003548810","Youth non-violent crime severity index","Index","160","units","0","v1064948765","50.11","","..","","","2"
"2014","Lethbridge, Alberta [48810]","2021A003548810","Youth non-violent crime severity index","Index","160","units","0","v1064948765","50.11","","..","","","2"
"2015","Lethbridge, Alberta [48810]","2021A003548810","Youth non-violent crime severity index","Index","160","units","0","v1064948765","50.11","","..","","","2"
"2016","Lethbridge, Alberta [48810]","2021A003548810","Youth non-violent crime severity index","Index","160","units","0","v1064948765","50.11","","..","","","2"
"2017","Lethbridge, Alberta [48810]","2021A003548810","Youth non-violent crime severity index","Index","160","units","0","v1064948765","50.11","","..","","","2"
"2018","Lethbridge, Alberta [48810]","2021A003548810","Youth non-violent crime severity index","Index","160","units","0","v1064948765","50.11","","..","","","2"
"2019","Lethbridge, Alberta [48810]","2021A003548810","Youth non-violent crime severity index","Index","160","units","0","v1064948765","50.11","","..","","","2"
"2020","Lethbridge, Alberta [48810]","2021A003548810","Youth non-violent crime severity index","Index","160","units","0","v1064948765","50.11","","..","","","2"
"2021","Lethbridge, Alberta [48810]","2021A003548810","Youth non-violent crime severity index","Index","160","units","0","v1064948765","50.11","","..","","","2"
"2011","Lethbridge, Alberta [48810]","2021A003548810","Percent change in youth non-violent crime severity index","Percent","239","units","0","v1064948766","50.12","","..","","","2"
"2012","Lethbridge, Alberta [48810]","2021A003548810","Percent change in youth non-violent crime severity index","Percent","239","units","0","v1064948766","50.12","","..","","","2"
"2013","Lethbridge, Alberta [48810]","2021A003548810","Percent change in youth non-violent crime severity index","Percent","239","units","0","v1064948766","50.12","","..","","","2"
"2014","Lethbridge, Alberta [48810]","2021A003548810","Percent change in youth non-violent crime severity index","Percent","239","units","0","v1064948766","50.12","","..","","","2"
"2015","Lethbridge, Alberta [48810]","2021A003548810","Percent change in youth non-violent crime severity index","Percent","239","units","0","v1064948766","50.12","","..","","","2"
"2016","Lethbridge, Alberta [48810]","2021A003548810","Percent change in youth non-violent crime severity index","Percent","239","units","0","v1064948766","50.12","","..","","","2"
"2017","Lethbridge, Alberta [48810]","2021A003548810","Percent change in youth non-violent crime severity index","Percent","239","units","0","v1064948766","50.12","","..","","","2"
"2018","Lethbridge, Alberta [48810]","2021A003548810","Percent change in youth non-violent crime severity index","Percent","239","units","0","v1064948766","50.12","","..","","","2"
"2019","Lethbridge, Alberta [48810]","2021A003548810","Percent change in youth non-violent crime severity index","Percent","239","units","0","v1064948766","50.12","","..","","","2"
"2020","Lethbridge, Alberta [48810]","2021A003548810","Percent change in youth non-violent crime severity index","Percent","239","units","0","v1064948766","50.12","","..","","","2"
"2021","Lethbridge, Alberta [48810]","2021A003548810","Percent change in youth non-violent crime severity index","Percent","239","units","0","v1064948766","50.12","","..","","","2"
"2011","Lethbridge, Alberta [48810]","2021A003548810","Weighted clearance rate","Number","223","units","0","v1064948767","50.13","","..","","","2"
"2012","Lethbridge, Alberta [48810]","2021A003548810","Weighted clearance rate","Number","223","units","0","v1064948767","50.13","","..","","","2"
"2013","Lethbridge, Alberta [48810]","2021A003548810","Weighted clearance rate","Number","223","units","0","v1064948767","50.13","","..","","","2"
"2014","Lethbridge, Alberta [48810]","2021A003548810","Weighted clearance rate","Number","223","units","0","v1064948767","50.13","","..","","","2"
"2015","Lethbridge, Alberta [48810]","2021A003548810","Weighted clearance rate","Number","223","units","0","v1064948767","50.13","","..","","","2"
"2016","Lethbridge, Alberta [48810]","2021A003548810","Weighted clearance rate","Number","223","units","0","v1064948767","50.13","49.28","","","","2"
"2017","Lethbridge, Alberta [48810]","2021A003548810","Weighted clearance rate","Number","223","units","0","v1064948767","50.13","45.05","","","","2"
"2018","Lethbridge, Alberta [48810]","2021A003548810","Weighted clearance rate","Number","223","units","0","v1064948767","50.13","40.22","","","","2"
"2019","Lethbridge, Alberta [48810]","2021A003548810","Weighted clearance rate","Number","223","units","0","v1064948767","50.13","38.38","","","","2"
"2020","Lethbridge, Alberta [48810]","2021A003548810","Weighted clearance rate","Number","223","units","0","v1064948767","50.13","38.17","","","","2"
"2021","Lethbridge, Alberta [48810]","2021A003548810","Weighted clearance rate","Number","223","units","0","v1064948767","50.13","36.79","","","","2"
"2011","Lethbridge, Alberta [48810]","2021A003548810","Percent change in weighted clearance rate","Percent","239","units","0","v1064948768","50.14","","..","","","2"
"2012","Lethbridge, Alberta [48810]","2021A003548810","Percent change in weighted clearance rate","Percent","239","units","0","v1064948768","50.14","","..","","","2"
"2013","Lethbridge, Alberta [48810]","2021A003548810","Percent change in weighted clearance rate","Percent","239","units","0","v1064948768","50.14","","..","","","2"
"2014","Lethbridge, Alberta [48810]","2021A003548810","Percent change in weighted clearance rate","Percent","239","units","0","v1064948768","50.14","","..","","","2"
"2015","Lethbridge, Alberta [48810]","2021A003548810","Percent change in weighted clearance rate","Percent","239","units","0","v1064948768","50.14","","..","","","2"
"2016","Lethbridge, Alberta [48810]","2021A003548810","Percent change in weighted clearance rate","Percent","239","units","0","v1064948768","50.14","","..","","","2"
"2017","Lethbridge, Alberta [48810]","2021A003548810","Percent change in weighted clearance rate","Percent","239","units","0","v1064948768","50.14","-8.58","","","","2"
"2018","Lethbridge, Alberta [48810]","2021A003548810","Percent change in weighted clearance rate","Percent","239","units","0","v1064948768","50.14","-10.72","","","","2"
"2019","Lethbridge, Alberta [48810]","2021A003548810","Percent change in weighted clearance rate","Percent","239","units","0","v1064948768","50.14","-4.57","","","","2"
"2020","Lethbridge, Alberta [48810]","2021A003548810","Percent change in weighted clearance rate","Percent","239","units","0","v1064948768","50.14","-0.55","","","","2"
"2021","Lethbridge, Alberta [48810]","2021A003548810","Percent change in weighted clearance rate","Percent","239","units","0","v1064948768","50.14","-3.62","","","","2"
"2011","Lethbridge, Alberta [48810]","2021A003548810","Violent weighted clearance rate","Number","223","units","0","v1064948769","50.15","","..","","","2"
"2012","Lethbridge, Alberta [48810]","2021A003548810","Violent weighted clearance rate","Number","223","units","0","v1064948769","50.15","","..","","","2"
"2013","Lethbridge, Alberta [48810]","2021A003548810","Violent weighted clearance rate","Number","223","units","0","v1064948769","50.15","","..","","","2"
"2014","Lethbridge, Alberta [48810]","2021A003548810","Violent weighted clearance rate","Number","223","units","0","v1064948769","50.15","","..","","","2"
"2015","Lethbridge, Alberta [48810]","2021A003548810","Violent weighted clearance rate","Number","223","units","0","v1064948769","50.15","","..","","","2"
"2016","Lethbridge, Alberta [48810]","2021A003548810","Violent weighted clearance rate","Number","223","units","0","v1064948769","50.15","76.37","","","","2"
"2017","Lethbridge, Alberta [48810]","2021A003548810","Violent weighted clearance rate","Number","223","units","0","v1064948769","50.15","77.37","","","","2"
"2018","Lethbridge, Alberta [48810]","2021A003548810","Violent weighted clearance rate","Number","223","units","0","v1064948769","50.15","58.85","","","","2"
"2019","Lethbridge, Alberta [48810]","2021A003548810","Violent weighted clearance rate","Number","223","units","0","v1064948769","50.15","55.78","","","","2"
"2020","Lethbridge, Alberta [48810]","2021A003548810","Violent weighted clearance rate","Number","223","units","0","v1064948769","50.15","62.97","","","","2"
"2021","Lethbridge, Alberta [48810]","2021A003548810","Violent weighted clearance rate","Number","223","units","0","v1064948769","50.15","57.90","","","","2"
"2011","Lethbridge, Alberta [48810]","2021A003548810","Percent change in violent weighted clearance rate","Percent","239","units","0","v1064948770","50.16","","..","","","2"
"2012","Lethbridge, Alberta [48810]","2021A003548810","Percent change in violent weighted clearance rate","Percent","239","units","0","v1064948770","50.16","","..","","","2"
"2013","Lethbridge, Alberta [48810]","2021A003548810","Percent change in violent weighted clearance rate","Percent","239","units","0","v1064948770","50.16","","..","","","2"
"2014","Lethbridge, Alberta [48810]","2021A003548810","Percent change in violent weighted clearance rate","Percent","239","units","0","v1064948770","50.16","","..","","","2"
"2015","Lethbridge, Alberta [48810]","2021A003548810","Percent change in violent weighted clearance rate","Percent","239","units","0","v1064948770","50.16","","..","","","2"
"2016","Lethbridge, Alberta [48810]","2021A003548810","Percent change in violent weighted clearance rate","Percent","239","units","0","v1064948770","50.16","","..","","","2"
"2017","Lethbridge, Alberta [48810]","2021A003548810","Percent change in violent weighted clearance rate","Percent","239","units","0","v1064948770","50.16","1.31","","","","2"
"2018","Lethbridge, Alberta [48810]","2021A003548810","Percent change in violent weighted clearance rate","Percent","239","units","0","v1064948770","50.16","-23.94","","","","2"
"2019","Lethbridge, Alberta [48810]","2021A003548810","Percent change in violent weighted clearance rate","Percent","239","units","0","v1064948770","50.16","-5.22","","","","2"
"2020","Lethbridge, Alberta [48810]","2021A003548810","Percent change in violent weighted clearance rate","Percent","239","units","0","v1064948770","50.16","12.89","","","","2"
"2021","Lethbridge, Alberta [48810]","2021A003548810","Percent change in violent weighted clearance rate","Percent","239","units","0","v1064948770","50.16","-8.05","","","","2"
"2011","Lethbridge, Alberta [48810]","2021A003548810","Non-violent weighted clearance rate","Number","223","units","0","v1064948771","50.17","","..","","","2"
"2012","Lethbridge, Alberta [48810]","2021A003548810","Non-violent weighted clearance rate","Number","223","units","0","v1064948771","50.17","","..","","","2"
"2013","Lethbridge, Alberta [48810]","2021A003548810","Non-violent weighted clearance rate","Number","223","units","0","v1064948771","50.17","","..","","","2"
"2014","Lethbridge, Alberta [48810]","2021A003548810","Non-violent weighted clearance rate","Number","223","units","0","v1064948771","50.17","","..","","","2"
"2015","Lethbridge, Alberta [48810]","2021A003548810","Non-violent weighted clearance rate","Number","223","units","0","v1064948771","50.17","","..","","","2"
"2016","Lethbridge, Alberta [48810]","2021A003548810","Non-violent weighted clearance rate","Number","223","units","0","v1064948771","50.17","44.09","","","","2"
"2017","Lethbridge, Alberta [48810]","2021A003548810","Non-violent weighted clearance rate","Number","223","units","0","v1064948771","50.17","37.68","","","","2"
"2018","Lethbridge, Alberta [48810]","2021A003548810","Non-violent weighted clearance rate","Number","223","units","0","v1064948771","50.17","35.80","","","","2"
"2019","Lethbridge, Alberta [48810]","2021A003548810","Non-violent weighted clearance rate","Number","223","units","0","v1064948771","50.17","34.25","","","","2"
"2020","Lethbridge, Alberta [48810]","2021A003548810","Non-violent weighted clearance rate","Number","223","units","0","v1064948771","50.17","31.46","","","","2"
"2021","Lethbridge, Alberta [48810]","2021A003548810","Non-violent weighted clearance rate","Number","223","units","0","v1064948771","50.17","30.30","","","","2"
"2011","Lethbridge, Alberta [48810]","2021A003548810","Percent change in non-violent weighted clearance rate","Percent","239","units","0","v1064948772","50.18","","..","","","2"
"2012","Lethbridge, Alberta [48810]","2021A003548810","Percent change in non-violent weighted clearance rate","Percent","239","units","0","v1064948772","50.18","","..","","","2"
"2013","Lethbridge, Alberta [48810]","2021A003548810","Percent change in non-violent weighted clearance rate","Percent","239","units","0","v1064948772","50.18","","..","","","2"
"2014","Lethbridge, Alberta [48810]","2021A003548810","Percent change in non-violent weighted clearance rate","Percent","239","units","0","v1064948772","50.18","","..","","","2"
"2015","Lethbridge, Alberta [48810]","2021A003548810","Percent change in non-violent weighted clearance rate","Percent","239","units","0","v1064948772","50.18","","..","","","2"
"2016","Lethbridge, Alberta [48810]","2021A003548810","Percent change in non-violent weighted clearance rate","Percent","239","units","0","v1064948772","50.18","","..","","","2"
"2017","Lethbridge, Alberta [48810]","2021A003548810","Percent change in non-violent weighted clearance rate","Percent","239","units","0","v1064948772","50.18","-14.54","","","","2"
"2018","Lethbridge, Alberta [48810]","2021A003548810","Percent change in non-violent weighted clearance rate","Percent","239","units","0","v1064948772","50.18","-4.99","","","","2"
"2019","Lethbridge, Alberta [48810]","2021A003548810","Percent change in non-violent weighted clearance rate","Percent","239","units","0","v1064948772","50.18","-4.33","","","","2"
"2020","Lethbridge, Alberta [48810]","2021A003548810","Percent change in non-violent weighted clearance rate","Percent","239","units","0","v1064948772","50.18","-8.15","","","","2"
"2021","Lethbridge, Alberta [48810]","2021A003548810","Percent change in non-violent weighted clearance rate","Percent","239","units","0","v1064948772","50.18","-3.69","","","","2"


