﻿"REF_DATE","GEO","DGUID","Statistics","UOM","UOM_ID","SCALAR_FACTOR","SCALAR_ID","VECTOR","COORDINATE","VALUE","STATUS","SYMBOL","TERMINATED","DECIMALS"
"2010","Calgary, Alberta [48825]","2021A003548825","Crime severity index","Index","160","units","0","v44312659","34.1","76.39","","","","2"
"2011","Calgary, Alberta [48825]","2021A003548825","Crime severity index","Index","160","units","0","v44312659","34.1","65.37","","","","2"
"2012","Calgary, Alberta [48825]","2021A003548825","Crime severity index","Index","160","units","0","v44312659","34.1","61.28","","","","2"
"2013","Calgary, Alberta [48825]","2021A003548825","Crime severity index","Index","160","units","0","v44312659","34.1","61.28","","","","2"
"2014","Calgary, Alberta [48825]","2021A003548825","Crime severity index","Index","160","units","0","v44312659","34.1","61.06","","","","2"
"2015","Calgary, Alberta [48825]","2021A003548825","Crime severity index","Index","160","units","0","v44312659","34.1","79.77","","","","2"
"2016","Calgary, Alberta [48825]","2021A003548825","Crime severity index","Index","160","units","0","v44312659","34.1","78.35","","","","2"
"2017","Calgary, Alberta [48825]","2021A003548825","Crime severity index","Index","160","units","0","v44312659","34.1","83.64","","","","2"
"2018","Calgary, Alberta [48825]","2021A003548825","Crime severity index","Index","160","units","0","v44312659","34.1","89.34","","","","2"
"2019","Calgary, Alberta [48825]","2021A003548825","Crime severity index","Index","160","units","0","v44312659","34.1","93.46","","","","2"
"2020","Calgary, Alberta [48825]","2021A003548825","Crime severity index","Index","160","units","0","v44312659","34.1","79.17","","","","2"
"2021","Calgary, Alberta [48825]","2021A003548825","Crime severity index","Index","160","units","0","v44312659","34.1","72.27","","","","2"
"2010","Calgary, Alberta [48825]","2021A003548825","Percent change in crime severity index","Percent","239","units","0","v44312660","34.2","-5.43","","","","2"
"2011","Calgary, Alberta [48825]","2021A003548825","Percent change in crime severity index","Percent","239","units","0","v44312660","34.2","-14.43","","","","2"
"2012","Calgary, Alberta [48825]","2021A003548825","Percent change in crime severity index","Percent","239","units","0","v44312660","34.2","-6.26","","","","2"
"2013","Calgary, Alberta [48825]","2021A003548825","Percent change in crime severity index","Percent","239","units","0","v44312660","34.2","0.00","","","","2"
"2014","Calgary, Alberta [48825]","2021A003548825","Percent change in crime severity index","Percent","239","units","0","v44312660","34.2","-0.36","","","","2"
"2015","Calgary, Alberta [48825]","2021A003548825","Percent change in crime severity index","Percent","239","units","0","v44312660","34.2","30.64","","","","2"
"2016","Calgary, Alberta [48825]","2021A003548825","Percent change in crime severity index","Percent","239","units","0","v44312660","34.2","-1.78","","","","2"
"2017","Calgary, Alberta [48825]","2021A003548825","Percent change in crime severity index","Percent","239","units","0","v44312660","34.2","6.75","","","","2"
"2018","Calgary, Alberta [48825]","2021A003548825","Percent change in crime severity index","Percent","239","units","0","v44312660","34.2","6.81","","","","2"
"2019","Calgary, Alberta [48825]","2021A003548825","Percent change in crime severity index","Percent","239","units","0","v44312660","34.2","4.61","","","","2"
"2020","Calgary, Alberta [48825]","2021A003548825","Percent change in crime severity index","Percent","239","units","0","v44312660","34.2","-15.29","","","","2"
"2021","Calgary, Alberta [48825]","2021A003548825","Percent change in crime severity index","Percent","239","units","0","v44312660","34.2","-8.72","","","","2"
"2010","Calgary, Alberta [48825]","2021A003548825","Violent crime severity index","Index","160","units","0","v44312661","34.3","80.82","","","","2"
"2011","Calgary, Alberta [48825]","2021A003548825","Violent crime severity index","Index","160","units","0","v44312661","34.3","70.08","","","","2"
"2012","Calgary, Alberta [48825]","2021A003548825","Violent crime severity index","Index","160","units","0","v44312661","34.3","61.83","","","","2"
"2013","Calgary, Alberta [48825]","2021A003548825","Violent crime severity index","Index","160","units","0","v44312661","34.3","62.99","","","","2"
"2014","Calgary, Alberta [48825]","2021A003548825","Violent crime severity index","Index","160","units","0","v44312661","34.3","64.46","","","","2"
"2015","Calgary, Alberta [48825]","2021A003548825","Violent crime severity index","Index","160","units","0","v44312661","34.3","73.52","","","","2"
"2016","Calgary, Alberta [48825]","2021A003548825","Violent crime severity index","Index","160","units","0","v44312661","34.3","64.82","","","","2"
"2017","Calgary, Alberta [48825]","2021A003548825","Violent crime severity index","Index","160","units","0","v44312661","34.3","76.03","","","","2"
"2018","Calgary, Alberta [48825]","2021A003548825","Violent crime severity index","Index","160","units","0","v44312661","34.3","80.37","","","","2"
"2019","Calgary, Alberta [48825]","2021A003548825","Violent crime severity index","Index","160","units","0","v44312661","34.3","85.21","","","","2"
"2020","Calgary, Alberta [48825]","2021A003548825","Violent crime severity index","Index","160","units","0","v44312661","34.3","78.86","","","","2"
"2021","Calgary, Alberta [48825]","2021A003548825","Violent crime severity index","Index","160","units","0","v44312661","34.3","82.74","","","","2"
"2010","Calgary, Alberta [48825]","2021A003548825","Percent change in violent crime severity index","Percent","239","units","0","v44312662","34.4","-8.53","","","","2"
"2011","Calgary, Alberta [48825]","2021A003548825","Percent change in violent crime severity index","Percent","239","units","0","v44312662","34.4","-13.29","","","","2"
"2012","Calgary, Alberta [48825]","2021A003548825","Percent change in violent crime severity index","Percent","239","units","0","v44312662","34.4","-11.77","","","","2"
"2013","Calgary, Alberta [48825]","2021A003548825","Percent change in violent crime severity index","Percent","239","units","0","v44312662","34.4","1.88","","","","2"
"2014","Calgary, Alberta [48825]","2021A003548825","Percent change in violent crime severity index","Percent","239","units","0","v44312662","34.4","2.33","","","","2"
"2015","Calgary, Alberta [48825]","2021A003548825","Percent change in violent crime severity index","Percent","239","units","0","v44312662","34.4","14.06","","","","2"
"2016","Calgary, Alberta [48825]","2021A003548825","Percent change in violent crime severity index","Percent","239","units","0","v44312662","34.4","-11.83","","","","2"
"2017","Calgary, Alberta [48825]","2021A003548825","Percent change in violent crime severity index","Percent","239","units","0","v44312662","34.4","17.29","","","","2"
"2018","Calgary, Alberta [48825]","2021A003548825","Percent change in violent crime severity index","Percent","239","units","0","v44312662","34.4","5.71","","","","2"
"2019","Calgary, Alberta [48825]","2021A003548825","Percent change in violent crime severity index","Percent","239","units","0","v44312662","34.4","6.02","","","","2"
"2020","Calgary, Alberta [48825]","2021A003548825","Percent change in violent crime severity index","Percent","239","units","0","v44312662","34.4","-7.45","","","","2"
"2021","Calgary, Alberta [48825]","2021A003548825","Percent change in violent crime severity index","Percent","239","units","0","v44312662","34.4","4.92","","","","2"
"2010","Calgary, Alberta [48825]","2021A003548825","Non-violent crime severity index","Index","160","units","0","v44312663","34.5","74.69","","","","2"
"2011","Calgary, Alberta [48825]","2021A003548825","Non-violent crime severity index","Index","160","units","0","v44312663","34.5","63.52","","","","2"
"2012","Calgary, Alberta [48825]","2021A003548825","Non-violent crime severity index","Index","160","units","0","v44312663","34.5","60.95","","","","2"
"2013","Calgary, Alberta [48825]","2021A003548825","Non-violent crime severity index","Index","160","units","0","v44312663","34.5","60.53","","","","2"
"2014","Calgary, Alberta [48825]","2021A003548825","Non-violent crime severity index","Index","160","units","0","v44312663","34.5","59.70","","","","2"
"2015","Calgary, Alberta [48825]","2021A003548825","Non-violent crime severity index","Index","160","units","0","v44312663","34.5","81.87","","","","2"
"2016","Calgary, Alberta [48825]","2021A003548825","Non-violent crime severity index","Index","160","units","0","v44312663","34.5","83.03","","","","2"
"2017","Calgary, Alberta [48825]","2021A003548825","Non-violent crime severity index","Index","160","units","0","v44312663","34.5","86.17","","","","2"
"2018","Calgary, Alberta [48825]","2021A003548825","Non-violent crime severity index","Index","160","units","0","v44312663","34.5","92.36","","","","2"
"2019","Calgary, Alberta [48825]","2021A003548825","Non-violent crime severity index","Index","160","units","0","v44312663","34.5","96.21","","","","2"
"2020","Calgary, Alberta [48825]","2021A003548825","Non-violent crime severity index","Index","160","units","0","v44312663","34.5","79.10","","","","2"
"2021","Calgary, Alberta [48825]","2021A003548825","Non-violent crime severity index","Index","160","units","0","v44312663","34.5","68.34","","","","2"
"2010","Calgary, Alberta [48825]","2021A003548825","Percent change in non-violent crime severity index","Percent","239","units","0","v44312664","34.6","-4.08","","","","2"
"2011","Calgary, Alberta [48825]","2021A003548825","Percent change in non-violent crime severity index","Percent","239","units","0","v44312664","34.6","-14.96","","","","2"
"2012","Calgary, Alberta [48825]","2021A003548825","Percent change in non-violent crime severity index","Percent","239","units","0","v44312664","34.6","-4.05","","","","2"
"2013","Calgary, Alberta [48825]","2021A003548825","Percent change in non-violent crime severity index","Percent","239","units","0","v44312664","34.6","-0.69","","","","2"
"2014","Calgary, Alberta [48825]","2021A003548825","Percent change in non-violent crime severity index","Percent","239","units","0","v44312664","34.6","-1.37","","","","2"
"2015","Calgary, Alberta [48825]","2021A003548825","Percent change in non-violent crime severity index","Percent","239","units","0","v44312664","34.6","37.14","","","","2"
"2016","Calgary, Alberta [48825]","2021A003548825","Percent change in non-violent crime severity index","Percent","239","units","0","v44312664","34.6","1.42","","","","2"
"2017","Calgary, Alberta [48825]","2021A003548825","Percent change in non-violent crime severity index","Percent","239","units","0","v44312664","34.6","3.78","","","","2"
"2018","Calgary, Alberta [48825]","2021A003548825","Percent change in non-violent crime severity index","Percent","239","units","0","v44312664","34.6","7.18","","","","2"
"2019","Calgary, Alberta [48825]","2021A003548825","Percent change in non-violent crime severity index","Percent","239","units","0","v44312664","34.6","4.17","","","","2"
"2020","Calgary, Alberta [48825]","2021A003548825","Percent change in non-violent crime severity index","Percent","239","units","0","v44312664","34.6","-17.78","","","","2"
"2021","Calgary, Alberta [48825]","2021A003548825","Percent change in non-violent crime severity index","Percent","239","units","0","v44312664","34.6","-13.60","","","","2"
"2010","Calgary, Alberta [48825]","2021A003548825","Youth crime severity index","Index","160","units","0","v53079714","34.7","0.00","","","","2"
"2011","Calgary, Alberta [48825]","2021A003548825","Youth crime severity index","Index","160","units","0","v53079714","34.7","","..","","","2"
"2012","Calgary, Alberta [48825]","2021A003548825","Youth crime severity index","Index","160","units","0","v53079714","34.7","","..","","","2"
"2013","Calgary, Alberta [48825]","2021A003548825","Youth crime severity index","Index","160","units","0","v53079714","34.7","","..","","","2"
"2014","Calgary, Alberta [48825]","2021A003548825","Youth crime severity index","Index","160","units","0","v53079714","34.7","","..","","","2"
"2015","Calgary, Alberta [48825]","2021A003548825","Youth crime severity index","Index","160","units","0","v53079714","34.7","","..","","","2"
"2016","Calgary, Alberta [48825]","2021A003548825","Youth crime severity index","Index","160","units","0","v53079714","34.7","","..","","","2"
"2017","Calgary, Alberta [48825]","2021A003548825","Youth crime severity index","Index","160","units","0","v53079714","34.7","","..","","","2"
"2018","Calgary, Alberta [48825]","2021A003548825","Youth crime severity index","Index","160","units","0","v53079714","34.7","","..","","","2"
"2019","Calgary, Alberta [48825]","2021A003548825","Youth crime severity index","Index","160","units","0","v53079714","34.7","","..","","","2"
"2020","Calgary, Alberta [48825]","2021A003548825","Youth crime severity index","Index","160","units","0","v53079714","34.7","","..","","","2"
"2021","Calgary, Alberta [48825]","2021A003548825","Youth crime severity index","Index","160","units","0","v53079714","34.7","","..","","","2"
"2010","Calgary, Alberta [48825]","2021A003548825","Percent change in youth crime severity index","Percent","239","units","0","v87984936","34.8","0.00","","","","2"
"2011","Calgary, Alberta [48825]","2021A003548825","Percent change in youth crime severity index","Percent","239","units","0","v87984936","34.8","","..","","","2"
"2012","Calgary, Alberta [48825]","2021A003548825","Percent change in youth crime severity index","Percent","239","units","0","v87984936","34.8","","..","","","2"
"2013","Calgary, Alberta [48825]","2021A003548825","Percent change in youth crime severity index","Percent","239","units","0","v87984936","34.8","","..","","","2"
"2014","Calgary, Alberta [48825]","2021A003548825","Percent change in youth crime severity index","Percent","239","units","0","v87984936","34.8","","..","","","2"
"2015","Calgary, Alberta [48825]","2021A003548825","Percent change in youth crime severity index","Percent","239","units","0","v87984936","34.8","","..","","","2"
"2016","Calgary, Alberta [48825]","2021A003548825","Percent change in youth crime severity index","Percent","239","units","0","v87984936","34.8","","..","","","2"
"2017","Calgary, Alberta [48825]","2021A003548825","Percent change in youth crime severity index","Percent","239","units","0","v87984936","34.8","","..","","","2"
"2018","Calgary, Alberta [48825]","2021A003548825","Percent change in youth crime severity index","Percent","239","units","0","v87984936","34.8","","..","","","2"
"2019","Calgary, Alberta [48825]","2021A003548825","Percent change in youth crime severity index","Percent","239","units","0","v87984936","34.8","","..","","","2"
"2020","Calgary, Alberta [48825]","2021A003548825","Percent change in youth crime severity index","Percent","239","units","0","v87984936","34.8","","..","","","2"
"2021","Calgary, Alberta [48825]","2021A003548825","Percent change in youth crime severity index","Percent","239","units","0","v87984936","34.8","","..","","","2"
"2010","Calgary, Alberta [48825]","2021A003548825","Youth violent crime severity index","Index","160","units","0","v53079715","34.9","0.00","","","","2"
"2011","Calgary, Alberta [48825]","2021A003548825","Youth violent crime severity index","Index","160","units","0","v53079715","34.9","","..","","","2"
"2012","Calgary, Alberta [48825]","2021A003548825","Youth violent crime severity index","Index","160","units","0","v53079715","34.9","","..","","","2"
"2013","Calgary, Alberta [48825]","2021A003548825","Youth violent crime severity index","Index","160","units","0","v53079715","34.9","","..","","","2"
"2014","Calgary, Alberta [48825]","2021A003548825","Youth violent crime severity index","Index","160","units","0","v53079715","34.9","","..","","","2"
"2015","Calgary, Alberta [48825]","2021A003548825","Youth violent crime severity index","Index","160","units","0","v53079715","34.9","","..","","","2"
"2016","Calgary, Alberta [48825]","2021A003548825","Youth violent crime severity index","Index","160","units","0","v53079715","34.9","","..","","","2"
"2017","Calgary, Alberta [48825]","2021A003548825","Youth violent crime severity index","Index","160","units","0","v53079715","34.9","","..","","","2"
"2018","Calgary, Alberta [48825]","2021A003548825","Youth violent crime severity index","Index","160","units","0","v53079715","34.9","","..","","","2"
"2019","Calgary, Alberta [48825]","2021A003548825","Youth violent crime severity index","Index","160","units","0","v53079715","34.9","","..","","","2"
"2020","Calgary, Alberta [48825]","2021A003548825","Youth violent crime severity index","Index","160","units","0","v53079715","34.9","","..","","","2"
"2021","Calgary, Alberta [48825]","2021A003548825","Youth violent crime severity index","Index","160","units","0","v53079715","34.9","","..","","","2"
"2010","Calgary, Alberta [48825]","2021A003548825","Percent change in youth violent crime severity index","Percent","239","units","0","v87984937","34.10","0.00","","","","2"
"2011","Calgary, Alberta [48825]","2021A003548825","Percent change in youth violent crime severity index","Percent","239","units","0","v87984937","34.10","","..","","","2"
"2012","Calgary, Alberta [48825]","2021A003548825","Percent change in youth violent crime severity index","Percent","239","units","0","v87984937","34.10","","..","","","2"
"2013","Calgary, Alberta [48825]","2021A003548825","Percent change in youth violent crime severity index","Percent","239","units","0","v87984937","34.10","","..","","","2"
"2014","Calgary, Alberta [48825]","2021A003548825","Percent change in youth violent crime severity index","Percent","239","units","0","v87984937","34.10","","..","","","2"
"2015","Calgary, Alberta [48825]","2021A003548825","Percent change in youth violent crime severity index","Percent","239","units","0","v87984937","34.10","","..","","","2"
"2016","Calgary, Alberta [48825]","2021A003548825","Percent change in youth violent crime severity index","Percent","239","units","0","v87984937","34.10","","..","","","2"
"2017","Calgary, Alberta [48825]","2021A003548825","Percent change in youth violent crime severity index","Percent","239","units","0","v87984937","34.10","","..","","","2"
"2018","Calgary, Alberta [48825]","2021A003548825","Percent change in youth violent crime severity index","Percent","239","units","0","v87984937","34.10","","..","","","2"
"2019","Calgary, Alberta [48825]","2021A003548825","Percent change in youth violent crime severity index","Percent","239","units","0","v87984937","34.10","","..","","","2"
"2020","Calgary, Alberta [48825]","2021A003548825","Percent change in youth violent crime severity index","Percent","239","units","0","v87984937","34.10","","..","","","2"
"2021","Calgary, Alberta [48825]","2021A003548825","Percent change in youth violent crime severity index","Percent","239","units","0","v87984937","34.10","","..","","","2"
"2010","Calgary, Alberta [48825]","2021A003548825","Youth non-violent crime severity index","Index","160","units","0","v53079707","34.11","0.00","","","","2"
"2011","Calgary, Alberta [48825]","2021A003548825","Youth non-violent crime severity index","Index","160","units","0","v53079707","34.11","","..","","","2"
"2012","Calgary, Alberta [48825]","2021A003548825","Youth non-violent crime severity index","Index","160","units","0","v53079707","34.11","","..","","","2"
"2013","Calgary, Alberta [48825]","2021A003548825","Youth non-violent crime severity index","Index","160","units","0","v53079707","34.11","","..","","","2"
"2014","Calgary, Alberta [48825]","2021A003548825","Youth non-violent crime severity index","Index","160","units","0","v53079707","34.11","","..","","","2"
"2015","Calgary, Alberta [48825]","2021A003548825","Youth non-violent crime severity index","Index","160","units","0","v53079707","34.11","","..","","","2"
"2016","Calgary, Alberta [48825]","2021A003548825","Youth non-violent crime severity index","Index","160","units","0","v53079707","34.11","","..","","","2"
"2017","Calgary, Alberta [48825]","2021A003548825","Youth non-violent crime severity index","Index","160","units","0","v53079707","34.11","","..","","","2"
"2018","Calgary, Alberta [48825]","2021A003548825","Youth non-violent crime severity index","Index","160","units","0","v53079707","34.11","","..","","","2"
"2019","Calgary, Alberta [48825]","2021A003548825","Youth non-violent crime severity index","Index","160","units","0","v53079707","34.11","","..","","","2"
"2020","Calgary, Alberta [48825]","2021A003548825","Youth non-violent crime severity index","Index","160","units","0","v53079707","34.11","","..","","","2"
"2021","Calgary, Alberta [48825]","2021A003548825","Youth non-violent crime severity index","Index","160","units","0","v53079707","34.11","","..","","","2"
"2010","Calgary, Alberta [48825]","2021A003548825","Percent change in youth non-violent crime severity index","Percent","239","units","0","v87984938","34.12","0.00","","","","2"
"2011","Calgary, Alberta [48825]","2021A003548825","Percent change in youth non-violent crime severity index","Percent","239","units","0","v87984938","34.12","","..","","","2"
"2012","Calgary, Alberta [48825]","2021A003548825","Percent change in youth non-violent crime severity index","Percent","239","units","0","v87984938","34.12","","..","","","2"
"2013","Calgary, Alberta [48825]","2021A003548825","Percent change in youth non-violent crime severity index","Percent","239","units","0","v87984938","34.12","","..","","","2"
"2014","Calgary, Alberta [48825]","2021A003548825","Percent change in youth non-violent crime severity index","Percent","239","units","0","v87984938","34.12","","..","","","2"
"2015","Calgary, Alberta [48825]","2021A003548825","Percent change in youth non-violent crime severity index","Percent","239","units","0","v87984938","34.12","","..","","","2"
"2016","Calgary, Alberta [48825]","2021A003548825","Percent change in youth non-violent crime severity index","Percent","239","units","0","v87984938","34.12","","..","","","2"
"2017","Calgary, Alberta [48825]","2021A003548825","Percent change in youth non-violent crime severity index","Percent","239","units","0","v87984938","34.12","","..","","","2"
"2018","Calgary, Alberta [48825]","2021A003548825","Percent change in youth non-violent crime severity index","Percent","239","units","0","v87984938","34.12","","..","","","2"
"2019","Calgary, Alberta [48825]","2021A003548825","Percent change in youth non-violent crime severity index","Percent","239","units","0","v87984938","34.12","","..","","","2"
"2020","Calgary, Alberta [48825]","2021A003548825","Percent change in youth non-violent crime severity index","Percent","239","units","0","v87984938","34.12","","..","","","2"
"2021","Calgary, Alberta [48825]","2021A003548825","Percent change in youth non-violent crime severity index","Percent","239","units","0","v87984938","34.12","","..","","","2"
"2010","Calgary, Alberta [48825]","2021A003548825","Weighted clearance rate","Number","223","units","0","v53079708","34.13","35.80","","","","2"
"2011","Calgary, Alberta [48825]","2021A003548825","Weighted clearance rate","Number","223","units","0","v53079708","34.13","36.09","","","","2"
"2012","Calgary, Alberta [48825]","2021A003548825","Weighted clearance rate","Number","223","units","0","v53079708","34.13","35.67","","","","2"
"2013","Calgary, Alberta [48825]","2021A003548825","Weighted clearance rate","Number","223","units","0","v53079708","34.13","34.40","","","","2"
"2014","Calgary, Alberta [48825]","2021A003548825","Weighted clearance rate","Number","223","units","0","v53079708","34.13","33.58","","","","2"
"2015","Calgary, Alberta [48825]","2021A003548825","Weighted clearance rate","Number","223","units","0","v53079708","34.13","28.04","","","","2"
"2016","Calgary, Alberta [48825]","2021A003548825","Weighted clearance rate","Number","223","units","0","v53079708","34.13","28.43","","","","2"
"2017","Calgary, Alberta [48825]","2021A003548825","Weighted clearance rate","Number","223","units","0","v53079708","34.13","26.60","","","","2"
"2018","Calgary, Alberta [48825]","2021A003548825","Weighted clearance rate","Number","223","units","0","v53079708","34.13","26.40","","","","2"
"2019","Calgary, Alberta [48825]","2021A003548825","Weighted clearance rate","Number","223","units","0","v53079708","34.13","27.20","","","","2"
"2020","Calgary, Alberta [48825]","2021A003548825","Weighted clearance rate","Number","223","units","0","v53079708","34.13","28.70","","","","2"
"2021","Calgary, Alberta [48825]","2021A003548825","Weighted clearance rate","Number","223","units","0","v53079708","34.13","29.51","","","","2"
"2010","Calgary, Alberta [48825]","2021A003548825","Percent change in weighted clearance rate","Percent","239","units","0","v53079709","34.14","-3.71","","","","2"
"2011","Calgary, Alberta [48825]","2021A003548825","Percent change in weighted clearance rate","Percent","239","units","0","v53079709","34.14","0.81","","","","2"
"2012","Calgary, Alberta [48825]","2021A003548825","Percent change in weighted clearance rate","Percent","239","units","0","v53079709","34.14","-1.16","","","","2"
"2013","Calgary, Alberta [48825]","2021A003548825","Percent change in weighted clearance rate","Percent","239","units","0","v53079709","34.14","-3.56","","","","2"
"2014","Calgary, Alberta [48825]","2021A003548825","Percent change in weighted clearance rate","Percent","239","units","0","v53079709","34.14","-2.38","","","","2"
"2015","Calgary, Alberta [48825]","2021A003548825","Percent change in weighted clearance rate","Percent","239","units","0","v53079709","34.14","-16.50","","","","2"
"2016","Calgary, Alberta [48825]","2021A003548825","Percent change in weighted clearance rate","Percent","239","units","0","v53079709","34.14","1.39","","","","2"
"2017","Calgary, Alberta [48825]","2021A003548825","Percent change in weighted clearance rate","Percent","239","units","0","v53079709","34.14","-6.44","","","","2"
"2018","Calgary, Alberta [48825]","2021A003548825","Percent change in weighted clearance rate","Percent","239","units","0","v53079709","34.14","-0.75","","","","2"
"2019","Calgary, Alberta [48825]","2021A003548825","Percent change in weighted clearance rate","Percent","239","units","0","v53079709","34.14","3.03","","","","2"
"2020","Calgary, Alberta [48825]","2021A003548825","Percent change in weighted clearance rate","Percent","239","units","0","v53079709","34.14","5.51","","","","2"
"2021","Calgary, Alberta [48825]","2021A003548825","Percent change in weighted clearance rate","Percent","239","units","0","v53079709","34.14","2.82","","","","2"
"2010","Calgary, Alberta [48825]","2021A003548825","Violent weighted clearance rate","Number","223","units","0","v53079710","34.15","50.98","","","","2"
"2011","Calgary, Alberta [48825]","2021A003548825","Violent weighted clearance rate","Number","223","units","0","v53079710","34.15","52.23","","","","2"
"2012","Calgary, Alberta [48825]","2021A003548825","Violent weighted clearance rate","Number","223","units","0","v53079710","34.15","54.28","","","","2"
"2013","Calgary, Alberta [48825]","2021A003548825","Violent weighted clearance rate","Number","223","units","0","v53079710","34.15","52.67","","","","2"
"2014","Calgary, Alberta [48825]","2021A003548825","Violent weighted clearance rate","Number","223","units","0","v53079710","34.15","50.56","","","","2"
"2015","Calgary, Alberta [48825]","2021A003548825","Violent weighted clearance rate","Number","223","units","0","v53079710","34.15","49.24","","","","2"
"2016","Calgary, Alberta [48825]","2021A003548825","Violent weighted clearance rate","Number","223","units","0","v53079710","34.15","51.10","","","","2"
"2017","Calgary, Alberta [48825]","2021A003548825","Violent weighted clearance rate","Number","223","units","0","v53079710","34.15","46.95","","","","2"
"2018","Calgary, Alberta [48825]","2021A003548825","Violent weighted clearance rate","Number","223","units","0","v53079710","34.15","42.52","","","","2"
"2019","Calgary, Alberta [48825]","2021A003548825","Violent weighted clearance rate","Number","223","units","0","v53079710","34.15","43.60","","","","2"
"2020","Calgary, Alberta [48825]","2021A003548825","Violent weighted clearance rate","Number","223","units","0","v53079710","34.15","47.24","","","","2"
"2021","Calgary, Alberta [48825]","2021A003548825","Violent weighted clearance rate","Number","223","units","0","v53079710","34.15","44.27","","","","2"
"2010","Calgary, Alberta [48825]","2021A003548825","Percent change in violent weighted clearance rate","Percent","239","units","0","v53079711","34.16","-0.78","","","","2"
"2011","Calgary, Alberta [48825]","2021A003548825","Percent change in violent weighted clearance rate","Percent","239","units","0","v53079711","34.16","2.45","","","","2"
"2012","Calgary, Alberta [48825]","2021A003548825","Percent change in violent weighted clearance rate","Percent","239","units","0","v53079711","34.16","3.92","","","","2"
"2013","Calgary, Alberta [48825]","2021A003548825","Percent change in violent weighted clearance rate","Percent","239","units","0","v53079711","34.16","-2.97","","","","2"
"2014","Calgary, Alberta [48825]","2021A003548825","Percent change in violent weighted clearance rate","Percent","239","units","0","v53079711","34.16","-4.01","","","","2"
"2015","Calgary, Alberta [48825]","2021A003548825","Percent change in violent weighted clearance rate","Percent","239","units","0","v53079711","34.16","-2.61","","","","2"
"2016","Calgary, Alberta [48825]","2021A003548825","Percent change in violent weighted clearance rate","Percent","239","units","0","v53079711","34.16","3.78","","","","2"
"2017","Calgary, Alberta [48825]","2021A003548825","Percent change in violent weighted clearance rate","Percent","239","units","0","v53079711","34.16","-8.12","","","","2"
"2018","Calgary, Alberta [48825]","2021A003548825","Percent change in violent weighted clearance rate","Percent","239","units","0","v53079711","34.16","-9.44","","","","2"
"2019","Calgary, Alberta [48825]","2021A003548825","Percent change in violent weighted clearance rate","Percent","239","units","0","v53079711","34.16","2.54","","","","2"
"2020","Calgary, Alberta [48825]","2021A003548825","Percent change in violent weighted clearance rate","Percent","239","units","0","v53079711","34.16","8.35","","","","2"
"2021","Calgary, Alberta [48825]","2021A003548825","Percent change in violent weighted clearance rate","Percent","239","units","0","v53079711","34.16","-6.29","","","","2"
"2010","Calgary, Alberta [48825]","2021A003548825","Non-violent weighted clearance rate","Number","223","units","0","v53079712","34.17","29.49","","","","2"
"2011","Calgary, Alberta [48825]","2021A003548825","Non-violent weighted clearance rate","Number","223","units","0","v53079712","34.17","29.62","","","","2"
"2012","Calgary, Alberta [48825]","2021A003548825","Non-violent weighted clearance rate","Number","223","units","0","v53079712","34.17","28.80","","","","2"
"2013","Calgary, Alberta [48825]","2021A003548825","Non-violent weighted clearance rate","Number","223","units","0","v53079712","34.17","27.47","","","","2"
"2014","Calgary, Alberta [48825]","2021A003548825","Non-violent weighted clearance rate","Number","223","units","0","v53079712","34.17","26.91","","","","2"
"2015","Calgary, Alberta [48825]","2021A003548825","Non-violent weighted clearance rate","Number","223","units","0","v53079712","34.17","21.11","","","","2"
"2016","Calgary, Alberta [48825]","2021A003548825","Non-violent weighted clearance rate","Number","223","units","0","v53079712","34.17","22.07","","","","2"
"2017","Calgary, Alberta [48825]","2021A003548825","Non-violent weighted clearance rate","Number","223","units","0","v53079712","34.17","20.14","","","","2"
"2018","Calgary, Alberta [48825]","2021A003548825","Non-violent weighted clearance rate","Number","223","units","0","v53079712","34.17","21.35","","","","2"
"2019","Calgary, Alberta [48825]","2021A003548825","Non-violent weighted clearance rate","Number","223","units","0","v53079712","34.17","21.97","","","","2"
"2020","Calgary, Alberta [48825]","2021A003548825","Non-violent weighted clearance rate","Number","223","units","0","v53079712","34.17","22.06","","","","2"
"2021","Calgary, Alberta [48825]","2021A003548825","Non-violent weighted clearance rate","Number","223","units","0","v53079712","34.17","23.07","","","","2"
"2010","Calgary, Alberta [48825]","2021A003548825","Percent change in non-violent weighted clearance rate","Percent","239","units","0","v53079713","34.18","-4.81","","","","2"
"2011","Calgary, Alberta [48825]","2021A003548825","Percent change in non-violent weighted clearance rate","Percent","239","units","0","v53079713","34.18","0.44","","","","2"
"2012","Calgary, Alberta [48825]","2021A003548825","Percent change in non-violent weighted clearance rate","Percent","239","units","0","v53079713","34.18","-2.77","","","","2"
"2013","Calgary, Alberta [48825]","2021A003548825","Percent change in non-violent weighted clearance rate","Percent","239","units","0","v53079713","34.18","-4.62","","","","2"
"2014","Calgary, Alberta [48825]","2021A003548825","Percent change in non-violent weighted clearance rate","Percent","239","units","0","v53079713","34.18","-2.04","","","","2"
"2015","Calgary, Alberta [48825]","2021A003548825","Percent change in non-violent weighted clearance rate","Percent","239","units","0","v53079713","34.18","-21.55","","","","2"
"2016","Calgary, Alberta [48825]","2021A003548825","Percent change in non-violent weighted clearance rate","Percent","239","units","0","v53079713","34.18","4.55","","","","2"
"2017","Calgary, Alberta [48825]","2021A003548825","Percent change in non-violent weighted clearance rate","Percent","239","units","0","v53079713","34.18","-8.74","","","","2"
"2018","Calgary, Alberta [48825]","2021A003548825","Percent change in non-violent weighted clearance rate","Percent","239","units","0","v53079713","34.18","6.01","","","","2"
"2019","Calgary, Alberta [48825]","2021A003548825","Percent change in non-violent weighted clearance rate","Percent","239","units","0","v53079713","34.18","2.90","","","","2"
"2020","Calgary, Alberta [48825]","2021A003548825","Percent change in non-violent weighted clearance rate","Percent","239","units","0","v53079713","34.18","0.41","","","","2"
"2021","Calgary, Alberta [48825]","2021A003548825","Percent change in non-violent weighted clearance rate","Percent","239","units","0","v53079713","34.18","4.58","","","","2"


