﻿"REF_DATE","GEO","DGUID","Statistics","UOM","UOM_ID","SCALAR_FACTOR","SCALAR_ID","VECTOR","COORDINATE","VALUE","STATUS","SYMBOL","TERMINATED","DECIMALS"
"2010","Northwest Territories [61]","2016A000261","Crime severity index","Index","160","units","0","v44312701","41.1","348.13","","","","2"
"2011","Northwest Territories [61]","2016A000261","Crime severity index","Index","160","units","0","v44312701","41.1","342.03","","","","2"
"2012","Northwest Territories [61]","2016A000261","Crime severity index","Index","160","units","0","v44312701","41.1","338.13","","","","2"
"2013","Northwest Territories [61]","2016A000261","Crime severity index","Index","160","units","0","v44312701","41.1","315.04","","","","2"
"2014","Northwest Territories [61]","2016A000261","Crime severity index","Index","160","units","0","v44312701","41.1","290.16","","","","2"
"2015","Northwest Territories [61]","2016A000261","Crime severity index","Index","160","units","0","v44312701","41.1","321.91","","","","2"
"2016","Northwest Territories [61]","2016A000261","Crime severity index","Index","160","units","0","v44312701","41.1","297.36","","","","2"
"2017","Northwest Territories [61]","2016A000261","Crime severity index","Index","160","units","0","v44312701","41.1","309.48","","","","2"
"2018","Northwest Territories [61]","2016A000261","Crime severity index","Index","160","units","0","v44312701","41.1","325.31","","","","2"
"2019","Northwest Territories [61]","2016A000261","Crime severity index","Index","160","units","0","v44312701","41.1","389.00","","","","2"
"2020","Northwest Territories [61]","2016A000261","Crime severity index","Index","160","units","0","v44312701","41.1","414.06","","","","2"
"2021","Northwest Territories [61]","2016A000261","Crime severity index","Index","160","units","0","v44312701","41.1","391.27","","","","2"
"2010","Northwest Territories [61]","2016A000261","Percent change in crime severity index","Percent","239","units","0","v44312702","41.2","6.74","","","","2"
"2011","Northwest Territories [61]","2016A000261","Percent change in crime severity index","Percent","239","units","0","v44312702","41.2","-1.75","","","","2"
"2012","Northwest Territories [61]","2016A000261","Percent change in crime severity index","Percent","239","units","0","v44312702","41.2","-1.14","","","","2"
"2013","Northwest Territories [61]","2016A000261","Percent change in crime severity index","Percent","239","units","0","v44312702","41.2","-6.83","","","","2"
"2014","Northwest Territories [61]","2016A000261","Percent change in crime severity index","Percent","239","units","0","v44312702","41.2","-7.90","","","","2"
"2015","Northwest Territories [61]","2016A000261","Percent change in crime severity index","Percent","239","units","0","v44312702","41.2","10.94","","","","2"
"2016","Northwest Territories [61]","2016A000261","Percent change in crime severity index","Percent","239","units","0","v44312702","41.2","-7.63","","","","2"
"2017","Northwest Territories [61]","2016A000261","Percent change in crime severity index","Percent","239","units","0","v44312702","41.2","4.08","","","","2"
"2018","Northwest Territories [61]","2016A000261","Percent change in crime severity index","Percent","239","units","0","v44312702","41.2","5.12","","","","2"
"2019","Northwest Territories [61]","2016A000261","Percent change in crime severity index","Percent","239","units","0","v44312702","41.2","19.58","","","","2"
"2020","Northwest Territories [61]","2016A000261","Percent change in crime severity index","Percent","239","units","0","v44312702","41.2","6.44","","","","2"
"2021","Northwest Territories [61]","2016A000261","Percent change in crime severity index","Percent","239","units","0","v44312702","41.2","-5.50","","","","2"
"2010","Northwest Territories [61]","2016A000261","Violent crime severity index","Index","160","units","0","v44312703","41.3","333.21","","","","2"
"2011","Northwest Territories [61]","2016A000261","Violent crime severity index","Index","160","units","0","v44312703","41.3","333.35","","","","2"
"2012","Northwest Territories [61]","2016A000261","Violent crime severity index","Index","160","units","0","v44312703","41.3","354.32","","","","2"
"2013","Northwest Territories [61]","2016A000261","Violent crime severity index","Index","160","units","0","v44312703","41.3","306.71","","","","2"
"2014","Northwest Territories [61]","2016A000261","Violent crime severity index","Index","160","units","0","v44312703","41.3","279.84","","","","2"
"2015","Northwest Territories [61]","2016A000261","Violent crime severity index","Index","160","units","0","v44312703","41.3","365.33","","","","2"
"2016","Northwest Territories [61]","2016A000261","Violent crime severity index","Index","160","units","0","v44312703","41.3","336.14","","","","2"
"2017","Northwest Territories [61]","2016A000261","Violent crime severity index","Index","160","units","0","v44312703","41.3","373.23","","","","2"
"2018","Northwest Territories [61]","2016A000261","Violent crime severity index","Index","160","units","0","v44312703","41.3","426.29","","","","2"
"2019","Northwest Territories [61]","2016A000261","Violent crime severity index","Index","160","units","0","v44312703","41.3","484.64","","","","2"
"2020","Northwest Territories [61]","2016A000261","Violent crime severity index","Index","160","units","0","v44312703","41.3","517.30","","","","2"
"2021","Northwest Territories [61]","2016A000261","Violent crime severity index","Index","160","units","0","v44312703","41.3","472.73","","","","2"
"2010","Northwest Territories [61]","2016A000261","Percent change in violent crime severity index","Percent","239","units","0","v44312704","41.4","0.94","","","","2"
"2011","Northwest Territories [61]","2016A000261","Percent change in violent crime severity index","Percent","239","units","0","v44312704","41.4","0.04","","","","2"
"2012","Northwest Territories [61]","2016A000261","Percent change in violent crime severity index","Percent","239","units","0","v44312704","41.4","6.29","","","","2"
"2013","Northwest Territories [61]","2016A000261","Percent change in violent crime severity index","Percent","239","units","0","v44312704","41.4","-13.44","","","","2"
"2014","Northwest Territories [61]","2016A000261","Percent change in violent crime severity index","Percent","239","units","0","v44312704","41.4","-8.76","","","","2"
"2015","Northwest Territories [61]","2016A000261","Percent change in violent crime severity index","Percent","239","units","0","v44312704","41.4","30.55","","","","2"
"2016","Northwest Territories [61]","2016A000261","Percent change in violent crime severity index","Percent","239","units","0","v44312704","41.4","-7.99","","","","2"
"2017","Northwest Territories [61]","2016A000261","Percent change in violent crime severity index","Percent","239","units","0","v44312704","41.4","11.03","","","","2"
"2018","Northwest Territories [61]","2016A000261","Percent change in violent crime severity index","Percent","239","units","0","v44312704","41.4","14.22","","","","2"
"2019","Northwest Territories [61]","2016A000261","Percent change in violent crime severity index","Percent","239","units","0","v44312704","41.4","13.69","","","","2"
"2020","Northwest Territories [61]","2016A000261","Percent change in violent crime severity index","Percent","239","units","0","v44312704","41.4","6.74","","","","2"
"2021","Northwest Territories [61]","2016A000261","Percent change in violent crime severity index","Percent","239","units","0","v44312704","41.4","-8.62","","","","2"
"2010","Northwest Territories [61]","2016A000261","Non-violent crime severity index","Index","160","units","0","v44312705","41.5","353.86","","","","2"
"2011","Northwest Territories [61]","2016A000261","Non-violent crime severity index","Index","160","units","0","v44312705","41.5","344.48","","","","2"
"2012","Northwest Territories [61]","2016A000261","Non-violent crime severity index","Index","160","units","0","v44312705","41.5","331.53","","","","2"
"2013","Northwest Territories [61]","2016A000261","Non-violent crime severity index","Index","160","units","0","v44312705","41.5","317.42","","","","2"
"2014","Northwest Territories [61]","2016A000261","Non-violent crime severity index","Index","160","units","0","v44312705","41.5","293.32","","","","2"
"2015","Northwest Territories [61]","2016A000261","Non-violent crime severity index","Index","160","units","0","v44312705","41.5","305.44","","","","2"
"2016","Northwest Territories [61]","2016A000261","Non-violent crime severity index","Index","160","units","0","v44312705","41.5","282.72","","","","2"
"2017","Northwest Territories [61]","2016A000261","Non-violent crime severity index","Index","160","units","0","v44312705","41.5","285.82","","","","2"
"2018","Northwest Territories [61]","2016A000261","Non-violent crime severity index","Index","160","units","0","v44312705","41.5","288.22","","","","2"
"2019","Northwest Territories [61]","2016A000261","Non-violent crime severity index","Index","160","units","0","v44312705","41.5","353.68","","","","2"
"2020","Northwest Territories [61]","2016A000261","Non-violent crime severity index","Index","160","units","0","v44312705","41.5","375.94","","","","2"
"2021","Northwest Territories [61]","2016A000261","Non-violent crime severity index","Index","160","units","0","v44312705","41.5","361.04","","","","2"
"2010","Northwest Territories [61]","2016A000261","Percent change in non-violent crime severity index","Percent","239","units","0","v44312706","41.6","9.00","","","","2"
"2011","Northwest Territories [61]","2016A000261","Percent change in non-violent crime severity index","Percent","239","units","0","v44312706","41.6","-2.65","","","","2"
"2012","Northwest Territories [61]","2016A000261","Percent change in non-violent crime severity index","Percent","239","units","0","v44312706","41.6","-3.76","","","","2"
"2013","Northwest Territories [61]","2016A000261","Percent change in non-violent crime severity index","Percent","239","units","0","v44312706","41.6","-4.26","","","","2"
"2014","Northwest Territories [61]","2016A000261","Percent change in non-violent crime severity index","Percent","239","units","0","v44312706","41.6","-7.59","","","","2"
"2015","Northwest Territories [61]","2016A000261","Percent change in non-violent crime severity index","Percent","239","units","0","v44312706","41.6","4.13","","","","2"
"2016","Northwest Territories [61]","2016A000261","Percent change in non-violent crime severity index","Percent","239","units","0","v44312706","41.6","-7.44","","","","2"
"2017","Northwest Territories [61]","2016A000261","Percent change in non-violent crime severity index","Percent","239","units","0","v44312706","41.6","1.10","","","","2"
"2018","Northwest Territories [61]","2016A000261","Percent change in non-violent crime severity index","Percent","239","units","0","v44312706","41.6","0.84","","","","2"
"2019","Northwest Territories [61]","2016A000261","Percent change in non-violent crime severity index","Percent","239","units","0","v44312706","41.6","22.71","","","","2"
"2020","Northwest Territories [61]","2016A000261","Percent change in non-violent crime severity index","Percent","239","units","0","v44312706","41.6","6.29","","","","2"
"2021","Northwest Territories [61]","2016A000261","Percent change in non-violent crime severity index","Percent","239","units","0","v44312706","41.6","-3.96","","","","2"
"2010","Northwest Territories [61]","2016A000261","Youth crime severity index","Index","160","units","0","v53079797","41.7","427.06","","","","2"
"2011","Northwest Territories [61]","2016A000261","Youth crime severity index","Index","160","units","0","v53079797","41.7","358.73","","","","2"
"2012","Northwest Territories [61]","2016A000261","Youth crime severity index","Index","160","units","0","v53079797","41.7","385.62","","","","2"
"2013","Northwest Territories [61]","2016A000261","Youth crime severity index","Index","160","units","0","v53079797","41.7","351.16","","","","2"
"2014","Northwest Territories [61]","2016A000261","Youth crime severity index","Index","160","units","0","v53079797","41.7","315.50","","","","2"
"2015","Northwest Territories [61]","2016A000261","Youth crime severity index","Index","160","units","0","v53079797","41.7","274.17","","","","2"
"2016","Northwest Territories [61]","2016A000261","Youth crime severity index","Index","160","units","0","v53079797","41.7","246.93","","","","2"
"2017","Northwest Territories [61]","2016A000261","Youth crime severity index","Index","160","units","0","v53079797","41.7","258.35","","","","2"
"2018","Northwest Territories [61]","2016A000261","Youth crime severity index","Index","160","units","0","v53079797","41.7","214.20","","","","2"
"2019","Northwest Territories [61]","2016A000261","Youth crime severity index","Index","160","units","0","v53079797","41.7","203.47","","","","2"
"2020","Northwest Territories [61]","2016A000261","Youth crime severity index","Index","160","units","0","v53079797","41.7","141.95","","","","2"
"2021","Northwest Territories [61]","2016A000261","Youth crime severity index","Index","160","units","0","v53079797","41.7","109.73","","","","2"
"2010","Northwest Territories [61]","2016A000261","Percent change in youth crime severity index","Percent","239","units","0","v53079798","41.8","-1.30","","","","2"
"2011","Northwest Territories [61]","2016A000261","Percent change in youth crime severity index","Percent","239","units","0","v53079798","41.8","-16.00","","","","2"
"2012","Northwest Territories [61]","2016A000261","Percent change in youth crime severity index","Percent","239","units","0","v53079798","41.8","7.50","","","","2"
"2013","Northwest Territories [61]","2016A000261","Percent change in youth crime severity index","Percent","239","units","0","v53079798","41.8","-8.94","","","","2"
"2014","Northwest Territories [61]","2016A000261","Percent change in youth crime severity index","Percent","239","units","0","v53079798","41.8","-10.15","","","","2"
"2015","Northwest Territories [61]","2016A000261","Percent change in youth crime severity index","Percent","239","units","0","v53079798","41.8","-13.10","","","","2"
"2016","Northwest Territories [61]","2016A000261","Percent change in youth crime severity index","Percent","239","units","0","v53079798","41.8","-9.94","","","","2"
"2017","Northwest Territories [61]","2016A000261","Percent change in youth crime severity index","Percent","239","units","0","v53079798","41.8","4.62","","","","2"
"2018","Northwest Territories [61]","2016A000261","Percent change in youth crime severity index","Percent","239","units","0","v53079798","41.8","-17.09","","","","2"
"2019","Northwest Territories [61]","2016A000261","Percent change in youth crime severity index","Percent","239","units","0","v53079798","41.8","-5.01","","","","2"
"2020","Northwest Territories [61]","2016A000261","Percent change in youth crime severity index","Percent","239","units","0","v53079798","41.8","-30.24","","","","2"
"2021","Northwest Territories [61]","2016A000261","Percent change in youth crime severity index","Percent","239","units","0","v53079798","41.8","-22.70","","","","2"
"2010","Northwest Territories [61]","2016A000261","Youth violent crime severity index","Index","160","units","0","v53079799","41.9","179.32","","","","2"
"2011","Northwest Territories [61]","2016A000261","Youth violent crime severity index","Index","160","units","0","v53079799","41.9","208.45","","","","2"
"2012","Northwest Territories [61]","2016A000261","Youth violent crime severity index","Index","160","units","0","v53079799","41.9","245.20","","","","2"
"2013","Northwest Territories [61]","2016A000261","Youth violent crime severity index","Index","160","units","0","v53079799","41.9","311.05","","","","2"
"2014","Northwest Territories [61]","2016A000261","Youth violent crime severity index","Index","160","units","0","v53079799","41.9","254.24","","","","2"
"2015","Northwest Territories [61]","2016A000261","Youth violent crime severity index","Index","160","units","0","v53079799","41.9","190.28","","","","2"
"2016","Northwest Territories [61]","2016A000261","Youth violent crime severity index","Index","160","units","0","v53079799","41.9","139.48","","","","2"
"2017","Northwest Territories [61]","2016A000261","Youth violent crime severity index","Index","160","units","0","v53079799","41.9","217.84","","","","2"
"2018","Northwest Territories [61]","2016A000261","Youth violent crime severity index","Index","160","units","0","v53079799","41.9","170.84","","","","2"
"2019","Northwest Territories [61]","2016A000261","Youth violent crime severity index","Index","160","units","0","v53079799","41.9","198.64","","","","2"
"2020","Northwest Territories [61]","2016A000261","Youth violent crime severity index","Index","160","units","0","v53079799","41.9","152.09","","","","2"
"2021","Northwest Territories [61]","2016A000261","Youth violent crime severity index","Index","160","units","0","v53079799","41.9","143.49","","","","2"
"2010","Northwest Territories [61]","2016A000261","Percent change in youth violent crime severity index","Percent","239","units","0","v53079931","41.10","-17.46","","","","2"
"2011","Northwest Territories [61]","2016A000261","Percent change in youth violent crime severity index","Percent","239","units","0","v53079931","41.10","16.24","","","","2"
"2012","Northwest Territories [61]","2016A000261","Percent change in youth violent crime severity index","Percent","239","units","0","v53079931","41.10","17.63","","","","2"
"2013","Northwest Territories [61]","2016A000261","Percent change in youth violent crime severity index","Percent","239","units","0","v53079931","41.10","26.86","","","","2"
"2014","Northwest Territories [61]","2016A000261","Percent change in youth violent crime severity index","Percent","239","units","0","v53079931","41.10","-18.26","","","","2"
"2015","Northwest Territories [61]","2016A000261","Percent change in youth violent crime severity index","Percent","239","units","0","v53079931","41.10","-25.16","","","","2"
"2016","Northwest Territories [61]","2016A000261","Percent change in youth violent crime severity index","Percent","239","units","0","v53079931","41.10","-26.70","","","","2"
"2017","Northwest Territories [61]","2016A000261","Percent change in youth violent crime severity index","Percent","239","units","0","v53079931","41.10","56.18","","","","2"
"2018","Northwest Territories [61]","2016A000261","Percent change in youth violent crime severity index","Percent","239","units","0","v53079931","41.10","-21.58","","","","2"
"2019","Northwest Territories [61]","2016A000261","Percent change in youth violent crime severity index","Percent","239","units","0","v53079931","41.10","16.27","","","","2"
"2020","Northwest Territories [61]","2016A000261","Percent change in youth violent crime severity index","Percent","239","units","0","v53079931","41.10","-23.43","","","","2"
"2021","Northwest Territories [61]","2016A000261","Percent change in youth violent crime severity index","Percent","239","units","0","v53079931","41.10","-5.65","","","","2"
"2010","Northwest Territories [61]","2016A000261","Youth non-violent crime severity index","Index","160","units","0","v53079789","41.11","615.75","","","","2"
"2011","Northwest Territories [61]","2016A000261","Youth non-violent crime severity index","Index","160","units","0","v53079789","41.11","463.59","","","","2"
"2012","Northwest Territories [61]","2016A000261","Youth non-violent crime severity index","Index","160","units","0","v53079789","41.11","483.39","","","","2"
"2013","Northwest Territories [61]","2016A000261","Youth non-violent crime severity index","Index","160","units","0","v53079789","41.11","378.02","","","","2"
"2014","Northwest Territories [61]","2016A000261","Youth non-violent crime severity index","Index","160","units","0","v53079789","41.11","357.51","","","","2"
"2015","Northwest Territories [61]","2016A000261","Youth non-violent crime severity index","Index","160","units","0","v53079789","41.11","332.39","","","","2"
"2016","Northwest Territories [61]","2016A000261","Youth non-violent crime severity index","Index","160","units","0","v53079789","41.11","317.96","","","","2"
"2017","Northwest Territories [61]","2016A000261","Youth non-violent crime severity index","Index","160","units","0","v53079789","41.11","283.61","","","","2"
"2018","Northwest Territories [61]","2016A000261","Youth non-violent crime severity index","Index","160","units","0","v53079789","41.11","241.81","","","","2"
"2019","Northwest Territories [61]","2016A000261","Youth non-violent crime severity index","Index","160","units","0","v53079789","41.11","204.90","","","","2"
"2020","Northwest Territories [61]","2016A000261","Youth non-violent crime severity index","Index","160","units","0","v53079789","41.11","133.73","","","","2"
"2021","Northwest Territories [61]","2016A000261","Youth non-violent crime severity index","Index","160","units","0","v53079789","41.11","85.68","","","","2"
"2010","Northwest Territories [61]","2016A000261","Percent change in youth non-violent crime severity index","Percent","239","units","0","v53079790","41.12","3.18","","","","2"
"2011","Northwest Territories [61]","2016A000261","Percent change in youth non-violent crime severity index","Percent","239","units","0","v53079790","41.12","-24.71","","","","2"
"2012","Northwest Territories [61]","2016A000261","Percent change in youth non-violent crime severity index","Percent","239","units","0","v53079790","41.12","4.27","","","","2"
"2013","Northwest Territories [61]","2016A000261","Percent change in youth non-violent crime severity index","Percent","239","units","0","v53079790","41.12","-21.80","","","","2"
"2014","Northwest Territories [61]","2016A000261","Percent change in youth non-violent crime severity index","Percent","239","units","0","v53079790","41.12","-5.43","","","","2"
"2015","Northwest Territories [61]","2016A000261","Percent change in youth non-violent crime severity index","Percent","239","units","0","v53079790","41.12","-7.03","","","","2"
"2016","Northwest Territories [61]","2016A000261","Percent change in youth non-violent crime severity index","Percent","239","units","0","v53079790","41.12","-4.34","","","","2"
"2017","Northwest Territories [61]","2016A000261","Percent change in youth non-violent crime severity index","Percent","239","units","0","v53079790","41.12","-10.80","","","","2"
"2018","Northwest Territories [61]","2016A000261","Percent change in youth non-violent crime severity index","Percent","239","units","0","v53079790","41.12","-14.74","","","","2"
"2019","Northwest Territories [61]","2016A000261","Percent change in youth non-violent crime severity index","Percent","239","units","0","v53079790","41.12","-15.26","","","","2"
"2020","Northwest Territories [61]","2016A000261","Percent change in youth non-violent crime severity index","Percent","239","units","0","v53079790","41.12","-34.73","","","","2"
"2021","Northwest Territories [61]","2016A000261","Percent change in youth non-violent crime severity index","Percent","239","units","0","v53079790","41.12","-35.93","","","","2"
"2010","Northwest Territories [61]","2016A000261","Weighted clearance rate","Number","223","units","0","v53079791","41.13","72.49","","","","2"
"2011","Northwest Territories [61]","2016A000261","Weighted clearance rate","Number","223","units","0","v53079791","41.13","66.76","","","","2"
"2012","Northwest Territories [61]","2016A000261","Weighted clearance rate","Number","223","units","0","v53079791","41.13","65.84","","","","2"
"2013","Northwest Territories [61]","2016A000261","Weighted clearance rate","Number","223","units","0","v53079791","41.13","64.57","","","","2"
"2014","Northwest Territories [61]","2016A000261","Weighted clearance rate","Number","223","units","0","v53079791","41.13","65.00","","","","2"
"2015","Northwest Territories [61]","2016A000261","Weighted clearance rate","Number","223","units","0","v53079791","41.13","64.54","","","","2"
"2016","Northwest Territories [61]","2016A000261","Weighted clearance rate","Number","223","units","0","v53079791","41.13","65.17","","","","2"
"2017","Northwest Territories [61]","2016A000261","Weighted clearance rate","Number","223","units","0","v53079791","41.13","65.05","","","","2"
"2018","Northwest Territories [61]","2016A000261","Weighted clearance rate","Number","223","units","0","v53079791","41.13","65.75","","","","2"
"2019","Northwest Territories [61]","2016A000261","Weighted clearance rate","Number","223","units","0","v53079791","41.13","50.31","","","","2"
"2020","Northwest Territories [61]","2016A000261","Weighted clearance rate","Number","223","units","0","v53079791","41.13","49.08","","","","2"
"2021","Northwest Territories [61]","2016A000261","Weighted clearance rate","Number","223","units","0","v53079791","41.13","40.21","","","","2"
"2010","Northwest Territories [61]","2016A000261","Percent change in weighted clearance rate","Percent","239","units","0","v53079792","41.14","1.40","","","","2"
"2011","Northwest Territories [61]","2016A000261","Percent change in weighted clearance rate","Percent","239","units","0","v53079792","41.14","-7.90","","","","2"
"2012","Northwest Territories [61]","2016A000261","Percent change in weighted clearance rate","Percent","239","units","0","v53079792","41.14","-1.38","","","","2"
"2013","Northwest Territories [61]","2016A000261","Percent change in weighted clearance rate","Percent","239","units","0","v53079792","41.14","-1.93","","","","2"
"2014","Northwest Territories [61]","2016A000261","Percent change in weighted clearance rate","Percent","239","units","0","v53079792","41.14","0.67","","","","2"
"2015","Northwest Territories [61]","2016A000261","Percent change in weighted clearance rate","Percent","239","units","0","v53079792","41.14","-0.71","","","","2"
"2016","Northwest Territories [61]","2016A000261","Percent change in weighted clearance rate","Percent","239","units","0","v53079792","41.14","0.98","","","","2"
"2017","Northwest Territories [61]","2016A000261","Percent change in weighted clearance rate","Percent","239","units","0","v53079792","41.14","-0.18","","","","2"
"2018","Northwest Territories [61]","2016A000261","Percent change in weighted clearance rate","Percent","239","units","0","v53079792","41.14","1.08","","","","2"
"2019","Northwest Territories [61]","2016A000261","Percent change in weighted clearance rate","Percent","239","units","0","v53079792","41.14","-23.48","","","","2"
"2020","Northwest Territories [61]","2016A000261","Percent change in weighted clearance rate","Percent","239","units","0","v53079792","41.14","-2.44","","","","2"
"2021","Northwest Territories [61]","2016A000261","Percent change in weighted clearance rate","Percent","239","units","0","v53079792","41.14","-18.07","","","","2"
"2010","Northwest Territories [61]","2016A000261","Violent weighted clearance rate","Number","223","units","0","v53079793","41.15","89.59","","","","2"
"2011","Northwest Territories [61]","2016A000261","Violent weighted clearance rate","Number","223","units","0","v53079793","41.15","85.90","","","","2"
"2012","Northwest Territories [61]","2016A000261","Violent weighted clearance rate","Number","223","units","0","v53079793","41.15","77.13","","","","2"
"2013","Northwest Territories [61]","2016A000261","Violent weighted clearance rate","Number","223","units","0","v53079793","41.15","82.52","","","","2"
"2014","Northwest Territories [61]","2016A000261","Violent weighted clearance rate","Number","223","units","0","v53079793","41.15","78.53","","","","2"
"2015","Northwest Territories [61]","2016A000261","Violent weighted clearance rate","Number","223","units","0","v53079793","41.15","80.42","","","","2"
"2016","Northwest Territories [61]","2016A000261","Violent weighted clearance rate","Number","223","units","0","v53079793","41.15","77.81","","","","2"
"2017","Northwest Territories [61]","2016A000261","Violent weighted clearance rate","Number","223","units","0","v53079793","41.15","79.43","","","","2"
"2018","Northwest Territories [61]","2016A000261","Violent weighted clearance rate","Number","223","units","0","v53079793","41.15","79.07","","","","2"
"2019","Northwest Territories [61]","2016A000261","Violent weighted clearance rate","Number","223","units","0","v53079793","41.15","62.12","","","","2"
"2020","Northwest Territories [61]","2016A000261","Violent weighted clearance rate","Number","223","units","0","v53079793","41.15","61.99","","","","2"
"2021","Northwest Territories [61]","2016A000261","Violent weighted clearance rate","Number","223","units","0","v53079793","41.15","53.21","","","","2"
"2010","Northwest Territories [61]","2016A000261","Percent change in violent weighted clearance rate","Percent","239","units","0","v53079794","41.16","0.20","","","","2"
"2011","Northwest Territories [61]","2016A000261","Percent change in violent weighted clearance rate","Percent","239","units","0","v53079794","41.16","-4.12","","","","2"
"2012","Northwest Territories [61]","2016A000261","Percent change in violent weighted clearance rate","Percent","239","units","0","v53079794","41.16","-10.21","","","","2"
"2013","Northwest Territories [61]","2016A000261","Percent change in violent weighted clearance rate","Percent","239","units","0","v53079794","41.16","6.99","","","","2"
"2014","Northwest Territories [61]","2016A000261","Percent change in violent weighted clearance rate","Percent","239","units","0","v53079794","41.16","-4.84","","","","2"
"2015","Northwest Territories [61]","2016A000261","Percent change in violent weighted clearance rate","Percent","239","units","0","v53079794","41.16","2.41","","","","2"
"2016","Northwest Territories [61]","2016A000261","Percent change in violent weighted clearance rate","Percent","239","units","0","v53079794","41.16","-3.25","","","","2"
"2017","Northwest Territories [61]","2016A000261","Percent change in violent weighted clearance rate","Percent","239","units","0","v53079794","41.16","2.08","","","","2"
"2018","Northwest Territories [61]","2016A000261","Percent change in violent weighted clearance rate","Percent","239","units","0","v53079794","41.16","-0.45","","","","2"
"2019","Northwest Territories [61]","2016A000261","Percent change in violent weighted clearance rate","Percent","239","units","0","v53079794","41.16","-21.44","","","","2"
"2020","Northwest Territories [61]","2016A000261","Percent change in violent weighted clearance rate","Percent","239","units","0","v53079794","41.16","-0.21","","","","2"
"2021","Northwest Territories [61]","2016A000261","Percent change in violent weighted clearance rate","Percent","239","units","0","v53079794","41.16","-14.16","","","","2"
"2010","Northwest Territories [61]","2016A000261","Non-violent weighted clearance rate","Number","223","units","0","v53079795","41.17","66.30","","","","2"
"2011","Northwest Territories [61]","2016A000261","Non-violent weighted clearance rate","Number","223","units","0","v53079795","41.17","60.01","","","","2"
"2012","Northwest Territories [61]","2016A000261","Non-violent weighted clearance rate","Number","223","units","0","v53079795","41.17","61.44","","","","2"
"2013","Northwest Territories [61]","2016A000261","Non-violent weighted clearance rate","Number","223","units","0","v53079795","41.17","58.26","","","","2"
"2014","Northwest Territories [61]","2016A000261","Non-violent weighted clearance rate","Number","223","units","0","v53079795","41.17","60.31","","","","2"
"2015","Northwest Territories [61]","2016A000261","Non-violent weighted clearance rate","Number","223","units","0","v53079795","41.17","57.63","","","","2"
"2016","Northwest Territories [61]","2016A000261","Non-violent weighted clearance rate","Number","223","units","0","v53079795","41.17","59.76","","","","2"
"2017","Northwest Territories [61]","2016A000261","Non-violent weighted clearance rate","Number","223","units","0","v53079795","41.17","58.30","","","","2"
"2018","Northwest Territories [61]","2016A000261","Non-violent weighted clearance rate","Number","223","units","0","v53079795","41.17","58.66","","","","2"
"2019","Northwest Territories [61]","2016A000261","Non-violent weighted clearance rate","Number","223","units","0","v53079795","41.17","44.48","","","","2"
"2020","Northwest Territories [61]","2016A000261","Non-violent weighted clearance rate","Number","223","units","0","v53079795","41.17","42.69","","","","2"
"2021","Northwest Territories [61]","2016A000261","Non-violent weighted clearance rate","Number","223","units","0","v53079795","41.17","34.09","","","","2"
"2010","Northwest Territories [61]","2016A000261","Percent change in non-violent weighted clearance rate","Percent","239","units","0","v53079796","41.18","2.82","","","","2"
"2011","Northwest Territories [61]","2016A000261","Percent change in non-violent weighted clearance rate","Percent","239","units","0","v53079796","41.18","-9.49","","","","2"
"2012","Northwest Territories [61]","2016A000261","Percent change in non-violent weighted clearance rate","Percent","239","units","0","v53079796","41.18","2.38","","","","2"
"2013","Northwest Territories [61]","2016A000261","Percent change in non-violent weighted clearance rate","Percent","239","units","0","v53079796","41.18","-5.18","","","","2"
"2014","Northwest Territories [61]","2016A000261","Percent change in non-violent weighted clearance rate","Percent","239","units","0","v53079796","41.18","3.52","","","","2"
"2015","Northwest Territories [61]","2016A000261","Percent change in non-violent weighted clearance rate","Percent","239","units","0","v53079796","41.18","-4.44","","","","2"
"2016","Northwest Territories [61]","2016A000261","Percent change in non-violent weighted clearance rate","Percent","239","units","0","v53079796","41.18","3.70","","","","2"
"2017","Northwest Territories [61]","2016A000261","Percent change in non-violent weighted clearance rate","Percent","239","units","0","v53079796","41.18","-2.44","","","","2"
"2018","Northwest Territories [61]","2016A000261","Percent change in non-violent weighted clearance rate","Percent","239","units","0","v53079796","41.18","0.62","","","","2"
"2019","Northwest Territories [61]","2016A000261","Percent change in non-violent weighted clearance rate","Percent","239","units","0","v53079796","41.18","-24.17","","","","2"
"2020","Northwest Territories [61]","2016A000261","Percent change in non-violent weighted clearance rate","Percent","239","units","0","v53079796","41.18","-4.02","","","","2"
"2021","Northwest Territories [61]","2016A000261","Percent change in non-violent weighted clearance rate","Percent","239","units","0","v53079796","41.18","-20.15","","","","2"


