﻿"REF_DATE","GEO","DGUID","Statistics","UOM","UOM_ID","SCALAR_FACTOR","SCALAR_ID","VECTOR","COORDINATE","VALUE","STATUS","SYMBOL","TERMINATED","DECIMALS"
"2010","Kitchener-Cambridge-Waterloo, Ontario [35541]","2021A003535541","Crime severity index","Index","160","units","0","v44312587","22.1","68.76","","","","2"
"2011","Kitchener-Cambridge-Waterloo, Ontario [35541]","2021A003535541","Crime severity index","Index","160","units","0","v44312587","22.1","64.09","","","","2"
"2012","Kitchener-Cambridge-Waterloo, Ontario [35541]","2021A003535541","Crime severity index","Index","160","units","0","v44312587","22.1","59.48","","","","2"
"2013","Kitchener-Cambridge-Waterloo, Ontario [35541]","2021A003535541","Crime severity index","Index","160","units","0","v44312587","22.1","57.56","","","","2"
"2014","Kitchener-Cambridge-Waterloo, Ontario [35541]","2021A003535541","Crime severity index","Index","160","units","0","v44312587","22.1","55.81","","","","2"
"2015","Kitchener-Cambridge-Waterloo, Ontario [35541]","2021A003535541","Crime severity index","Index","160","units","0","v44312587","22.1","60.59","","","","2"
"2016","Kitchener-Cambridge-Waterloo, Ontario [35541]","2021A003535541","Crime severity index","Index","160","units","0","v44312587","22.1","60.78","","","","2"
"2017","Kitchener-Cambridge-Waterloo, Ontario [35541]","2021A003535541","Crime severity index","Index","160","units","0","v44312587","22.1","69.50","","","","2"
"2018","Kitchener-Cambridge-Waterloo, Ontario [35541]","2021A003535541","Crime severity index","Index","160","units","0","v44312587","22.1","74.18","","","","2"
"2019","Kitchener-Cambridge-Waterloo, Ontario [35541]","2021A003535541","Crime severity index","Index","160","units","0","v44312587","22.1","73.66","","","","2"
"2020","Kitchener-Cambridge-Waterloo, Ontario [35541]","2021A003535541","Crime severity index","Index","160","units","0","v44312587","22.1","75.10","","","","2"
"2021","Kitchener-Cambridge-Waterloo, Ontario [35541]","2021A003535541","Crime severity index","Index","160","units","0","v44312587","22.1","79.39","","","","2"
"2010","Kitchener-Cambridge-Waterloo, Ontario [35541]","2021A003535541","Percent change in crime severity index","Percent","239","units","0","v44312588","22.2","-7.83","","","","2"
"2011","Kitchener-Cambridge-Waterloo, Ontario [35541]","2021A003535541","Percent change in crime severity index","Percent","239","units","0","v44312588","22.2","-6.79","","","","2"
"2012","Kitchener-Cambridge-Waterloo, Ontario [35541]","2021A003535541","Percent change in crime severity index","Percent","239","units","0","v44312588","22.2","-7.19","","","","2"
"2013","Kitchener-Cambridge-Waterloo, Ontario [35541]","2021A003535541","Percent change in crime severity index","Percent","239","units","0","v44312588","22.2","-3.23","","","","2"
"2014","Kitchener-Cambridge-Waterloo, Ontario [35541]","2021A003535541","Percent change in crime severity index","Percent","239","units","0","v44312588","22.2","-3.04","","","","2"
"2015","Kitchener-Cambridge-Waterloo, Ontario [35541]","2021A003535541","Percent change in crime severity index","Percent","239","units","0","v44312588","22.2","8.56","","","","2"
"2016","Kitchener-Cambridge-Waterloo, Ontario [35541]","2021A003535541","Percent change in crime severity index","Percent","239","units","0","v44312588","22.2","0.31","","","","2"
"2017","Kitchener-Cambridge-Waterloo, Ontario [35541]","2021A003535541","Percent change in crime severity index","Percent","239","units","0","v44312588","22.2","14.35","","","","2"
"2018","Kitchener-Cambridge-Waterloo, Ontario [35541]","2021A003535541","Percent change in crime severity index","Percent","239","units","0","v44312588","22.2","6.73","","","","2"
"2019","Kitchener-Cambridge-Waterloo, Ontario [35541]","2021A003535541","Percent change in crime severity index","Percent","239","units","0","v44312588","22.2","-0.70","","","","2"
"2020","Kitchener-Cambridge-Waterloo, Ontario [35541]","2021A003535541","Percent change in crime severity index","Percent","239","units","0","v44312588","22.2","1.95","","","","2"
"2021","Kitchener-Cambridge-Waterloo, Ontario [35541]","2021A003535541","Percent change in crime severity index","Percent","239","units","0","v44312588","22.2","5.71","","","","2"
"2010","Kitchener-Cambridge-Waterloo, Ontario [35541]","2021A003535541","Violent crime severity index","Index","160","units","0","v44312589","22.3","70.23","","","","2"
"2011","Kitchener-Cambridge-Waterloo, Ontario [35541]","2021A003535541","Violent crime severity index","Index","160","units","0","v44312589","22.3","71.55","","","","2"
"2012","Kitchener-Cambridge-Waterloo, Ontario [35541]","2021A003535541","Violent crime severity index","Index","160","units","0","v44312589","22.3","62.09","","","","2"
"2013","Kitchener-Cambridge-Waterloo, Ontario [35541]","2021A003535541","Violent crime severity index","Index","160","units","0","v44312589","22.3","57.84","","","","2"
"2014","Kitchener-Cambridge-Waterloo, Ontario [35541]","2021A003535541","Violent crime severity index","Index","160","units","0","v44312589","22.3","51.56","","","","2"
"2015","Kitchener-Cambridge-Waterloo, Ontario [35541]","2021A003535541","Violent crime severity index","Index","160","units","0","v44312589","22.3","55.46","","","","2"
"2016","Kitchener-Cambridge-Waterloo, Ontario [35541]","2021A003535541","Violent crime severity index","Index","160","units","0","v44312589","22.3","59.66","","","","2"
"2017","Kitchener-Cambridge-Waterloo, Ontario [35541]","2021A003535541","Violent crime severity index","Index","160","units","0","v44312589","22.3","73.15","","","","2"
"2018","Kitchener-Cambridge-Waterloo, Ontario [35541]","2021A003535541","Violent crime severity index","Index","160","units","0","v44312589","22.3","80.16","","","","2"
"2019","Kitchener-Cambridge-Waterloo, Ontario [35541]","2021A003535541","Violent crime severity index","Index","160","units","0","v44312589","22.3","88.04","","","","2"
"2020","Kitchener-Cambridge-Waterloo, Ontario [35541]","2021A003535541","Violent crime severity index","Index","160","units","0","v44312589","22.3","85.19","","","","2"
"2021","Kitchener-Cambridge-Waterloo, Ontario [35541]","2021A003535541","Violent crime severity index","Index","160","units","0","v44312589","22.3","86.59","","","","2"
"2010","Kitchener-Cambridge-Waterloo, Ontario [35541]","2021A003535541","Percent change in violent crime severity index","Percent","239","units","0","v44312590","22.4","6.55","","","","2"
"2011","Kitchener-Cambridge-Waterloo, Ontario [35541]","2021A003535541","Percent change in violent crime severity index","Percent","239","units","0","v44312590","22.4","1.88","","","","2"
"2012","Kitchener-Cambridge-Waterloo, Ontario [35541]","2021A003535541","Percent change in violent crime severity index","Percent","239","units","0","v44312590","22.4","-13.22","","","","2"
"2013","Kitchener-Cambridge-Waterloo, Ontario [35541]","2021A003535541","Percent change in violent crime severity index","Percent","239","units","0","v44312590","22.4","-6.84","","","","2"
"2014","Kitchener-Cambridge-Waterloo, Ontario [35541]","2021A003535541","Percent change in violent crime severity index","Percent","239","units","0","v44312590","22.4","-10.86","","","","2"
"2015","Kitchener-Cambridge-Waterloo, Ontario [35541]","2021A003535541","Percent change in violent crime severity index","Percent","239","units","0","v44312590","22.4","7.56","","","","2"
"2016","Kitchener-Cambridge-Waterloo, Ontario [35541]","2021A003535541","Percent change in violent crime severity index","Percent","239","units","0","v44312590","22.4","7.57","","","","2"
"2017","Kitchener-Cambridge-Waterloo, Ontario [35541]","2021A003535541","Percent change in violent crime severity index","Percent","239","units","0","v44312590","22.4","22.61","","","","2"
"2018","Kitchener-Cambridge-Waterloo, Ontario [35541]","2021A003535541","Percent change in violent crime severity index","Percent","239","units","0","v44312590","22.4","9.58","","","","2"
"2019","Kitchener-Cambridge-Waterloo, Ontario [35541]","2021A003535541","Percent change in violent crime severity index","Percent","239","units","0","v44312590","22.4","9.83","","","","2"
"2020","Kitchener-Cambridge-Waterloo, Ontario [35541]","2021A003535541","Percent change in violent crime severity index","Percent","239","units","0","v44312590","22.4","-3.24","","","","2"
"2021","Kitchener-Cambridge-Waterloo, Ontario [35541]","2021A003535541","Percent change in violent crime severity index","Percent","239","units","0","v44312590","22.4","1.64","","","","2"
"2010","Kitchener-Cambridge-Waterloo, Ontario [35541]","2021A003535541","Non-violent crime severity index","Index","160","units","0","v44312591","22.5","68.19","","","","2"
"2011","Kitchener-Cambridge-Waterloo, Ontario [35541]","2021A003535541","Non-violent crime severity index","Index","160","units","0","v44312591","22.5","61.24","","","","2"
"2012","Kitchener-Cambridge-Waterloo, Ontario [35541]","2021A003535541","Non-violent crime severity index","Index","160","units","0","v44312591","22.5","58.41","","","","2"
"2013","Kitchener-Cambridge-Waterloo, Ontario [35541]","2021A003535541","Non-violent crime severity index","Index","160","units","0","v44312591","22.5","57.33","","","","2"
"2014","Kitchener-Cambridge-Waterloo, Ontario [35541]","2021A003535541","Non-violent crime severity index","Index","160","units","0","v44312591","22.5","57.24","","","","2"
"2015","Kitchener-Cambridge-Waterloo, Ontario [35541]","2021A003535541","Non-violent crime severity index","Index","160","units","0","v44312591","22.5","62.33","","","","2"
"2016","Kitchener-Cambridge-Waterloo, Ontario [35541]","2021A003535541","Non-violent crime severity index","Index","160","units","0","v44312591","22.5","61.04","","","","2"
"2017","Kitchener-Cambridge-Waterloo, Ontario [35541]","2021A003535541","Non-violent crime severity index","Index","160","units","0","v44312591","22.5","68.02","","","","2"
"2018","Kitchener-Cambridge-Waterloo, Ontario [35541]","2021A003535541","Non-violent crime severity index","Index","160","units","0","v44312591","22.5","71.85","","","","2"
"2019","Kitchener-Cambridge-Waterloo, Ontario [35541]","2021A003535541","Non-violent crime severity index","Index","160","units","0","v44312591","22.5","68.31","","","","2"
"2020","Kitchener-Cambridge-Waterloo, Ontario [35541]","2021A003535541","Non-violent crime severity index","Index","160","units","0","v44312591","22.5","71.30","","","","2"
"2021","Kitchener-Cambridge-Waterloo, Ontario [35541]","2021A003535541","Non-violent crime severity index","Index","160","units","0","v44312591","22.5","76.62","","","","2"
"2010","Kitchener-Cambridge-Waterloo, Ontario [35541]","2021A003535541","Percent change in non-violent crime severity index","Percent","239","units","0","v44312592","22.6","-12.51","","","","2"
"2011","Kitchener-Cambridge-Waterloo, Ontario [35541]","2021A003535541","Percent change in non-violent crime severity index","Percent","239","units","0","v44312592","22.6","-10.19","","","","2"
"2012","Kitchener-Cambridge-Waterloo, Ontario [35541]","2021A003535541","Percent change in non-violent crime severity index","Percent","239","units","0","v44312592","22.6","-4.62","","","","2"
"2013","Kitchener-Cambridge-Waterloo, Ontario [35541]","2021A003535541","Percent change in non-violent crime severity index","Percent","239","units","0","v44312592","22.6","-1.85","","","","2"
"2014","Kitchener-Cambridge-Waterloo, Ontario [35541]","2021A003535541","Percent change in non-violent crime severity index","Percent","239","units","0","v44312592","22.6","-0.16","","","","2"
"2015","Kitchener-Cambridge-Waterloo, Ontario [35541]","2021A003535541","Percent change in non-violent crime severity index","Percent","239","units","0","v44312592","22.6","8.89","","","","2"
"2016","Kitchener-Cambridge-Waterloo, Ontario [35541]","2021A003535541","Percent change in non-violent crime severity index","Percent","239","units","0","v44312592","22.6","-2.07","","","","2"
"2017","Kitchener-Cambridge-Waterloo, Ontario [35541]","2021A003535541","Percent change in non-violent crime severity index","Percent","239","units","0","v44312592","22.6","11.44","","","","2"
"2018","Kitchener-Cambridge-Waterloo, Ontario [35541]","2021A003535541","Percent change in non-violent crime severity index","Percent","239","units","0","v44312592","22.6","5.63","","","","2"
"2019","Kitchener-Cambridge-Waterloo, Ontario [35541]","2021A003535541","Percent change in non-violent crime severity index","Percent","239","units","0","v44312592","22.6","-4.93","","","","2"
"2020","Kitchener-Cambridge-Waterloo, Ontario [35541]","2021A003535541","Percent change in non-violent crime severity index","Percent","239","units","0","v44312592","22.6","4.38","","","","2"
"2021","Kitchener-Cambridge-Waterloo, Ontario [35541]","2021A003535541","Percent change in non-violent crime severity index","Percent","239","units","0","v44312592","22.6","7.46","","","","2"
"2010","Kitchener-Cambridge-Waterloo, Ontario [35541]","2021A003535541","Youth crime severity index","Index","160","units","0","v53079588","22.7","0.00","","","","2"
"2011","Kitchener-Cambridge-Waterloo, Ontario [35541]","2021A003535541","Youth crime severity index","Index","160","units","0","v53079588","22.7","","..","","","2"
"2012","Kitchener-Cambridge-Waterloo, Ontario [35541]","2021A003535541","Youth crime severity index","Index","160","units","0","v53079588","22.7","","..","","","2"
"2013","Kitchener-Cambridge-Waterloo, Ontario [35541]","2021A003535541","Youth crime severity index","Index","160","units","0","v53079588","22.7","","..","","","2"
"2014","Kitchener-Cambridge-Waterloo, Ontario [35541]","2021A003535541","Youth crime severity index","Index","160","units","0","v53079588","22.7","","..","","","2"
"2015","Kitchener-Cambridge-Waterloo, Ontario [35541]","2021A003535541","Youth crime severity index","Index","160","units","0","v53079588","22.7","","..","","","2"
"2016","Kitchener-Cambridge-Waterloo, Ontario [35541]","2021A003535541","Youth crime severity index","Index","160","units","0","v53079588","22.7","","..","","","2"
"2017","Kitchener-Cambridge-Waterloo, Ontario [35541]","2021A003535541","Youth crime severity index","Index","160","units","0","v53079588","22.7","","..","","","2"
"2018","Kitchener-Cambridge-Waterloo, Ontario [35541]","2021A003535541","Youth crime severity index","Index","160","units","0","v53079588","22.7","","..","","","2"
"2019","Kitchener-Cambridge-Waterloo, Ontario [35541]","2021A003535541","Youth crime severity index","Index","160","units","0","v53079588","22.7","","..","","","2"
"2020","Kitchener-Cambridge-Waterloo, Ontario [35541]","2021A003535541","Youth crime severity index","Index","160","units","0","v53079588","22.7","","..","","","2"
"2021","Kitchener-Cambridge-Waterloo, Ontario [35541]","2021A003535541","Youth crime severity index","Index","160","units","0","v53079588","22.7","","..","","","2"
"2010","Kitchener-Cambridge-Waterloo, Ontario [35541]","2021A003535541","Percent change in youth crime severity index","Percent","239","units","0","v87984903","22.8","0.00","","","","2"
"2011","Kitchener-Cambridge-Waterloo, Ontario [35541]","2021A003535541","Percent change in youth crime severity index","Percent","239","units","0","v87984903","22.8","","..","","","2"
"2012","Kitchener-Cambridge-Waterloo, Ontario [35541]","2021A003535541","Percent change in youth crime severity index","Percent","239","units","0","v87984903","22.8","","..","","","2"
"2013","Kitchener-Cambridge-Waterloo, Ontario [35541]","2021A003535541","Percent change in youth crime severity index","Percent","239","units","0","v87984903","22.8","","..","","","2"
"2014","Kitchener-Cambridge-Waterloo, Ontario [35541]","2021A003535541","Percent change in youth crime severity index","Percent","239","units","0","v87984903","22.8","","..","","","2"
"2015","Kitchener-Cambridge-Waterloo, Ontario [35541]","2021A003535541","Percent change in youth crime severity index","Percent","239","units","0","v87984903","22.8","","..","","","2"
"2016","Kitchener-Cambridge-Waterloo, Ontario [35541]","2021A003535541","Percent change in youth crime severity index","Percent","239","units","0","v87984903","22.8","","..","","","2"
"2017","Kitchener-Cambridge-Waterloo, Ontario [35541]","2021A003535541","Percent change in youth crime severity index","Percent","239","units","0","v87984903","22.8","","..","","","2"
"2018","Kitchener-Cambridge-Waterloo, Ontario [35541]","2021A003535541","Percent change in youth crime severity index","Percent","239","units","0","v87984903","22.8","","..","","","2"
"2019","Kitchener-Cambridge-Waterloo, Ontario [35541]","2021A003535541","Percent change in youth crime severity index","Percent","239","units","0","v87984903","22.8","","..","","","2"
"2020","Kitchener-Cambridge-Waterloo, Ontario [35541]","2021A003535541","Percent change in youth crime severity index","Percent","239","units","0","v87984903","22.8","","..","","","2"
"2021","Kitchener-Cambridge-Waterloo, Ontario [35541]","2021A003535541","Percent change in youth crime severity index","Percent","239","units","0","v87984903","22.8","","..","","","2"
"2010","Kitchener-Cambridge-Waterloo, Ontario [35541]","2021A003535541","Youth violent crime severity index","Index","160","units","0","v53079589","22.9","0.00","","","","2"
"2011","Kitchener-Cambridge-Waterloo, Ontario [35541]","2021A003535541","Youth violent crime severity index","Index","160","units","0","v53079589","22.9","","..","","","2"
"2012","Kitchener-Cambridge-Waterloo, Ontario [35541]","2021A003535541","Youth violent crime severity index","Index","160","units","0","v53079589","22.9","","..","","","2"
"2013","Kitchener-Cambridge-Waterloo, Ontario [35541]","2021A003535541","Youth violent crime severity index","Index","160","units","0","v53079589","22.9","","..","","","2"
"2014","Kitchener-Cambridge-Waterloo, Ontario [35541]","2021A003535541","Youth violent crime severity index","Index","160","units","0","v53079589","22.9","","..","","","2"
"2015","Kitchener-Cambridge-Waterloo, Ontario [35541]","2021A003535541","Youth violent crime severity index","Index","160","units","0","v53079589","22.9","","..","","","2"
"2016","Kitchener-Cambridge-Waterloo, Ontario [35541]","2021A003535541","Youth violent crime severity index","Index","160","units","0","v53079589","22.9","","..","","","2"
"2017","Kitchener-Cambridge-Waterloo, Ontario [35541]","2021A003535541","Youth violent crime severity index","Index","160","units","0","v53079589","22.9","","..","","","2"
"2018","Kitchener-Cambridge-Waterloo, Ontario [35541]","2021A003535541","Youth violent crime severity index","Index","160","units","0","v53079589","22.9","","..","","","2"
"2019","Kitchener-Cambridge-Waterloo, Ontario [35541]","2021A003535541","Youth violent crime severity index","Index","160","units","0","v53079589","22.9","","..","","","2"
"2020","Kitchener-Cambridge-Waterloo, Ontario [35541]","2021A003535541","Youth violent crime severity index","Index","160","units","0","v53079589","22.9","","..","","","2"
"2021","Kitchener-Cambridge-Waterloo, Ontario [35541]","2021A003535541","Youth violent crime severity index","Index","160","units","0","v53079589","22.9","","..","","","2"
"2010","Kitchener-Cambridge-Waterloo, Ontario [35541]","2021A003535541","Percent change in youth violent crime severity index","Percent","239","units","0","v87984904","22.10","0.00","","","","2"
"2011","Kitchener-Cambridge-Waterloo, Ontario [35541]","2021A003535541","Percent change in youth violent crime severity index","Percent","239","units","0","v87984904","22.10","","..","","","2"
"2012","Kitchener-Cambridge-Waterloo, Ontario [35541]","2021A003535541","Percent change in youth violent crime severity index","Percent","239","units","0","v87984904","22.10","","..","","","2"
"2013","Kitchener-Cambridge-Waterloo, Ontario [35541]","2021A003535541","Percent change in youth violent crime severity index","Percent","239","units","0","v87984904","22.10","","..","","","2"
"2014","Kitchener-Cambridge-Waterloo, Ontario [35541]","2021A003535541","Percent change in youth violent crime severity index","Percent","239","units","0","v87984904","22.10","","..","","","2"
"2015","Kitchener-Cambridge-Waterloo, Ontario [35541]","2021A003535541","Percent change in youth violent crime severity index","Percent","239","units","0","v87984904","22.10","","..","","","2"
"2016","Kitchener-Cambridge-Waterloo, Ontario [35541]","2021A003535541","Percent change in youth violent crime severity index","Percent","239","units","0","v87984904","22.10","","..","","","2"
"2017","Kitchener-Cambridge-Waterloo, Ontario [35541]","2021A003535541","Percent change in youth violent crime severity index","Percent","239","units","0","v87984904","22.10","","..","","","2"
"2018","Kitchener-Cambridge-Waterloo, Ontario [35541]","2021A003535541","Percent change in youth violent crime severity index","Percent","239","units","0","v87984904","22.10","","..","","","2"
"2019","Kitchener-Cambridge-Waterloo, Ontario [35541]","2021A003535541","Percent change in youth violent crime severity index","Percent","239","units","0","v87984904","22.10","","..","","","2"
"2020","Kitchener-Cambridge-Waterloo, Ontario [35541]","2021A003535541","Percent change in youth violent crime severity index","Percent","239","units","0","v87984904","22.10","","..","","","2"
"2021","Kitchener-Cambridge-Waterloo, Ontario [35541]","2021A003535541","Percent change in youth violent crime severity index","Percent","239","units","0","v87984904","22.10","","..","","","2"
"2010","Kitchener-Cambridge-Waterloo, Ontario [35541]","2021A003535541","Youth non-violent crime severity index","Index","160","units","0","v53079581","22.11","0.00","","","","2"
"2011","Kitchener-Cambridge-Waterloo, Ontario [35541]","2021A003535541","Youth non-violent crime severity index","Index","160","units","0","v53079581","22.11","","..","","","2"
"2012","Kitchener-Cambridge-Waterloo, Ontario [35541]","2021A003535541","Youth non-violent crime severity index","Index","160","units","0","v53079581","22.11","","..","","","2"
"2013","Kitchener-Cambridge-Waterloo, Ontario [35541]","2021A003535541","Youth non-violent crime severity index","Index","160","units","0","v53079581","22.11","","..","","","2"
"2014","Kitchener-Cambridge-Waterloo, Ontario [35541]","2021A003535541","Youth non-violent crime severity index","Index","160","units","0","v53079581","22.11","","..","","","2"
"2015","Kitchener-Cambridge-Waterloo, Ontario [35541]","2021A003535541","Youth non-violent crime severity index","Index","160","units","0","v53079581","22.11","","..","","","2"
"2016","Kitchener-Cambridge-Waterloo, Ontario [35541]","2021A003535541","Youth non-violent crime severity index","Index","160","units","0","v53079581","22.11","","..","","","2"
"2017","Kitchener-Cambridge-Waterloo, Ontario [35541]","2021A003535541","Youth non-violent crime severity index","Index","160","units","0","v53079581","22.11","","..","","","2"
"2018","Kitchener-Cambridge-Waterloo, Ontario [35541]","2021A003535541","Youth non-violent crime severity index","Index","160","units","0","v53079581","22.11","","..","","","2"
"2019","Kitchener-Cambridge-Waterloo, Ontario [35541]","2021A003535541","Youth non-violent crime severity index","Index","160","units","0","v53079581","22.11","","..","","","2"
"2020","Kitchener-Cambridge-Waterloo, Ontario [35541]","2021A003535541","Youth non-violent crime severity index","Index","160","units","0","v53079581","22.11","","..","","","2"
"2021","Kitchener-Cambridge-Waterloo, Ontario [35541]","2021A003535541","Youth non-violent crime severity index","Index","160","units","0","v53079581","22.11","","..","","","2"
"2010","Kitchener-Cambridge-Waterloo, Ontario [35541]","2021A003535541","Percent change in youth non-violent crime severity index","Percent","239","units","0","v87984905","22.12","0.00","","","","2"
"2011","Kitchener-Cambridge-Waterloo, Ontario [35541]","2021A003535541","Percent change in youth non-violent crime severity index","Percent","239","units","0","v87984905","22.12","","..","","","2"
"2012","Kitchener-Cambridge-Waterloo, Ontario [35541]","2021A003535541","Percent change in youth non-violent crime severity index","Percent","239","units","0","v87984905","22.12","","..","","","2"
"2013","Kitchener-Cambridge-Waterloo, Ontario [35541]","2021A003535541","Percent change in youth non-violent crime severity index","Percent","239","units","0","v87984905","22.12","","..","","","2"
"2014","Kitchener-Cambridge-Waterloo, Ontario [35541]","2021A003535541","Percent change in youth non-violent crime severity index","Percent","239","units","0","v87984905","22.12","","..","","","2"
"2015","Kitchener-Cambridge-Waterloo, Ontario [35541]","2021A003535541","Percent change in youth non-violent crime severity index","Percent","239","units","0","v87984905","22.12","","..","","","2"
"2016","Kitchener-Cambridge-Waterloo, Ontario [35541]","2021A003535541","Percent change in youth non-violent crime severity index","Percent","239","units","0","v87984905","22.12","","..","","","2"
"2017","Kitchener-Cambridge-Waterloo, Ontario [35541]","2021A003535541","Percent change in youth non-violent crime severity index","Percent","239","units","0","v87984905","22.12","","..","","","2"
"2018","Kitchener-Cambridge-Waterloo, Ontario [35541]","2021A003535541","Percent change in youth non-violent crime severity index","Percent","239","units","0","v87984905","22.12","","..","","","2"
"2019","Kitchener-Cambridge-Waterloo, Ontario [35541]","2021A003535541","Percent change in youth non-violent crime severity index","Percent","239","units","0","v87984905","22.12","","..","","","2"
"2020","Kitchener-Cambridge-Waterloo, Ontario [35541]","2021A003535541","Percent change in youth non-violent crime severity index","Percent","239","units","0","v87984905","22.12","","..","","","2"
"2021","Kitchener-Cambridge-Waterloo, Ontario [35541]","2021A003535541","Percent change in youth non-violent crime severity index","Percent","239","units","0","v87984905","22.12","","..","","","2"
"2010","Kitchener-Cambridge-Waterloo, Ontario [35541]","2021A003535541","Weighted clearance rate","Number","223","units","0","v53079582","22.13","42.89","","","","2"
"2011","Kitchener-Cambridge-Waterloo, Ontario [35541]","2021A003535541","Weighted clearance rate","Number","223","units","0","v53079582","22.13","43.10","","","","2"
"2012","Kitchener-Cambridge-Waterloo, Ontario [35541]","2021A003535541","Weighted clearance rate","Number","223","units","0","v53079582","22.13","40.15","","","","2"
"2013","Kitchener-Cambridge-Waterloo, Ontario [35541]","2021A003535541","Weighted clearance rate","Number","223","units","0","v53079582","22.13","40.13","","","","2"
"2014","Kitchener-Cambridge-Waterloo, Ontario [35541]","2021A003535541","Weighted clearance rate","Number","223","units","0","v53079582","22.13","39.63","","","","2"
"2015","Kitchener-Cambridge-Waterloo, Ontario [35541]","2021A003535541","Weighted clearance rate","Number","223","units","0","v53079582","22.13","39.20","","","","2"
"2016","Kitchener-Cambridge-Waterloo, Ontario [35541]","2021A003535541","Weighted clearance rate","Number","223","units","0","v53079582","22.13","42.18","","","","2"
"2017","Kitchener-Cambridge-Waterloo, Ontario [35541]","2021A003535541","Weighted clearance rate","Number","223","units","0","v53079582","22.13","39.82","","","","2"
"2018","Kitchener-Cambridge-Waterloo, Ontario [35541]","2021A003535541","Weighted clearance rate","Number","223","units","0","v53079582","22.13","38.00","","","","2"
"2019","Kitchener-Cambridge-Waterloo, Ontario [35541]","2021A003535541","Weighted clearance rate","Number","223","units","0","v53079582","22.13","35.26","","","","2"
"2020","Kitchener-Cambridge-Waterloo, Ontario [35541]","2021A003535541","Weighted clearance rate","Number","223","units","0","v53079582","22.13","32.93","","","","2"
"2021","Kitchener-Cambridge-Waterloo, Ontario [35541]","2021A003535541","Weighted clearance rate","Number","223","units","0","v53079582","22.13","28.02","","","","2"
"2010","Kitchener-Cambridge-Waterloo, Ontario [35541]","2021A003535541","Percent change in weighted clearance rate","Percent","239","units","0","v53079583","22.14","2.76","","","","2"
"2011","Kitchener-Cambridge-Waterloo, Ontario [35541]","2021A003535541","Percent change in weighted clearance rate","Percent","239","units","0","v53079583","22.14","0.49","","","","2"
"2012","Kitchener-Cambridge-Waterloo, Ontario [35541]","2021A003535541","Percent change in weighted clearance rate","Percent","239","units","0","v53079583","22.14","-6.84","","","","2"
"2013","Kitchener-Cambridge-Waterloo, Ontario [35541]","2021A003535541","Percent change in weighted clearance rate","Percent","239","units","0","v53079583","22.14","-0.05","","","","2"
"2014","Kitchener-Cambridge-Waterloo, Ontario [35541]","2021A003535541","Percent change in weighted clearance rate","Percent","239","units","0","v53079583","22.14","-1.25","","","","2"
"2015","Kitchener-Cambridge-Waterloo, Ontario [35541]","2021A003535541","Percent change in weighted clearance rate","Percent","239","units","0","v53079583","22.14","-1.09","","","","2"
"2016","Kitchener-Cambridge-Waterloo, Ontario [35541]","2021A003535541","Percent change in weighted clearance rate","Percent","239","units","0","v53079583","22.14","7.60","","","","2"
"2017","Kitchener-Cambridge-Waterloo, Ontario [35541]","2021A003535541","Percent change in weighted clearance rate","Percent","239","units","0","v53079583","22.14","-5.60","","","","2"
"2018","Kitchener-Cambridge-Waterloo, Ontario [35541]","2021A003535541","Percent change in weighted clearance rate","Percent","239","units","0","v53079583","22.14","-4.57","","","","2"
"2019","Kitchener-Cambridge-Waterloo, Ontario [35541]","2021A003535541","Percent change in weighted clearance rate","Percent","239","units","0","v53079583","22.14","-7.21","","","","2"
"2020","Kitchener-Cambridge-Waterloo, Ontario [35541]","2021A003535541","Percent change in weighted clearance rate","Percent","239","units","0","v53079583","22.14","-6.61","","","","2"
"2021","Kitchener-Cambridge-Waterloo, Ontario [35541]","2021A003535541","Percent change in weighted clearance rate","Percent","239","units","0","v53079583","22.14","-14.91","","","","2"
"2010","Kitchener-Cambridge-Waterloo, Ontario [35541]","2021A003535541","Violent weighted clearance rate","Number","223","units","0","v53079584","22.15","61.01","","","","2"
"2011","Kitchener-Cambridge-Waterloo, Ontario [35541]","2021A003535541","Violent weighted clearance rate","Number","223","units","0","v53079584","22.15","60.88","","","","2"
"2012","Kitchener-Cambridge-Waterloo, Ontario [35541]","2021A003535541","Violent weighted clearance rate","Number","223","units","0","v53079584","22.15","57.29","","","","2"
"2013","Kitchener-Cambridge-Waterloo, Ontario [35541]","2021A003535541","Violent weighted clearance rate","Number","223","units","0","v53079584","22.15","60.32","","","","2"
"2014","Kitchener-Cambridge-Waterloo, Ontario [35541]","2021A003535541","Violent weighted clearance rate","Number","223","units","0","v53079584","22.15","58.76","","","","2"
"2015","Kitchener-Cambridge-Waterloo, Ontario [35541]","2021A003535541","Violent weighted clearance rate","Number","223","units","0","v53079584","22.15","56.82","","","","2"
"2016","Kitchener-Cambridge-Waterloo, Ontario [35541]","2021A003535541","Violent weighted clearance rate","Number","223","units","0","v53079584","22.15","61.46","","","","2"
"2017","Kitchener-Cambridge-Waterloo, Ontario [35541]","2021A003535541","Violent weighted clearance rate","Number","223","units","0","v53079584","22.15","57.34","","","","2"
"2018","Kitchener-Cambridge-Waterloo, Ontario [35541]","2021A003535541","Violent weighted clearance rate","Number","223","units","0","v53079584","22.15","54.59","","","","2"
"2019","Kitchener-Cambridge-Waterloo, Ontario [35541]","2021A003535541","Violent weighted clearance rate","Number","223","units","0","v53079584","22.15","50.70","","","","2"
"2020","Kitchener-Cambridge-Waterloo, Ontario [35541]","2021A003535541","Violent weighted clearance rate","Number","223","units","0","v53079584","22.15","53.38","","","","2"
"2021","Kitchener-Cambridge-Waterloo, Ontario [35541]","2021A003535541","Violent weighted clearance rate","Number","223","units","0","v53079584","22.15","44.18","","","","2"
"2010","Kitchener-Cambridge-Waterloo, Ontario [35541]","2021A003535541","Percent change in violent weighted clearance rate","Percent","239","units","0","v53079585","22.16","-5.62","","","","2"
"2011","Kitchener-Cambridge-Waterloo, Ontario [35541]","2021A003535541","Percent change in violent weighted clearance rate","Percent","239","units","0","v53079585","22.16","-0.21","","","","2"
"2012","Kitchener-Cambridge-Waterloo, Ontario [35541]","2021A003535541","Percent change in violent weighted clearance rate","Percent","239","units","0","v53079585","22.16","-5.90","","","","2"
"2013","Kitchener-Cambridge-Waterloo, Ontario [35541]","2021A003535541","Percent change in violent weighted clearance rate","Percent","239","units","0","v53079585","22.16","5.29","","","","2"
"2014","Kitchener-Cambridge-Waterloo, Ontario [35541]","2021A003535541","Percent change in violent weighted clearance rate","Percent","239","units","0","v53079585","22.16","-2.59","","","","2"
"2015","Kitchener-Cambridge-Waterloo, Ontario [35541]","2021A003535541","Percent change in violent weighted clearance rate","Percent","239","units","0","v53079585","22.16","-3.30","","","","2"
"2016","Kitchener-Cambridge-Waterloo, Ontario [35541]","2021A003535541","Percent change in violent weighted clearance rate","Percent","239","units","0","v53079585","22.16","8.17","","","","2"
"2017","Kitchener-Cambridge-Waterloo, Ontario [35541]","2021A003535541","Percent change in violent weighted clearance rate","Percent","239","units","0","v53079585","22.16","-6.70","","","","2"
"2018","Kitchener-Cambridge-Waterloo, Ontario [35541]","2021A003535541","Percent change in violent weighted clearance rate","Percent","239","units","0","v53079585","22.16","-4.80","","","","2"
"2019","Kitchener-Cambridge-Waterloo, Ontario [35541]","2021A003535541","Percent change in violent weighted clearance rate","Percent","239","units","0","v53079585","22.16","-7.13","","","","2"
"2020","Kitchener-Cambridge-Waterloo, Ontario [35541]","2021A003535541","Percent change in violent weighted clearance rate","Percent","239","units","0","v53079585","22.16","5.29","","","","2"
"2021","Kitchener-Cambridge-Waterloo, Ontario [35541]","2021A003535541","Percent change in violent weighted clearance rate","Percent","239","units","0","v53079585","22.16","-17.23","","","","2"
"2010","Kitchener-Cambridge-Waterloo, Ontario [35541]","2021A003535541","Non-violent weighted clearance rate","Number","223","units","0","v53079586","22.17","35.72","","","","2"
"2011","Kitchener-Cambridge-Waterloo, Ontario [35541]","2021A003535541","Non-violent weighted clearance rate","Number","223","units","0","v53079586","22.17","35.54","","","","2"
"2012","Kitchener-Cambridge-Waterloo, Ontario [35541]","2021A003535541","Non-violent weighted clearance rate","Number","223","units","0","v53079586","22.17","33.52","","","","2"
"2013","Kitchener-Cambridge-Waterloo, Ontario [35541]","2021A003535541","Non-violent weighted clearance rate","Number","223","units","0","v53079586","22.17","32.71","","","","2"
"2014","Kitchener-Cambridge-Waterloo, Ontario [35541]","2021A003535541","Non-violent weighted clearance rate","Number","223","units","0","v53079586","22.17","33.36","","","","2"
"2015","Kitchener-Cambridge-Waterloo, Ontario [35541]","2021A003535541","Non-violent weighted clearance rate","Number","223","units","0","v53079586","22.17","33.50","","","","2"
"2016","Kitchener-Cambridge-Waterloo, Ontario [35541]","2021A003535541","Non-violent weighted clearance rate","Number","223","units","0","v53079586","22.17","35.40","","","","2"
"2017","Kitchener-Cambridge-Waterloo, Ontario [35541]","2021A003535541","Non-violent weighted clearance rate","Number","223","units","0","v53079586","22.17","33.05","","","","2"
"2018","Kitchener-Cambridge-Waterloo, Ontario [35541]","2021A003535541","Non-violent weighted clearance rate","Number","223","units","0","v53079586","22.17","31.34","","","","2"
"2019","Kitchener-Cambridge-Waterloo, Ontario [35541]","2021A003535541","Non-violent weighted clearance rate","Number","223","units","0","v53079586","22.17","28.09","","","","2"
"2020","Kitchener-Cambridge-Waterloo, Ontario [35541]","2021A003535541","Non-violent weighted clearance rate","Number","223","units","0","v53079586","22.17","24.15","","","","2"
"2021","Kitchener-Cambridge-Waterloo, Ontario [35541]","2021A003535541","Non-violent weighted clearance rate","Number","223","units","0","v53079586","22.17","21.45","","","","2"
"2010","Kitchener-Cambridge-Waterloo, Ontario [35541]","2021A003535541","Percent change in non-violent weighted clearance rate","Percent","239","units","0","v53079587","22.18","4.17","","","","2"
"2011","Kitchener-Cambridge-Waterloo, Ontario [35541]","2021A003535541","Percent change in non-violent weighted clearance rate","Percent","239","units","0","v53079587","22.18","-0.50","","","","2"
"2012","Kitchener-Cambridge-Waterloo, Ontario [35541]","2021A003535541","Percent change in non-violent weighted clearance rate","Percent","239","units","0","v53079587","22.18","-5.68","","","","2"
"2013","Kitchener-Cambridge-Waterloo, Ontario [35541]","2021A003535541","Percent change in non-violent weighted clearance rate","Percent","239","units","0","v53079587","22.18","-2.42","","","","2"
"2014","Kitchener-Cambridge-Waterloo, Ontario [35541]","2021A003535541","Percent change in non-violent weighted clearance rate","Percent","239","units","0","v53079587","22.18","1.99","","","","2"
"2015","Kitchener-Cambridge-Waterloo, Ontario [35541]","2021A003535541","Percent change in non-violent weighted clearance rate","Percent","239","units","0","v53079587","22.18","0.42","","","","2"
"2016","Kitchener-Cambridge-Waterloo, Ontario [35541]","2021A003535541","Percent change in non-violent weighted clearance rate","Percent","239","units","0","v53079587","22.18","5.67","","","","2"
"2017","Kitchener-Cambridge-Waterloo, Ontario [35541]","2021A003535541","Percent change in non-violent weighted clearance rate","Percent","239","units","0","v53079587","22.18","-6.64","","","","2"
"2018","Kitchener-Cambridge-Waterloo, Ontario [35541]","2021A003535541","Percent change in non-violent weighted clearance rate","Percent","239","units","0","v53079587","22.18","-5.17","","","","2"
"2019","Kitchener-Cambridge-Waterloo, Ontario [35541]","2021A003535541","Percent change in non-violent weighted clearance rate","Percent","239","units","0","v53079587","22.18","-10.37","","","","2"
"2020","Kitchener-Cambridge-Waterloo, Ontario [35541]","2021A003535541","Percent change in non-violent weighted clearance rate","Percent","239","units","0","v53079587","22.18","-14.03","","","","2"
"2021","Kitchener-Cambridge-Waterloo, Ontario [35541]","2021A003535541","Percent change in non-violent weighted clearance rate","Percent","239","units","0","v53079587","22.18","-11.18","","","","2"


