﻿"REF_DATE","GEO","DGUID","Statistics","UOM","UOM_ID","SCALAR_FACTOR","SCALAR_ID","VECTOR","COORDINATE","VALUE","STATUS","SYMBOL","TERMINATED","DECIMALS"
"2010","Saskatchewan [47]","2016A000247","Crime severity index","Index","160","units","0","v44312635","30.1","148.15","","","","2"
"2011","Saskatchewan [47]","2016A000247","Crime severity index","Index","160","units","0","v44312635","30.1","143.62","","","","2"
"2012","Saskatchewan [47]","2016A000247","Crime severity index","Index","160","units","0","v44312635","30.1","138.80","","","","2"
"2013","Saskatchewan [47]","2016A000247","Crime severity index","Index","160","units","0","v44312635","30.1","126.54","","","","2"
"2014","Saskatchewan [47]","2016A000247","Crime severity index","Index","160","units","0","v44312635","30.1","125.04","","","","2"
"2015","Saskatchewan [47]","2016A000247","Crime severity index","Index","160","units","0","v44312635","30.1","138.33","","","","2"
"2016","Saskatchewan [47]","2016A000247","Crime severity index","Index","160","units","0","v44312635","30.1","151.37","","","","2"
"2017","Saskatchewan [47]","2016A000247","Crime severity index","Index","160","units","0","v44312635","30.1","143.17","","","","2"
"2018","Saskatchewan [47]","2016A000247","Crime severity index","Index","160","units","0","v44312635","30.1","140.74","","","","2"
"2019","Saskatchewan [47]","2016A000247","Crime severity index","Index","160","units","0","v44312635","30.1","149.62","","","","2"
"2020","Saskatchewan [47]","2016A000247","Crime severity index","Index","160","units","0","v44312635","30.1","142.60","","","","2"
"2021","Saskatchewan [47]","2016A000247","Crime severity index","Index","160","units","0","v44312635","30.1","146.76","","","","2"
"2010","Saskatchewan [47]","2016A000247","Percent change in crime severity index","Percent","239","units","0","v44312636","30.2","-0.90","","","","2"
"2011","Saskatchewan [47]","2016A000247","Percent change in crime severity index","Percent","239","units","0","v44312636","30.2","-3.06","","","","2"
"2012","Saskatchewan [47]","2016A000247","Percent change in crime severity index","Percent","239","units","0","v44312636","30.2","-3.36","","","","2"
"2013","Saskatchewan [47]","2016A000247","Percent change in crime severity index","Percent","239","units","0","v44312636","30.2","-8.83","","","","2"
"2014","Saskatchewan [47]","2016A000247","Percent change in crime severity index","Percent","239","units","0","v44312636","30.2","-1.19","","","","2"
"2015","Saskatchewan [47]","2016A000247","Percent change in crime severity index","Percent","239","units","0","v44312636","30.2","10.63","","","","2"
"2016","Saskatchewan [47]","2016A000247","Percent change in crime severity index","Percent","239","units","0","v44312636","30.2","9.43","","","","2"
"2017","Saskatchewan [47]","2016A000247","Percent change in crime severity index","Percent","239","units","0","v44312636","30.2","-5.42","","","","2"
"2018","Saskatchewan [47]","2016A000247","Percent change in crime severity index","Percent","239","units","0","v44312636","30.2","-1.70","","","","2"
"2019","Saskatchewan [47]","2016A000247","Percent change in crime severity index","Percent","239","units","0","v44312636","30.2","6.31","","","","2"
"2020","Saskatchewan [47]","2016A000247","Percent change in crime severity index","Percent","239","units","0","v44312636","30.2","-4.69","","","","2"
"2021","Saskatchewan [47]","2016A000247","Percent change in crime severity index","Percent","239","units","0","v44312636","30.2","2.92","","","","2"
"2010","Saskatchewan [47]","2016A000247","Violent crime severity index","Index","160","units","0","v44312637","30.3","153.34","","","","2"
"2011","Saskatchewan [47]","2016A000247","Violent crime severity index","Index","160","units","0","v44312637","30.3","142.88","","","","2"
"2012","Saskatchewan [47]","2016A000247","Violent crime severity index","Index","160","units","0","v44312637","30.3","133.85","","","","2"
"2013","Saskatchewan [47]","2016A000247","Violent crime severity index","Index","160","units","0","v44312637","30.3","122.87","","","","2"
"2014","Saskatchewan [47]","2016A000247","Violent crime severity index","Index","160","units","0","v44312637","30.3","124.38","","","","2"
"2015","Saskatchewan [47]","2016A000247","Violent crime severity index","Index","160","units","0","v44312637","30.3","137.64","","","","2"
"2016","Saskatchewan [47]","2016A000247","Violent crime severity index","Index","160","units","0","v44312637","30.3","150.52","","","","2"
"2017","Saskatchewan [47]","2016A000247","Violent crime severity index","Index","160","units","0","v44312637","30.3","145.60","","","","2"
"2018","Saskatchewan [47]","2016A000247","Violent crime severity index","Index","160","units","0","v44312637","30.3","141.30","","","","2"
"2019","Saskatchewan [47]","2016A000247","Violent crime severity index","Index","160","units","0","v44312637","30.3","173.63","","","","2"
"2020","Saskatchewan [47]","2016A000247","Violent crime severity index","Index","160","units","0","v44312637","30.3","179.28","","","","2"
"2021","Saskatchewan [47]","2016A000247","Violent crime severity index","Index","160","units","0","v44312637","30.3","185.93","","","","2"
"2010","Saskatchewan [47]","2016A000247","Percent change in violent crime severity index","Percent","239","units","0","v44312638","30.4","-1.22","","","","2"
"2011","Saskatchewan [47]","2016A000247","Percent change in violent crime severity index","Percent","239","units","0","v44312638","30.4","-6.82","","","","2"
"2012","Saskatchewan [47]","2016A000247","Percent change in violent crime severity index","Percent","239","units","0","v44312638","30.4","-6.32","","","","2"
"2013","Saskatchewan [47]","2016A000247","Percent change in violent crime severity index","Percent","239","units","0","v44312638","30.4","-8.20","","","","2"
"2014","Saskatchewan [47]","2016A000247","Percent change in violent crime severity index","Percent","239","units","0","v44312638","30.4","1.23","","","","2"
"2015","Saskatchewan [47]","2016A000247","Percent change in violent crime severity index","Percent","239","units","0","v44312638","30.4","10.66","","","","2"
"2016","Saskatchewan [47]","2016A000247","Percent change in violent crime severity index","Percent","239","units","0","v44312638","30.4","9.36","","","","2"
"2017","Saskatchewan [47]","2016A000247","Percent change in violent crime severity index","Percent","239","units","0","v44312638","30.4","-3.27","","","","2"
"2018","Saskatchewan [47]","2016A000247","Percent change in violent crime severity index","Percent","239","units","0","v44312638","30.4","-2.95","","","","2"
"2019","Saskatchewan [47]","2016A000247","Percent change in violent crime severity index","Percent","239","units","0","v44312638","30.4","22.88","","","","2"
"2020","Saskatchewan [47]","2016A000247","Percent change in violent crime severity index","Percent","239","units","0","v44312638","30.4","3.25","","","","2"
"2021","Saskatchewan [47]","2016A000247","Percent change in violent crime severity index","Percent","239","units","0","v44312638","30.4","3.71","","","","2"
"2010","Saskatchewan [47]","2016A000247","Non-violent crime severity index","Index","160","units","0","v44312639","30.5","146.15","","","","2"
"2011","Saskatchewan [47]","2016A000247","Non-violent crime severity index","Index","160","units","0","v44312639","30.5","143.59","","","","2"
"2012","Saskatchewan [47]","2016A000247","Non-violent crime severity index","Index","160","units","0","v44312639","30.5","140.32","","","","2"
"2013","Saskatchewan [47]","2016A000247","Non-violent crime severity index","Index","160","units","0","v44312639","30.5","127.62","","","","2"
"2014","Saskatchewan [47]","2016A000247","Non-violent crime severity index","Index","160","units","0","v44312639","30.5","125.02","","","","2"
"2015","Saskatchewan [47]","2016A000247","Non-violent crime severity index","Index","160","units","0","v44312639","30.5","138.30","","","","2"
"2016","Saskatchewan [47]","2016A000247","Non-violent crime severity index","Index","160","units","0","v44312639","30.5","151.32","","","","2"
"2017","Saskatchewan [47]","2016A000247","Non-violent crime severity index","Index","160","units","0","v44312639","30.5","141.96","","","","2"
"2018","Saskatchewan [47]","2016A000247","Non-violent crime severity index","Index","160","units","0","v44312639","30.5","140.20","","","","2"
"2019","Saskatchewan [47]","2016A000247","Non-violent crime severity index","Index","160","units","0","v44312639","30.5","140.63","","","","2"
"2020","Saskatchewan [47]","2016A000247","Non-violent crime severity index","Index","160","units","0","v44312639","30.5","129.07","","","","2"
"2021","Saskatchewan [47]","2016A000247","Non-violent crime severity index","Index","160","units","0","v44312639","30.5","132.32","","","","2"
"2010","Saskatchewan [47]","2016A000247","Percent change in non-violent crime severity index","Percent","239","units","0","v44312640","30.6","-0.77","","","","2"
"2011","Saskatchewan [47]","2016A000247","Percent change in non-violent crime severity index","Percent","239","units","0","v44312640","30.6","-1.75","","","","2"
"2012","Saskatchewan [47]","2016A000247","Percent change in non-violent crime severity index","Percent","239","units","0","v44312640","30.6","-2.28","","","","2"
"2013","Saskatchewan [47]","2016A000247","Percent change in non-violent crime severity index","Percent","239","units","0","v44312640","30.6","-9.05","","","","2"
"2014","Saskatchewan [47]","2016A000247","Percent change in non-violent crime severity index","Percent","239","units","0","v44312640","30.6","-2.04","","","","2"
"2015","Saskatchewan [47]","2016A000247","Percent change in non-violent crime severity index","Percent","239","units","0","v44312640","30.6","10.62","","","","2"
"2016","Saskatchewan [47]","2016A000247","Percent change in non-violent crime severity index","Percent","239","units","0","v44312640","30.6","9.41","","","","2"
"2017","Saskatchewan [47]","2016A000247","Percent change in non-violent crime severity index","Percent","239","units","0","v44312640","30.6","-6.19","","","","2"
"2018","Saskatchewan [47]","2016A000247","Percent change in non-violent crime severity index","Percent","239","units","0","v44312640","30.6","-1.24","","","","2"
"2019","Saskatchewan [47]","2016A000247","Percent change in non-violent crime severity index","Percent","239","units","0","v44312640","30.6","0.31","","","","2"
"2020","Saskatchewan [47]","2016A000247","Percent change in non-violent crime severity index","Percent","239","units","0","v44312640","30.6","-8.22","","","","2"
"2021","Saskatchewan [47]","2016A000247","Percent change in non-violent crime severity index","Percent","239","units","0","v44312640","30.6","2.52","","","","2"
"2010","Saskatchewan [47]","2016A000247","Youth crime severity index","Index","160","units","0","v53079674","30.7","235.44","","","","2"
"2011","Saskatchewan [47]","2016A000247","Youth crime severity index","Index","160","units","0","v53079674","30.7","221.87","","","","2"
"2012","Saskatchewan [47]","2016A000247","Youth crime severity index","Index","160","units","0","v53079674","30.7","207.52","","","","2"
"2013","Saskatchewan [47]","2016A000247","Youth crime severity index","Index","160","units","0","v53079674","30.7","174.78","","","","2"
"2014","Saskatchewan [47]","2016A000247","Youth crime severity index","Index","160","units","0","v53079674","30.7","167.90","","","","2"
"2015","Saskatchewan [47]","2016A000247","Youth crime severity index","Index","160","units","0","v53079674","30.7","186.74","","","","2"
"2016","Saskatchewan [47]","2016A000247","Youth crime severity index","Index","160","units","0","v53079674","30.7","172.77","","","","2"
"2017","Saskatchewan [47]","2016A000247","Youth crime severity index","Index","160","units","0","v53079674","30.7","161.49","","","","2"
"2018","Saskatchewan [47]","2016A000247","Youth crime severity index","Index","160","units","0","v53079674","30.7","117.10","","","","2"
"2019","Saskatchewan [47]","2016A000247","Youth crime severity index","Index","160","units","0","v53079674","30.7","111.81","","","","2"
"2020","Saskatchewan [47]","2016A000247","Youth crime severity index","Index","160","units","0","v53079674","30.7","93.36","","","","2"
"2021","Saskatchewan [47]","2016A000247","Youth crime severity index","Index","160","units","0","v53079674","30.7","88.96","","","","2"
"2010","Saskatchewan [47]","2016A000247","Percent change in youth crime severity index","Percent","239","units","0","v53079675","30.8","-3.52","","","","2"
"2011","Saskatchewan [47]","2016A000247","Percent change in youth crime severity index","Percent","239","units","0","v53079675","30.8","-5.76","","","","2"
"2012","Saskatchewan [47]","2016A000247","Percent change in youth crime severity index","Percent","239","units","0","v53079675","30.8","-6.47","","","","2"
"2013","Saskatchewan [47]","2016A000247","Percent change in youth crime severity index","Percent","239","units","0","v53079675","30.8","-15.78","","","","2"
"2014","Saskatchewan [47]","2016A000247","Percent change in youth crime severity index","Percent","239","units","0","v53079675","30.8","-3.94","","","","2"
"2015","Saskatchewan [47]","2016A000247","Percent change in youth crime severity index","Percent","239","units","0","v53079675","30.8","11.22","","","","2"
"2016","Saskatchewan [47]","2016A000247","Percent change in youth crime severity index","Percent","239","units","0","v53079675","30.8","-7.48","","","","2"
"2017","Saskatchewan [47]","2016A000247","Percent change in youth crime severity index","Percent","239","units","0","v53079675","30.8","-6.53","","","","2"
"2018","Saskatchewan [47]","2016A000247","Percent change in youth crime severity index","Percent","239","units","0","v53079675","30.8","-27.49","","","","2"
"2019","Saskatchewan [47]","2016A000247","Percent change in youth crime severity index","Percent","239","units","0","v53079675","30.8","-4.52","","","","2"
"2020","Saskatchewan [47]","2016A000247","Percent change in youth crime severity index","Percent","239","units","0","v53079675","30.8","-16.50","","","","2"
"2021","Saskatchewan [47]","2016A000247","Percent change in youth crime severity index","Percent","239","units","0","v53079675","30.8","-4.71","","","","2"
"2010","Saskatchewan [47]","2016A000247","Youth violent crime severity index","Index","160","units","0","v53079676","30.9","192.20","","","","2"
"2011","Saskatchewan [47]","2016A000247","Youth violent crime severity index","Index","160","units","0","v53079676","30.9","155.02","","","","2"
"2012","Saskatchewan [47]","2016A000247","Youth violent crime severity index","Index","160","units","0","v53079676","30.9","163.29","","","","2"
"2013","Saskatchewan [47]","2016A000247","Youth violent crime severity index","Index","160","units","0","v53079676","30.9","122.63","","","","2"
"2014","Saskatchewan [47]","2016A000247","Youth violent crime severity index","Index","160","units","0","v53079676","30.9","123.49","","","","2"
"2015","Saskatchewan [47]","2016A000247","Youth violent crime severity index","Index","160","units","0","v53079676","30.9","173.02","","","","2"
"2016","Saskatchewan [47]","2016A000247","Youth violent crime severity index","Index","160","units","0","v53079676","30.9","164.20","","","","2"
"2017","Saskatchewan [47]","2016A000247","Youth violent crime severity index","Index","160","units","0","v53079676","30.9","158.71","","","","2"
"2018","Saskatchewan [47]","2016A000247","Youth violent crime severity index","Index","160","units","0","v53079676","30.9","125.60","","","","2"
"2019","Saskatchewan [47]","2016A000247","Youth violent crime severity index","Index","160","units","0","v53079676","30.9","135.32","","","","2"
"2020","Saskatchewan [47]","2016A000247","Youth violent crime severity index","Index","160","units","0","v53079676","30.9","129.34","","","","2"
"2021","Saskatchewan [47]","2016A000247","Youth violent crime severity index","Index","160","units","0","v53079676","30.9","126.37","","","","2"
"2010","Saskatchewan [47]","2016A000247","Percent change in youth violent crime severity index","Percent","239","units","0","v53079945","30.10","5.23","","","","2"
"2011","Saskatchewan [47]","2016A000247","Percent change in youth violent crime severity index","Percent","239","units","0","v53079945","30.10","-19.34","","","","2"
"2012","Saskatchewan [47]","2016A000247","Percent change in youth violent crime severity index","Percent","239","units","0","v53079945","30.10","5.33","","","","2"
"2013","Saskatchewan [47]","2016A000247","Percent change in youth violent crime severity index","Percent","239","units","0","v53079945","30.10","-24.90","","","","2"
"2014","Saskatchewan [47]","2016A000247","Percent change in youth violent crime severity index","Percent","239","units","0","v53079945","30.10","0.70","","","","2"
"2015","Saskatchewan [47]","2016A000247","Percent change in youth violent crime severity index","Percent","239","units","0","v53079945","30.10","40.11","","","","2"
"2016","Saskatchewan [47]","2016A000247","Percent change in youth violent crime severity index","Percent","239","units","0","v53079945","30.10","-5.10","","","","2"
"2017","Saskatchewan [47]","2016A000247","Percent change in youth violent crime severity index","Percent","239","units","0","v53079945","30.10","-3.34","","","","2"
"2018","Saskatchewan [47]","2016A000247","Percent change in youth violent crime severity index","Percent","239","units","0","v53079945","30.10","-20.86","","","","2"
"2019","Saskatchewan [47]","2016A000247","Percent change in youth violent crime severity index","Percent","239","units","0","v53079945","30.10","7.74","","","","2"
"2020","Saskatchewan [47]","2016A000247","Percent change in youth violent crime severity index","Percent","239","units","0","v53079945","30.10","-4.42","","","","2"
"2021","Saskatchewan [47]","2016A000247","Percent change in youth violent crime severity index","Percent","239","units","0","v53079945","30.10","-2.30","","","","2"
"2010","Saskatchewan [47]","2016A000247","Youth non-violent crime severity index","Index","160","units","0","v53079666","30.11","268.37","","","","2"
"2011","Saskatchewan [47]","2016A000247","Youth non-violent crime severity index","Index","160","units","0","v53079666","30.11","268.24","","","","2"
"2012","Saskatchewan [47]","2016A000247","Youth non-violent crime severity index","Index","160","units","0","v53079666","30.11","237.93","","","","2"
"2013","Saskatchewan [47]","2016A000247","Youth non-violent crime severity index","Index","160","units","0","v53079666","30.11","210.96","","","","2"
"2014","Saskatchewan [47]","2016A000247","Youth non-violent crime severity index","Index","160","units","0","v53079666","30.11","198.62","","","","2"
"2015","Saskatchewan [47]","2016A000247","Youth non-violent crime severity index","Index","160","units","0","v53079666","30.11","195.63","","","","2"
"2016","Saskatchewan [47]","2016A000247","Youth non-violent crime severity index","Index","160","units","0","v53079666","30.11","177.02","","","","2"
"2017","Saskatchewan [47]","2016A000247","Youth non-violent crime severity index","Index","160","units","0","v53079666","30.11","161.90","","","","2"
"2018","Saskatchewan [47]","2016A000247","Youth non-violent crime severity index","Index","160","units","0","v53079666","30.11","110.22","","","","2"
"2019","Saskatchewan [47]","2016A000247","Youth non-violent crime severity index","Index","160","units","0","v53079666","30.11","94.74","","","","2"
"2020","Saskatchewan [47]","2016A000247","Youth non-violent crime severity index","Index","160","units","0","v53079666","30.11","67.95","","","","2"
"2021","Saskatchewan [47]","2016A000247","Youth non-violent crime severity index","Index","160","units","0","v53079666","30.11","62.62","","","","2"
"2010","Saskatchewan [47]","2016A000247","Percent change in youth non-violent crime severity index","Percent","239","units","0","v53079667","30.12","-7.71","","","","2"
"2011","Saskatchewan [47]","2016A000247","Percent change in youth non-violent crime severity index","Percent","239","units","0","v53079667","30.12","-0.05","","","","2"
"2012","Saskatchewan [47]","2016A000247","Percent change in youth non-violent crime severity index","Percent","239","units","0","v53079667","30.12","-11.30","","","","2"
"2013","Saskatchewan [47]","2016A000247","Percent change in youth non-violent crime severity index","Percent","239","units","0","v53079667","30.12","-11.34","","","","2"
"2014","Saskatchewan [47]","2016A000247","Percent change in youth non-violent crime severity index","Percent","239","units","0","v53079667","30.12","-5.85","","","","2"
"2015","Saskatchewan [47]","2016A000247","Percent change in youth non-violent crime severity index","Percent","239","units","0","v53079667","30.12","-1.51","","","","2"
"2016","Saskatchewan [47]","2016A000247","Percent change in youth non-violent crime severity index","Percent","239","units","0","v53079667","30.12","-9.51","","","","2"
"2017","Saskatchewan [47]","2016A000247","Percent change in youth non-violent crime severity index","Percent","239","units","0","v53079667","30.12","-8.54","","","","2"
"2018","Saskatchewan [47]","2016A000247","Percent change in youth non-violent crime severity index","Percent","239","units","0","v53079667","30.12","-31.92","","","","2"
"2019","Saskatchewan [47]","2016A000247","Percent change in youth non-violent crime severity index","Percent","239","units","0","v53079667","30.12","-14.04","","","","2"
"2020","Saskatchewan [47]","2016A000247","Percent change in youth non-violent crime severity index","Percent","239","units","0","v53079667","30.12","-28.28","","","","2"
"2021","Saskatchewan [47]","2016A000247","Percent change in youth non-violent crime severity index","Percent","239","units","0","v53079667","30.12","-7.84","","","","2"
"2010","Saskatchewan [47]","2016A000247","Weighted clearance rate","Number","223","units","0","v53079668","30.13","50.36","","","","2"
"2011","Saskatchewan [47]","2016A000247","Weighted clearance rate","Number","223","units","0","v53079668","30.13","49.31","","","","2"
"2012","Saskatchewan [47]","2016A000247","Weighted clearance rate","Number","223","units","0","v53079668","30.13","50.26","","","","2"
"2013","Saskatchewan [47]","2016A000247","Weighted clearance rate","Number","223","units","0","v53079668","30.13","49.26","","","","2"
"2014","Saskatchewan [47]","2016A000247","Weighted clearance rate","Number","223","units","0","v53079668","30.13","47.46","","","","2"
"2015","Saskatchewan [47]","2016A000247","Weighted clearance rate","Number","223","units","0","v53079668","30.13","46.55","","","","2"
"2016","Saskatchewan [47]","2016A000247","Weighted clearance rate","Number","223","units","0","v53079668","30.13","44.70","","","","2"
"2017","Saskatchewan [47]","2016A000247","Weighted clearance rate","Number","223","units","0","v53079668","30.13","44.83","","","","2"
"2018","Saskatchewan [47]","2016A000247","Weighted clearance rate","Number","223","units","0","v53079668","30.13","41.93","","","","2"
"2019","Saskatchewan [47]","2016A000247","Weighted clearance rate","Number","223","units","0","v53079668","30.13","40.91","","","","2"
"2020","Saskatchewan [47]","2016A000247","Weighted clearance rate","Number","223","units","0","v53079668","30.13","42.15","","","","2"
"2021","Saskatchewan [47]","2016A000247","Weighted clearance rate","Number","223","units","0","v53079668","30.13","39.47","","","","2"
"2010","Saskatchewan [47]","2016A000247","Percent change in weighted clearance rate","Percent","239","units","0","v53079669","30.14","2.13","","","","2"
"2011","Saskatchewan [47]","2016A000247","Percent change in weighted clearance rate","Percent","239","units","0","v53079669","30.14","-2.08","","","","2"
"2012","Saskatchewan [47]","2016A000247","Percent change in weighted clearance rate","Percent","239","units","0","v53079669","30.14","1.93","","","","2"
"2013","Saskatchewan [47]","2016A000247","Percent change in weighted clearance rate","Percent","239","units","0","v53079669","30.14","-1.99","","","","2"
"2014","Saskatchewan [47]","2016A000247","Percent change in weighted clearance rate","Percent","239","units","0","v53079669","30.14","-3.65","","","","2"
"2015","Saskatchewan [47]","2016A000247","Percent change in weighted clearance rate","Percent","239","units","0","v53079669","30.14","-1.92","","","","2"
"2016","Saskatchewan [47]","2016A000247","Percent change in weighted clearance rate","Percent","239","units","0","v53079669","30.14","-3.97","","","","2"
"2017","Saskatchewan [47]","2016A000247","Percent change in weighted clearance rate","Percent","239","units","0","v53079669","30.14","0.29","","","","2"
"2018","Saskatchewan [47]","2016A000247","Percent change in weighted clearance rate","Percent","239","units","0","v53079669","30.14","-6.47","","","","2"
"2019","Saskatchewan [47]","2016A000247","Percent change in weighted clearance rate","Percent","239","units","0","v53079669","30.14","-2.43","","","","2"
"2020","Saskatchewan [47]","2016A000247","Percent change in weighted clearance rate","Percent","239","units","0","v53079669","30.14","3.03","","","","2"
"2021","Saskatchewan [47]","2016A000247","Percent change in weighted clearance rate","Percent","239","units","0","v53079669","30.14","-6.36","","","","2"
"2010","Saskatchewan [47]","2016A000247","Violent weighted clearance rate","Number","223","units","0","v53079670","30.15","66.47","","","","2"
"2011","Saskatchewan [47]","2016A000247","Violent weighted clearance rate","Number","223","units","0","v53079670","30.15","68.00","","","","2"
"2012","Saskatchewan [47]","2016A000247","Violent weighted clearance rate","Number","223","units","0","v53079670","30.15","70.27","","","","2"
"2013","Saskatchewan [47]","2016A000247","Violent weighted clearance rate","Number","223","units","0","v53079670","30.15","69.73","","","","2"
"2014","Saskatchewan [47]","2016A000247","Violent weighted clearance rate","Number","223","units","0","v53079670","30.15","65.23","","","","2"
"2015","Saskatchewan [47]","2016A000247","Violent weighted clearance rate","Number","223","units","0","v53079670","30.15","68.42","","","","2"
"2016","Saskatchewan [47]","2016A000247","Violent weighted clearance rate","Number","223","units","0","v53079670","30.15","66.08","","","","2"
"2017","Saskatchewan [47]","2016A000247","Violent weighted clearance rate","Number","223","units","0","v53079670","30.15","65.11","","","","2"
"2018","Saskatchewan [47]","2016A000247","Violent weighted clearance rate","Number","223","units","0","v53079670","30.15","62.78","","","","2"
"2019","Saskatchewan [47]","2016A000247","Violent weighted clearance rate","Number","223","units","0","v53079670","30.15","59.62","","","","2"
"2020","Saskatchewan [47]","2016A000247","Violent weighted clearance rate","Number","223","units","0","v53079670","30.15","58.01","","","","2"
"2021","Saskatchewan [47]","2016A000247","Violent weighted clearance rate","Number","223","units","0","v53079670","30.15","54.83","","","","2"
"2010","Saskatchewan [47]","2016A000247","Percent change in violent weighted clearance rate","Percent","239","units","0","v53079671","30.16","4.32","","","","2"
"2011","Saskatchewan [47]","2016A000247","Percent change in violent weighted clearance rate","Percent","239","units","0","v53079671","30.16","2.30","","","","2"
"2012","Saskatchewan [47]","2016A000247","Percent change in violent weighted clearance rate","Percent","239","units","0","v53079671","30.16","3.34","","","","2"
"2013","Saskatchewan [47]","2016A000247","Percent change in violent weighted clearance rate","Percent","239","units","0","v53079671","30.16","-0.77","","","","2"
"2014","Saskatchewan [47]","2016A000247","Percent change in violent weighted clearance rate","Percent","239","units","0","v53079671","30.16","-6.45","","","","2"
"2015","Saskatchewan [47]","2016A000247","Percent change in violent weighted clearance rate","Percent","239","units","0","v53079671","30.16","4.89","","","","2"
"2016","Saskatchewan [47]","2016A000247","Percent change in violent weighted clearance rate","Percent","239","units","0","v53079671","30.16","-3.42","","","","2"
"2017","Saskatchewan [47]","2016A000247","Percent change in violent weighted clearance rate","Percent","239","units","0","v53079671","30.16","-1.47","","","","2"
"2018","Saskatchewan [47]","2016A000247","Percent change in violent weighted clearance rate","Percent","239","units","0","v53079671","30.16","-3.58","","","","2"
"2019","Saskatchewan [47]","2016A000247","Percent change in violent weighted clearance rate","Percent","239","units","0","v53079671","30.16","-5.03","","","","2"
"2020","Saskatchewan [47]","2016A000247","Percent change in violent weighted clearance rate","Percent","239","units","0","v53079671","30.16","-2.70","","","","2"
"2021","Saskatchewan [47]","2016A000247","Percent change in violent weighted clearance rate","Percent","239","units","0","v53079671","30.16","-5.48","","","","2"
"2010","Saskatchewan [47]","2016A000247","Non-violent weighted clearance rate","Number","223","units","0","v53079672","30.17","43.87","","","","2"
"2011","Saskatchewan [47]","2016A000247","Non-violent weighted clearance rate","Number","223","units","0","v53079672","30.17","42.55","","","","2"
"2012","Saskatchewan [47]","2016A000247","Non-violent weighted clearance rate","Number","223","units","0","v53079672","30.17","43.32","","","","2"
"2013","Saskatchewan [47]","2016A000247","Non-violent weighted clearance rate","Number","223","units","0","v53079672","30.17","42.08","","","","2"
"2014","Saskatchewan [47]","2016A000247","Non-violent weighted clearance rate","Number","223","units","0","v53079672","30.17","41.03","","","","2"
"2015","Saskatchewan [47]","2016A000247","Non-violent weighted clearance rate","Number","223","units","0","v53079672","30.17","38.63","","","","2"
"2016","Saskatchewan [47]","2016A000247","Non-violent weighted clearance rate","Number","223","units","0","v53079672","30.17","37.05","","","","2"
"2017","Saskatchewan [47]","2016A000247","Non-violent weighted clearance rate","Number","223","units","0","v53079672","30.17","37.34","","","","2"
"2018","Saskatchewan [47]","2016A000247","Non-violent weighted clearance rate","Number","223","units","0","v53079672","30.17","34.37","","","","2"
"2019","Saskatchewan [47]","2016A000247","Non-violent weighted clearance rate","Number","223","units","0","v53079672","30.17","32.60","","","","2"
"2020","Saskatchewan [47]","2016A000247","Non-violent weighted clearance rate","Number","223","units","0","v53079672","30.17","34.23","","","","2"
"2021","Saskatchewan [47]","2016A000247","Non-violent weighted clearance rate","Number","223","units","0","v53079672","30.17","31.72","","","","2"
"2010","Saskatchewan [47]","2016A000247","Percent change in non-violent weighted clearance rate","Percent","239","units","0","v53079673","30.18","0.92","","","","2"
"2011","Saskatchewan [47]","2016A000247","Percent change in non-violent weighted clearance rate","Percent","239","units","0","v53079673","30.18","-3.01","","","","2"
"2012","Saskatchewan [47]","2016A000247","Percent change in non-violent weighted clearance rate","Percent","239","units","0","v53079673","30.18","1.81","","","","2"
"2013","Saskatchewan [47]","2016A000247","Percent change in non-violent weighted clearance rate","Percent","239","units","0","v53079673","30.18","-2.86","","","","2"
"2014","Saskatchewan [47]","2016A000247","Percent change in non-violent weighted clearance rate","Percent","239","units","0","v53079673","30.18","-2.50","","","","2"
"2015","Saskatchewan [47]","2016A000247","Percent change in non-violent weighted clearance rate","Percent","239","units","0","v53079673","30.18","-5.85","","","","2"
"2016","Saskatchewan [47]","2016A000247","Percent change in non-violent weighted clearance rate","Percent","239","units","0","v53079673","30.18","-4.09","","","","2"
"2017","Saskatchewan [47]","2016A000247","Percent change in non-violent weighted clearance rate","Percent","239","units","0","v53079673","30.18","0.78","","","","2"
"2018","Saskatchewan [47]","2016A000247","Percent change in non-violent weighted clearance rate","Percent","239","units","0","v53079673","30.18","-7.95","","","","2"
"2019","Saskatchewan [47]","2016A000247","Percent change in non-violent weighted clearance rate","Percent","239","units","0","v53079673","30.18","-5.15","","","","2"
"2020","Saskatchewan [47]","2016A000247","Percent change in non-violent weighted clearance rate","Percent","239","units","0","v53079673","30.18","5.00","","","","2"
"2021","Saskatchewan [47]","2016A000247","Percent change in non-violent weighted clearance rate","Percent","239","units","0","v53079673","30.18","-7.33","","","","2"


