﻿"REF_DATE","GEO","DGUID","Statistics","UOM","UOM_ID","SCALAR_FACTOR","SCALAR_ID","VECTOR","COORDINATE","VALUE","STATUS","SYMBOL","TERMINATED","DECIMALS"
"2010","Yukon [60]","2016A000260","Crime severity index","Index","160","units","0","v44312695","40.1","171.00","","","","2"
"2011","Yukon [60]","2016A000260","Crime severity index","Index","160","units","0","v44312695","40.1","154.70","","","","2"
"2012","Yukon [60]","2016A000260","Crime severity index","Index","160","units","0","v44312695","40.1","155.99","","","","2"
"2013","Yukon [60]","2016A000260","Crime severity index","Index","160","units","0","v44312695","40.1","169.38","","","","2"
"2014","Yukon [60]","2016A000260","Crime severity index","Index","160","units","0","v44312695","40.1","187.28","","","","2"
"2015","Yukon [60]","2016A000260","Crime severity index","Index","160","units","0","v44312695","40.1","182.97","","","","2"
"2016","Yukon [60]","2016A000260","Crime severity index","Index","160","units","0","v44312695","40.1","185.89","","","","2"
"2017","Yukon [60]","2016A000260","Crime severity index","Index","160","units","0","v44312695","40.1","183.93","","","","2"
"2018","Yukon [60]","2016A000260","Crime severity index","Index","160","units","0","v44312695","40.1","172.12","","","","2"
"2019","Yukon [60]","2016A000260","Crime severity index","Index","160","units","0","v44312695","40.1","212.69","","","","2"
"2020","Yukon [60]","2016A000260","Crime severity index","Index","160","units","0","v44312695","40.1","214.71","","","","2"
"2021","Yukon [60]","2016A000260","Crime severity index","Index","160","units","0","v44312695","40.1","213.26","","","","2"
"2010","Yukon [60]","2016A000260","Percent change in crime severity index","Percent","239","units","0","v44312696","40.2","-5.45","","","","2"
"2011","Yukon [60]","2016A000260","Percent change in crime severity index","Percent","239","units","0","v44312696","40.2","-9.53","","","","2"
"2012","Yukon [60]","2016A000260","Percent change in crime severity index","Percent","239","units","0","v44312696","40.2","0.83","","","","2"
"2013","Yukon [60]","2016A000260","Percent change in crime severity index","Percent","239","units","0","v44312696","40.2","8.58","","","","2"
"2014","Yukon [60]","2016A000260","Percent change in crime severity index","Percent","239","units","0","v44312696","40.2","10.57","","","","2"
"2015","Yukon [60]","2016A000260","Percent change in crime severity index","Percent","239","units","0","v44312696","40.2","-2.30","","","","2"
"2016","Yukon [60]","2016A000260","Percent change in crime severity index","Percent","239","units","0","v44312696","40.2","1.60","","","","2"
"2017","Yukon [60]","2016A000260","Percent change in crime severity index","Percent","239","units","0","v44312696","40.2","-1.05","","","","2"
"2018","Yukon [60]","2016A000260","Percent change in crime severity index","Percent","239","units","0","v44312696","40.2","-6.42","","","","2"
"2019","Yukon [60]","2016A000260","Percent change in crime severity index","Percent","239","units","0","v44312696","40.2","23.57","","","","2"
"2020","Yukon [60]","2016A000260","Percent change in crime severity index","Percent","239","units","0","v44312696","40.2","0.95","","","","2"
"2021","Yukon [60]","2016A000260","Percent change in crime severity index","Percent","239","units","0","v44312696","40.2","-0.68","","","","2"
"2010","Yukon [60]","2016A000260","Violent crime severity index","Index","160","units","0","v44312697","40.3","186.20","","","","2"
"2011","Yukon [60]","2016A000260","Violent crime severity index","Index","160","units","0","v44312697","40.3","176.56","","","","2"
"2012","Yukon [60]","2016A000260","Violent crime severity index","Index","160","units","0","v44312697","40.3","163.27","","","","2"
"2013","Yukon [60]","2016A000260","Violent crime severity index","Index","160","units","0","v44312697","40.3","156.81","","","","2"
"2014","Yukon [60]","2016A000260","Violent crime severity index","Index","160","units","0","v44312697","40.3","237.97","","","","2"
"2015","Yukon [60]","2016A000260","Violent crime severity index","Index","160","units","0","v44312697","40.3","209.02","","","","2"
"2016","Yukon [60]","2016A000260","Violent crime severity index","Index","160","units","0","v44312697","40.3","236.25","","","","2"
"2017","Yukon [60]","2016A000260","Violent crime severity index","Index","160","units","0","v44312697","40.3","251.90","","","","2"
"2018","Yukon [60]","2016A000260","Violent crime severity index","Index","160","units","0","v44312697","40.3","214.42","","","","2"
"2019","Yukon [60]","2016A000260","Violent crime severity index","Index","160","units","0","v44312697","40.3","231.93","","","","2"
"2020","Yukon [60]","2016A000260","Violent crime severity index","Index","160","units","0","v44312697","40.3","255.26","","","","2"
"2021","Yukon [60]","2016A000260","Violent crime severity index","Index","160","units","0","v44312697","40.3","268.71","","","","2"
"2010","Yukon [60]","2016A000260","Percent change in violent crime severity index","Percent","239","units","0","v44312698","40.4","-7.00","","","","2"
"2011","Yukon [60]","2016A000260","Percent change in violent crime severity index","Percent","239","units","0","v44312698","40.4","-5.18","","","","2"
"2012","Yukon [60]","2016A000260","Percent change in violent crime severity index","Percent","239","units","0","v44312698","40.4","-7.53","","","","2"
"2013","Yukon [60]","2016A000260","Percent change in violent crime severity index","Percent","239","units","0","v44312698","40.4","-3.96","","","","2"
"2014","Yukon [60]","2016A000260","Percent change in violent crime severity index","Percent","239","units","0","v44312698","40.4","51.76","","","","2"
"2015","Yukon [60]","2016A000260","Percent change in violent crime severity index","Percent","239","units","0","v44312698","40.4","-12.17","","","","2"
"2016","Yukon [60]","2016A000260","Percent change in violent crime severity index","Percent","239","units","0","v44312698","40.4","13.03","","","","2"
"2017","Yukon [60]","2016A000260","Percent change in violent crime severity index","Percent","239","units","0","v44312698","40.4","6.62","","","","2"
"2018","Yukon [60]","2016A000260","Percent change in violent crime severity index","Percent","239","units","0","v44312698","40.4","-14.88","","","","2"
"2019","Yukon [60]","2016A000260","Percent change in violent crime severity index","Percent","239","units","0","v44312698","40.4","8.17","","","","2"
"2020","Yukon [60]","2016A000260","Percent change in violent crime severity index","Percent","239","units","0","v44312698","40.4","10.06","","","","2"
"2021","Yukon [60]","2016A000260","Percent change in violent crime severity index","Percent","239","units","0","v44312698","40.4","5.27","","","","2"
"2010","Yukon [60]","2016A000260","Non-violent crime severity index","Index","160","units","0","v44312699","40.5","165.15","","","","2"
"2011","Yukon [60]","2016A000260","Non-violent crime severity index","Index","160","units","0","v44312699","40.5","146.43","","","","2"
"2012","Yukon [60]","2016A000260","Non-violent crime severity index","Index","160","units","0","v44312699","40.5","153.02","","","","2"
"2013","Yukon [60]","2016A000260","Non-violent crime severity index","Index","160","units","0","v44312699","40.5","173.60","","","","2"
"2014","Yukon [60]","2016A000260","Non-violent crime severity index","Index","160","units","0","v44312699","40.5","168.45","","","","2"
"2015","Yukon [60]","2016A000260","Non-violent crime severity index","Index","160","units","0","v44312699","40.5","173.12","","","","2"
"2016","Yukon [60]","2016A000260","Non-violent crime severity index","Index","160","units","0","v44312699","40.5","167.33","","","","2"
"2017","Yukon [60]","2016A000260","Non-violent crime severity index","Index","160","units","0","v44312699","40.5","159.05","","","","2"
"2018","Yukon [60]","2016A000260","Non-violent crime severity index","Index","160","units","0","v44312699","40.5","156.50","","","","2"
"2019","Yukon [60]","2016A000260","Non-violent crime severity index","Index","160","units","0","v44312699","40.5","205.27","","","","2"
"2020","Yukon [60]","2016A000260","Non-violent crime severity index","Index","160","units","0","v44312699","40.5","199.62","","","","2"
"2021","Yukon [60]","2016A000260","Non-violent crime severity index","Index","160","units","0","v44312699","40.5","192.82","","","","2"
"2010","Yukon [60]","2016A000260","Percent change in non-violent crime severity index","Percent","239","units","0","v44312700","40.6","-4.77","","","","2"
"2011","Yukon [60]","2016A000260","Percent change in non-violent crime severity index","Percent","239","units","0","v44312700","40.6","-11.34","","","","2"
"2012","Yukon [60]","2016A000260","Percent change in non-violent crime severity index","Percent","239","units","0","v44312700","40.6","4.50","","","","2"
"2013","Yukon [60]","2016A000260","Percent change in non-violent crime severity index","Percent","239","units","0","v44312700","40.6","13.45","","","","2"
"2014","Yukon [60]","2016A000260","Percent change in non-violent crime severity index","Percent","239","units","0","v44312700","40.6","-2.97","","","","2"
"2015","Yukon [60]","2016A000260","Percent change in non-violent crime severity index","Percent","239","units","0","v44312700","40.6","2.77","","","","2"
"2016","Yukon [60]","2016A000260","Percent change in non-violent crime severity index","Percent","239","units","0","v44312700","40.6","-3.34","","","","2"
"2017","Yukon [60]","2016A000260","Percent change in non-violent crime severity index","Percent","239","units","0","v44312700","40.6","-4.95","","","","2"
"2018","Yukon [60]","2016A000260","Percent change in non-violent crime severity index","Percent","239","units","0","v44312700","40.6","-1.60","","","","2"
"2019","Yukon [60]","2016A000260","Percent change in non-violent crime severity index","Percent","239","units","0","v44312700","40.6","31.16","","","","2"
"2020","Yukon [60]","2016A000260","Percent change in non-violent crime severity index","Percent","239","units","0","v44312700","40.6","-2.75","","","","2"
"2021","Yukon [60]","2016A000260","Percent change in non-violent crime severity index","Percent","239","units","0","v44312700","40.6","-3.41","","","","2"
"2010","Yukon [60]","2016A000260","Youth crime severity index","Index","160","units","0","v53079785","40.7","229.58","","","","2"
"2011","Yukon [60]","2016A000260","Youth crime severity index","Index","160","units","0","v53079785","40.7","145.55","","","","2"
"2012","Yukon [60]","2016A000260","Youth crime severity index","Index","160","units","0","v53079785","40.7","178.72","","","","2"
"2013","Yukon [60]","2016A000260","Youth crime severity index","Index","160","units","0","v53079785","40.7","188.81","","","","2"
"2014","Yukon [60]","2016A000260","Youth crime severity index","Index","160","units","0","v53079785","40.7","252.32","","","","2"
"2015","Yukon [60]","2016A000260","Youth crime severity index","Index","160","units","0","v53079785","40.7","266.12","","","","2"
"2016","Yukon [60]","2016A000260","Youth crime severity index","Index","160","units","0","v53079785","40.7","193.18","","","","2"
"2017","Yukon [60]","2016A000260","Youth crime severity index","Index","160","units","0","v53079785","40.7","172.79","","","","2"
"2018","Yukon [60]","2016A000260","Youth crime severity index","Index","160","units","0","v53079785","40.7","150.88","","","","2"
"2019","Yukon [60]","2016A000260","Youth crime severity index","Index","160","units","0","v53079785","40.7","103.79","","","","2"
"2020","Yukon [60]","2016A000260","Youth crime severity index","Index","160","units","0","v53079785","40.7","115.40","","","","2"
"2021","Yukon [60]","2016A000260","Youth crime severity index","Index","160","units","0","v53079785","40.7","114.61","","","","2"
"2010","Yukon [60]","2016A000260","Percent change in youth crime severity index","Percent","239","units","0","v53079786","40.8","-22.80","","","","2"
"2011","Yukon [60]","2016A000260","Percent change in youth crime severity index","Percent","239","units","0","v53079786","40.8","-36.60","","","","2"
"2012","Yukon [60]","2016A000260","Percent change in youth crime severity index","Percent","239","units","0","v53079786","40.8","22.79","","","","2"
"2013","Yukon [60]","2016A000260","Percent change in youth crime severity index","Percent","239","units","0","v53079786","40.8","5.65","","","","2"
"2014","Yukon [60]","2016A000260","Percent change in youth crime severity index","Percent","239","units","0","v53079786","40.8","33.64","","","","2"
"2015","Yukon [60]","2016A000260","Percent change in youth crime severity index","Percent","239","units","0","v53079786","40.8","5.47","","","","2"
"2016","Yukon [60]","2016A000260","Percent change in youth crime severity index","Percent","239","units","0","v53079786","40.8","-27.41","","","","2"
"2017","Yukon [60]","2016A000260","Percent change in youth crime severity index","Percent","239","units","0","v53079786","40.8","-10.55","","","","2"
"2018","Yukon [60]","2016A000260","Percent change in youth crime severity index","Percent","239","units","0","v53079786","40.8","-12.68","","","","2"
"2019","Yukon [60]","2016A000260","Percent change in youth crime severity index","Percent","239","units","0","v53079786","40.8","-31.21","","","","2"
"2020","Yukon [60]","2016A000260","Percent change in youth crime severity index","Percent","239","units","0","v53079786","40.8","11.19","","","","2"
"2021","Yukon [60]","2016A000260","Percent change in youth crime severity index","Percent","239","units","0","v53079786","40.8","-0.68","","","","2"
"2010","Yukon [60]","2016A000260","Youth violent crime severity index","Index","160","units","0","v53079787","40.9","171.70","","","","2"
"2011","Yukon [60]","2016A000260","Youth violent crime severity index","Index","160","units","0","v53079787","40.9","91.57","","","","2"
"2012","Yukon [60]","2016A000260","Youth violent crime severity index","Index","160","units","0","v53079787","40.9","143.99","","","","2"
"2013","Yukon [60]","2016A000260","Youth violent crime severity index","Index","160","units","0","v53079787","40.9","87.72","","","","2"
"2014","Yukon [60]","2016A000260","Youth violent crime severity index","Index","160","units","0","v53079787","40.9","308.97","","","","2"
"2015","Yukon [60]","2016A000260","Youth violent crime severity index","Index","160","units","0","v53079787","40.9","161.22","","","","2"
"2016","Yukon [60]","2016A000260","Youth violent crime severity index","Index","160","units","0","v53079787","40.9","196.48","","","","2"
"2017","Yukon [60]","2016A000260","Youth violent crime severity index","Index","160","units","0","v53079787","40.9","139.40","","","","2"
"2018","Yukon [60]","2016A000260","Youth violent crime severity index","Index","160","units","0","v53079787","40.9","123.43","","","","2"
"2019","Yukon [60]","2016A000260","Youth violent crime severity index","Index","160","units","0","v53079787","40.9","88.92","","","","2"
"2020","Yukon [60]","2016A000260","Youth violent crime severity index","Index","160","units","0","v53079787","40.9","129.95","","","","2"
"2021","Yukon [60]","2016A000260","Youth violent crime severity index","Index","160","units","0","v53079787","40.9","145.80","","","","2"
"2010","Yukon [60]","2016A000260","Percent change in youth violent crime severity index","Percent","239","units","0","v53079930","40.10","-33.94","","","","2"
"2011","Yukon [60]","2016A000260","Percent change in youth violent crime severity index","Percent","239","units","0","v53079930","40.10","-46.67","","","","2"
"2012","Yukon [60]","2016A000260","Percent change in youth violent crime severity index","Percent","239","units","0","v53079930","40.10","57.25","","","","2"
"2013","Yukon [60]","2016A000260","Percent change in youth violent crime severity index","Percent","239","units","0","v53079930","40.10","-39.08","","","","2"
"2014","Yukon [60]","2016A000260","Percent change in youth violent crime severity index","Percent","239","units","0","v53079930","40.10","252.22","","","","2"
"2015","Yukon [60]","2016A000260","Percent change in youth violent crime severity index","Percent","239","units","0","v53079930","40.10","-47.82","","","","2"
"2016","Yukon [60]","2016A000260","Percent change in youth violent crime severity index","Percent","239","units","0","v53079930","40.10","21.87","","","","2"
"2017","Yukon [60]","2016A000260","Percent change in youth violent crime severity index","Percent","239","units","0","v53079930","40.10","-29.05","","","","2"
"2018","Yukon [60]","2016A000260","Percent change in youth violent crime severity index","Percent","239","units","0","v53079930","40.10","-11.46","","","","2"
"2019","Yukon [60]","2016A000260","Percent change in youth violent crime severity index","Percent","239","units","0","v53079930","40.10","-27.96","","","","2"
"2020","Yukon [60]","2016A000260","Percent change in youth violent crime severity index","Percent","239","units","0","v53079930","40.10","46.14","","","","2"
"2021","Yukon [60]","2016A000260","Percent change in youth violent crime severity index","Percent","239","units","0","v53079930","40.10","12.20","","","","2"
"2010","Yukon [60]","2016A000260","Youth non-violent crime severity index","Index","160","units","0","v53079777","40.11","273.67","","","","2"
"2011","Yukon [60]","2016A000260","Youth non-violent crime severity index","Index","160","units","0","v53079777","40.11","183.14","","","","2"
"2012","Yukon [60]","2016A000260","Youth non-violent crime severity index","Index","160","units","0","v53079777","40.11","202.53","","","","2"
"2013","Yukon [60]","2016A000260","Youth non-violent crime severity index","Index","160","units","0","v53079777","40.11","259.58","","","","2"
"2014","Yukon [60]","2016A000260","Youth non-violent crime severity index","Index","160","units","0","v53079777","40.11","211.08","","","","2"
"2015","Yukon [60]","2016A000260","Youth non-violent crime severity index","Index","160","units","0","v53079777","40.11","339.25","","","","2"
"2016","Yukon [60]","2016A000260","Youth non-violent crime severity index","Index","160","units","0","v53079777","40.11","189.15","","","","2"
"2017","Yukon [60]","2016A000260","Youth non-violent crime severity index","Index","160","units","0","v53079777","40.11","193.98","","","","2"
"2018","Yukon [60]","2016A000260","Youth non-violent crime severity index","Index","160","units","0","v53079777","40.11","168.21","","","","2"
"2019","Yukon [60]","2016A000260","Youth non-violent crime severity index","Index","160","units","0","v53079777","40.11","112.99","","","","2"
"2020","Yukon [60]","2016A000260","Youth non-violent crime severity index","Index","160","units","0","v53079777","40.11","104.41","","","","2"
"2021","Yukon [60]","2016A000260","Youth non-violent crime severity index","Index","160","units","0","v53079777","40.11","92.28","","","","2"
"2010","Yukon [60]","2016A000260","Percent change in youth non-violent crime severity index","Percent","239","units","0","v53079778","40.12","-16.03","","","","2"
"2011","Yukon [60]","2016A000260","Percent change in youth non-violent crime severity index","Percent","239","units","0","v53079778","40.12","-33.08","","","","2"
"2012","Yukon [60]","2016A000260","Percent change in youth non-violent crime severity index","Percent","239","units","0","v53079778","40.12","10.59","","","","2"
"2013","Yukon [60]","2016A000260","Percent change in youth non-violent crime severity index","Percent","239","units","0","v53079778","40.12","28.17","","","","2"
"2014","Yukon [60]","2016A000260","Percent change in youth non-violent crime severity index","Percent","239","units","0","v53079778","40.12","-18.68","","","","2"
"2015","Yukon [60]","2016A000260","Percent change in youth non-violent crime severity index","Percent","239","units","0","v53079778","40.12","60.72","","","","2"
"2016","Yukon [60]","2016A000260","Percent change in youth non-violent crime severity index","Percent","239","units","0","v53079778","40.12","-44.24","","","","2"
"2017","Yukon [60]","2016A000260","Percent change in youth non-violent crime severity index","Percent","239","units","0","v53079778","40.12","2.55","","","","2"
"2018","Yukon [60]","2016A000260","Percent change in youth non-violent crime severity index","Percent","239","units","0","v53079778","40.12","-13.28","","","","2"
"2019","Yukon [60]","2016A000260","Percent change in youth non-violent crime severity index","Percent","239","units","0","v53079778","40.12","-32.83","","","","2"
"2020","Yukon [60]","2016A000260","Percent change in youth non-violent crime severity index","Percent","239","units","0","v53079778","40.12","-7.59","","","","2"
"2021","Yukon [60]","2016A000260","Percent change in youth non-violent crime severity index","Percent","239","units","0","v53079778","40.12","-11.62","","","","2"
"2010","Yukon [60]","2016A000260","Weighted clearance rate","Number","223","units","0","v53079779","40.13","59.38","","","","2"
"2011","Yukon [60]","2016A000260","Weighted clearance rate","Number","223","units","0","v53079779","40.13","61.51","","","","2"
"2012","Yukon [60]","2016A000260","Weighted clearance rate","Number","223","units","0","v53079779","40.13","56.61","","","","2"
"2013","Yukon [60]","2016A000260","Weighted clearance rate","Number","223","units","0","v53079779","40.13","55.50","","","","2"
"2014","Yukon [60]","2016A000260","Weighted clearance rate","Number","223","units","0","v53079779","40.13","54.79","","","","2"
"2015","Yukon [60]","2016A000260","Weighted clearance rate","Number","223","units","0","v53079779","40.13","53.76","","","","2"
"2016","Yukon [60]","2016A000260","Weighted clearance rate","Number","223","units","0","v53079779","40.13","54.87","","","","2"
"2017","Yukon [60]","2016A000260","Weighted clearance rate","Number","223","units","0","v53079779","40.13","55.63","","","","2"
"2018","Yukon [60]","2016A000260","Weighted clearance rate","Number","223","units","0","v53079779","40.13","52.69","","","","2"
"2019","Yukon [60]","2016A000260","Weighted clearance rate","Number","223","units","0","v53079779","40.13","40.94","","","","2"
"2020","Yukon [60]","2016A000260","Weighted clearance rate","Number","223","units","0","v53079779","40.13","40.09","","","","2"
"2021","Yukon [60]","2016A000260","Weighted clearance rate","Number","223","units","0","v53079779","40.13","42.22","","","","2"
"2010","Yukon [60]","2016A000260","Percent change in weighted clearance rate","Percent","239","units","0","v53079780","40.14","-9.14","","","","2"
"2011","Yukon [60]","2016A000260","Percent change in weighted clearance rate","Percent","239","units","0","v53079780","40.14","3.59","","","","2"
"2012","Yukon [60]","2016A000260","Percent change in weighted clearance rate","Percent","239","units","0","v53079780","40.14","-7.97","","","","2"
"2013","Yukon [60]","2016A000260","Percent change in weighted clearance rate","Percent","239","units","0","v53079780","40.14","-1.96","","","","2"
"2014","Yukon [60]","2016A000260","Percent change in weighted clearance rate","Percent","239","units","0","v53079780","40.14","-1.28","","","","2"
"2015","Yukon [60]","2016A000260","Percent change in weighted clearance rate","Percent","239","units","0","v53079780","40.14","-1.88","","","","2"
"2016","Yukon [60]","2016A000260","Percent change in weighted clearance rate","Percent","239","units","0","v53079780","40.14","2.06","","","","2"
"2017","Yukon [60]","2016A000260","Percent change in weighted clearance rate","Percent","239","units","0","v53079780","40.14","1.39","","","","2"
"2018","Yukon [60]","2016A000260","Percent change in weighted clearance rate","Percent","239","units","0","v53079780","40.14","-5.28","","","","2"
"2019","Yukon [60]","2016A000260","Percent change in weighted clearance rate","Percent","239","units","0","v53079780","40.14","-22.30","","","","2"
"2020","Yukon [60]","2016A000260","Percent change in weighted clearance rate","Percent","239","units","0","v53079780","40.14","-2.08","","","","2"
"2021","Yukon [60]","2016A000260","Percent change in weighted clearance rate","Percent","239","units","0","v53079780","40.14","5.31","","","","2"
"2010","Yukon [60]","2016A000260","Violent weighted clearance rate","Number","223","units","0","v53079781","40.15","75.33","","","","2"
"2011","Yukon [60]","2016A000260","Violent weighted clearance rate","Number","223","units","0","v53079781","40.15","82.68","","","","2"
"2012","Yukon [60]","2016A000260","Violent weighted clearance rate","Number","223","units","0","v53079781","40.15","76.13","","","","2"
"2013","Yukon [60]","2016A000260","Violent weighted clearance rate","Number","223","units","0","v53079781","40.15","74.11","","","","2"
"2014","Yukon [60]","2016A000260","Violent weighted clearance rate","Number","223","units","0","v53079781","40.15","69.59","","","","2"
"2015","Yukon [60]","2016A000260","Violent weighted clearance rate","Number","223","units","0","v53079781","40.15","73.14","","","","2"
"2016","Yukon [60]","2016A000260","Violent weighted clearance rate","Number","223","units","0","v53079781","40.15","73.64","","","","2"
"2017","Yukon [60]","2016A000260","Violent weighted clearance rate","Number","223","units","0","v53079781","40.15","67.78","","","","2"
"2018","Yukon [60]","2016A000260","Violent weighted clearance rate","Number","223","units","0","v53079781","40.15","65.73","","","","2"
"2019","Yukon [60]","2016A000260","Violent weighted clearance rate","Number","223","units","0","v53079781","40.15","58.25","","","","2"
"2020","Yukon [60]","2016A000260","Violent weighted clearance rate","Number","223","units","0","v53079781","40.15","53.29","","","","2"
"2021","Yukon [60]","2016A000260","Violent weighted clearance rate","Number","223","units","0","v53079781","40.15","62.04","","","","2"
"2010","Yukon [60]","2016A000260","Percent change in violent weighted clearance rate","Percent","239","units","0","v53079782","40.16","-14.48","","","","2"
"2011","Yukon [60]","2016A000260","Percent change in violent weighted clearance rate","Percent","239","units","0","v53079782","40.16","9.76","","","","2"
"2012","Yukon [60]","2016A000260","Percent change in violent weighted clearance rate","Percent","239","units","0","v53079782","40.16","-7.92","","","","2"
"2013","Yukon [60]","2016A000260","Percent change in violent weighted clearance rate","Percent","239","units","0","v53079782","40.16","-2.65","","","","2"
"2014","Yukon [60]","2016A000260","Percent change in violent weighted clearance rate","Percent","239","units","0","v53079782","40.16","-6.10","","","","2"
"2015","Yukon [60]","2016A000260","Percent change in violent weighted clearance rate","Percent","239","units","0","v53079782","40.16","5.10","","","","2"
"2016","Yukon [60]","2016A000260","Percent change in violent weighted clearance rate","Percent","239","units","0","v53079782","40.16","0.68","","","","2"
"2017","Yukon [60]","2016A000260","Percent change in violent weighted clearance rate","Percent","239","units","0","v53079782","40.16","-7.96","","","","2"
"2018","Yukon [60]","2016A000260","Percent change in violent weighted clearance rate","Percent","239","units","0","v53079782","40.16","-3.02","","","","2"
"2019","Yukon [60]","2016A000260","Percent change in violent weighted clearance rate","Percent","239","units","0","v53079782","40.16","-11.38","","","","2"
"2020","Yukon [60]","2016A000260","Percent change in violent weighted clearance rate","Percent","239","units","0","v53079782","40.16","-8.52","","","","2"
"2021","Yukon [60]","2016A000260","Percent change in violent weighted clearance rate","Percent","239","units","0","v53079782","40.16","16.42","","","","2"
"2010","Yukon [60]","2016A000260","Non-violent weighted clearance rate","Number","223","units","0","v53079783","40.17","52.47","","","","2"
"2011","Yukon [60]","2016A000260","Non-violent weighted clearance rate","Number","223","units","0","v53079783","40.17","52.23","","","","2"
"2012","Yukon [60]","2016A000260","Non-violent weighted clearance rate","Number","223","units","0","v53079783","40.17","49.03","","","","2"
"2013","Yukon [60]","2016A000260","Non-violent weighted clearance rate","Number","223","units","0","v53079783","40.17","49.38","","","","2"
"2014","Yukon [60]","2016A000260","Non-violent weighted clearance rate","Number","223","units","0","v53079783","40.17","47.18","","","","2"
"2015","Yukon [60]","2016A000260","Non-violent weighted clearance rate","Number","223","units","0","v53079783","40.17","45.25","","","","2"
"2016","Yukon [60]","2016A000260","Non-violent weighted clearance rate","Number","223","units","0","v53079783","40.17","45.34","","","","2"
"2017","Yukon [60]","2016A000260","Non-violent weighted clearance rate","Number","223","units","0","v53079783","40.17","48.70","","","","2"
"2018","Yukon [60]","2016A000260","Non-violent weighted clearance rate","Number","223","units","0","v53079783","40.17","46.27","","","","2"
"2019","Yukon [60]","2016A000260","Non-violent weighted clearance rate","Number","223","units","0","v53079783","40.17","33.91","","","","2"
"2020","Yukon [60]","2016A000260","Non-violent weighted clearance rate","Number","223","units","0","v53079783","40.17","34.02","","","","2"
"2021","Yukon [60]","2016A000260","Non-violent weighted clearance rate","Number","223","units","0","v53079783","40.17","32.29","","","","2"
"2010","Yukon [60]","2016A000260","Percent change in non-violent weighted clearance rate","Percent","239","units","0","v53079784","40.18","-5.05","","","","2"
"2011","Yukon [60]","2016A000260","Percent change in non-violent weighted clearance rate","Percent","239","units","0","v53079784","40.18","-0.46","","","","2"
"2012","Yukon [60]","2016A000260","Percent change in non-violent weighted clearance rate","Percent","239","units","0","v53079784","40.18","-6.13","","","","2"
"2013","Yukon [60]","2016A000260","Percent change in non-violent weighted clearance rate","Percent","239","units","0","v53079784","40.18","0.71","","","","2"
"2014","Yukon [60]","2016A000260","Percent change in non-violent weighted clearance rate","Percent","239","units","0","v53079784","40.18","-4.46","","","","2"
"2015","Yukon [60]","2016A000260","Percent change in non-violent weighted clearance rate","Percent","239","units","0","v53079784","40.18","-4.09","","","","2"
"2016","Yukon [60]","2016A000260","Percent change in non-violent weighted clearance rate","Percent","239","units","0","v53079784","40.18","0.20","","","","2"
"2017","Yukon [60]","2016A000260","Percent change in non-violent weighted clearance rate","Percent","239","units","0","v53079784","40.18","7.41","","","","2"
"2018","Yukon [60]","2016A000260","Percent change in non-violent weighted clearance rate","Percent","239","units","0","v53079784","40.18","-4.99","","","","2"
"2019","Yukon [60]","2016A000260","Percent change in non-violent weighted clearance rate","Percent","239","units","0","v53079784","40.18","-26.71","","","","2"
"2020","Yukon [60]","2016A000260","Percent change in non-violent weighted clearance rate","Percent","239","units","0","v53079784","40.18","0.32","","","","2"
"2021","Yukon [60]","2016A000260","Percent change in non-violent weighted clearance rate","Percent","239","units","0","v53079784","40.18","-5.09","","","","2"


