﻿"REF_DATE","GEO","DGUID","Statistics","UOM","UOM_ID","SCALAR_FACTOR","SCALAR_ID","VECTOR","COORDINATE","VALUE","STATUS","SYMBOL","TERMINATED","DECIMALS"
"2010","St.Catharines-Niagara, Ontario [35539]","2021A003535539","Crime severity index","Index","160","units","0","v44312581","21.1","70.36","","","","2"
"2011","St.Catharines-Niagara, Ontario [35539]","2021A003535539","Crime severity index","Index","160","units","0","v44312581","21.1","61.45","","","","2"
"2012","St.Catharines-Niagara, Ontario [35539]","2021A003535539","Crime severity index","Index","160","units","0","v44312581","21.1","64.05","","","","2"
"2013","St.Catharines-Niagara, Ontario [35539]","2021A003535539","Crime severity index","Index","160","units","0","v44312581","21.1","57.24","","","","2"
"2014","St.Catharines-Niagara, Ontario [35539]","2021A003535539","Crime severity index","Index","160","units","0","v44312581","21.1","50.98","","","","2"
"2015","St.Catharines-Niagara, Ontario [35539]","2021A003535539","Crime severity index","Index","160","units","0","v44312581","21.1","51.83","","","","2"
"2016","St.Catharines-Niagara, Ontario [35539]","2021A003535539","Crime severity index","Index","160","units","0","v44312581","21.1","49.65","","","","2"
"2017","St.Catharines-Niagara, Ontario [35539]","2021A003535539","Crime severity index","Index","160","units","0","v44312581","21.1","59.99","","","","2"
"2018","St.Catharines-Niagara, Ontario [35539]","2021A003535539","Crime severity index","Index","160","units","0","v44312581","21.1","69.40","","","","2"
"2019","St.Catharines-Niagara, Ontario [35539]","2021A003535539","Crime severity index","Index","160","units","0","v44312581","21.1","64.40","","","","2"
"2020","St.Catharines-Niagara, Ontario [35539]","2021A003535539","Crime severity index","Index","160","units","0","v44312581","21.1","58.77","","","","2"
"2021","St.Catharines-Niagara, Ontario [35539]","2021A003535539","Crime severity index","Index","160","units","0","v44312581","21.1","62.12","","","","2"
"2010","St.Catharines-Niagara, Ontario [35539]","2021A003535539","Percent change in crime severity index","Percent","239","units","0","v44312582","21.2","-7.77","","","","2"
"2011","St.Catharines-Niagara, Ontario [35539]","2021A003535539","Percent change in crime severity index","Percent","239","units","0","v44312582","21.2","-12.66","","","","2"
"2012","St.Catharines-Niagara, Ontario [35539]","2021A003535539","Percent change in crime severity index","Percent","239","units","0","v44312582","21.2","4.23","","","","2"
"2013","St.Catharines-Niagara, Ontario [35539]","2021A003535539","Percent change in crime severity index","Percent","239","units","0","v44312582","21.2","-10.63","","","","2"
"2014","St.Catharines-Niagara, Ontario [35539]","2021A003535539","Percent change in crime severity index","Percent","239","units","0","v44312582","21.2","-10.94","","","","2"
"2015","St.Catharines-Niagara, Ontario [35539]","2021A003535539","Percent change in crime severity index","Percent","239","units","0","v44312582","21.2","1.67","","","","2"
"2016","St.Catharines-Niagara, Ontario [35539]","2021A003535539","Percent change in crime severity index","Percent","239","units","0","v44312582","21.2","-4.21","","","","2"
"2017","St.Catharines-Niagara, Ontario [35539]","2021A003535539","Percent change in crime severity index","Percent","239","units","0","v44312582","21.2","20.83","","","","2"
"2018","St.Catharines-Niagara, Ontario [35539]","2021A003535539","Percent change in crime severity index","Percent","239","units","0","v44312582","21.2","15.69","","","","2"
"2019","St.Catharines-Niagara, Ontario [35539]","2021A003535539","Percent change in crime severity index","Percent","239","units","0","v44312582","21.2","-7.20","","","","2"
"2020","St.Catharines-Niagara, Ontario [35539]","2021A003535539","Percent change in crime severity index","Percent","239","units","0","v44312582","21.2","-8.74","","","","2"
"2021","St.Catharines-Niagara, Ontario [35539]","2021A003535539","Percent change in crime severity index","Percent","239","units","0","v44312582","21.2","5.70","","","","2"
"2010","St.Catharines-Niagara, Ontario [35539]","2021A003535539","Violent crime severity index","Index","160","units","0","v44312583","21.3","57.24","","","","2"
"2011","St.Catharines-Niagara, Ontario [35539]","2021A003535539","Violent crime severity index","Index","160","units","0","v44312583","21.3","48.66","","","","2"
"2012","St.Catharines-Niagara, Ontario [35539]","2021A003535539","Violent crime severity index","Index","160","units","0","v44312583","21.3","54.22","","","","2"
"2013","St.Catharines-Niagara, Ontario [35539]","2021A003535539","Violent crime severity index","Index","160","units","0","v44312583","21.3","48.89","","","","2"
"2014","St.Catharines-Niagara, Ontario [35539]","2021A003535539","Violent crime severity index","Index","160","units","0","v44312583","21.3","41.36","","","","2"
"2015","St.Catharines-Niagara, Ontario [35539]","2021A003535539","Violent crime severity index","Index","160","units","0","v44312583","21.3","42.09","","","","2"
"2016","St.Catharines-Niagara, Ontario [35539]","2021A003535539","Violent crime severity index","Index","160","units","0","v44312583","21.3","38.11","","","","2"
"2017","St.Catharines-Niagara, Ontario [35539]","2021A003535539","Violent crime severity index","Index","160","units","0","v44312583","21.3","45.88","","","","2"
"2018","St.Catharines-Niagara, Ontario [35539]","2021A003535539","Violent crime severity index","Index","160","units","0","v44312583","21.3","54.37","","","","2"
"2019","St.Catharines-Niagara, Ontario [35539]","2021A003535539","Violent crime severity index","Index","160","units","0","v44312583","21.3","57.06","","","","2"
"2020","St.Catharines-Niagara, Ontario [35539]","2021A003535539","Violent crime severity index","Index","160","units","0","v44312583","21.3","58.78","","","","2"
"2021","St.Catharines-Niagara, Ontario [35539]","2021A003535539","Violent crime severity index","Index","160","units","0","v44312583","21.3","64.23","","","","2"
"2010","St.Catharines-Niagara, Ontario [35539]","2021A003535539","Percent change in violent crime severity index","Percent","239","units","0","v44312584","21.4","-10.32","","","","2"
"2011","St.Catharines-Niagara, Ontario [35539]","2021A003535539","Percent change in violent crime severity index","Percent","239","units","0","v44312584","21.4","-14.99","","","","2"
"2012","St.Catharines-Niagara, Ontario [35539]","2021A003535539","Percent change in violent crime severity index","Percent","239","units","0","v44312584","21.4","11.43","","","","2"
"2013","St.Catharines-Niagara, Ontario [35539]","2021A003535539","Percent change in violent crime severity index","Percent","239","units","0","v44312584","21.4","-9.83","","","","2"
"2014","St.Catharines-Niagara, Ontario [35539]","2021A003535539","Percent change in violent crime severity index","Percent","239","units","0","v44312584","21.4","-15.40","","","","2"
"2015","St.Catharines-Niagara, Ontario [35539]","2021A003535539","Percent change in violent crime severity index","Percent","239","units","0","v44312584","21.4","1.76","","","","2"
"2016","St.Catharines-Niagara, Ontario [35539]","2021A003535539","Percent change in violent crime severity index","Percent","239","units","0","v44312584","21.4","-9.46","","","","2"
"2017","St.Catharines-Niagara, Ontario [35539]","2021A003535539","Percent change in violent crime severity index","Percent","239","units","0","v44312584","21.4","20.39","","","","2"
"2018","St.Catharines-Niagara, Ontario [35539]","2021A003535539","Percent change in violent crime severity index","Percent","239","units","0","v44312584","21.4","18.50","","","","2"
"2019","St.Catharines-Niagara, Ontario [35539]","2021A003535539","Percent change in violent crime severity index","Percent","239","units","0","v44312584","21.4","4.95","","","","2"
"2020","St.Catharines-Niagara, Ontario [35539]","2021A003535539","Percent change in violent crime severity index","Percent","239","units","0","v44312584","21.4","3.01","","","","2"
"2021","St.Catharines-Niagara, Ontario [35539]","2021A003535539","Percent change in violent crime severity index","Percent","239","units","0","v44312584","21.4","9.27","","","","2"
"2010","St.Catharines-Niagara, Ontario [35539]","2021A003535539","Non-violent crime severity index","Index","160","units","0","v44312585","21.5","75.41","","","","2"
"2011","St.Catharines-Niagara, Ontario [35539]","2021A003535539","Non-violent crime severity index","Index","160","units","0","v44312585","21.5","65.98","","","","2"
"2012","St.Catharines-Niagara, Ontario [35539]","2021A003535539","Non-violent crime severity index","Index","160","units","0","v44312585","21.5","67.50","","","","2"
"2013","St.Catharines-Niagara, Ontario [35539]","2021A003535539","Non-violent crime severity index","Index","160","units","0","v44312585","21.5","60.16","","","","2"
"2014","St.Catharines-Niagara, Ontario [35539]","2021A003535539","Non-violent crime severity index","Index","160","units","0","v44312585","21.5","54.37","","","","2"
"2015","St.Catharines-Niagara, Ontario [35539]","2021A003535539","Non-violent crime severity index","Index","160","units","0","v44312585","21.5","55.26","","","","2"
"2016","St.Catharines-Niagara, Ontario [35539]","2021A003535539","Non-violent crime severity index","Index","160","units","0","v44312585","21.5","53.68","","","","2"
"2017","St.Catharines-Niagara, Ontario [35539]","2021A003535539","Non-violent crime severity index","Index","160","units","0","v44312585","21.5","64.92","","","","2"
"2018","St.Catharines-Niagara, Ontario [35539]","2021A003535539","Non-violent crime severity index","Index","160","units","0","v44312585","21.5","74.65","","","","2"
"2019","St.Catharines-Niagara, Ontario [35539]","2021A003535539","Non-violent crime severity index","Index","160","units","0","v44312585","21.5","66.89","","","","2"
"2020","St.Catharines-Niagara, Ontario [35539]","2021A003535539","Non-violent crime severity index","Index","160","units","0","v44312585","21.5","58.63","","","","2"
"2021","St.Catharines-Niagara, Ontario [35539]","2021A003535539","Non-violent crime severity index","Index","160","units","0","v44312585","21.5","61.22","","","","2"
"2010","St.Catharines-Niagara, Ontario [35539]","2021A003535539","Percent change in non-violent crime severity index","Percent","239","units","0","v44312586","21.6","-6.99","","","","2"
"2011","St.Catharines-Niagara, Ontario [35539]","2021A003535539","Percent change in non-violent crime severity index","Percent","239","units","0","v44312586","21.6","-12.50","","","","2"
"2012","St.Catharines-Niagara, Ontario [35539]","2021A003535539","Percent change in non-violent crime severity index","Percent","239","units","0","v44312586","21.6","2.30","","","","2"
"2013","St.Catharines-Niagara, Ontario [35539]","2021A003535539","Percent change in non-violent crime severity index","Percent","239","units","0","v44312586","21.6","-10.87","","","","2"
"2014","St.Catharines-Niagara, Ontario [35539]","2021A003535539","Percent change in non-violent crime severity index","Percent","239","units","0","v44312586","21.6","-9.62","","","","2"
"2015","St.Catharines-Niagara, Ontario [35539]","2021A003535539","Percent change in non-violent crime severity index","Percent","239","units","0","v44312586","21.6","1.64","","","","2"
"2016","St.Catharines-Niagara, Ontario [35539]","2021A003535539","Percent change in non-violent crime severity index","Percent","239","units","0","v44312586","21.6","-2.86","","","","2"
"2017","St.Catharines-Niagara, Ontario [35539]","2021A003535539","Percent change in non-violent crime severity index","Percent","239","units","0","v44312586","21.6","20.94","","","","2"
"2018","St.Catharines-Niagara, Ontario [35539]","2021A003535539","Percent change in non-violent crime severity index","Percent","239","units","0","v44312586","21.6","14.99","","","","2"
"2019","St.Catharines-Niagara, Ontario [35539]","2021A003535539","Percent change in non-violent crime severity index","Percent","239","units","0","v44312586","21.6","-10.40","","","","2"
"2020","St.Catharines-Niagara, Ontario [35539]","2021A003535539","Percent change in non-violent crime severity index","Percent","239","units","0","v44312586","21.6","-12.35","","","","2"
"2021","St.Catharines-Niagara, Ontario [35539]","2021A003535539","Percent change in non-violent crime severity index","Percent","239","units","0","v44312586","21.6","4.42","","","","2"
"2010","St.Catharines-Niagara, Ontario [35539]","2021A003535539","Youth crime severity index","Index","160","units","0","v53079579","21.7","0.00","","","","2"
"2011","St.Catharines-Niagara, Ontario [35539]","2021A003535539","Youth crime severity index","Index","160","units","0","v53079579","21.7","","..","","","2"
"2012","St.Catharines-Niagara, Ontario [35539]","2021A003535539","Youth crime severity index","Index","160","units","0","v53079579","21.7","","..","","","2"
"2013","St.Catharines-Niagara, Ontario [35539]","2021A003535539","Youth crime severity index","Index","160","units","0","v53079579","21.7","","..","","","2"
"2014","St.Catharines-Niagara, Ontario [35539]","2021A003535539","Youth crime severity index","Index","160","units","0","v53079579","21.7","","..","","","2"
"2015","St.Catharines-Niagara, Ontario [35539]","2021A003535539","Youth crime severity index","Index","160","units","0","v53079579","21.7","","..","","","2"
"2016","St.Catharines-Niagara, Ontario [35539]","2021A003535539","Youth crime severity index","Index","160","units","0","v53079579","21.7","","..","","","2"
"2017","St.Catharines-Niagara, Ontario [35539]","2021A003535539","Youth crime severity index","Index","160","units","0","v53079579","21.7","","..","","","2"
"2018","St.Catharines-Niagara, Ontario [35539]","2021A003535539","Youth crime severity index","Index","160","units","0","v53079579","21.7","","..","","","2"
"2019","St.Catharines-Niagara, Ontario [35539]","2021A003535539","Youth crime severity index","Index","160","units","0","v53079579","21.7","","..","","","2"
"2020","St.Catharines-Niagara, Ontario [35539]","2021A003535539","Youth crime severity index","Index","160","units","0","v53079579","21.7","","..","","","2"
"2021","St.Catharines-Niagara, Ontario [35539]","2021A003535539","Youth crime severity index","Index","160","units","0","v53079579","21.7","","..","","","2"
"2010","St.Catharines-Niagara, Ontario [35539]","2021A003535539","Percent change in youth crime severity index","Percent","239","units","0","v87984900","21.8","0.00","","","","2"
"2011","St.Catharines-Niagara, Ontario [35539]","2021A003535539","Percent change in youth crime severity index","Percent","239","units","0","v87984900","21.8","","..","","","2"
"2012","St.Catharines-Niagara, Ontario [35539]","2021A003535539","Percent change in youth crime severity index","Percent","239","units","0","v87984900","21.8","","..","","","2"
"2013","St.Catharines-Niagara, Ontario [35539]","2021A003535539","Percent change in youth crime severity index","Percent","239","units","0","v87984900","21.8","","..","","","2"
"2014","St.Catharines-Niagara, Ontario [35539]","2021A003535539","Percent change in youth crime severity index","Percent","239","units","0","v87984900","21.8","","..","","","2"
"2015","St.Catharines-Niagara, Ontario [35539]","2021A003535539","Percent change in youth crime severity index","Percent","239","units","0","v87984900","21.8","","..","","","2"
"2016","St.Catharines-Niagara, Ontario [35539]","2021A003535539","Percent change in youth crime severity index","Percent","239","units","0","v87984900","21.8","","..","","","2"
"2017","St.Catharines-Niagara, Ontario [35539]","2021A003535539","Percent change in youth crime severity index","Percent","239","units","0","v87984900","21.8","","..","","","2"
"2018","St.Catharines-Niagara, Ontario [35539]","2021A003535539","Percent change in youth crime severity index","Percent","239","units","0","v87984900","21.8","","..","","","2"
"2019","St.Catharines-Niagara, Ontario [35539]","2021A003535539","Percent change in youth crime severity index","Percent","239","units","0","v87984900","21.8","","..","","","2"
"2020","St.Catharines-Niagara, Ontario [35539]","2021A003535539","Percent change in youth crime severity index","Percent","239","units","0","v87984900","21.8","","..","","","2"
"2021","St.Catharines-Niagara, Ontario [35539]","2021A003535539","Percent change in youth crime severity index","Percent","239","units","0","v87984900","21.8","","..","","","2"
"2010","St.Catharines-Niagara, Ontario [35539]","2021A003535539","Youth violent crime severity index","Index","160","units","0","v53079580","21.9","0.00","","","","2"
"2011","St.Catharines-Niagara, Ontario [35539]","2021A003535539","Youth violent crime severity index","Index","160","units","0","v53079580","21.9","","..","","","2"
"2012","St.Catharines-Niagara, Ontario [35539]","2021A003535539","Youth violent crime severity index","Index","160","units","0","v53079580","21.9","","..","","","2"
"2013","St.Catharines-Niagara, Ontario [35539]","2021A003535539","Youth violent crime severity index","Index","160","units","0","v53079580","21.9","","..","","","2"
"2014","St.Catharines-Niagara, Ontario [35539]","2021A003535539","Youth violent crime severity index","Index","160","units","0","v53079580","21.9","","..","","","2"
"2015","St.Catharines-Niagara, Ontario [35539]","2021A003535539","Youth violent crime severity index","Index","160","units","0","v53079580","21.9","","..","","","2"
"2016","St.Catharines-Niagara, Ontario [35539]","2021A003535539","Youth violent crime severity index","Index","160","units","0","v53079580","21.9","","..","","","2"
"2017","St.Catharines-Niagara, Ontario [35539]","2021A003535539","Youth violent crime severity index","Index","160","units","0","v53079580","21.9","","..","","","2"
"2018","St.Catharines-Niagara, Ontario [35539]","2021A003535539","Youth violent crime severity index","Index","160","units","0","v53079580","21.9","","..","","","2"
"2019","St.Catharines-Niagara, Ontario [35539]","2021A003535539","Youth violent crime severity index","Index","160","units","0","v53079580","21.9","","..","","","2"
"2020","St.Catharines-Niagara, Ontario [35539]","2021A003535539","Youth violent crime severity index","Index","160","units","0","v53079580","21.9","","..","","","2"
"2021","St.Catharines-Niagara, Ontario [35539]","2021A003535539","Youth violent crime severity index","Index","160","units","0","v53079580","21.9","","..","","","2"
"2010","St.Catharines-Niagara, Ontario [35539]","2021A003535539","Percent change in youth violent crime severity index","Percent","239","units","0","v87984901","21.10","0.00","","","","2"
"2011","St.Catharines-Niagara, Ontario [35539]","2021A003535539","Percent change in youth violent crime severity index","Percent","239","units","0","v87984901","21.10","","..","","","2"
"2012","St.Catharines-Niagara, Ontario [35539]","2021A003535539","Percent change in youth violent crime severity index","Percent","239","units","0","v87984901","21.10","","..","","","2"
"2013","St.Catharines-Niagara, Ontario [35539]","2021A003535539","Percent change in youth violent crime severity index","Percent","239","units","0","v87984901","21.10","","..","","","2"
"2014","St.Catharines-Niagara, Ontario [35539]","2021A003535539","Percent change in youth violent crime severity index","Percent","239","units","0","v87984901","21.10","","..","","","2"
"2015","St.Catharines-Niagara, Ontario [35539]","2021A003535539","Percent change in youth violent crime severity index","Percent","239","units","0","v87984901","21.10","","..","","","2"
"2016","St.Catharines-Niagara, Ontario [35539]","2021A003535539","Percent change in youth violent crime severity index","Percent","239","units","0","v87984901","21.10","","..","","","2"
"2017","St.Catharines-Niagara, Ontario [35539]","2021A003535539","Percent change in youth violent crime severity index","Percent","239","units","0","v87984901","21.10","","..","","","2"
"2018","St.Catharines-Niagara, Ontario [35539]","2021A003535539","Percent change in youth violent crime severity index","Percent","239","units","0","v87984901","21.10","","..","","","2"
"2019","St.Catharines-Niagara, Ontario [35539]","2021A003535539","Percent change in youth violent crime severity index","Percent","239","units","0","v87984901","21.10","","..","","","2"
"2020","St.Catharines-Niagara, Ontario [35539]","2021A003535539","Percent change in youth violent crime severity index","Percent","239","units","0","v87984901","21.10","","..","","","2"
"2021","St.Catharines-Niagara, Ontario [35539]","2021A003535539","Percent change in youth violent crime severity index","Percent","239","units","0","v87984901","21.10","","..","","","2"
"2010","St.Catharines-Niagara, Ontario [35539]","2021A003535539","Youth non-violent crime severity index","Index","160","units","0","v53079572","21.11","0.00","","","","2"
"2011","St.Catharines-Niagara, Ontario [35539]","2021A003535539","Youth non-violent crime severity index","Index","160","units","0","v53079572","21.11","","..","","","2"
"2012","St.Catharines-Niagara, Ontario [35539]","2021A003535539","Youth non-violent crime severity index","Index","160","units","0","v53079572","21.11","","..","","","2"
"2013","St.Catharines-Niagara, Ontario [35539]","2021A003535539","Youth non-violent crime severity index","Index","160","units","0","v53079572","21.11","","..","","","2"
"2014","St.Catharines-Niagara, Ontario [35539]","2021A003535539","Youth non-violent crime severity index","Index","160","units","0","v53079572","21.11","","..","","","2"
"2015","St.Catharines-Niagara, Ontario [35539]","2021A003535539","Youth non-violent crime severity index","Index","160","units","0","v53079572","21.11","","..","","","2"
"2016","St.Catharines-Niagara, Ontario [35539]","2021A003535539","Youth non-violent crime severity index","Index","160","units","0","v53079572","21.11","","..","","","2"
"2017","St.Catharines-Niagara, Ontario [35539]","2021A003535539","Youth non-violent crime severity index","Index","160","units","0","v53079572","21.11","","..","","","2"
"2018","St.Catharines-Niagara, Ontario [35539]","2021A003535539","Youth non-violent crime severity index","Index","160","units","0","v53079572","21.11","","..","","","2"
"2019","St.Catharines-Niagara, Ontario [35539]","2021A003535539","Youth non-violent crime severity index","Index","160","units","0","v53079572","21.11","","..","","","2"
"2020","St.Catharines-Niagara, Ontario [35539]","2021A003535539","Youth non-violent crime severity index","Index","160","units","0","v53079572","21.11","","..","","","2"
"2021","St.Catharines-Niagara, Ontario [35539]","2021A003535539","Youth non-violent crime severity index","Index","160","units","0","v53079572","21.11","","..","","","2"
"2010","St.Catharines-Niagara, Ontario [35539]","2021A003535539","Percent change in youth non-violent crime severity index","Percent","239","units","0","v87984902","21.12","0.00","","","","2"
"2011","St.Catharines-Niagara, Ontario [35539]","2021A003535539","Percent change in youth non-violent crime severity index","Percent","239","units","0","v87984902","21.12","","..","","","2"
"2012","St.Catharines-Niagara, Ontario [35539]","2021A003535539","Percent change in youth non-violent crime severity index","Percent","239","units","0","v87984902","21.12","","..","","","2"
"2013","St.Catharines-Niagara, Ontario [35539]","2021A003535539","Percent change in youth non-violent crime severity index","Percent","239","units","0","v87984902","21.12","","..","","","2"
"2014","St.Catharines-Niagara, Ontario [35539]","2021A003535539","Percent change in youth non-violent crime severity index","Percent","239","units","0","v87984902","21.12","","..","","","2"
"2015","St.Catharines-Niagara, Ontario [35539]","2021A003535539","Percent change in youth non-violent crime severity index","Percent","239","units","0","v87984902","21.12","","..","","","2"
"2016","St.Catharines-Niagara, Ontario [35539]","2021A003535539","Percent change in youth non-violent crime severity index","Percent","239","units","0","v87984902","21.12","","..","","","2"
"2017","St.Catharines-Niagara, Ontario [35539]","2021A003535539","Percent change in youth non-violent crime severity index","Percent","239","units","0","v87984902","21.12","","..","","","2"
"2018","St.Catharines-Niagara, Ontario [35539]","2021A003535539","Percent change in youth non-violent crime severity index","Percent","239","units","0","v87984902","21.12","","..","","","2"
"2019","St.Catharines-Niagara, Ontario [35539]","2021A003535539","Percent change in youth non-violent crime severity index","Percent","239","units","0","v87984902","21.12","","..","","","2"
"2020","St.Catharines-Niagara, Ontario [35539]","2021A003535539","Percent change in youth non-violent crime severity index","Percent","239","units","0","v87984902","21.12","","..","","","2"
"2021","St.Catharines-Niagara, Ontario [35539]","2021A003535539","Percent change in youth non-violent crime severity index","Percent","239","units","0","v87984902","21.12","","..","","","2"
"2010","St.Catharines-Niagara, Ontario [35539]","2021A003535539","Weighted clearance rate","Number","223","units","0","v53079573","21.13","35.68","","","","2"
"2011","St.Catharines-Niagara, Ontario [35539]","2021A003535539","Weighted clearance rate","Number","223","units","0","v53079573","21.13","38.61","","","","2"
"2012","St.Catharines-Niagara, Ontario [35539]","2021A003535539","Weighted clearance rate","Number","223","units","0","v53079573","21.13","38.19","","","","2"
"2013","St.Catharines-Niagara, Ontario [35539]","2021A003535539","Weighted clearance rate","Number","223","units","0","v53079573","21.13","37.00","","","","2"
"2014","St.Catharines-Niagara, Ontario [35539]","2021A003535539","Weighted clearance rate","Number","223","units","0","v53079573","21.13","37.13","","","","2"
"2015","St.Catharines-Niagara, Ontario [35539]","2021A003535539","Weighted clearance rate","Number","223","units","0","v53079573","21.13","37.19","","","","2"
"2016","St.Catharines-Niagara, Ontario [35539]","2021A003535539","Weighted clearance rate","Number","223","units","0","v53079573","21.13","35.35","","","","2"
"2017","St.Catharines-Niagara, Ontario [35539]","2021A003535539","Weighted clearance rate","Number","223","units","0","v53079573","21.13","31.40","","","","2"
"2018","St.Catharines-Niagara, Ontario [35539]","2021A003535539","Weighted clearance rate","Number","223","units","0","v53079573","21.13","28.54","","","","2"
"2019","St.Catharines-Niagara, Ontario [35539]","2021A003535539","Weighted clearance rate","Number","223","units","0","v53079573","21.13","32.69","","","","2"
"2020","St.Catharines-Niagara, Ontario [35539]","2021A003535539","Weighted clearance rate","Number","223","units","0","v53079573","21.13","32.80","","","","2"
"2021","St.Catharines-Niagara, Ontario [35539]","2021A003535539","Weighted clearance rate","Number","223","units","0","v53079573","21.13","33.59","","","","2"
"2010","St.Catharines-Niagara, Ontario [35539]","2021A003535539","Percent change in weighted clearance rate","Percent","239","units","0","v53079574","21.14","7.89","","","","2"
"2011","St.Catharines-Niagara, Ontario [35539]","2021A003535539","Percent change in weighted clearance rate","Percent","239","units","0","v53079574","21.14","8.21","","","","2"
"2012","St.Catharines-Niagara, Ontario [35539]","2021A003535539","Percent change in weighted clearance rate","Percent","239","units","0","v53079574","21.14","-1.09","","","","2"
"2013","St.Catharines-Niagara, Ontario [35539]","2021A003535539","Percent change in weighted clearance rate","Percent","239","units","0","v53079574","21.14","-3.12","","","","2"
"2014","St.Catharines-Niagara, Ontario [35539]","2021A003535539","Percent change in weighted clearance rate","Percent","239","units","0","v53079574","21.14","0.35","","","","2"
"2015","St.Catharines-Niagara, Ontario [35539]","2021A003535539","Percent change in weighted clearance rate","Percent","239","units","0","v53079574","21.14","0.16","","","","2"
"2016","St.Catharines-Niagara, Ontario [35539]","2021A003535539","Percent change in weighted clearance rate","Percent","239","units","0","v53079574","21.14","-4.95","","","","2"
"2017","St.Catharines-Niagara, Ontario [35539]","2021A003535539","Percent change in weighted clearance rate","Percent","239","units","0","v53079574","21.14","-11.17","","","","2"
"2018","St.Catharines-Niagara, Ontario [35539]","2021A003535539","Percent change in weighted clearance rate","Percent","239","units","0","v53079574","21.14","-9.11","","","","2"
"2019","St.Catharines-Niagara, Ontario [35539]","2021A003535539","Percent change in weighted clearance rate","Percent","239","units","0","v53079574","21.14","14.54","","","","2"
"2020","St.Catharines-Niagara, Ontario [35539]","2021A003535539","Percent change in weighted clearance rate","Percent","239","units","0","v53079574","21.14","0.34","","","","2"
"2021","St.Catharines-Niagara, Ontario [35539]","2021A003535539","Percent change in weighted clearance rate","Percent","239","units","0","v53079574","21.14","2.41","","","","2"
"2010","St.Catharines-Niagara, Ontario [35539]","2021A003535539","Violent weighted clearance rate","Number","223","units","0","v53079575","21.15","61.22","","","","2"
"2011","St.Catharines-Niagara, Ontario [35539]","2021A003535539","Violent weighted clearance rate","Number","223","units","0","v53079575","21.15","72.27","","","","2"
"2012","St.Catharines-Niagara, Ontario [35539]","2021A003535539","Violent weighted clearance rate","Number","223","units","0","v53079575","21.15","68.51","","","","2"
"2013","St.Catharines-Niagara, Ontario [35539]","2021A003535539","Violent weighted clearance rate","Number","223","units","0","v53079575","21.15","64.99","","","","2"
"2014","St.Catharines-Niagara, Ontario [35539]","2021A003535539","Violent weighted clearance rate","Number","223","units","0","v53079575","21.15","67.43","","","","2"
"2015","St.Catharines-Niagara, Ontario [35539]","2021A003535539","Violent weighted clearance rate","Number","223","units","0","v53079575","21.15","70.10","","","","2"
"2016","St.Catharines-Niagara, Ontario [35539]","2021A003535539","Violent weighted clearance rate","Number","223","units","0","v53079575","21.15","61.20","","","","2"
"2017","St.Catharines-Niagara, Ontario [35539]","2021A003535539","Violent weighted clearance rate","Number","223","units","0","v53079575","21.15","57.98","","","","2"
"2018","St.Catharines-Niagara, Ontario [35539]","2021A003535539","Violent weighted clearance rate","Number","223","units","0","v53079575","21.15","55.97","","","","2"
"2019","St.Catharines-Niagara, Ontario [35539]","2021A003535539","Violent weighted clearance rate","Number","223","units","0","v53079575","21.15","56.74","","","","2"
"2020","St.Catharines-Niagara, Ontario [35539]","2021A003535539","Violent weighted clearance rate","Number","223","units","0","v53079575","21.15","53.01","","","","2"
"2021","St.Catharines-Niagara, Ontario [35539]","2021A003535539","Violent weighted clearance rate","Number","223","units","0","v53079575","21.15","55.40","","","","2"
"2010","St.Catharines-Niagara, Ontario [35539]","2021A003535539","Percent change in violent weighted clearance rate","Percent","239","units","0","v53079576","21.16","-2.47","","","","2"
"2011","St.Catharines-Niagara, Ontario [35539]","2021A003535539","Percent change in violent weighted clearance rate","Percent","239","units","0","v53079576","21.16","18.05","","","","2"
"2012","St.Catharines-Niagara, Ontario [35539]","2021A003535539","Percent change in violent weighted clearance rate","Percent","239","units","0","v53079576","21.16","-5.20","","","","2"
"2013","St.Catharines-Niagara, Ontario [35539]","2021A003535539","Percent change in violent weighted clearance rate","Percent","239","units","0","v53079576","21.16","-5.14","","","","2"
"2014","St.Catharines-Niagara, Ontario [35539]","2021A003535539","Percent change in violent weighted clearance rate","Percent","239","units","0","v53079576","21.16","3.75","","","","2"
"2015","St.Catharines-Niagara, Ontario [35539]","2021A003535539","Percent change in violent weighted clearance rate","Percent","239","units","0","v53079576","21.16","3.96","","","","2"
"2016","St.Catharines-Niagara, Ontario [35539]","2021A003535539","Percent change in violent weighted clearance rate","Percent","239","units","0","v53079576","21.16","-12.70","","","","2"
"2017","St.Catharines-Niagara, Ontario [35539]","2021A003535539","Percent change in violent weighted clearance rate","Percent","239","units","0","v53079576","21.16","-5.26","","","","2"
"2018","St.Catharines-Niagara, Ontario [35539]","2021A003535539","Percent change in violent weighted clearance rate","Percent","239","units","0","v53079576","21.16","-3.47","","","","2"
"2019","St.Catharines-Niagara, Ontario [35539]","2021A003535539","Percent change in violent weighted clearance rate","Percent","239","units","0","v53079576","21.16","1.38","","","","2"
"2020","St.Catharines-Niagara, Ontario [35539]","2021A003535539","Percent change in violent weighted clearance rate","Percent","239","units","0","v53079576","21.16","-6.57","","","","2"
"2021","St.Catharines-Niagara, Ontario [35539]","2021A003535539","Percent change in violent weighted clearance rate","Percent","239","units","0","v53079576","21.16","4.51","","","","2"
"2010","St.Catharines-Niagara, Ontario [35539]","2021A003535539","Non-violent weighted clearance rate","Number","223","units","0","v53079577","21.17","28.22","","","","2"
"2011","St.Catharines-Niagara, Ontario [35539]","2021A003535539","Non-violent weighted clearance rate","Number","223","units","0","v53079577","21.17","29.57","","","","2"
"2012","St.Catharines-Niagara, Ontario [35539]","2021A003535539","Non-violent weighted clearance rate","Number","223","units","0","v53079577","21.17","29.32","","","","2"
"2013","St.Catharines-Niagara, Ontario [35539]","2021A003535539","Non-violent weighted clearance rate","Number","223","units","0","v53079577","21.17","28.73","","","","2"
"2014","St.Catharines-Niagara, Ontario [35539]","2021A003535539","Non-violent weighted clearance rate","Number","223","units","0","v53079577","21.17","28.75","","","","2"
"2015","St.Catharines-Niagara, Ontario [35539]","2021A003535539","Non-violent weighted clearance rate","Number","223","units","0","v53079577","21.17","28.06","","","","2"
"2016","St.Catharines-Niagara, Ontario [35539]","2021A003535539","Non-violent weighted clearance rate","Number","223","units","0","v53079577","21.17","28.75","","","","2"
"2017","St.Catharines-Niagara, Ontario [35539]","2021A003535539","Non-violent weighted clearance rate","Number","223","units","0","v53079577","21.17","24.64","","","","2"
"2018","St.Catharines-Niagara, Ontario [35539]","2021A003535539","Non-violent weighted clearance rate","Number","223","units","0","v53079577","21.17","21.35","","","","2"
"2019","St.Catharines-Niagara, Ontario [35539]","2021A003535539","Non-violent weighted clearance rate","Number","223","units","0","v53079577","21.17","25.32","","","","2"
"2020","St.Catharines-Niagara, Ontario [35539]","2021A003535539","Non-violent weighted clearance rate","Number","223","units","0","v53079577","21.17","25.52","","","","2"
"2021","St.Catharines-Niagara, Ontario [35539]","2021A003535539","Non-violent weighted clearance rate","Number","223","units","0","v53079577","21.17","25.36","","","","2"
"2010","St.Catharines-Niagara, Ontario [35539]","2021A003535539","Percent change in non-violent weighted clearance rate","Percent","239","units","0","v53079578","21.18","17.19","","","","2"
"2011","St.Catharines-Niagara, Ontario [35539]","2021A003535539","Percent change in non-violent weighted clearance rate","Percent","239","units","0","v53079578","21.18","4.78","","","","2"
"2012","St.Catharines-Niagara, Ontario [35539]","2021A003535539","Percent change in non-violent weighted clearance rate","Percent","239","units","0","v53079578","21.18","-0.85","","","","2"
"2013","St.Catharines-Niagara, Ontario [35539]","2021A003535539","Percent change in non-violent weighted clearance rate","Percent","239","units","0","v53079578","21.18","-2.01","","","","2"
"2014","St.Catharines-Niagara, Ontario [35539]","2021A003535539","Percent change in non-violent weighted clearance rate","Percent","239","units","0","v53079578","21.18","0.07","","","","2"
"2015","St.Catharines-Niagara, Ontario [35539]","2021A003535539","Percent change in non-violent weighted clearance rate","Percent","239","units","0","v53079578","21.18","-2.40","","","","2"
"2016","St.Catharines-Niagara, Ontario [35539]","2021A003535539","Percent change in non-violent weighted clearance rate","Percent","239","units","0","v53079578","21.18","2.46","","","","2"
"2017","St.Catharines-Niagara, Ontario [35539]","2021A003535539","Percent change in non-violent weighted clearance rate","Percent","239","units","0","v53079578","21.18","-14.30","","","","2"
"2018","St.Catharines-Niagara, Ontario [35539]","2021A003535539","Percent change in non-violent weighted clearance rate","Percent","239","units","0","v53079578","21.18","-13.35","","","","2"
"2019","St.Catharines-Niagara, Ontario [35539]","2021A003535539","Percent change in non-violent weighted clearance rate","Percent","239","units","0","v53079578","21.18","18.59","","","","2"
"2020","St.Catharines-Niagara, Ontario [35539]","2021A003535539","Percent change in non-violent weighted clearance rate","Percent","239","units","0","v53079578","21.18","0.79","","","","2"
"2021","St.Catharines-Niagara, Ontario [35539]","2021A003535539","Percent change in non-violent weighted clearance rate","Percent","239","units","0","v53079578","21.18","-0.63","","","","2"


