﻿"REF_DATE","GEO","DGUID","Statistics","UOM","UOM_ID","SCALAR_FACTOR","SCALAR_ID","VECTOR","COORDINATE","VALUE","STATUS","SYMBOL","TERMINATED","DECIMALS"
"2010","Winnipeg, Manitoba [46602]","2021A003546602","Crime severity index","Index","160","units","0","v44312629","29.1","117.65","","","","2"
"2011","Winnipeg, Manitoba [46602]","2021A003546602","Crime severity index","Index","160","units","0","v44312629","29.1","103.58","","","","2"
"2012","Winnipeg, Manitoba [46602]","2021A003546602","Crime severity index","Index","160","units","0","v44312629","29.1","98.41","","","","2"
"2013","Winnipeg, Manitoba [46602]","2021A003546602","Crime severity index","Index","160","units","0","v44312629","29.1","84.13","","","","2"
"2014","Winnipeg, Manitoba [46602]","2021A003546602","Crime severity index","Index","160","units","0","v44312629","29.1","81.58","","","","2"
"2015","Winnipeg, Manitoba [46602]","2021A003546602","Crime severity index","Index","160","units","0","v44312629","29.1","90.35","","","","2"
"2016","Winnipeg, Manitoba [46602]","2021A003546602","Crime severity index","Index","160","units","0","v44312629","29.1","103.45","","","","2"
"2017","Winnipeg, Manitoba [46602]","2021A003546602","Crime severity index","Index","160","units","0","v44312629","29.1","108.64","","","","2"
"2018","Winnipeg, Manitoba [46602]","2021A003546602","Crime severity index","Index","160","units","0","v44312629","29.1","119.91","","","","2"
"2019","Winnipeg, Manitoba [46602]","2021A003546602","Crime severity index","Index","160","units","0","v44312629","29.1","132.09","","","","2"
"2020","Winnipeg, Manitoba [46602]","2021A003546602","Crime severity index","Index","160","units","0","v44312629","29.1","116.55","","","","2"
"2021","Winnipeg, Manitoba [46602]","2021A003546602","Crime severity index","Index","160","units","0","v44312629","29.1","113.55","","","","2"
"2010","Winnipeg, Manitoba [46602]","2021A003546602","Percent change in crime severity index","Percent","239","units","0","v44312630","29.2","-14.45","","","","2"
"2011","Winnipeg, Manitoba [46602]","2021A003546602","Percent change in crime severity index","Percent","239","units","0","v44312630","29.2","-11.96","","","","2"
"2012","Winnipeg, Manitoba [46602]","2021A003546602","Percent change in crime severity index","Percent","239","units","0","v44312630","29.2","-4.99","","","","2"
"2013","Winnipeg, Manitoba [46602]","2021A003546602","Percent change in crime severity index","Percent","239","units","0","v44312630","29.2","-14.51","","","","2"
"2014","Winnipeg, Manitoba [46602]","2021A003546602","Percent change in crime severity index","Percent","239","units","0","v44312630","29.2","-3.03","","","","2"
"2015","Winnipeg, Manitoba [46602]","2021A003546602","Percent change in crime severity index","Percent","239","units","0","v44312630","29.2","10.75","","","","2"
"2016","Winnipeg, Manitoba [46602]","2021A003546602","Percent change in crime severity index","Percent","239","units","0","v44312630","29.2","14.50","","","","2"
"2017","Winnipeg, Manitoba [46602]","2021A003546602","Percent change in crime severity index","Percent","239","units","0","v44312630","29.2","5.02","","","","2"
"2018","Winnipeg, Manitoba [46602]","2021A003546602","Percent change in crime severity index","Percent","239","units","0","v44312630","29.2","10.37","","","","2"
"2019","Winnipeg, Manitoba [46602]","2021A003546602","Percent change in crime severity index","Percent","239","units","0","v44312630","29.2","10.16","","","","2"
"2020","Winnipeg, Manitoba [46602]","2021A003546602","Percent change in crime severity index","Percent","239","units","0","v44312630","29.2","-11.76","","","","2"
"2021","Winnipeg, Manitoba [46602]","2021A003546602","Percent change in crime severity index","Percent","239","units","0","v44312630","29.2","-2.57","","","","2"
"2010","Winnipeg, Manitoba [46602]","2021A003546602","Violent crime severity index","Index","160","units","0","v44312631","29.3","167.48","","","","2"
"2011","Winnipeg, Manitoba [46602]","2021A003546602","Violent crime severity index","Index","160","units","0","v44312631","29.3","163.27","","","","2"
"2012","Winnipeg, Manitoba [46602]","2021A003546602","Violent crime severity index","Index","160","units","0","v44312631","29.3","148.80","","","","2"
"2013","Winnipeg, Manitoba [46602]","2021A003546602","Violent crime severity index","Index","160","units","0","v44312631","29.3","121.69","","","","2"
"2014","Winnipeg, Manitoba [46602]","2021A003546602","Violent crime severity index","Index","160","units","0","v44312631","29.3","117.16","","","","2"
"2015","Winnipeg, Manitoba [46602]","2021A003546602","Violent crime severity index","Index","160","units","0","v44312631","29.3","125.98","","","","2"
"2016","Winnipeg, Manitoba [46602]","2021A003546602","Violent crime severity index","Index","160","units","0","v44312631","29.3","145.38","","","","2"
"2017","Winnipeg, Manitoba [46602]","2021A003546602","Violent crime severity index","Index","160","units","0","v44312631","29.3","155.36","","","","2"
"2018","Winnipeg, Manitoba [46602]","2021A003546602","Violent crime severity index","Index","160","units","0","v44312631","29.3","162.53","","","","2"
"2019","Winnipeg, Manitoba [46602]","2021A003546602","Violent crime severity index","Index","160","units","0","v44312631","29.3","174.90","","","","2"
"2020","Winnipeg, Manitoba [46602]","2021A003546602","Violent crime severity index","Index","160","units","0","v44312631","29.3","155.18","","","","2"
"2021","Winnipeg, Manitoba [46602]","2021A003546602","Violent crime severity index","Index","160","units","0","v44312631","29.3","159.62","","","","2"
"2010","Winnipeg, Manitoba [46602]","2021A003546602","Percent change in violent crime severity index","Percent","239","units","0","v44312632","29.4","-12.42","","","","2"
"2011","Winnipeg, Manitoba [46602]","2021A003546602","Percent change in violent crime severity index","Percent","239","units","0","v44312632","29.4","-2.51","","","","2"
"2012","Winnipeg, Manitoba [46602]","2021A003546602","Percent change in violent crime severity index","Percent","239","units","0","v44312632","29.4","-8.86","","","","2"
"2013","Winnipeg, Manitoba [46602]","2021A003546602","Percent change in violent crime severity index","Percent","239","units","0","v44312632","29.4","-18.22","","","","2"
"2014","Winnipeg, Manitoba [46602]","2021A003546602","Percent change in violent crime severity index","Percent","239","units","0","v44312632","29.4","-3.72","","","","2"
"2015","Winnipeg, Manitoba [46602]","2021A003546602","Percent change in violent crime severity index","Percent","239","units","0","v44312632","29.4","7.53","","","","2"
"2016","Winnipeg, Manitoba [46602]","2021A003546602","Percent change in violent crime severity index","Percent","239","units","0","v44312632","29.4","15.40","","","","2"
"2017","Winnipeg, Manitoba [46602]","2021A003546602","Percent change in violent crime severity index","Percent","239","units","0","v44312632","29.4","6.86","","","","2"
"2018","Winnipeg, Manitoba [46602]","2021A003546602","Percent change in violent crime severity index","Percent","239","units","0","v44312632","29.4","4.62","","","","2"
"2019","Winnipeg, Manitoba [46602]","2021A003546602","Percent change in violent crime severity index","Percent","239","units","0","v44312632","29.4","7.61","","","","2"
"2020","Winnipeg, Manitoba [46602]","2021A003546602","Percent change in violent crime severity index","Percent","239","units","0","v44312632","29.4","-11.28","","","","2"
"2021","Winnipeg, Manitoba [46602]","2021A003546602","Percent change in violent crime severity index","Percent","239","units","0","v44312632","29.4","2.86","","","","2"
"2010","Winnipeg, Manitoba [46602]","2021A003546602","Non-violent crime severity index","Index","160","units","0","v44312633","29.5","98.49","","","","2"
"2011","Winnipeg, Manitoba [46602]","2021A003546602","Non-violent crime severity index","Index","160","units","0","v44312633","29.5","81.65","","","","2"
"2012","Winnipeg, Manitoba [46602]","2021A003546602","Non-violent crime severity index","Index","160","units","0","v44312633","29.5","79.87","","","","2"
"2013","Winnipeg, Manitoba [46602]","2021A003546602","Non-violent crime severity index","Index","160","units","0","v44312633","29.5","70.29","","","","2"
"2014","Winnipeg, Manitoba [46602]","2021A003546602","Non-violent crime severity index","Index","160","units","0","v44312633","29.5","68.46","","","","2"
"2015","Winnipeg, Manitoba [46602]","2021A003546602","Non-violent crime severity index","Index","160","units","0","v44312633","29.5","77.20","","","","2"
"2016","Winnipeg, Manitoba [46602]","2021A003546602","Non-violent crime severity index","Index","160","units","0","v44312633","29.5","88.13","","","","2"
"2017","Winnipeg, Manitoba [46602]","2021A003546602","Non-violent crime severity index","Index","160","units","0","v44312633","29.5","91.57","","","","2"
"2018","Winnipeg, Manitoba [46602]","2021A003546602","Non-violent crime severity index","Index","160","units","0","v44312633","29.5","104.30","","","","2"
"2019","Winnipeg, Manitoba [46602]","2021A003546602","Non-violent crime severity index","Index","160","units","0","v44312633","29.5","116.37","","","","2"
"2020","Winnipeg, Manitoba [46602]","2021A003546602","Non-violent crime severity index","Index","160","units","0","v44312633","29.5","102.38","","","","2"
"2021","Winnipeg, Manitoba [46602]","2021A003546602","Non-violent crime severity index","Index","160","units","0","v44312633","29.5","96.71","","","","2"
"2010","Winnipeg, Manitoba [46602]","2021A003546602","Percent change in non-violent crime severity index","Percent","239","units","0","v44312634","29.6","-15.72","","","","2"
"2011","Winnipeg, Manitoba [46602]","2021A003546602","Percent change in non-violent crime severity index","Percent","239","units","0","v44312634","29.6","-17.10","","","","2"
"2012","Winnipeg, Manitoba [46602]","2021A003546602","Percent change in non-violent crime severity index","Percent","239","units","0","v44312634","29.6","-2.18","","","","2"
"2013","Winnipeg, Manitoba [46602]","2021A003546602","Percent change in non-violent crime severity index","Percent","239","units","0","v44312634","29.6","-11.99","","","","2"
"2014","Winnipeg, Manitoba [46602]","2021A003546602","Percent change in non-violent crime severity index","Percent","239","units","0","v44312634","29.6","-2.60","","","","2"
"2015","Winnipeg, Manitoba [46602]","2021A003546602","Percent change in non-violent crime severity index","Percent","239","units","0","v44312634","29.6","12.77","","","","2"
"2016","Winnipeg, Manitoba [46602]","2021A003546602","Percent change in non-violent crime severity index","Percent","239","units","0","v44312634","29.6","14.16","","","","2"
"2017","Winnipeg, Manitoba [46602]","2021A003546602","Percent change in non-violent crime severity index","Percent","239","units","0","v44312634","29.6","3.90","","","","2"
"2018","Winnipeg, Manitoba [46602]","2021A003546602","Percent change in non-violent crime severity index","Percent","239","units","0","v44312634","29.6","13.90","","","","2"
"2019","Winnipeg, Manitoba [46602]","2021A003546602","Percent change in non-violent crime severity index","Percent","239","units","0","v44312634","29.6","11.57","","","","2"
"2020","Winnipeg, Manitoba [46602]","2021A003546602","Percent change in non-violent crime severity index","Percent","239","units","0","v44312634","29.6","-12.02","","","","2"
"2021","Winnipeg, Manitoba [46602]","2021A003546602","Percent change in non-violent crime severity index","Percent","239","units","0","v44312634","29.6","-5.54","","","","2"
"2010","Winnipeg, Manitoba [46602]","2021A003546602","Youth crime severity index","Index","160","units","0","v53079654","29.7","0.00","","","","2"
"2011","Winnipeg, Manitoba [46602]","2021A003546602","Youth crime severity index","Index","160","units","0","v53079654","29.7","","..","","","2"
"2012","Winnipeg, Manitoba [46602]","2021A003546602","Youth crime severity index","Index","160","units","0","v53079654","29.7","","..","","","2"
"2013","Winnipeg, Manitoba [46602]","2021A003546602","Youth crime severity index","Index","160","units","0","v53079654","29.7","","..","","","2"
"2014","Winnipeg, Manitoba [46602]","2021A003546602","Youth crime severity index","Index","160","units","0","v53079654","29.7","","..","","","2"
"2015","Winnipeg, Manitoba [46602]","2021A003546602","Youth crime severity index","Index","160","units","0","v53079654","29.7","","..","","","2"
"2016","Winnipeg, Manitoba [46602]","2021A003546602","Youth crime severity index","Index","160","units","0","v53079654","29.7","","..","","","2"
"2017","Winnipeg, Manitoba [46602]","2021A003546602","Youth crime severity index","Index","160","units","0","v53079654","29.7","","..","","","2"
"2018","Winnipeg, Manitoba [46602]","2021A003546602","Youth crime severity index","Index","160","units","0","v53079654","29.7","","..","","","2"
"2019","Winnipeg, Manitoba [46602]","2021A003546602","Youth crime severity index","Index","160","units","0","v53079654","29.7","","..","","","2"
"2020","Winnipeg, Manitoba [46602]","2021A003546602","Youth crime severity index","Index","160","units","0","v53079654","29.7","","..","","","2"
"2021","Winnipeg, Manitoba [46602]","2021A003546602","Youth crime severity index","Index","160","units","0","v53079654","29.7","","..","","","2"
"2010","Winnipeg, Manitoba [46602]","2021A003546602","Percent change in youth crime severity index","Percent","239","units","0","v87984927","29.8","0.00","","","","2"
"2011","Winnipeg, Manitoba [46602]","2021A003546602","Percent change in youth crime severity index","Percent","239","units","0","v87984927","29.8","","..","","","2"
"2012","Winnipeg, Manitoba [46602]","2021A003546602","Percent change in youth crime severity index","Percent","239","units","0","v87984927","29.8","","..","","","2"
"2013","Winnipeg, Manitoba [46602]","2021A003546602","Percent change in youth crime severity index","Percent","239","units","0","v87984927","29.8","","..","","","2"
"2014","Winnipeg, Manitoba [46602]","2021A003546602","Percent change in youth crime severity index","Percent","239","units","0","v87984927","29.8","","..","","","2"
"2015","Winnipeg, Manitoba [46602]","2021A003546602","Percent change in youth crime severity index","Percent","239","units","0","v87984927","29.8","","..","","","2"
"2016","Winnipeg, Manitoba [46602]","2021A003546602","Percent change in youth crime severity index","Percent","239","units","0","v87984927","29.8","","..","","","2"
"2017","Winnipeg, Manitoba [46602]","2021A003546602","Percent change in youth crime severity index","Percent","239","units","0","v87984927","29.8","","..","","","2"
"2018","Winnipeg, Manitoba [46602]","2021A003546602","Percent change in youth crime severity index","Percent","239","units","0","v87984927","29.8","","..","","","2"
"2019","Winnipeg, Manitoba [46602]","2021A003546602","Percent change in youth crime severity index","Percent","239","units","0","v87984927","29.8","","..","","","2"
"2020","Winnipeg, Manitoba [46602]","2021A003546602","Percent change in youth crime severity index","Percent","239","units","0","v87984927","29.8","","..","","","2"
"2021","Winnipeg, Manitoba [46602]","2021A003546602","Percent change in youth crime severity index","Percent","239","units","0","v87984927","29.8","","..","","","2"
"2010","Winnipeg, Manitoba [46602]","2021A003546602","Youth violent crime severity index","Index","160","units","0","v53079655","29.9","0.00","","","","2"
"2011","Winnipeg, Manitoba [46602]","2021A003546602","Youth violent crime severity index","Index","160","units","0","v53079655","29.9","","..","","","2"
"2012","Winnipeg, Manitoba [46602]","2021A003546602","Youth violent crime severity index","Index","160","units","0","v53079655","29.9","","..","","","2"
"2013","Winnipeg, Manitoba [46602]","2021A003546602","Youth violent crime severity index","Index","160","units","0","v53079655","29.9","","..","","","2"
"2014","Winnipeg, Manitoba [46602]","2021A003546602","Youth violent crime severity index","Index","160","units","0","v53079655","29.9","","..","","","2"
"2015","Winnipeg, Manitoba [46602]","2021A003546602","Youth violent crime severity index","Index","160","units","0","v53079655","29.9","","..","","","2"
"2016","Winnipeg, Manitoba [46602]","2021A003546602","Youth violent crime severity index","Index","160","units","0","v53079655","29.9","","..","","","2"
"2017","Winnipeg, Manitoba [46602]","2021A003546602","Youth violent crime severity index","Index","160","units","0","v53079655","29.9","","..","","","2"
"2018","Winnipeg, Manitoba [46602]","2021A003546602","Youth violent crime severity index","Index","160","units","0","v53079655","29.9","","..","","","2"
"2019","Winnipeg, Manitoba [46602]","2021A003546602","Youth violent crime severity index","Index","160","units","0","v53079655","29.9","","..","","","2"
"2020","Winnipeg, Manitoba [46602]","2021A003546602","Youth violent crime severity index","Index","160","units","0","v53079655","29.9","","..","","","2"
"2021","Winnipeg, Manitoba [46602]","2021A003546602","Youth violent crime severity index","Index","160","units","0","v53079655","29.9","","..","","","2"
"2010","Winnipeg, Manitoba [46602]","2021A003546602","Percent change in youth violent crime severity index","Percent","239","units","0","v87984928","29.10","0.00","","","","2"
"2011","Winnipeg, Manitoba [46602]","2021A003546602","Percent change in youth violent crime severity index","Percent","239","units","0","v87984928","29.10","","..","","","2"
"2012","Winnipeg, Manitoba [46602]","2021A003546602","Percent change in youth violent crime severity index","Percent","239","units","0","v87984928","29.10","","..","","","2"
"2013","Winnipeg, Manitoba [46602]","2021A003546602","Percent change in youth violent crime severity index","Percent","239","units","0","v87984928","29.10","","..","","","2"
"2014","Winnipeg, Manitoba [46602]","2021A003546602","Percent change in youth violent crime severity index","Percent","239","units","0","v87984928","29.10","","..","","","2"
"2015","Winnipeg, Manitoba [46602]","2021A003546602","Percent change in youth violent crime severity index","Percent","239","units","0","v87984928","29.10","","..","","","2"
"2016","Winnipeg, Manitoba [46602]","2021A003546602","Percent change in youth violent crime severity index","Percent","239","units","0","v87984928","29.10","","..","","","2"
"2017","Winnipeg, Manitoba [46602]","2021A003546602","Percent change in youth violent crime severity index","Percent","239","units","0","v87984928","29.10","","..","","","2"
"2018","Winnipeg, Manitoba [46602]","2021A003546602","Percent change in youth violent crime severity index","Percent","239","units","0","v87984928","29.10","","..","","","2"
"2019","Winnipeg, Manitoba [46602]","2021A003546602","Percent change in youth violent crime severity index","Percent","239","units","0","v87984928","29.10","","..","","","2"
"2020","Winnipeg, Manitoba [46602]","2021A003546602","Percent change in youth violent crime severity index","Percent","239","units","0","v87984928","29.10","","..","","","2"
"2021","Winnipeg, Manitoba [46602]","2021A003546602","Percent change in youth violent crime severity index","Percent","239","units","0","v87984928","29.10","","..","","","2"
"2010","Winnipeg, Manitoba [46602]","2021A003546602","Youth non-violent crime severity index","Index","160","units","0","v53079647","29.11","0.00","","","","2"
"2011","Winnipeg, Manitoba [46602]","2021A003546602","Youth non-violent crime severity index","Index","160","units","0","v53079647","29.11","","..","","","2"
"2012","Winnipeg, Manitoba [46602]","2021A003546602","Youth non-violent crime severity index","Index","160","units","0","v53079647","29.11","","..","","","2"
"2013","Winnipeg, Manitoba [46602]","2021A003546602","Youth non-violent crime severity index","Index","160","units","0","v53079647","29.11","","..","","","2"
"2014","Winnipeg, Manitoba [46602]","2021A003546602","Youth non-violent crime severity index","Index","160","units","0","v53079647","29.11","","..","","","2"
"2015","Winnipeg, Manitoba [46602]","2021A003546602","Youth non-violent crime severity index","Index","160","units","0","v53079647","29.11","","..","","","2"
"2016","Winnipeg, Manitoba [46602]","2021A003546602","Youth non-violent crime severity index","Index","160","units","0","v53079647","29.11","","..","","","2"
"2017","Winnipeg, Manitoba [46602]","2021A003546602","Youth non-violent crime severity index","Index","160","units","0","v53079647","29.11","","..","","","2"
"2018","Winnipeg, Manitoba [46602]","2021A003546602","Youth non-violent crime severity index","Index","160","units","0","v53079647","29.11","","..","","","2"
"2019","Winnipeg, Manitoba [46602]","2021A003546602","Youth non-violent crime severity index","Index","160","units","0","v53079647","29.11","","..","","","2"
"2020","Winnipeg, Manitoba [46602]","2021A003546602","Youth non-violent crime severity index","Index","160","units","0","v53079647","29.11","","..","","","2"
"2021","Winnipeg, Manitoba [46602]","2021A003546602","Youth non-violent crime severity index","Index","160","units","0","v53079647","29.11","","..","","","2"
"2010","Winnipeg, Manitoba [46602]","2021A003546602","Percent change in youth non-violent crime severity index","Percent","239","units","0","v87984929","29.12","0.00","","","","2"
"2011","Winnipeg, Manitoba [46602]","2021A003546602","Percent change in youth non-violent crime severity index","Percent","239","units","0","v87984929","29.12","","..","","","2"
"2012","Winnipeg, Manitoba [46602]","2021A003546602","Percent change in youth non-violent crime severity index","Percent","239","units","0","v87984929","29.12","","..","","","2"
"2013","Winnipeg, Manitoba [46602]","2021A003546602","Percent change in youth non-violent crime severity index","Percent","239","units","0","v87984929","29.12","","..","","","2"
"2014","Winnipeg, Manitoba [46602]","2021A003546602","Percent change in youth non-violent crime severity index","Percent","239","units","0","v87984929","29.12","","..","","","2"
"2015","Winnipeg, Manitoba [46602]","2021A003546602","Percent change in youth non-violent crime severity index","Percent","239","units","0","v87984929","29.12","","..","","","2"
"2016","Winnipeg, Manitoba [46602]","2021A003546602","Percent change in youth non-violent crime severity index","Percent","239","units","0","v87984929","29.12","","..","","","2"
"2017","Winnipeg, Manitoba [46602]","2021A003546602","Percent change in youth non-violent crime severity index","Percent","239","units","0","v87984929","29.12","","..","","","2"
"2018","Winnipeg, Manitoba [46602]","2021A003546602","Percent change in youth non-violent crime severity index","Percent","239","units","0","v87984929","29.12","","..","","","2"
"2019","Winnipeg, Manitoba [46602]","2021A003546602","Percent change in youth non-violent crime severity index","Percent","239","units","0","v87984929","29.12","","..","","","2"
"2020","Winnipeg, Manitoba [46602]","2021A003546602","Percent change in youth non-violent crime severity index","Percent","239","units","0","v87984929","29.12","","..","","","2"
"2021","Winnipeg, Manitoba [46602]","2021A003546602","Percent change in youth non-violent crime severity index","Percent","239","units","0","v87984929","29.12","","..","","","2"
"2010","Winnipeg, Manitoba [46602]","2021A003546602","Weighted clearance rate","Number","223","units","0","v53079648","29.13","31.49","","","","2"
"2011","Winnipeg, Manitoba [46602]","2021A003546602","Weighted clearance rate","Number","223","units","0","v53079648","29.13","36.21","","","","2"
"2012","Winnipeg, Manitoba [46602]","2021A003546602","Weighted clearance rate","Number","223","units","0","v53079648","29.13","36.22","","","","2"
"2013","Winnipeg, Manitoba [46602]","2021A003546602","Weighted clearance rate","Number","223","units","0","v53079648","29.13","38.98","","","","2"
"2014","Winnipeg, Manitoba [46602]","2021A003546602","Weighted clearance rate","Number","223","units","0","v53079648","29.13","39.99","","","","2"
"2015","Winnipeg, Manitoba [46602]","2021A003546602","Weighted clearance rate","Number","223","units","0","v53079648","29.13","38.19","","","","2"
"2016","Winnipeg, Manitoba [46602]","2021A003546602","Weighted clearance rate","Number","223","units","0","v53079648","29.13","36.30","","","","2"
"2017","Winnipeg, Manitoba [46602]","2021A003546602","Weighted clearance rate","Number","223","units","0","v53079648","29.13","36.71","","","","2"
"2018","Winnipeg, Manitoba [46602]","2021A003546602","Weighted clearance rate","Number","223","units","0","v53079648","29.13","32.95","","","","2"
"2019","Winnipeg, Manitoba [46602]","2021A003546602","Weighted clearance rate","Number","223","units","0","v53079648","29.13","32.61","","","","2"
"2020","Winnipeg, Manitoba [46602]","2021A003546602","Weighted clearance rate","Number","223","units","0","v53079648","29.13","34.91","","","","2"
"2021","Winnipeg, Manitoba [46602]","2021A003546602","Weighted clearance rate","Number","223","units","0","v53079648","29.13","31.53","","","","2"
"2010","Winnipeg, Manitoba [46602]","2021A003546602","Percent change in weighted clearance rate","Percent","239","units","0","v53079649","29.14","7.69","","","","2"
"2011","Winnipeg, Manitoba [46602]","2021A003546602","Percent change in weighted clearance rate","Percent","239","units","0","v53079649","29.14","14.99","","","","2"
"2012","Winnipeg, Manitoba [46602]","2021A003546602","Percent change in weighted clearance rate","Percent","239","units","0","v53079649","29.14","0.03","","","","2"
"2013","Winnipeg, Manitoba [46602]","2021A003546602","Percent change in weighted clearance rate","Percent","239","units","0","v53079649","29.14","7.62","","","","2"
"2014","Winnipeg, Manitoba [46602]","2021A003546602","Percent change in weighted clearance rate","Percent","239","units","0","v53079649","29.14","2.59","","","","2"
"2015","Winnipeg, Manitoba [46602]","2021A003546602","Percent change in weighted clearance rate","Percent","239","units","0","v53079649","29.14","-4.50","","","","2"
"2016","Winnipeg, Manitoba [46602]","2021A003546602","Percent change in weighted clearance rate","Percent","239","units","0","v53079649","29.14","-4.95","","","","2"
"2017","Winnipeg, Manitoba [46602]","2021A003546602","Percent change in weighted clearance rate","Percent","239","units","0","v53079649","29.14","1.13","","","","2"
"2018","Winnipeg, Manitoba [46602]","2021A003546602","Percent change in weighted clearance rate","Percent","239","units","0","v53079649","29.14","-10.24","","","","2"
"2019","Winnipeg, Manitoba [46602]","2021A003546602","Percent change in weighted clearance rate","Percent","239","units","0","v53079649","29.14","-1.03","","","","2"
"2020","Winnipeg, Manitoba [46602]","2021A003546602","Percent change in weighted clearance rate","Percent","239","units","0","v53079649","29.14","7.05","","","","2"
"2021","Winnipeg, Manitoba [46602]","2021A003546602","Percent change in weighted clearance rate","Percent","239","units","0","v53079649","29.14","-9.68","","","","2"
"2010","Winnipeg, Manitoba [46602]","2021A003546602","Violent weighted clearance rate","Number","223","units","0","v53079650","29.15","46.62","","","","2"
"2011","Winnipeg, Manitoba [46602]","2021A003546602","Violent weighted clearance rate","Number","223","units","0","v53079650","29.15","51.81","","","","2"
"2012","Winnipeg, Manitoba [46602]","2021A003546602","Violent weighted clearance rate","Number","223","units","0","v53079650","29.15","51.10","","","","2"
"2013","Winnipeg, Manitoba [46602]","2021A003546602","Violent weighted clearance rate","Number","223","units","0","v53079650","29.15","56.23","","","","2"
"2014","Winnipeg, Manitoba [46602]","2021A003546602","Violent weighted clearance rate","Number","223","units","0","v53079650","29.15","56.17","","","","2"
"2015","Winnipeg, Manitoba [46602]","2021A003546602","Violent weighted clearance rate","Number","223","units","0","v53079650","29.15","56.54","","","","2"
"2016","Winnipeg, Manitoba [46602]","2021A003546602","Violent weighted clearance rate","Number","223","units","0","v53079650","29.15","54.26","","","","2"
"2017","Winnipeg, Manitoba [46602]","2021A003546602","Violent weighted clearance rate","Number","223","units","0","v53079650","29.15","52.39","","","","2"
"2018","Winnipeg, Manitoba [46602]","2021A003546602","Violent weighted clearance rate","Number","223","units","0","v53079650","29.15","48.98","","","","2"
"2019","Winnipeg, Manitoba [46602]","2021A003546602","Violent weighted clearance rate","Number","223","units","0","v53079650","29.15","50.01","","","","2"
"2020","Winnipeg, Manitoba [46602]","2021A003546602","Violent weighted clearance rate","Number","223","units","0","v53079650","29.15","51.09","","","","2"
"2021","Winnipeg, Manitoba [46602]","2021A003546602","Violent weighted clearance rate","Number","223","units","0","v53079650","29.15","48.34","","","","2"
"2010","Winnipeg, Manitoba [46602]","2021A003546602","Percent change in violent weighted clearance rate","Percent","239","units","0","v53079651","29.16","-1.31","","","","2"
"2011","Winnipeg, Manitoba [46602]","2021A003546602","Percent change in violent weighted clearance rate","Percent","239","units","0","v53079651","29.16","11.13","","","","2"
"2012","Winnipeg, Manitoba [46602]","2021A003546602","Percent change in violent weighted clearance rate","Percent","239","units","0","v53079651","29.16","-1.37","","","","2"
"2013","Winnipeg, Manitoba [46602]","2021A003546602","Percent change in violent weighted clearance rate","Percent","239","units","0","v53079651","29.16","10.04","","","","2"
"2014","Winnipeg, Manitoba [46602]","2021A003546602","Percent change in violent weighted clearance rate","Percent","239","units","0","v53079651","29.16","-0.11","","","","2"
"2015","Winnipeg, Manitoba [46602]","2021A003546602","Percent change in violent weighted clearance rate","Percent","239","units","0","v53079651","29.16","0.66","","","","2"
"2016","Winnipeg, Manitoba [46602]","2021A003546602","Percent change in violent weighted clearance rate","Percent","239","units","0","v53079651","29.16","-4.03","","","","2"
"2017","Winnipeg, Manitoba [46602]","2021A003546602","Percent change in violent weighted clearance rate","Percent","239","units","0","v53079651","29.16","-3.45","","","","2"
"2018","Winnipeg, Manitoba [46602]","2021A003546602","Percent change in violent weighted clearance rate","Percent","239","units","0","v53079651","29.16","-6.51","","","","2"
"2019","Winnipeg, Manitoba [46602]","2021A003546602","Percent change in violent weighted clearance rate","Percent","239","units","0","v53079651","29.16","2.10","","","","2"
"2020","Winnipeg, Manitoba [46602]","2021A003546602","Percent change in violent weighted clearance rate","Percent","239","units","0","v53079651","29.16","2.16","","","","2"
"2021","Winnipeg, Manitoba [46602]","2021A003546602","Percent change in violent weighted clearance rate","Percent","239","units","0","v53079651","29.16","-5.38","","","","2"
"2010","Winnipeg, Manitoba [46602]","2021A003546602","Non-violent weighted clearance rate","Number","223","units","0","v53079652","29.17","21.59","","","","2"
"2011","Winnipeg, Manitoba [46602]","2021A003546602","Non-violent weighted clearance rate","Number","223","units","0","v53079652","29.17","24.86","","","","2"
"2012","Winnipeg, Manitoba [46602]","2021A003546602","Non-violent weighted clearance rate","Number","223","units","0","v53079652","29.17","26.14","","","","2"
"2013","Winnipeg, Manitoba [46602]","2021A003546602","Non-violent weighted clearance rate","Number","223","units","0","v53079652","29.17","28.12","","","","2"
"2014","Winnipeg, Manitoba [46602]","2021A003546602","Non-violent weighted clearance rate","Number","223","units","0","v53079652","29.17","29.91","","","","2"
"2015","Winnipeg, Manitoba [46602]","2021A003546602","Non-violent weighted clearance rate","Number","223","units","0","v53079652","29.17","27.29","","","","2"
"2016","Winnipeg, Manitoba [46602]","2021A003546602","Non-violent weighted clearance rate","Number","223","units","0","v53079652","29.17","25.64","","","","2"
"2017","Winnipeg, Manitoba [46602]","2021A003546602","Non-violent weighted clearance rate","Number","223","units","0","v53079652","29.17","27.14","","","","2"
"2018","Winnipeg, Manitoba [46602]","2021A003546602","Non-violent weighted clearance rate","Number","223","units","0","v53079652","29.17","23.96","","","","2"
"2019","Winnipeg, Manitoba [46602]","2021A003546602","Non-violent weighted clearance rate","Number","223","units","0","v53079652","29.17","23.21","","","","2"
"2020","Winnipeg, Manitoba [46602]","2021A003546602","Non-violent weighted clearance rate","Number","223","units","0","v53079652","29.17","26.09","","","","2"
"2021","Winnipeg, Manitoba [46602]","2021A003546602","Non-violent weighted clearance rate","Number","223","units","0","v53079652","29.17","21.54","","","","2"
"2010","Winnipeg, Manitoba [46602]","2021A003546602","Percent change in non-violent weighted clearance rate","Percent","239","units","0","v53079653","29.18","20.48","","","","2"
"2011","Winnipeg, Manitoba [46602]","2021A003546602","Percent change in non-violent weighted clearance rate","Percent","239","units","0","v53079653","29.18","15.15","","","","2"
"2012","Winnipeg, Manitoba [46602]","2021A003546602","Percent change in non-violent weighted clearance rate","Percent","239","units","0","v53079653","29.18","5.15","","","","2"
"2013","Winnipeg, Manitoba [46602]","2021A003546602","Percent change in non-violent weighted clearance rate","Percent","239","units","0","v53079653","29.18","7.57","","","","2"
"2014","Winnipeg, Manitoba [46602]","2021A003546602","Percent change in non-violent weighted clearance rate","Percent","239","units","0","v53079653","29.18","6.37","","","","2"
"2015","Winnipeg, Manitoba [46602]","2021A003546602","Percent change in non-violent weighted clearance rate","Percent","239","units","0","v53079653","29.18","-8.76","","","","2"
"2016","Winnipeg, Manitoba [46602]","2021A003546602","Percent change in non-violent weighted clearance rate","Percent","239","units","0","v53079653","29.18","-6.05","","","","2"
"2017","Winnipeg, Manitoba [46602]","2021A003546602","Percent change in non-violent weighted clearance rate","Percent","239","units","0","v53079653","29.18","5.85","","","","2"
"2018","Winnipeg, Manitoba [46602]","2021A003546602","Percent change in non-violent weighted clearance rate","Percent","239","units","0","v53079653","29.18","-11.72","","","","2"
"2019","Winnipeg, Manitoba [46602]","2021A003546602","Percent change in non-violent weighted clearance rate","Percent","239","units","0","v53079653","29.18","-3.13","","","","2"
"2020","Winnipeg, Manitoba [46602]","2021A003546602","Percent change in non-violent weighted clearance rate","Percent","239","units","0","v53079653","29.18","12.41","","","","2"
"2021","Winnipeg, Manitoba [46602]","2021A003546602","Percent change in non-violent weighted clearance rate","Percent","239","units","0","v53079653","29.18","-17.44","","","","2"


