﻿"REF_DATE","GEO","DGUID","Statistics","UOM","UOM_ID","SCALAR_FACTOR","SCALAR_ID","VECTOR","COORDINATE","VALUE","STATUS","SYMBOL","TERMINATED","DECIMALS"
"2010","Victoria, British Columbia [59935]","2021A003559935","Crime severity index","Index","160","units","0","v44312683","38.1","87.26","","","","2"
"2011","Victoria, British Columbia [59935]","2021A003559935","Crime severity index","Index","160","units","0","v44312683","38.1","72.89","","","","2"
"2012","Victoria, British Columbia [59935]","2021A003559935","Crime severity index","Index","160","units","0","v44312683","38.1","70.28","","","","2"
"2013","Victoria, British Columbia [59935]","2021A003559935","Crime severity index","Index","160","units","0","v44312683","38.1","57.81","","","","2"
"2014","Victoria, British Columbia [59935]","2021A003559935","Crime severity index","Index","160","units","0","v44312683","38.1","60.92","","","","2"
"2015","Victoria, British Columbia [59935]","2021A003559935","Crime severity index","Index","160","units","0","v44312683","38.1","70.21","","","","2"
"2016","Victoria, British Columbia [59935]","2021A003559935","Crime severity index","Index","160","units","0","v44312683","38.1","62.09","","","","2"
"2017","Victoria, British Columbia [59935]","2021A003559935","Crime severity index","Index","160","units","0","v44312683","38.1","60.49","","","","2"
"2018","Victoria, British Columbia [59935]","2021A003559935","Crime severity index","Index","160","units","0","v44312683","38.1","63.86","","","","2"
"2019","Victoria, British Columbia [59935]","2021A003559935","Crime severity index","Index","160","units","0","v44312683","38.1","73.91","","","","2"
"2020","Victoria, British Columbia [59935]","2021A003559935","Crime severity index","Index","160","units","0","v44312683","38.1","76.03","","","","2"
"2021","Victoria, British Columbia [59935]","2021A003559935","Crime severity index","Index","160","units","0","v44312683","38.1","71.45","","","","2"
"2010","Victoria, British Columbia [59935]","2021A003559935","Percent change in crime severity index","Percent","239","units","0","v44312684","38.2","-6.35","","","","2"
"2011","Victoria, British Columbia [59935]","2021A003559935","Percent change in crime severity index","Percent","239","units","0","v44312684","38.2","-16.47","","","","2"
"2012","Victoria, British Columbia [59935]","2021A003559935","Percent change in crime severity index","Percent","239","units","0","v44312684","38.2","-3.58","","","","2"
"2013","Victoria, British Columbia [59935]","2021A003559935","Percent change in crime severity index","Percent","239","units","0","v44312684","38.2","-17.74","","","","2"
"2014","Victoria, British Columbia [59935]","2021A003559935","Percent change in crime severity index","Percent","239","units","0","v44312684","38.2","5.38","","","","2"
"2015","Victoria, British Columbia [59935]","2021A003559935","Percent change in crime severity index","Percent","239","units","0","v44312684","38.2","15.25","","","","2"
"2016","Victoria, British Columbia [59935]","2021A003559935","Percent change in crime severity index","Percent","239","units","0","v44312684","38.2","-11.57","","","","2"
"2017","Victoria, British Columbia [59935]","2021A003559935","Percent change in crime severity index","Percent","239","units","0","v44312684","38.2","-2.58","","","","2"
"2018","Victoria, British Columbia [59935]","2021A003559935","Percent change in crime severity index","Percent","239","units","0","v44312684","38.2","5.57","","","","2"
"2019","Victoria, British Columbia [59935]","2021A003559935","Percent change in crime severity index","Percent","239","units","0","v44312684","38.2","15.74","","","","2"
"2020","Victoria, British Columbia [59935]","2021A003559935","Percent change in crime severity index","Percent","239","units","0","v44312684","38.2","2.87","","","","2"
"2021","Victoria, British Columbia [59935]","2021A003559935","Percent change in crime severity index","Percent","239","units","0","v44312684","38.2","-6.02","","","","2"
"2010","Victoria, British Columbia [59935]","2021A003559935","Violent crime severity index","Index","160","units","0","v44312685","38.3","85.51","","","","2"
"2011","Victoria, British Columbia [59935]","2021A003559935","Violent crime severity index","Index","160","units","0","v44312685","38.3","72.99","","","","2"
"2012","Victoria, British Columbia [59935]","2021A003559935","Violent crime severity index","Index","160","units","0","v44312685","38.3","64.67","","","","2"
"2013","Victoria, British Columbia [59935]","2021A003559935","Violent crime severity index","Index","160","units","0","v44312685","38.3","53.32","","","","2"
"2014","Victoria, British Columbia [59935]","2021A003559935","Violent crime severity index","Index","160","units","0","v44312685","38.3","57.01","","","","2"
"2015","Victoria, British Columbia [59935]","2021A003559935","Violent crime severity index","Index","160","units","0","v44312685","38.3","67.10","","","","2"
"2016","Victoria, British Columbia [59935]","2021A003559935","Violent crime severity index","Index","160","units","0","v44312685","38.3","55.90","","","","2"
"2017","Victoria, British Columbia [59935]","2021A003559935","Violent crime severity index","Index","160","units","0","v44312685","38.3","63.19","","","","2"
"2018","Victoria, British Columbia [59935]","2021A003559935","Violent crime severity index","Index","160","units","0","v44312685","38.3","61.42","","","","2"
"2019","Victoria, British Columbia [59935]","2021A003559935","Violent crime severity index","Index","160","units","0","v44312685","38.3","64.82","","","","2"
"2020","Victoria, British Columbia [59935]","2021A003559935","Violent crime severity index","Index","160","units","0","v44312685","38.3","73.80","","","","2"
"2021","Victoria, British Columbia [59935]","2021A003559935","Violent crime severity index","Index","160","units","0","v44312685","38.3","82.41","","","","2"
"2010","Victoria, British Columbia [59935]","2021A003559935","Percent change in violent crime severity index","Percent","239","units","0","v44312686","38.4","3.61","","","","2"
"2011","Victoria, British Columbia [59935]","2021A003559935","Percent change in violent crime severity index","Percent","239","units","0","v44312686","38.4","-14.64","","","","2"
"2012","Victoria, British Columbia [59935]","2021A003559935","Percent change in violent crime severity index","Percent","239","units","0","v44312686","38.4","-11.40","","","","2"
"2013","Victoria, British Columbia [59935]","2021A003559935","Percent change in violent crime severity index","Percent","239","units","0","v44312686","38.4","-17.55","","","","2"
"2014","Victoria, British Columbia [59935]","2021A003559935","Percent change in violent crime severity index","Percent","239","units","0","v44312686","38.4","6.92","","","","2"
"2015","Victoria, British Columbia [59935]","2021A003559935","Percent change in violent crime severity index","Percent","239","units","0","v44312686","38.4","17.70","","","","2"
"2016","Victoria, British Columbia [59935]","2021A003559935","Percent change in violent crime severity index","Percent","239","units","0","v44312686","38.4","-16.69","","","","2"
"2017","Victoria, British Columbia [59935]","2021A003559935","Percent change in violent crime severity index","Percent","239","units","0","v44312686","38.4","13.04","","","","2"
"2018","Victoria, British Columbia [59935]","2021A003559935","Percent change in violent crime severity index","Percent","239","units","0","v44312686","38.4","-2.80","","","","2"
"2019","Victoria, British Columbia [59935]","2021A003559935","Percent change in violent crime severity index","Percent","239","units","0","v44312686","38.4","5.54","","","","2"
"2020","Victoria, British Columbia [59935]","2021A003559935","Percent change in violent crime severity index","Percent","239","units","0","v44312686","38.4","13.85","","","","2"
"2021","Victoria, British Columbia [59935]","2021A003559935","Percent change in violent crime severity index","Percent","239","units","0","v44312686","38.4","11.67","","","","2"
"2010","Victoria, British Columbia [59935]","2021A003559935","Non-violent crime severity index","Index","160","units","0","v44312687","38.5","87.94","","","","2"
"2011","Victoria, British Columbia [59935]","2021A003559935","Non-violent crime severity index","Index","160","units","0","v44312687","38.5","72.70","","","","2"
"2012","Victoria, British Columbia [59935]","2021A003559935","Non-violent crime severity index","Index","160","units","0","v44312687","38.5","72.17","","","","2"
"2013","Victoria, British Columbia [59935]","2021A003559935","Non-violent crime severity index","Index","160","units","0","v44312687","38.5","59.32","","","","2"
"2014","Victoria, British Columbia [59935]","2021A003559935","Non-violent crime severity index","Index","160","units","0","v44312687","38.5","62.21","","","","2"
"2015","Victoria, British Columbia [59935]","2021A003559935","Non-violent crime severity index","Index","160","units","0","v44312687","38.5","71.20","","","","2"
"2016","Victoria, British Columbia [59935]","2021A003559935","Non-violent crime severity index","Index","160","units","0","v44312687","38.5","64.17","","","","2"
"2017","Victoria, British Columbia [59935]","2021A003559935","Non-violent crime severity index","Index","160","units","0","v44312687","38.5","59.38","","","","2"
"2018","Victoria, British Columbia [59935]","2021A003559935","Non-violent crime severity index","Index","160","units","0","v44312687","38.5","64.59","","","","2"
"2019","Victoria, British Columbia [59935]","2021A003559935","Non-violent crime severity index","Index","160","units","0","v44312687","38.5","77.01","","","","2"
"2020","Victoria, British Columbia [59935]","2021A003559935","Non-violent crime severity index","Index","160","units","0","v44312687","38.5","76.65","","","","2"
"2021","Victoria, British Columbia [59935]","2021A003559935","Non-violent crime severity index","Index","160","units","0","v44312687","38.5","67.34","","","","2"
"2010","Victoria, British Columbia [59935]","2021A003559935","Percent change in non-violent crime severity index","Percent","239","units","0","v44312688","38.6","-9.60","","","","2"
"2011","Victoria, British Columbia [59935]","2021A003559935","Percent change in non-violent crime severity index","Percent","239","units","0","v44312688","38.6","-17.33","","","","2"
"2012","Victoria, British Columbia [59935]","2021A003559935","Percent change in non-violent crime severity index","Percent","239","units","0","v44312688","38.6","-0.73","","","","2"
"2013","Victoria, British Columbia [59935]","2021A003559935","Percent change in non-violent crime severity index","Percent","239","units","0","v44312688","38.6","-17.81","","","","2"
"2014","Victoria, British Columbia [59935]","2021A003559935","Percent change in non-violent crime severity index","Percent","239","units","0","v44312688","38.6","4.87","","","","2"
"2015","Victoria, British Columbia [59935]","2021A003559935","Percent change in non-violent crime severity index","Percent","239","units","0","v44312688","38.6","14.45","","","","2"
"2016","Victoria, British Columbia [59935]","2021A003559935","Percent change in non-violent crime severity index","Percent","239","units","0","v44312688","38.6","-9.87","","","","2"
"2017","Victoria, British Columbia [59935]","2021A003559935","Percent change in non-violent crime severity index","Percent","239","units","0","v44312688","38.6","-7.46","","","","2"
"2018","Victoria, British Columbia [59935]","2021A003559935","Percent change in non-violent crime severity index","Percent","239","units","0","v44312688","38.6","8.77","","","","2"
"2019","Victoria, British Columbia [59935]","2021A003559935","Percent change in non-violent crime severity index","Percent","239","units","0","v44312688","38.6","19.23","","","","2"
"2020","Victoria, British Columbia [59935]","2021A003559935","Percent change in non-violent crime severity index","Percent","239","units","0","v44312688","38.6","-0.47","","","","2"
"2021","Victoria, British Columbia [59935]","2021A003559935","Percent change in non-violent crime severity index","Percent","239","units","0","v44312688","38.6","-12.15","","","","2"
"2010","Victoria, British Columbia [59935]","2021A003559935","Youth crime severity index","Index","160","units","0","v53079753","38.7","0.00","","","","2"
"2011","Victoria, British Columbia [59935]","2021A003559935","Youth crime severity index","Index","160","units","0","v53079753","38.7","","..","","","2"
"2012","Victoria, British Columbia [59935]","2021A003559935","Youth crime severity index","Index","160","units","0","v53079753","38.7","","..","","","2"
"2013","Victoria, British Columbia [59935]","2021A003559935","Youth crime severity index","Index","160","units","0","v53079753","38.7","","..","","","2"
"2014","Victoria, British Columbia [59935]","2021A003559935","Youth crime severity index","Index","160","units","0","v53079753","38.7","","..","","","2"
"2015","Victoria, British Columbia [59935]","2021A003559935","Youth crime severity index","Index","160","units","0","v53079753","38.7","","..","","","2"
"2016","Victoria, British Columbia [59935]","2021A003559935","Youth crime severity index","Index","160","units","0","v53079753","38.7","","..","","","2"
"2017","Victoria, British Columbia [59935]","2021A003559935","Youth crime severity index","Index","160","units","0","v53079753","38.7","","..","","","2"
"2018","Victoria, British Columbia [59935]","2021A003559935","Youth crime severity index","Index","160","units","0","v53079753","38.7","","..","","","2"
"2019","Victoria, British Columbia [59935]","2021A003559935","Youth crime severity index","Index","160","units","0","v53079753","38.7","","..","","","2"
"2020","Victoria, British Columbia [59935]","2021A003559935","Youth crime severity index","Index","160","units","0","v53079753","38.7","","..","","","2"
"2021","Victoria, British Columbia [59935]","2021A003559935","Youth crime severity index","Index","160","units","0","v53079753","38.7","","..","","","2"
"2010","Victoria, British Columbia [59935]","2021A003559935","Percent change in youth crime severity index","Percent","239","units","0","v87984951","38.8","0.00","","","","2"
"2011","Victoria, British Columbia [59935]","2021A003559935","Percent change in youth crime severity index","Percent","239","units","0","v87984951","38.8","","..","","","2"
"2012","Victoria, British Columbia [59935]","2021A003559935","Percent change in youth crime severity index","Percent","239","units","0","v87984951","38.8","","..","","","2"
"2013","Victoria, British Columbia [59935]","2021A003559935","Percent change in youth crime severity index","Percent","239","units","0","v87984951","38.8","","..","","","2"
"2014","Victoria, British Columbia [59935]","2021A003559935","Percent change in youth crime severity index","Percent","239","units","0","v87984951","38.8","","..","","","2"
"2015","Victoria, British Columbia [59935]","2021A003559935","Percent change in youth crime severity index","Percent","239","units","0","v87984951","38.8","","..","","","2"
"2016","Victoria, British Columbia [59935]","2021A003559935","Percent change in youth crime severity index","Percent","239","units","0","v87984951","38.8","","..","","","2"
"2017","Victoria, British Columbia [59935]","2021A003559935","Percent change in youth crime severity index","Percent","239","units","0","v87984951","38.8","","..","","","2"
"2018","Victoria, British Columbia [59935]","2021A003559935","Percent change in youth crime severity index","Percent","239","units","0","v87984951","38.8","","..","","","2"
"2019","Victoria, British Columbia [59935]","2021A003559935","Percent change in youth crime severity index","Percent","239","units","0","v87984951","38.8","","..","","","2"
"2020","Victoria, British Columbia [59935]","2021A003559935","Percent change in youth crime severity index","Percent","239","units","0","v87984951","38.8","","..","","","2"
"2021","Victoria, British Columbia [59935]","2021A003559935","Percent change in youth crime severity index","Percent","239","units","0","v87984951","38.8","","..","","","2"
"2010","Victoria, British Columbia [59935]","2021A003559935","Youth violent crime severity index","Index","160","units","0","v53079754","38.9","0.00","","","","2"
"2011","Victoria, British Columbia [59935]","2021A003559935","Youth violent crime severity index","Index","160","units","0","v53079754","38.9","","..","","","2"
"2012","Victoria, British Columbia [59935]","2021A003559935","Youth violent crime severity index","Index","160","units","0","v53079754","38.9","","..","","","2"
"2013","Victoria, British Columbia [59935]","2021A003559935","Youth violent crime severity index","Index","160","units","0","v53079754","38.9","","..","","","2"
"2014","Victoria, British Columbia [59935]","2021A003559935","Youth violent crime severity index","Index","160","units","0","v53079754","38.9","","..","","","2"
"2015","Victoria, British Columbia [59935]","2021A003559935","Youth violent crime severity index","Index","160","units","0","v53079754","38.9","","..","","","2"
"2016","Victoria, British Columbia [59935]","2021A003559935","Youth violent crime severity index","Index","160","units","0","v53079754","38.9","","..","","","2"
"2017","Victoria, British Columbia [59935]","2021A003559935","Youth violent crime severity index","Index","160","units","0","v53079754","38.9","","..","","","2"
"2018","Victoria, British Columbia [59935]","2021A003559935","Youth violent crime severity index","Index","160","units","0","v53079754","38.9","","..","","","2"
"2019","Victoria, British Columbia [59935]","2021A003559935","Youth violent crime severity index","Index","160","units","0","v53079754","38.9","","..","","","2"
"2020","Victoria, British Columbia [59935]","2021A003559935","Youth violent crime severity index","Index","160","units","0","v53079754","38.9","","..","","","2"
"2021","Victoria, British Columbia [59935]","2021A003559935","Youth violent crime severity index","Index","160","units","0","v53079754","38.9","","..","","","2"
"2010","Victoria, British Columbia [59935]","2021A003559935","Percent change in youth violent crime severity index","Percent","239","units","0","v87984952","38.10","0.00","","","","2"
"2011","Victoria, British Columbia [59935]","2021A003559935","Percent change in youth violent crime severity index","Percent","239","units","0","v87984952","38.10","","..","","","2"
"2012","Victoria, British Columbia [59935]","2021A003559935","Percent change in youth violent crime severity index","Percent","239","units","0","v87984952","38.10","","..","","","2"
"2013","Victoria, British Columbia [59935]","2021A003559935","Percent change in youth violent crime severity index","Percent","239","units","0","v87984952","38.10","","..","","","2"
"2014","Victoria, British Columbia [59935]","2021A003559935","Percent change in youth violent crime severity index","Percent","239","units","0","v87984952","38.10","","..","","","2"
"2015","Victoria, British Columbia [59935]","2021A003559935","Percent change in youth violent crime severity index","Percent","239","units","0","v87984952","38.10","","..","","","2"
"2016","Victoria, British Columbia [59935]","2021A003559935","Percent change in youth violent crime severity index","Percent","239","units","0","v87984952","38.10","","..","","","2"
"2017","Victoria, British Columbia [59935]","2021A003559935","Percent change in youth violent crime severity index","Percent","239","units","0","v87984952","38.10","","..","","","2"
"2018","Victoria, British Columbia [59935]","2021A003559935","Percent change in youth violent crime severity index","Percent","239","units","0","v87984952","38.10","","..","","","2"
"2019","Victoria, British Columbia [59935]","2021A003559935","Percent change in youth violent crime severity index","Percent","239","units","0","v87984952","38.10","","..","","","2"
"2020","Victoria, British Columbia [59935]","2021A003559935","Percent change in youth violent crime severity index","Percent","239","units","0","v87984952","38.10","","..","","","2"
"2021","Victoria, British Columbia [59935]","2021A003559935","Percent change in youth violent crime severity index","Percent","239","units","0","v87984952","38.10","","..","","","2"
"2010","Victoria, British Columbia [59935]","2021A003559935","Youth non-violent crime severity index","Index","160","units","0","v53079746","38.11","0.00","","","","2"
"2011","Victoria, British Columbia [59935]","2021A003559935","Youth non-violent crime severity index","Index","160","units","0","v53079746","38.11","","..","","","2"
"2012","Victoria, British Columbia [59935]","2021A003559935","Youth non-violent crime severity index","Index","160","units","0","v53079746","38.11","","..","","","2"
"2013","Victoria, British Columbia [59935]","2021A003559935","Youth non-violent crime severity index","Index","160","units","0","v53079746","38.11","","..","","","2"
"2014","Victoria, British Columbia [59935]","2021A003559935","Youth non-violent crime severity index","Index","160","units","0","v53079746","38.11","","..","","","2"
"2015","Victoria, British Columbia [59935]","2021A003559935","Youth non-violent crime severity index","Index","160","units","0","v53079746","38.11","","..","","","2"
"2016","Victoria, British Columbia [59935]","2021A003559935","Youth non-violent crime severity index","Index","160","units","0","v53079746","38.11","","..","","","2"
"2017","Victoria, British Columbia [59935]","2021A003559935","Youth non-violent crime severity index","Index","160","units","0","v53079746","38.11","","..","","","2"
"2018","Victoria, British Columbia [59935]","2021A003559935","Youth non-violent crime severity index","Index","160","units","0","v53079746","38.11","","..","","","2"
"2019","Victoria, British Columbia [59935]","2021A003559935","Youth non-violent crime severity index","Index","160","units","0","v53079746","38.11","","..","","","2"
"2020","Victoria, British Columbia [59935]","2021A003559935","Youth non-violent crime severity index","Index","160","units","0","v53079746","38.11","","..","","","2"
"2021","Victoria, British Columbia [59935]","2021A003559935","Youth non-violent crime severity index","Index","160","units","0","v53079746","38.11","","..","","","2"
"2010","Victoria, British Columbia [59935]","2021A003559935","Percent change in youth non-violent crime severity index","Percent","239","units","0","v87984953","38.12","0.00","","","","2"
"2011","Victoria, British Columbia [59935]","2021A003559935","Percent change in youth non-violent crime severity index","Percent","239","units","0","v87984953","38.12","","..","","","2"
"2012","Victoria, British Columbia [59935]","2021A003559935","Percent change in youth non-violent crime severity index","Percent","239","units","0","v87984953","38.12","","..","","","2"
"2013","Victoria, British Columbia [59935]","2021A003559935","Percent change in youth non-violent crime severity index","Percent","239","units","0","v87984953","38.12","","..","","","2"
"2014","Victoria, British Columbia [59935]","2021A003559935","Percent change in youth non-violent crime severity index","Percent","239","units","0","v87984953","38.12","","..","","","2"
"2015","Victoria, British Columbia [59935]","2021A003559935","Percent change in youth non-violent crime severity index","Percent","239","units","0","v87984953","38.12","","..","","","2"
"2016","Victoria, British Columbia [59935]","2021A003559935","Percent change in youth non-violent crime severity index","Percent","239","units","0","v87984953","38.12","","..","","","2"
"2017","Victoria, British Columbia [59935]","2021A003559935","Percent change in youth non-violent crime severity index","Percent","239","units","0","v87984953","38.12","","..","","","2"
"2018","Victoria, British Columbia [59935]","2021A003559935","Percent change in youth non-violent crime severity index","Percent","239","units","0","v87984953","38.12","","..","","","2"
"2019","Victoria, British Columbia [59935]","2021A003559935","Percent change in youth non-violent crime severity index","Percent","239","units","0","v87984953","38.12","","..","","","2"
"2020","Victoria, British Columbia [59935]","2021A003559935","Percent change in youth non-violent crime severity index","Percent","239","units","0","v87984953","38.12","","..","","","2"
"2021","Victoria, British Columbia [59935]","2021A003559935","Percent change in youth non-violent crime severity index","Percent","239","units","0","v87984953","38.12","","..","","","2"
"2010","Victoria, British Columbia [59935]","2021A003559935","Weighted clearance rate","Number","223","units","0","v53079747","38.13","35.65","","","","2"
"2011","Victoria, British Columbia [59935]","2021A003559935","Weighted clearance rate","Number","223","units","0","v53079747","38.13","39.17","","","","2"
"2012","Victoria, British Columbia [59935]","2021A003559935","Weighted clearance rate","Number","223","units","0","v53079747","38.13","35.31","","","","2"
"2013","Victoria, British Columbia [59935]","2021A003559935","Weighted clearance rate","Number","223","units","0","v53079747","38.13","36.13","","","","2"
"2014","Victoria, British Columbia [59935]","2021A003559935","Weighted clearance rate","Number","223","units","0","v53079747","38.13","36.93","","","","2"
"2015","Victoria, British Columbia [59935]","2021A003559935","Weighted clearance rate","Number","223","units","0","v53079747","38.13","30.70","","","","2"
"2016","Victoria, British Columbia [59935]","2021A003559935","Weighted clearance rate","Number","223","units","0","v53079747","38.13","32.28","","","","2"
"2017","Victoria, British Columbia [59935]","2021A003559935","Weighted clearance rate","Number","223","units","0","v53079747","38.13","32.33","","","","2"
"2018","Victoria, British Columbia [59935]","2021A003559935","Weighted clearance rate","Number","223","units","0","v53079747","38.13","28.90","","","","2"
"2019","Victoria, British Columbia [59935]","2021A003559935","Weighted clearance rate","Number","223","units","0","v53079747","38.13","25.90","","","","2"
"2020","Victoria, British Columbia [59935]","2021A003559935","Weighted clearance rate","Number","223","units","0","v53079747","38.13","24.96","","","","2"
"2021","Victoria, British Columbia [59935]","2021A003559935","Weighted clearance rate","Number","223","units","0","v53079747","38.13","25.98","","","","2"
"2010","Victoria, British Columbia [59935]","2021A003559935","Percent change in weighted clearance rate","Percent","239","units","0","v53079748","38.14","10.24","","","","2"
"2011","Victoria, British Columbia [59935]","2021A003559935","Percent change in weighted clearance rate","Percent","239","units","0","v53079748","38.14","9.87","","","","2"
"2012","Victoria, British Columbia [59935]","2021A003559935","Percent change in weighted clearance rate","Percent","239","units","0","v53079748","38.14","-9.85","","","","2"
"2013","Victoria, British Columbia [59935]","2021A003559935","Percent change in weighted clearance rate","Percent","239","units","0","v53079748","38.14","2.32","","","","2"
"2014","Victoria, British Columbia [59935]","2021A003559935","Percent change in weighted clearance rate","Percent","239","units","0","v53079748","38.14","2.21","","","","2"
"2015","Victoria, British Columbia [59935]","2021A003559935","Percent change in weighted clearance rate","Percent","239","units","0","v53079748","38.14","-16.87","","","","2"
"2016","Victoria, British Columbia [59935]","2021A003559935","Percent change in weighted clearance rate","Percent","239","units","0","v53079748","38.14","5.15","","","","2"
"2017","Victoria, British Columbia [59935]","2021A003559935","Percent change in weighted clearance rate","Percent","239","units","0","v53079748","38.14","0.15","","","","2"
"2018","Victoria, British Columbia [59935]","2021A003559935","Percent change in weighted clearance rate","Percent","239","units","0","v53079748","38.14","-10.61","","","","2"
"2019","Victoria, British Columbia [59935]","2021A003559935","Percent change in weighted clearance rate","Percent","239","units","0","v53079748","38.14","-10.38","","","","2"
"2020","Victoria, British Columbia [59935]","2021A003559935","Percent change in weighted clearance rate","Percent","239","units","0","v53079748","38.14","-3.63","","","","2"
"2021","Victoria, British Columbia [59935]","2021A003559935","Percent change in weighted clearance rate","Percent","239","units","0","v53079748","38.14","4.09","","","","2"
"2010","Victoria, British Columbia [59935]","2021A003559935","Violent weighted clearance rate","Number","223","units","0","v53079749","38.15","58.73","","","","2"
"2011","Victoria, British Columbia [59935]","2021A003559935","Violent weighted clearance rate","Number","223","units","0","v53079749","38.15","61.82","","","","2"
"2012","Victoria, British Columbia [59935]","2021A003559935","Violent weighted clearance rate","Number","223","units","0","v53079749","38.15","57.51","","","","2"
"2013","Victoria, British Columbia [59935]","2021A003559935","Violent weighted clearance rate","Number","223","units","0","v53079749","38.15","54.01","","","","2"
"2014","Victoria, British Columbia [59935]","2021A003559935","Violent weighted clearance rate","Number","223","units","0","v53079749","38.15","59.21","","","","2"
"2015","Victoria, British Columbia [59935]","2021A003559935","Violent weighted clearance rate","Number","223","units","0","v53079749","38.15","49.55","","","","2"
"2016","Victoria, British Columbia [59935]","2021A003559935","Violent weighted clearance rate","Number","223","units","0","v53079749","38.15","55.93","","","","2"
"2017","Victoria, British Columbia [59935]","2021A003559935","Violent weighted clearance rate","Number","223","units","0","v53079749","38.15","53.92","","","","2"
"2018","Victoria, British Columbia [59935]","2021A003559935","Violent weighted clearance rate","Number","223","units","0","v53079749","38.15","50.57","","","","2"
"2019","Victoria, British Columbia [59935]","2021A003559935","Violent weighted clearance rate","Number","223","units","0","v53079749","38.15","48.39","","","","2"
"2020","Victoria, British Columbia [59935]","2021A003559935","Violent weighted clearance rate","Number","223","units","0","v53079749","38.15","42.82","","","","2"
"2021","Victoria, British Columbia [59935]","2021A003559935","Violent weighted clearance rate","Number","223","units","0","v53079749","38.15","40.79","","","","2"
"2010","Victoria, British Columbia [59935]","2021A003559935","Percent change in violent weighted clearance rate","Percent","239","units","0","v53079750","38.16","12.17","","","","2"
"2011","Victoria, British Columbia [59935]","2021A003559935","Percent change in violent weighted clearance rate","Percent","239","units","0","v53079750","38.16","5.26","","","","2"
"2012","Victoria, British Columbia [59935]","2021A003559935","Percent change in violent weighted clearance rate","Percent","239","units","0","v53079750","38.16","-6.97","","","","2"
"2013","Victoria, British Columbia [59935]","2021A003559935","Percent change in violent weighted clearance rate","Percent","239","units","0","v53079750","38.16","-6.09","","","","2"
"2014","Victoria, British Columbia [59935]","2021A003559935","Percent change in violent weighted clearance rate","Percent","239","units","0","v53079750","38.16","9.63","","","","2"
"2015","Victoria, British Columbia [59935]","2021A003559935","Percent change in violent weighted clearance rate","Percent","239","units","0","v53079750","38.16","-16.31","","","","2"
"2016","Victoria, British Columbia [59935]","2021A003559935","Percent change in violent weighted clearance rate","Percent","239","units","0","v53079750","38.16","12.88","","","","2"
"2017","Victoria, British Columbia [59935]","2021A003559935","Percent change in violent weighted clearance rate","Percent","239","units","0","v53079750","38.16","-3.59","","","","2"
"2018","Victoria, British Columbia [59935]","2021A003559935","Percent change in violent weighted clearance rate","Percent","239","units","0","v53079750","38.16","-6.21","","","","2"
"2019","Victoria, British Columbia [59935]","2021A003559935","Percent change in violent weighted clearance rate","Percent","239","units","0","v53079750","38.16","-4.31","","","","2"
"2020","Victoria, British Columbia [59935]","2021A003559935","Percent change in violent weighted clearance rate","Percent","239","units","0","v53079750","38.16","-11.51","","","","2"
"2021","Victoria, British Columbia [59935]","2021A003559935","Percent change in violent weighted clearance rate","Percent","239","units","0","v53079750","38.16","-4.74","","","","2"
"2010","Victoria, British Columbia [59935]","2021A003559935","Non-violent weighted clearance rate","Number","223","units","0","v53079751","38.17","27.02","","","","2"
"2011","Victoria, British Columbia [59935]","2021A003559935","Non-violent weighted clearance rate","Number","223","units","0","v53079751","38.17","30.89","","","","2"
"2012","Victoria, British Columbia [59935]","2021A003559935","Non-violent weighted clearance rate","Number","223","units","0","v53079751","38.17","28.08","","","","2"
"2013","Victoria, British Columbia [59935]","2021A003559935","Non-violent weighted clearance rate","Number","223","units","0","v53079751","38.17","30.28","","","","2"
"2014","Victoria, British Columbia [59935]","2021A003559935","Non-violent weighted clearance rate","Number","223","units","0","v53079751","38.17","29.50","","","","2"
"2015","Victoria, British Columbia [59935]","2021A003559935","Non-violent weighted clearance rate","Number","223","units","0","v53079751","38.17","24.24","","","","2"
"2016","Victoria, British Columbia [59935]","2021A003559935","Non-violent weighted clearance rate","Number","223","units","0","v53079751","38.17","24.87","","","","2"
"2017","Victoria, British Columbia [59935]","2021A003559935","Non-violent weighted clearance rate","Number","223","units","0","v53079751","38.17","24.06","","","","2"
"2018","Victoria, British Columbia [59935]","2021A003559935","Non-violent weighted clearance rate","Number","223","units","0","v53079751","38.17","21.49","","","","2"
"2019","Victoria, British Columbia [59935]","2021A003559935","Non-violent weighted clearance rate","Number","223","units","0","v53079751","38.17","19.10","","","","2"
"2020","Victoria, British Columbia [59935]","2021A003559935","Non-violent weighted clearance rate","Number","223","units","0","v53079751","38.17","18.77","","","","2"
"2021","Victoria, British Columbia [59935]","2021A003559935","Non-violent weighted clearance rate","Number","223","units","0","v53079751","38.17","19.47","","","","2"
"2010","Victoria, British Columbia [59935]","2021A003559935","Percent change in non-violent weighted clearance rate","Percent","239","units","0","v53079752","38.18","4.73","","","","2"
"2011","Victoria, British Columbia [59935]","2021A003559935","Percent change in non-violent weighted clearance rate","Percent","239","units","0","v53079752","38.18","14.32","","","","2"
"2012","Victoria, British Columbia [59935]","2021A003559935","Percent change in non-violent weighted clearance rate","Percent","239","units","0","v53079752","38.18","-9.10","","","","2"
"2013","Victoria, British Columbia [59935]","2021A003559935","Percent change in non-violent weighted clearance rate","Percent","239","units","0","v53079752","38.18","7.83","","","","2"
"2014","Victoria, British Columbia [59935]","2021A003559935","Percent change in non-violent weighted clearance rate","Percent","239","units","0","v53079752","38.18","-2.58","","","","2"
"2015","Victoria, British Columbia [59935]","2021A003559935","Percent change in non-violent weighted clearance rate","Percent","239","units","0","v53079752","38.18","-17.83","","","","2"
"2016","Victoria, British Columbia [59935]","2021A003559935","Percent change in non-violent weighted clearance rate","Percent","239","units","0","v53079752","38.18","2.60","","","","2"
"2017","Victoria, British Columbia [59935]","2021A003559935","Percent change in non-violent weighted clearance rate","Percent","239","units","0","v53079752","38.18","-3.26","","","","2"
"2018","Victoria, British Columbia [59935]","2021A003559935","Percent change in non-violent weighted clearance rate","Percent","239","units","0","v53079752","38.18","-10.68","","","","2"
"2019","Victoria, British Columbia [59935]","2021A003559935","Percent change in non-violent weighted clearance rate","Percent","239","units","0","v53079752","38.18","-11.12","","","","2"
"2020","Victoria, British Columbia [59935]","2021A003559935","Percent change in non-violent weighted clearance rate","Percent","239","units","0","v53079752","38.18","-1.73","","","","2"
"2021","Victoria, British Columbia [59935]","2021A003559935","Percent change in non-violent weighted clearance rate","Percent","239","units","0","v53079752","38.18","3.73","","","","2"


