﻿"REF_DATE","GEO","DGUID","Statistics","UOM","UOM_ID","SCALAR_FACTOR","SCALAR_ID","VECTOR","COORDINATE","VALUE","STATUS","SYMBOL","TERMINATED","DECIMALS"
"2010","Sherbrooke, Quebec [24433]","2021A003524433","Crime severity index","Index","160","units","0","v44312527","12.1","68.09","","","","2"
"2011","Sherbrooke, Quebec [24433]","2021A003524433","Crime severity index","Index","160","units","0","v44312527","12.1","60.65","","","","2"
"2012","Sherbrooke, Quebec [24433]","2021A003524433","Crime severity index","Index","160","units","0","v44312527","12.1","61.70","","","","2"
"2013","Sherbrooke, Quebec [24433]","2021A003524433","Crime severity index","Index","160","units","0","v44312527","12.1","57.65","","","","2"
"2014","Sherbrooke, Quebec [24433]","2021A003524433","Crime severity index","Index","160","units","0","v44312527","12.1","53.05","","","","2"
"2015","Sherbrooke, Quebec [24433]","2021A003524433","Crime severity index","Index","160","units","0","v44312527","12.1","50.22","","","","2"
"2016","Sherbrooke, Quebec [24433]","2021A003524433","Crime severity index","Index","160","units","0","v44312527","12.1","51.20","","","","2"
"2017","Sherbrooke, Quebec [24433]","2021A003524433","Crime severity index","Index","160","units","0","v44312527","12.1","52.57","","","","2"
"2018","Sherbrooke, Quebec [24433]","2021A003524433","Crime severity index","Index","160","units","0","v44312527","12.1","52.48","","","","2"
"2019","Sherbrooke, Quebec [24433]","2021A003524433","Crime severity index","Index","160","units","0","v44312527","12.1","47.19","","","","2"
"2020","Sherbrooke, Quebec [24433]","2021A003524433","Crime severity index","Index","160","units","0","v44312527","12.1","47.99","","","","2"
"2021","Sherbrooke, Quebec [24433]","2021A003524433","Crime severity index","Index","160","units","0","v44312527","12.1","50.88","","","","2"
"2010","Sherbrooke, Quebec [24433]","2021A003524433","Percent change in crime severity index","Percent","239","units","0","v44312528","12.2","-3.45","","","","2"
"2011","Sherbrooke, Quebec [24433]","2021A003524433","Percent change in crime severity index","Percent","239","units","0","v44312528","12.2","-10.93","","","","2"
"2012","Sherbrooke, Quebec [24433]","2021A003524433","Percent change in crime severity index","Percent","239","units","0","v44312528","12.2","1.73","","","","2"
"2013","Sherbrooke, Quebec [24433]","2021A003524433","Percent change in crime severity index","Percent","239","units","0","v44312528","12.2","-6.56","","","","2"
"2014","Sherbrooke, Quebec [24433]","2021A003524433","Percent change in crime severity index","Percent","239","units","0","v44312528","12.2","-7.98","","","","2"
"2015","Sherbrooke, Quebec [24433]","2021A003524433","Percent change in crime severity index","Percent","239","units","0","v44312528","12.2","-5.33","","","","2"
"2016","Sherbrooke, Quebec [24433]","2021A003524433","Percent change in crime severity index","Percent","239","units","0","v44312528","12.2","1.95","","","","2"
"2017","Sherbrooke, Quebec [24433]","2021A003524433","Percent change in crime severity index","Percent","239","units","0","v44312528","12.2","2.68","","","","2"
"2018","Sherbrooke, Quebec [24433]","2021A003524433","Percent change in crime severity index","Percent","239","units","0","v44312528","12.2","-0.17","","","","2"
"2019","Sherbrooke, Quebec [24433]","2021A003524433","Percent change in crime severity index","Percent","239","units","0","v44312528","12.2","-10.08","","","","2"
"2020","Sherbrooke, Quebec [24433]","2021A003524433","Percent change in crime severity index","Percent","239","units","0","v44312528","12.2","1.70","","","","2"
"2021","Sherbrooke, Quebec [24433]","2021A003524433","Percent change in crime severity index","Percent","239","units","0","v44312528","12.2","6.02","","","","2"
"2010","Sherbrooke, Quebec [24433]","2021A003524433","Violent crime severity index","Index","160","units","0","v44312529","12.3","47.76","","","","2"
"2011","Sherbrooke, Quebec [24433]","2021A003524433","Violent crime severity index","Index","160","units","0","v44312529","12.3","50.41","","","","2"
"2012","Sherbrooke, Quebec [24433]","2021A003524433","Violent crime severity index","Index","160","units","0","v44312529","12.3","50.82","","","","2"
"2013","Sherbrooke, Quebec [24433]","2021A003524433","Violent crime severity index","Index","160","units","0","v44312529","12.3","44.76","","","","2"
"2014","Sherbrooke, Quebec [24433]","2021A003524433","Violent crime severity index","Index","160","units","0","v44312529","12.3","52.42","","","","2"
"2015","Sherbrooke, Quebec [24433]","2021A003524433","Violent crime severity index","Index","160","units","0","v44312529","12.3","44.97","","","","2"
"2016","Sherbrooke, Quebec [24433]","2021A003524433","Violent crime severity index","Index","160","units","0","v44312529","12.3","58.23","","","","2"
"2017","Sherbrooke, Quebec [24433]","2021A003524433","Violent crime severity index","Index","160","units","0","v44312529","12.3","59.63","","","","2"
"2018","Sherbrooke, Quebec [24433]","2021A003524433","Violent crime severity index","Index","160","units","0","v44312529","12.3","67.26","","","","2"
"2019","Sherbrooke, Quebec [24433]","2021A003524433","Violent crime severity index","Index","160","units","0","v44312529","12.3","56.04","","","","2"
"2020","Sherbrooke, Quebec [24433]","2021A003524433","Violent crime severity index","Index","160","units","0","v44312529","12.3","68.49","","","","2"
"2021","Sherbrooke, Quebec [24433]","2021A003524433","Violent crime severity index","Index","160","units","0","v44312529","12.3","73.93","","","","2"
"2010","Sherbrooke, Quebec [24433]","2021A003524433","Percent change in violent crime severity index","Percent","239","units","0","v44312530","12.4","-9.70","","","","2"
"2011","Sherbrooke, Quebec [24433]","2021A003524433","Percent change in violent crime severity index","Percent","239","units","0","v44312530","12.4","5.55","","","","2"
"2012","Sherbrooke, Quebec [24433]","2021A003524433","Percent change in violent crime severity index","Percent","239","units","0","v44312530","12.4","0.81","","","","2"
"2013","Sherbrooke, Quebec [24433]","2021A003524433","Percent change in violent crime severity index","Percent","239","units","0","v44312530","12.4","-11.92","","","","2"
"2014","Sherbrooke, Quebec [24433]","2021A003524433","Percent change in violent crime severity index","Percent","239","units","0","v44312530","12.4","17.11","","","","2"
"2015","Sherbrooke, Quebec [24433]","2021A003524433","Percent change in violent crime severity index","Percent","239","units","0","v44312530","12.4","-14.21","","","","2"
"2016","Sherbrooke, Quebec [24433]","2021A003524433","Percent change in violent crime severity index","Percent","239","units","0","v44312530","12.4","29.49","","","","2"
"2017","Sherbrooke, Quebec [24433]","2021A003524433","Percent change in violent crime severity index","Percent","239","units","0","v44312530","12.4","2.40","","","","2"
"2018","Sherbrooke, Quebec [24433]","2021A003524433","Percent change in violent crime severity index","Percent","239","units","0","v44312530","12.4","12.80","","","","2"
"2019","Sherbrooke, Quebec [24433]","2021A003524433","Percent change in violent crime severity index","Percent","239","units","0","v44312530","12.4","-16.68","","","","2"
"2020","Sherbrooke, Quebec [24433]","2021A003524433","Percent change in violent crime severity index","Percent","239","units","0","v44312530","12.4","22.22","","","","2"
"2021","Sherbrooke, Quebec [24433]","2021A003524433","Percent change in violent crime severity index","Percent","239","units","0","v44312530","12.4","7.94","","","","2"
"2010","Sherbrooke, Quebec [24433]","2021A003524433","Non-violent crime severity index","Index","160","units","0","v44312531","12.5","75.90","","","","2"
"2011","Sherbrooke, Quebec [24433]","2021A003524433","Non-violent crime severity index","Index","160","units","0","v44312531","12.5","64.25","","","","2"
"2012","Sherbrooke, Quebec [24433]","2021A003524433","Non-violent crime severity index","Index","160","units","0","v44312531","12.5","65.54","","","","2"
"2013","Sherbrooke, Quebec [24433]","2021A003524433","Non-violent crime severity index","Index","160","units","0","v44312531","12.5","62.21","","","","2"
"2014","Sherbrooke, Quebec [24433]","2021A003524433","Non-violent crime severity index","Index","160","units","0","v44312531","12.5","53.17","","","","2"
"2015","Sherbrooke, Quebec [24433]","2021A003524433","Non-violent crime severity index","Index","160","units","0","v44312531","12.5","52.02","","","","2"
"2016","Sherbrooke, Quebec [24433]","2021A003524433","Non-violent crime severity index","Index","160","units","0","v44312531","12.5","48.54","","","","2"
"2017","Sherbrooke, Quebec [24433]","2021A003524433","Non-violent crime severity index","Index","160","units","0","v44312531","12.5","49.91","","","","2"
"2018","Sherbrooke, Quebec [24433]","2021A003524433","Non-violent crime severity index","Index","160","units","0","v44312531","12.5","47.04","","","","2"
"2019","Sherbrooke, Quebec [24433]","2021A003524433","Non-violent crime severity index","Index","160","units","0","v44312531","12.5","43.89","","","","2"
"2020","Sherbrooke, Quebec [24433]","2021A003524433","Non-violent crime severity index","Index","160","units","0","v44312531","12.5","40.50","","","","2"
"2021","Sherbrooke, Quebec [24433]","2021A003524433","Non-violent crime severity index","Index","160","units","0","v44312531","12.5","42.47","","","","2"
"2010","Sherbrooke, Quebec [24433]","2021A003524433","Percent change in non-violent crime severity index","Percent","239","units","0","v44312532","12.6","-1.81","","","","2"
"2011","Sherbrooke, Quebec [24433]","2021A003524433","Percent change in non-violent crime severity index","Percent","239","units","0","v44312532","12.6","-15.35","","","","2"
"2012","Sherbrooke, Quebec [24433]","2021A003524433","Percent change in non-violent crime severity index","Percent","239","units","0","v44312532","12.6","2.01","","","","2"
"2013","Sherbrooke, Quebec [24433]","2021A003524433","Percent change in non-violent crime severity index","Percent","239","units","0","v44312532","12.6","-5.08","","","","2"
"2014","Sherbrooke, Quebec [24433]","2021A003524433","Percent change in non-violent crime severity index","Percent","239","units","0","v44312532","12.6","-14.53","","","","2"
"2015","Sherbrooke, Quebec [24433]","2021A003524433","Percent change in non-violent crime severity index","Percent","239","units","0","v44312532","12.6","-2.16","","","","2"
"2016","Sherbrooke, Quebec [24433]","2021A003524433","Percent change in non-violent crime severity index","Percent","239","units","0","v44312532","12.6","-6.69","","","","2"
"2017","Sherbrooke, Quebec [24433]","2021A003524433","Percent change in non-violent crime severity index","Percent","239","units","0","v44312532","12.6","2.82","","","","2"
"2018","Sherbrooke, Quebec [24433]","2021A003524433","Percent change in non-violent crime severity index","Percent","239","units","0","v44312532","12.6","-5.75","","","","2"
"2019","Sherbrooke, Quebec [24433]","2021A003524433","Percent change in non-violent crime severity index","Percent","239","units","0","v44312532","12.6","-6.70","","","","2"
"2020","Sherbrooke, Quebec [24433]","2021A003524433","Percent change in non-violent crime severity index","Percent","239","units","0","v44312532","12.6","-7.72","","","","2"
"2021","Sherbrooke, Quebec [24433]","2021A003524433","Percent change in non-violent crime severity index","Percent","239","units","0","v44312532","12.6","4.86","","","","2"
"2010","Sherbrooke, Quebec [24433]","2021A003524433","Youth crime severity index","Index","160","units","0","v53079483","12.7","0.00","","","","2"
"2011","Sherbrooke, Quebec [24433]","2021A003524433","Youth crime severity index","Index","160","units","0","v53079483","12.7","","..","","","2"
"2012","Sherbrooke, Quebec [24433]","2021A003524433","Youth crime severity index","Index","160","units","0","v53079483","12.7","","..","","","2"
"2013","Sherbrooke, Quebec [24433]","2021A003524433","Youth crime severity index","Index","160","units","0","v53079483","12.7","","..","","","2"
"2014","Sherbrooke, Quebec [24433]","2021A003524433","Youth crime severity index","Index","160","units","0","v53079483","12.7","","..","","","2"
"2015","Sherbrooke, Quebec [24433]","2021A003524433","Youth crime severity index","Index","160","units","0","v53079483","12.7","","..","","","2"
"2016","Sherbrooke, Quebec [24433]","2021A003524433","Youth crime severity index","Index","160","units","0","v53079483","12.7","","..","","","2"
"2017","Sherbrooke, Quebec [24433]","2021A003524433","Youth crime severity index","Index","160","units","0","v53079483","12.7","","..","","","2"
"2018","Sherbrooke, Quebec [24433]","2021A003524433","Youth crime severity index","Index","160","units","0","v53079483","12.7","","..","","","2"
"2019","Sherbrooke, Quebec [24433]","2021A003524433","Youth crime severity index","Index","160","units","0","v53079483","12.7","","..","","","2"
"2020","Sherbrooke, Quebec [24433]","2021A003524433","Youth crime severity index","Index","160","units","0","v53079483","12.7","","..","","","2"
"2021","Sherbrooke, Quebec [24433]","2021A003524433","Youth crime severity index","Index","160","units","0","v53079483","12.7","","..","","","2"
"2010","Sherbrooke, Quebec [24433]","2021A003524433","Percent change in youth crime severity index","Percent","239","units","0","v87984870","12.8","0.00","","","","2"
"2011","Sherbrooke, Quebec [24433]","2021A003524433","Percent change in youth crime severity index","Percent","239","units","0","v87984870","12.8","","..","","","2"
"2012","Sherbrooke, Quebec [24433]","2021A003524433","Percent change in youth crime severity index","Percent","239","units","0","v87984870","12.8","","..","","","2"
"2013","Sherbrooke, Quebec [24433]","2021A003524433","Percent change in youth crime severity index","Percent","239","units","0","v87984870","12.8","","..","","","2"
"2014","Sherbrooke, Quebec [24433]","2021A003524433","Percent change in youth crime severity index","Percent","239","units","0","v87984870","12.8","","..","","","2"
"2015","Sherbrooke, Quebec [24433]","2021A003524433","Percent change in youth crime severity index","Percent","239","units","0","v87984870","12.8","","..","","","2"
"2016","Sherbrooke, Quebec [24433]","2021A003524433","Percent change in youth crime severity index","Percent","239","units","0","v87984870","12.8","","..","","","2"
"2017","Sherbrooke, Quebec [24433]","2021A003524433","Percent change in youth crime severity index","Percent","239","units","0","v87984870","12.8","","..","","","2"
"2018","Sherbrooke, Quebec [24433]","2021A003524433","Percent change in youth crime severity index","Percent","239","units","0","v87984870","12.8","","..","","","2"
"2019","Sherbrooke, Quebec [24433]","2021A003524433","Percent change in youth crime severity index","Percent","239","units","0","v87984870","12.8","","..","","","2"
"2020","Sherbrooke, Quebec [24433]","2021A003524433","Percent change in youth crime severity index","Percent","239","units","0","v87984870","12.8","","..","","","2"
"2021","Sherbrooke, Quebec [24433]","2021A003524433","Percent change in youth crime severity index","Percent","239","units","0","v87984870","12.8","","..","","","2"
"2010","Sherbrooke, Quebec [24433]","2021A003524433","Youth violent crime severity index","Index","160","units","0","v53079484","12.9","0.00","","","","2"
"2011","Sherbrooke, Quebec [24433]","2021A003524433","Youth violent crime severity index","Index","160","units","0","v53079484","12.9","","..","","","2"
"2012","Sherbrooke, Quebec [24433]","2021A003524433","Youth violent crime severity index","Index","160","units","0","v53079484","12.9","","..","","","2"
"2013","Sherbrooke, Quebec [24433]","2021A003524433","Youth violent crime severity index","Index","160","units","0","v53079484","12.9","","..","","","2"
"2014","Sherbrooke, Quebec [24433]","2021A003524433","Youth violent crime severity index","Index","160","units","0","v53079484","12.9","","..","","","2"
"2015","Sherbrooke, Quebec [24433]","2021A003524433","Youth violent crime severity index","Index","160","units","0","v53079484","12.9","","..","","","2"
"2016","Sherbrooke, Quebec [24433]","2021A003524433","Youth violent crime severity index","Index","160","units","0","v53079484","12.9","","..","","","2"
"2017","Sherbrooke, Quebec [24433]","2021A003524433","Youth violent crime severity index","Index","160","units","0","v53079484","12.9","","..","","","2"
"2018","Sherbrooke, Quebec [24433]","2021A003524433","Youth violent crime severity index","Index","160","units","0","v53079484","12.9","","..","","","2"
"2019","Sherbrooke, Quebec [24433]","2021A003524433","Youth violent crime severity index","Index","160","units","0","v53079484","12.9","","..","","","2"
"2020","Sherbrooke, Quebec [24433]","2021A003524433","Youth violent crime severity index","Index","160","units","0","v53079484","12.9","","..","","","2"
"2021","Sherbrooke, Quebec [24433]","2021A003524433","Youth violent crime severity index","Index","160","units","0","v53079484","12.9","","..","","","2"
"2010","Sherbrooke, Quebec [24433]","2021A003524433","Percent change in youth violent crime severity index","Percent","239","units","0","v87984871","12.10","0.00","","","","2"
"2011","Sherbrooke, Quebec [24433]","2021A003524433","Percent change in youth violent crime severity index","Percent","239","units","0","v87984871","12.10","","..","","","2"
"2012","Sherbrooke, Quebec [24433]","2021A003524433","Percent change in youth violent crime severity index","Percent","239","units","0","v87984871","12.10","","..","","","2"
"2013","Sherbrooke, Quebec [24433]","2021A003524433","Percent change in youth violent crime severity index","Percent","239","units","0","v87984871","12.10","","..","","","2"
"2014","Sherbrooke, Quebec [24433]","2021A003524433","Percent change in youth violent crime severity index","Percent","239","units","0","v87984871","12.10","","..","","","2"
"2015","Sherbrooke, Quebec [24433]","2021A003524433","Percent change in youth violent crime severity index","Percent","239","units","0","v87984871","12.10","","..","","","2"
"2016","Sherbrooke, Quebec [24433]","2021A003524433","Percent change in youth violent crime severity index","Percent","239","units","0","v87984871","12.10","","..","","","2"
"2017","Sherbrooke, Quebec [24433]","2021A003524433","Percent change in youth violent crime severity index","Percent","239","units","0","v87984871","12.10","","..","","","2"
"2018","Sherbrooke, Quebec [24433]","2021A003524433","Percent change in youth violent crime severity index","Percent","239","units","0","v87984871","12.10","","..","","","2"
"2019","Sherbrooke, Quebec [24433]","2021A003524433","Percent change in youth violent crime severity index","Percent","239","units","0","v87984871","12.10","","..","","","2"
"2020","Sherbrooke, Quebec [24433]","2021A003524433","Percent change in youth violent crime severity index","Percent","239","units","0","v87984871","12.10","","..","","","2"
"2021","Sherbrooke, Quebec [24433]","2021A003524433","Percent change in youth violent crime severity index","Percent","239","units","0","v87984871","12.10","","..","","","2"
"2010","Sherbrooke, Quebec [24433]","2021A003524433","Youth non-violent crime severity index","Index","160","units","0","v53079476","12.11","0.00","","","","2"
"2011","Sherbrooke, Quebec [24433]","2021A003524433","Youth non-violent crime severity index","Index","160","units","0","v53079476","12.11","","..","","","2"
"2012","Sherbrooke, Quebec [24433]","2021A003524433","Youth non-violent crime severity index","Index","160","units","0","v53079476","12.11","","..","","","2"
"2013","Sherbrooke, Quebec [24433]","2021A003524433","Youth non-violent crime severity index","Index","160","units","0","v53079476","12.11","","..","","","2"
"2014","Sherbrooke, Quebec [24433]","2021A003524433","Youth non-violent crime severity index","Index","160","units","0","v53079476","12.11","","..","","","2"
"2015","Sherbrooke, Quebec [24433]","2021A003524433","Youth non-violent crime severity index","Index","160","units","0","v53079476","12.11","","..","","","2"
"2016","Sherbrooke, Quebec [24433]","2021A003524433","Youth non-violent crime severity index","Index","160","units","0","v53079476","12.11","","..","","","2"
"2017","Sherbrooke, Quebec [24433]","2021A003524433","Youth non-violent crime severity index","Index","160","units","0","v53079476","12.11","","..","","","2"
"2018","Sherbrooke, Quebec [24433]","2021A003524433","Youth non-violent crime severity index","Index","160","units","0","v53079476","12.11","","..","","","2"
"2019","Sherbrooke, Quebec [24433]","2021A003524433","Youth non-violent crime severity index","Index","160","units","0","v53079476","12.11","","..","","","2"
"2020","Sherbrooke, Quebec [24433]","2021A003524433","Youth non-violent crime severity index","Index","160","units","0","v53079476","12.11","","..","","","2"
"2021","Sherbrooke, Quebec [24433]","2021A003524433","Youth non-violent crime severity index","Index","160","units","0","v53079476","12.11","","..","","","2"
"2010","Sherbrooke, Quebec [24433]","2021A003524433","Percent change in youth non-violent crime severity index","Percent","239","units","0","v87984872","12.12","0.00","","","","2"
"2011","Sherbrooke, Quebec [24433]","2021A003524433","Percent change in youth non-violent crime severity index","Percent","239","units","0","v87984872","12.12","","..","","","2"
"2012","Sherbrooke, Quebec [24433]","2021A003524433","Percent change in youth non-violent crime severity index","Percent","239","units","0","v87984872","12.12","","..","","","2"
"2013","Sherbrooke, Quebec [24433]","2021A003524433","Percent change in youth non-violent crime severity index","Percent","239","units","0","v87984872","12.12","","..","","","2"
"2014","Sherbrooke, Quebec [24433]","2021A003524433","Percent change in youth non-violent crime severity index","Percent","239","units","0","v87984872","12.12","","..","","","2"
"2015","Sherbrooke, Quebec [24433]","2021A003524433","Percent change in youth non-violent crime severity index","Percent","239","units","0","v87984872","12.12","","..","","","2"
"2016","Sherbrooke, Quebec [24433]","2021A003524433","Percent change in youth non-violent crime severity index","Percent","239","units","0","v87984872","12.12","","..","","","2"
"2017","Sherbrooke, Quebec [24433]","2021A003524433","Percent change in youth non-violent crime severity index","Percent","239","units","0","v87984872","12.12","","..","","","2"
"2018","Sherbrooke, Quebec [24433]","2021A003524433","Percent change in youth non-violent crime severity index","Percent","239","units","0","v87984872","12.12","","..","","","2"
"2019","Sherbrooke, Quebec [24433]","2021A003524433","Percent change in youth non-violent crime severity index","Percent","239","units","0","v87984872","12.12","","..","","","2"
"2020","Sherbrooke, Quebec [24433]","2021A003524433","Percent change in youth non-violent crime severity index","Percent","239","units","0","v87984872","12.12","","..","","","2"
"2021","Sherbrooke, Quebec [24433]","2021A003524433","Percent change in youth non-violent crime severity index","Percent","239","units","0","v87984872","12.12","","..","","","2"
"2010","Sherbrooke, Quebec [24433]","2021A003524433","Weighted clearance rate","Number","223","units","0","v53079477","12.13","48.04","","","","2"
"2011","Sherbrooke, Quebec [24433]","2021A003524433","Weighted clearance rate","Number","223","units","0","v53079477","12.13","42.82","","","","2"
"2012","Sherbrooke, Quebec [24433]","2021A003524433","Weighted clearance rate","Number","223","units","0","v53079477","12.13","47.97","","","","2"
"2013","Sherbrooke, Quebec [24433]","2021A003524433","Weighted clearance rate","Number","223","units","0","v53079477","12.13","48.32","","","","2"
"2014","Sherbrooke, Quebec [24433]","2021A003524433","Weighted clearance rate","Number","223","units","0","v53079477","12.13","46.11","","","","2"
"2015","Sherbrooke, Quebec [24433]","2021A003524433","Weighted clearance rate","Number","223","units","0","v53079477","12.13","48.42","","","","2"
"2016","Sherbrooke, Quebec [24433]","2021A003524433","Weighted clearance rate","Number","223","units","0","v53079477","12.13","43.90","","","","2"
"2017","Sherbrooke, Quebec [24433]","2021A003524433","Weighted clearance rate","Number","223","units","0","v53079477","12.13","44.31","","","","2"
"2018","Sherbrooke, Quebec [24433]","2021A003524433","Weighted clearance rate","Number","223","units","0","v53079477","12.13","47.84","","","","2"
"2019","Sherbrooke, Quebec [24433]","2021A003524433","Weighted clearance rate","Number","223","units","0","v53079477","12.13","53.00","","","","2"
"2020","Sherbrooke, Quebec [24433]","2021A003524433","Weighted clearance rate","Number","223","units","0","v53079477","12.13","56.16","","","","2"
"2021","Sherbrooke, Quebec [24433]","2021A003524433","Weighted clearance rate","Number","223","units","0","v53079477","12.13","45.00","","","","2"
"2010","Sherbrooke, Quebec [24433]","2021A003524433","Percent change in weighted clearance rate","Percent","239","units","0","v53079478","12.14","-18.17","","","","2"
"2011","Sherbrooke, Quebec [24433]","2021A003524433","Percent change in weighted clearance rate","Percent","239","units","0","v53079478","12.14","-10.87","","","","2"
"2012","Sherbrooke, Quebec [24433]","2021A003524433","Percent change in weighted clearance rate","Percent","239","units","0","v53079478","12.14","12.03","","","","2"
"2013","Sherbrooke, Quebec [24433]","2021A003524433","Percent change in weighted clearance rate","Percent","239","units","0","v53079478","12.14","0.73","","","","2"
"2014","Sherbrooke, Quebec [24433]","2021A003524433","Percent change in weighted clearance rate","Percent","239","units","0","v53079478","12.14","-4.57","","","","2"
"2015","Sherbrooke, Quebec [24433]","2021A003524433","Percent change in weighted clearance rate","Percent","239","units","0","v53079478","12.14","5.01","","","","2"
"2016","Sherbrooke, Quebec [24433]","2021A003524433","Percent change in weighted clearance rate","Percent","239","units","0","v53079478","12.14","-9.33","","","","2"
"2017","Sherbrooke, Quebec [24433]","2021A003524433","Percent change in weighted clearance rate","Percent","239","units","0","v53079478","12.14","0.93","","","","2"
"2018","Sherbrooke, Quebec [24433]","2021A003524433","Percent change in weighted clearance rate","Percent","239","units","0","v53079478","12.14","7.97","","","","2"
"2019","Sherbrooke, Quebec [24433]","2021A003524433","Percent change in weighted clearance rate","Percent","239","units","0","v53079478","12.14","10.79","","","","2"
"2020","Sherbrooke, Quebec [24433]","2021A003524433","Percent change in weighted clearance rate","Percent","239","units","0","v53079478","12.14","5.96","","","","2"
"2021","Sherbrooke, Quebec [24433]","2021A003524433","Percent change in weighted clearance rate","Percent","239","units","0","v53079478","12.14","-19.87","","","","2"
"2010","Sherbrooke, Quebec [24433]","2021A003524433","Violent weighted clearance rate","Number","223","units","0","v53079479","12.15","87.00","","","","2"
"2011","Sherbrooke, Quebec [24433]","2021A003524433","Violent weighted clearance rate","Number","223","units","0","v53079479","12.15","70.91","","","","2"
"2012","Sherbrooke, Quebec [24433]","2021A003524433","Violent weighted clearance rate","Number","223","units","0","v53079479","12.15","89.02","","","","2"
"2013","Sherbrooke, Quebec [24433]","2021A003524433","Violent weighted clearance rate","Number","223","units","0","v53079479","12.15","78.50","","","","2"
"2014","Sherbrooke, Quebec [24433]","2021A003524433","Violent weighted clearance rate","Number","223","units","0","v53079479","12.15","72.65","","","","2"
"2015","Sherbrooke, Quebec [24433]","2021A003524433","Violent weighted clearance rate","Number","223","units","0","v53079479","12.15","82.40","","","","2"
"2016","Sherbrooke, Quebec [24433]","2021A003524433","Violent weighted clearance rate","Number","223","units","0","v53079479","12.15","56.71","","","","2"
"2017","Sherbrooke, Quebec [24433]","2021A003524433","Violent weighted clearance rate","Number","223","units","0","v53079479","12.15","59.73","","","","2"
"2018","Sherbrooke, Quebec [24433]","2021A003524433","Violent weighted clearance rate","Number","223","units","0","v53079479","12.15","61.32","","","","2"
"2019","Sherbrooke, Quebec [24433]","2021A003524433","Violent weighted clearance rate","Number","223","units","0","v53079479","12.15","79.10","","","","2"
"2020","Sherbrooke, Quebec [24433]","2021A003524433","Violent weighted clearance rate","Number","223","units","0","v53079479","12.15","73.86","","","","2"
"2021","Sherbrooke, Quebec [24433]","2021A003524433","Violent weighted clearance rate","Number","223","units","0","v53079479","12.15","61.03","","","","2"
"2010","Sherbrooke, Quebec [24433]","2021A003524433","Percent change in violent weighted clearance rate","Percent","239","units","0","v53079480","12.16","-22.88","","","","2"
"2011","Sherbrooke, Quebec [24433]","2021A003524433","Percent change in violent weighted clearance rate","Percent","239","units","0","v53079480","12.16","-18.49","","","","2"
"2012","Sherbrooke, Quebec [24433]","2021A003524433","Percent change in violent weighted clearance rate","Percent","239","units","0","v53079480","12.16","25.54","","","","2"
"2013","Sherbrooke, Quebec [24433]","2021A003524433","Percent change in violent weighted clearance rate","Percent","239","units","0","v53079480","12.16","-11.82","","","","2"
"2014","Sherbrooke, Quebec [24433]","2021A003524433","Percent change in violent weighted clearance rate","Percent","239","units","0","v53079480","12.16","-7.45","","","","2"
"2015","Sherbrooke, Quebec [24433]","2021A003524433","Percent change in violent weighted clearance rate","Percent","239","units","0","v53079480","12.16","13.42","","","","2"
"2016","Sherbrooke, Quebec [24433]","2021A003524433","Percent change in violent weighted clearance rate","Percent","239","units","0","v53079480","12.16","-31.18","","","","2"
"2017","Sherbrooke, Quebec [24433]","2021A003524433","Percent change in violent weighted clearance rate","Percent","239","units","0","v53079480","12.16","5.33","","","","2"
"2018","Sherbrooke, Quebec [24433]","2021A003524433","Percent change in violent weighted clearance rate","Percent","239","units","0","v53079480","12.16","2.66","","","","2"
"2019","Sherbrooke, Quebec [24433]","2021A003524433","Percent change in violent weighted clearance rate","Percent","239","units","0","v53079480","12.16","29.00","","","","2"
"2020","Sherbrooke, Quebec [24433]","2021A003524433","Percent change in violent weighted clearance rate","Percent","239","units","0","v53079480","12.16","-6.62","","","","2"
"2021","Sherbrooke, Quebec [24433]","2021A003524433","Percent change in violent weighted clearance rate","Percent","239","units","0","v53079480","12.16","-17.37","","","","2"
"2010","Sherbrooke, Quebec [24433]","2021A003524433","Non-violent weighted clearance rate","Number","223","units","0","v53079481","12.17","38.62","","","","2"
"2011","Sherbrooke, Quebec [24433]","2021A003524433","Non-violent weighted clearance rate","Number","223","units","0","v53079481","12.17","34.80","","","","2"
"2012","Sherbrooke, Quebec [24433]","2021A003524433","Non-violent weighted clearance rate","Number","223","units","0","v53079481","12.17","36.39","","","","2"
"2013","Sherbrooke, Quebec [24433]","2021A003524433","Non-violent weighted clearance rate","Number","223","units","0","v53079481","12.17","40.42","","","","2"
"2014","Sherbrooke, Quebec [24433]","2021A003524433","Non-violent weighted clearance rate","Number","223","units","0","v53079481","12.17","36.59","","","","2"
"2015","Sherbrooke, Quebec [24433]","2021A003524433","Non-violent weighted clearance rate","Number","223","units","0","v53079481","12.17","37.73","","","","2"
"2016","Sherbrooke, Quebec [24433]","2021A003524433","Non-violent weighted clearance rate","Number","223","units","0","v53079481","12.17","38.37","","","","2"
"2017","Sherbrooke, Quebec [24433]","2021A003524433","Non-violent weighted clearance rate","Number","223","units","0","v53079481","12.17","37.68","","","","2"
"2018","Sherbrooke, Quebec [24433]","2021A003524433","Non-violent weighted clearance rate","Number","223","units","0","v53079481","12.17","40.90","","","","2"
"2019","Sherbrooke, Quebec [24433]","2021A003524433","Non-violent weighted clearance rate","Number","223","units","0","v53079481","12.17","41.01","","","","2"
"2020","Sherbrooke, Quebec [24433]","2021A003524433","Non-violent weighted clearance rate","Number","223","units","0","v53079481","12.17","45.39","","","","2"
"2021","Sherbrooke, Quebec [24433]","2021A003524433","Non-violent weighted clearance rate","Number","223","units","0","v53079481","12.17","34.96","","","","2"
"2010","Sherbrooke, Quebec [24433]","2021A003524433","Percent change in non-violent weighted clearance rate","Percent","239","units","0","v53079482","12.18","-13.17","","","","2"
"2011","Sherbrooke, Quebec [24433]","2021A003524433","Percent change in non-violent weighted clearance rate","Percent","239","units","0","v53079482","12.18","-9.89","","","","2"
"2012","Sherbrooke, Quebec [24433]","2021A003524433","Percent change in non-violent weighted clearance rate","Percent","239","units","0","v53079482","12.18","4.57","","","","2"
"2013","Sherbrooke, Quebec [24433]","2021A003524433","Percent change in non-violent weighted clearance rate","Percent","239","units","0","v53079482","12.18","11.07","","","","2"
"2014","Sherbrooke, Quebec [24433]","2021A003524433","Percent change in non-violent weighted clearance rate","Percent","239","units","0","v53079482","12.18","-9.48","","","","2"
"2015","Sherbrooke, Quebec [24433]","2021A003524433","Percent change in non-violent weighted clearance rate","Percent","239","units","0","v53079482","12.18","3.12","","","","2"
"2016","Sherbrooke, Quebec [24433]","2021A003524433","Percent change in non-violent weighted clearance rate","Percent","239","units","0","v53079482","12.18","1.70","","","","2"
"2017","Sherbrooke, Quebec [24433]","2021A003524433","Percent change in non-violent weighted clearance rate","Percent","239","units","0","v53079482","12.18","-1.80","","","","2"
"2018","Sherbrooke, Quebec [24433]","2021A003524433","Percent change in non-violent weighted clearance rate","Percent","239","units","0","v53079482","12.18","8.55","","","","2"
"2019","Sherbrooke, Quebec [24433]","2021A003524433","Percent change in non-violent weighted clearance rate","Percent","239","units","0","v53079482","12.18","0.27","","","","2"
"2020","Sherbrooke, Quebec [24433]","2021A003524433","Percent change in non-violent weighted clearance rate","Percent","239","units","0","v53079482","12.18","10.68","","","","2"
"2021","Sherbrooke, Quebec [24433]","2021A003524433","Percent change in non-violent weighted clearance rate","Percent","239","units","0","v53079482","12.18","-22.98","","","","2"


