﻿"REF_DATE","GEO","DGUID","Statistics","UOM","UOM_ID","SCALAR_FACTOR","SCALAR_ID","VECTOR","COORDINATE","VALUE","STATUS","SYMBOL","TERMINATED","DECIMALS"
"2010","Hamilton, Ontario [35537]","2021A003535537","Crime severity index","Index","160","units","0","v44312575","20.1","71.53","","","","2"
"2011","Hamilton, Ontario [35537]","2021A003535537","Crime severity index","Index","160","units","0","v44312575","20.1","64.91","","","","2"
"2012","Hamilton, Ontario [35537]","2021A003535537","Crime severity index","Index","160","units","0","v44312575","20.1","61.12","","","","2"
"2013","Hamilton, Ontario [35537]","2021A003535537","Crime severity index","Index","160","units","0","v44312575","20.1","55.53","","","","2"
"2014","Hamilton, Ontario [35537]","2021A003535537","Crime severity index","Index","160","units","0","v44312575","20.1","51.47","","","","2"
"2015","Hamilton, Ontario [35537]","2021A003535537","Crime severity index","Index","160","units","0","v44312575","20.1","51.39","","","","2"
"2016","Hamilton, Ontario [35537]","2021A003535537","Crime severity index","Index","160","units","0","v44312575","20.1","54.29","","","","2"
"2017","Hamilton, Ontario [35537]","2021A003535537","Crime severity index","Index","160","units","0","v44312575","20.1","60.22","","","","2"
"2018","Hamilton, Ontario [35537]","2021A003535537","Crime severity index","Index","160","units","0","v44312575","20.1","58.25","","","","2"
"2019","Hamilton, Ontario [35537]","2021A003535537","Crime severity index","Index","160","units","0","v44312575","20.1","60.12","","","","2"
"2020","Hamilton, Ontario [35537]","2021A003535537","Crime severity index","Index","160","units","0","v44312575","20.1","55.72","","","","2"
"2021","Hamilton, Ontario [35537]","2021A003535537","Crime severity index","Index","160","units","0","v44312575","20.1","56.85","","","","2"
"2010","Hamilton, Ontario [35537]","2021A003535537","Percent change in crime severity index","Percent","239","units","0","v44312576","20.2","-4.21","","","","2"
"2011","Hamilton, Ontario [35537]","2021A003535537","Percent change in crime severity index","Percent","239","units","0","v44312576","20.2","-9.25","","","","2"
"2012","Hamilton, Ontario [35537]","2021A003535537","Percent change in crime severity index","Percent","239","units","0","v44312576","20.2","-5.84","","","","2"
"2013","Hamilton, Ontario [35537]","2021A003535537","Percent change in crime severity index","Percent","239","units","0","v44312576","20.2","-9.15","","","","2"
"2014","Hamilton, Ontario [35537]","2021A003535537","Percent change in crime severity index","Percent","239","units","0","v44312576","20.2","-7.31","","","","2"
"2015","Hamilton, Ontario [35537]","2021A003535537","Percent change in crime severity index","Percent","239","units","0","v44312576","20.2","-0.16","","","","2"
"2016","Hamilton, Ontario [35537]","2021A003535537","Percent change in crime severity index","Percent","239","units","0","v44312576","20.2","5.64","","","","2"
"2017","Hamilton, Ontario [35537]","2021A003535537","Percent change in crime severity index","Percent","239","units","0","v44312576","20.2","10.92","","","","2"
"2018","Hamilton, Ontario [35537]","2021A003535537","Percent change in crime severity index","Percent","239","units","0","v44312576","20.2","-3.27","","","","2"
"2019","Hamilton, Ontario [35537]","2021A003535537","Percent change in crime severity index","Percent","239","units","0","v44312576","20.2","3.21","","","","2"
"2020","Hamilton, Ontario [35537]","2021A003535537","Percent change in crime severity index","Percent","239","units","0","v44312576","20.2","-7.32","","","","2"
"2021","Hamilton, Ontario [35537]","2021A003535537","Percent change in crime severity index","Percent","239","units","0","v44312576","20.2","2.03","","","","2"
"2010","Hamilton, Ontario [35537]","2021A003535537","Violent crime severity index","Index","160","units","0","v44312577","20.3","81.18","","","","2"
"2011","Hamilton, Ontario [35537]","2021A003535537","Violent crime severity index","Index","160","units","0","v44312577","20.3","74.89","","","","2"
"2012","Hamilton, Ontario [35537]","2021A003535537","Violent crime severity index","Index","160","units","0","v44312577","20.3","62.87","","","","2"
"2013","Hamilton, Ontario [35537]","2021A003535537","Violent crime severity index","Index","160","units","0","v44312577","20.3","60.49","","","","2"
"2014","Hamilton, Ontario [35537]","2021A003535537","Violent crime severity index","Index","160","units","0","v44312577","20.3","56.37","","","","2"
"2015","Hamilton, Ontario [35537]","2021A003535537","Violent crime severity index","Index","160","units","0","v44312577","20.3","55.70","","","","2"
"2016","Hamilton, Ontario [35537]","2021A003535537","Violent crime severity index","Index","160","units","0","v44312577","20.3","66.73","","","","2"
"2017","Hamilton, Ontario [35537]","2021A003535537","Violent crime severity index","Index","160","units","0","v44312577","20.3","76.95","","","","2"
"2018","Hamilton, Ontario [35537]","2021A003535537","Violent crime severity index","Index","160","units","0","v44312577","20.3","67.44","","","","2"
"2019","Hamilton, Ontario [35537]","2021A003535537","Violent crime severity index","Index","160","units","0","v44312577","20.3","73.93","","","","2"
"2020","Hamilton, Ontario [35537]","2021A003535537","Violent crime severity index","Index","160","units","0","v44312577","20.3","76.90","","","","2"
"2021","Hamilton, Ontario [35537]","2021A003535537","Violent crime severity index","Index","160","units","0","v44312577","20.3","76.49","","","","2"
"2010","Hamilton, Ontario [35537]","2021A003535537","Percent change in violent crime severity index","Percent","239","units","0","v44312578","20.4","-5.37","","","","2"
"2011","Hamilton, Ontario [35537]","2021A003535537","Percent change in violent crime severity index","Percent","239","units","0","v44312578","20.4","-7.75","","","","2"
"2012","Hamilton, Ontario [35537]","2021A003535537","Percent change in violent crime severity index","Percent","239","units","0","v44312578","20.4","-16.05","","","","2"
"2013","Hamilton, Ontario [35537]","2021A003535537","Percent change in violent crime severity index","Percent","239","units","0","v44312578","20.4","-3.79","","","","2"
"2014","Hamilton, Ontario [35537]","2021A003535537","Percent change in violent crime severity index","Percent","239","units","0","v44312578","20.4","-6.81","","","","2"
"2015","Hamilton, Ontario [35537]","2021A003535537","Percent change in violent crime severity index","Percent","239","units","0","v44312578","20.4","-1.19","","","","2"
"2016","Hamilton, Ontario [35537]","2021A003535537","Percent change in violent crime severity index","Percent","239","units","0","v44312578","20.4","19.80","","","","2"
"2017","Hamilton, Ontario [35537]","2021A003535537","Percent change in violent crime severity index","Percent","239","units","0","v44312578","20.4","15.32","","","","2"
"2018","Hamilton, Ontario [35537]","2021A003535537","Percent change in violent crime severity index","Percent","239","units","0","v44312578","20.4","-12.36","","","","2"
"2019","Hamilton, Ontario [35537]","2021A003535537","Percent change in violent crime severity index","Percent","239","units","0","v44312578","20.4","9.62","","","","2"
"2020","Hamilton, Ontario [35537]","2021A003535537","Percent change in violent crime severity index","Percent","239","units","0","v44312578","20.4","4.02","","","","2"
"2021","Hamilton, Ontario [35537]","2021A003535537","Percent change in violent crime severity index","Percent","239","units","0","v44312578","20.4","-0.53","","","","2"
"2010","Hamilton, Ontario [35537]","2021A003535537","Non-violent crime severity index","Index","160","units","0","v44312579","20.5","67.82","","","","2"
"2011","Hamilton, Ontario [35537]","2021A003535537","Non-violent crime severity index","Index","160","units","0","v44312579","20.5","61.14","","","","2"
"2012","Hamilton, Ontario [35537]","2021A003535537","Non-violent crime severity index","Index","160","units","0","v44312579","20.5","60.35","","","","2"
"2013","Hamilton, Ontario [35537]","2021A003535537","Non-violent crime severity index","Index","160","units","0","v44312579","20.5","53.61","","","","2"
"2014","Hamilton, Ontario [35537]","2021A003535537","Non-violent crime severity index","Index","160","units","0","v44312579","20.5","49.58","","","","2"
"2015","Hamilton, Ontario [35537]","2021A003535537","Non-violent crime severity index","Index","160","units","0","v44312579","20.5","49.71","","","","2"
"2016","Hamilton, Ontario [35537]","2021A003535537","Non-violent crime severity index","Index","160","units","0","v44312579","20.5","49.69","","","","2"
"2017","Hamilton, Ontario [35537]","2021A003535537","Non-violent crime severity index","Index","160","units","0","v44312579","20.5","54.06","","","","2"
"2018","Hamilton, Ontario [35537]","2021A003535537","Non-violent crime severity index","Index","160","units","0","v44312579","20.5","54.81","","","","2"
"2019","Hamilton, Ontario [35537]","2021A003535537","Non-violent crime severity index","Index","160","units","0","v44312579","20.5","55.01","","","","2"
"2020","Hamilton, Ontario [35537]","2021A003535537","Non-violent crime severity index","Index","160","units","0","v44312579","20.5","47.97","","","","2"
"2021","Hamilton, Ontario [35537]","2021A003535537","Non-violent crime severity index","Index","160","units","0","v44312579","20.5","49.65","","","","2"
"2010","Hamilton, Ontario [35537]","2021A003535537","Percent change in non-violent crime severity index","Percent","239","units","0","v44312580","20.6","-3.65","","","","2"
"2011","Hamilton, Ontario [35537]","2021A003535537","Percent change in non-violent crime severity index","Percent","239","units","0","v44312580","20.6","-9.85","","","","2"
"2012","Hamilton, Ontario [35537]","2021A003535537","Percent change in non-violent crime severity index","Percent","239","units","0","v44312580","20.6","-1.29","","","","2"
"2013","Hamilton, Ontario [35537]","2021A003535537","Percent change in non-violent crime severity index","Percent","239","units","0","v44312580","20.6","-11.17","","","","2"
"2014","Hamilton, Ontario [35537]","2021A003535537","Percent change in non-violent crime severity index","Percent","239","units","0","v44312580","20.6","-7.52","","","","2"
"2015","Hamilton, Ontario [35537]","2021A003535537","Percent change in non-violent crime severity index","Percent","239","units","0","v44312580","20.6","0.26","","","","2"
"2016","Hamilton, Ontario [35537]","2021A003535537","Percent change in non-violent crime severity index","Percent","239","units","0","v44312580","20.6","-0.04","","","","2"
"2017","Hamilton, Ontario [35537]","2021A003535537","Percent change in non-violent crime severity index","Percent","239","units","0","v44312580","20.6","8.79","","","","2"
"2018","Hamilton, Ontario [35537]","2021A003535537","Percent change in non-violent crime severity index","Percent","239","units","0","v44312580","20.6","1.39","","","","2"
"2019","Hamilton, Ontario [35537]","2021A003535537","Percent change in non-violent crime severity index","Percent","239","units","0","v44312580","20.6","0.36","","","","2"
"2020","Hamilton, Ontario [35537]","2021A003535537","Percent change in non-violent crime severity index","Percent","239","units","0","v44312580","20.6","-12.80","","","","2"
"2021","Hamilton, Ontario [35537]","2021A003535537","Percent change in non-violent crime severity index","Percent","239","units","0","v44312580","20.6","3.50","","","","2"
"2010","Hamilton, Ontario [35537]","2021A003535537","Youth crime severity index","Index","160","units","0","v53079570","20.7","0.00","","","","2"
"2011","Hamilton, Ontario [35537]","2021A003535537","Youth crime severity index","Index","160","units","0","v53079570","20.7","","..","","","2"
"2012","Hamilton, Ontario [35537]","2021A003535537","Youth crime severity index","Index","160","units","0","v53079570","20.7","","..","","","2"
"2013","Hamilton, Ontario [35537]","2021A003535537","Youth crime severity index","Index","160","units","0","v53079570","20.7","","..","","","2"
"2014","Hamilton, Ontario [35537]","2021A003535537","Youth crime severity index","Index","160","units","0","v53079570","20.7","","..","","","2"
"2015","Hamilton, Ontario [35537]","2021A003535537","Youth crime severity index","Index","160","units","0","v53079570","20.7","","..","","","2"
"2016","Hamilton, Ontario [35537]","2021A003535537","Youth crime severity index","Index","160","units","0","v53079570","20.7","","..","","","2"
"2017","Hamilton, Ontario [35537]","2021A003535537","Youth crime severity index","Index","160","units","0","v53079570","20.7","","..","","","2"
"2018","Hamilton, Ontario [35537]","2021A003535537","Youth crime severity index","Index","160","units","0","v53079570","20.7","","..","","","2"
"2019","Hamilton, Ontario [35537]","2021A003535537","Youth crime severity index","Index","160","units","0","v53079570","20.7","","..","","","2"
"2020","Hamilton, Ontario [35537]","2021A003535537","Youth crime severity index","Index","160","units","0","v53079570","20.7","","..","","","2"
"2021","Hamilton, Ontario [35537]","2021A003535537","Youth crime severity index","Index","160","units","0","v53079570","20.7","","..","","","2"
"2010","Hamilton, Ontario [35537]","2021A003535537","Percent change in youth crime severity index","Percent","239","units","0","v87984897","20.8","0.00","","","","2"
"2011","Hamilton, Ontario [35537]","2021A003535537","Percent change in youth crime severity index","Percent","239","units","0","v87984897","20.8","","..","","","2"
"2012","Hamilton, Ontario [35537]","2021A003535537","Percent change in youth crime severity index","Percent","239","units","0","v87984897","20.8","","..","","","2"
"2013","Hamilton, Ontario [35537]","2021A003535537","Percent change in youth crime severity index","Percent","239","units","0","v87984897","20.8","","..","","","2"
"2014","Hamilton, Ontario [35537]","2021A003535537","Percent change in youth crime severity index","Percent","239","units","0","v87984897","20.8","","..","","","2"
"2015","Hamilton, Ontario [35537]","2021A003535537","Percent change in youth crime severity index","Percent","239","units","0","v87984897","20.8","","..","","","2"
"2016","Hamilton, Ontario [35537]","2021A003535537","Percent change in youth crime severity index","Percent","239","units","0","v87984897","20.8","","..","","","2"
"2017","Hamilton, Ontario [35537]","2021A003535537","Percent change in youth crime severity index","Percent","239","units","0","v87984897","20.8","","..","","","2"
"2018","Hamilton, Ontario [35537]","2021A003535537","Percent change in youth crime severity index","Percent","239","units","0","v87984897","20.8","","..","","","2"
"2019","Hamilton, Ontario [35537]","2021A003535537","Percent change in youth crime severity index","Percent","239","units","0","v87984897","20.8","","..","","","2"
"2020","Hamilton, Ontario [35537]","2021A003535537","Percent change in youth crime severity index","Percent","239","units","0","v87984897","20.8","","..","","","2"
"2021","Hamilton, Ontario [35537]","2021A003535537","Percent change in youth crime severity index","Percent","239","units","0","v87984897","20.8","","..","","","2"
"2010","Hamilton, Ontario [35537]","2021A003535537","Youth violent crime severity index","Index","160","units","0","v53079571","20.9","0.00","","","","2"
"2011","Hamilton, Ontario [35537]","2021A003535537","Youth violent crime severity index","Index","160","units","0","v53079571","20.9","","..","","","2"
"2012","Hamilton, Ontario [35537]","2021A003535537","Youth violent crime severity index","Index","160","units","0","v53079571","20.9","","..","","","2"
"2013","Hamilton, Ontario [35537]","2021A003535537","Youth violent crime severity index","Index","160","units","0","v53079571","20.9","","..","","","2"
"2014","Hamilton, Ontario [35537]","2021A003535537","Youth violent crime severity index","Index","160","units","0","v53079571","20.9","","..","","","2"
"2015","Hamilton, Ontario [35537]","2021A003535537","Youth violent crime severity index","Index","160","units","0","v53079571","20.9","","..","","","2"
"2016","Hamilton, Ontario [35537]","2021A003535537","Youth violent crime severity index","Index","160","units","0","v53079571","20.9","","..","","","2"
"2017","Hamilton, Ontario [35537]","2021A003535537","Youth violent crime severity index","Index","160","units","0","v53079571","20.9","","..","","","2"
"2018","Hamilton, Ontario [35537]","2021A003535537","Youth violent crime severity index","Index","160","units","0","v53079571","20.9","","..","","","2"
"2019","Hamilton, Ontario [35537]","2021A003535537","Youth violent crime severity index","Index","160","units","0","v53079571","20.9","","..","","","2"
"2020","Hamilton, Ontario [35537]","2021A003535537","Youth violent crime severity index","Index","160","units","0","v53079571","20.9","","..","","","2"
"2021","Hamilton, Ontario [35537]","2021A003535537","Youth violent crime severity index","Index","160","units","0","v53079571","20.9","","..","","","2"
"2010","Hamilton, Ontario [35537]","2021A003535537","Percent change in youth violent crime severity index","Percent","239","units","0","v87984898","20.10","0.00","","","","2"
"2011","Hamilton, Ontario [35537]","2021A003535537","Percent change in youth violent crime severity index","Percent","239","units","0","v87984898","20.10","","..","","","2"
"2012","Hamilton, Ontario [35537]","2021A003535537","Percent change in youth violent crime severity index","Percent","239","units","0","v87984898","20.10","","..","","","2"
"2013","Hamilton, Ontario [35537]","2021A003535537","Percent change in youth violent crime severity index","Percent","239","units","0","v87984898","20.10","","..","","","2"
"2014","Hamilton, Ontario [35537]","2021A003535537","Percent change in youth violent crime severity index","Percent","239","units","0","v87984898","20.10","","..","","","2"
"2015","Hamilton, Ontario [35537]","2021A003535537","Percent change in youth violent crime severity index","Percent","239","units","0","v87984898","20.10","","..","","","2"
"2016","Hamilton, Ontario [35537]","2021A003535537","Percent change in youth violent crime severity index","Percent","239","units","0","v87984898","20.10","","..","","","2"
"2017","Hamilton, Ontario [35537]","2021A003535537","Percent change in youth violent crime severity index","Percent","239","units","0","v87984898","20.10","","..","","","2"
"2018","Hamilton, Ontario [35537]","2021A003535537","Percent change in youth violent crime severity index","Percent","239","units","0","v87984898","20.10","","..","","","2"
"2019","Hamilton, Ontario [35537]","2021A003535537","Percent change in youth violent crime severity index","Percent","239","units","0","v87984898","20.10","","..","","","2"
"2020","Hamilton, Ontario [35537]","2021A003535537","Percent change in youth violent crime severity index","Percent","239","units","0","v87984898","20.10","","..","","","2"
"2021","Hamilton, Ontario [35537]","2021A003535537","Percent change in youth violent crime severity index","Percent","239","units","0","v87984898","20.10","","..","","","2"
"2010","Hamilton, Ontario [35537]","2021A003535537","Youth non-violent crime severity index","Index","160","units","0","v53079563","20.11","0.00","","","","2"
"2011","Hamilton, Ontario [35537]","2021A003535537","Youth non-violent crime severity index","Index","160","units","0","v53079563","20.11","","..","","","2"
"2012","Hamilton, Ontario [35537]","2021A003535537","Youth non-violent crime severity index","Index","160","units","0","v53079563","20.11","","..","","","2"
"2013","Hamilton, Ontario [35537]","2021A003535537","Youth non-violent crime severity index","Index","160","units","0","v53079563","20.11","","..","","","2"
"2014","Hamilton, Ontario [35537]","2021A003535537","Youth non-violent crime severity index","Index","160","units","0","v53079563","20.11","","..","","","2"
"2015","Hamilton, Ontario [35537]","2021A003535537","Youth non-violent crime severity index","Index","160","units","0","v53079563","20.11","","..","","","2"
"2016","Hamilton, Ontario [35537]","2021A003535537","Youth non-violent crime severity index","Index","160","units","0","v53079563","20.11","","..","","","2"
"2017","Hamilton, Ontario [35537]","2021A003535537","Youth non-violent crime severity index","Index","160","units","0","v53079563","20.11","","..","","","2"
"2018","Hamilton, Ontario [35537]","2021A003535537","Youth non-violent crime severity index","Index","160","units","0","v53079563","20.11","","..","","","2"
"2019","Hamilton, Ontario [35537]","2021A003535537","Youth non-violent crime severity index","Index","160","units","0","v53079563","20.11","","..","","","2"
"2020","Hamilton, Ontario [35537]","2021A003535537","Youth non-violent crime severity index","Index","160","units","0","v53079563","20.11","","..","","","2"
"2021","Hamilton, Ontario [35537]","2021A003535537","Youth non-violent crime severity index","Index","160","units","0","v53079563","20.11","","..","","","2"
"2010","Hamilton, Ontario [35537]","2021A003535537","Percent change in youth non-violent crime severity index","Percent","239","units","0","v87984899","20.12","0.00","","","","2"
"2011","Hamilton, Ontario [35537]","2021A003535537","Percent change in youth non-violent crime severity index","Percent","239","units","0","v87984899","20.12","","..","","","2"
"2012","Hamilton, Ontario [35537]","2021A003535537","Percent change in youth non-violent crime severity index","Percent","239","units","0","v87984899","20.12","","..","","","2"
"2013","Hamilton, Ontario [35537]","2021A003535537","Percent change in youth non-violent crime severity index","Percent","239","units","0","v87984899","20.12","","..","","","2"
"2014","Hamilton, Ontario [35537]","2021A003535537","Percent change in youth non-violent crime severity index","Percent","239","units","0","v87984899","20.12","","..","","","2"
"2015","Hamilton, Ontario [35537]","2021A003535537","Percent change in youth non-violent crime severity index","Percent","239","units","0","v87984899","20.12","","..","","","2"
"2016","Hamilton, Ontario [35537]","2021A003535537","Percent change in youth non-violent crime severity index","Percent","239","units","0","v87984899","20.12","","..","","","2"
"2017","Hamilton, Ontario [35537]","2021A003535537","Percent change in youth non-violent crime severity index","Percent","239","units","0","v87984899","20.12","","..","","","2"
"2018","Hamilton, Ontario [35537]","2021A003535537","Percent change in youth non-violent crime severity index","Percent","239","units","0","v87984899","20.12","","..","","","2"
"2019","Hamilton, Ontario [35537]","2021A003535537","Percent change in youth non-violent crime severity index","Percent","239","units","0","v87984899","20.12","","..","","","2"
"2020","Hamilton, Ontario [35537]","2021A003535537","Percent change in youth non-violent crime severity index","Percent","239","units","0","v87984899","20.12","","..","","","2"
"2021","Hamilton, Ontario [35537]","2021A003535537","Percent change in youth non-violent crime severity index","Percent","239","units","0","v87984899","20.12","","..","","","2"
"2010","Hamilton, Ontario [35537]","2021A003535537","Weighted clearance rate","Number","223","units","0","v53079564","20.13","33.06","","","","2"
"2011","Hamilton, Ontario [35537]","2021A003535537","Weighted clearance rate","Number","223","units","0","v53079564","20.13","35.25","","","","2"
"2012","Hamilton, Ontario [35537]","2021A003535537","Weighted clearance rate","Number","223","units","0","v53079564","20.13","35.61","","","","2"
"2013","Hamilton, Ontario [35537]","2021A003535537","Weighted clearance rate","Number","223","units","0","v53079564","20.13","34.47","","","","2"
"2014","Hamilton, Ontario [35537]","2021A003535537","Weighted clearance rate","Number","223","units","0","v53079564","20.13","35.85","","","","2"
"2015","Hamilton, Ontario [35537]","2021A003535537","Weighted clearance rate","Number","223","units","0","v53079564","20.13","36.79","","","","2"
"2016","Hamilton, Ontario [35537]","2021A003535537","Weighted clearance rate","Number","223","units","0","v53079564","20.13","38.13","","","","2"
"2017","Hamilton, Ontario [35537]","2021A003535537","Weighted clearance rate","Number","223","units","0","v53079564","20.13","37.65","","","","2"
"2018","Hamilton, Ontario [35537]","2021A003535537","Weighted clearance rate","Number","223","units","0","v53079564","20.13","36.58","","","","2"
"2019","Hamilton, Ontario [35537]","2021A003535537","Weighted clearance rate","Number","223","units","0","v53079564","20.13","39.46","","","","2"
"2020","Hamilton, Ontario [35537]","2021A003535537","Weighted clearance rate","Number","223","units","0","v53079564","20.13","40.78","","","","2"
"2021","Hamilton, Ontario [35537]","2021A003535537","Weighted clearance rate","Number","223","units","0","v53079564","20.13","39.83","","","","2"
"2010","Hamilton, Ontario [35537]","2021A003535537","Percent change in weighted clearance rate","Percent","239","units","0","v53079565","20.14","-10.55","","","","2"
"2011","Hamilton, Ontario [35537]","2021A003535537","Percent change in weighted clearance rate","Percent","239","units","0","v53079565","20.14","6.62","","","","2"
"2012","Hamilton, Ontario [35537]","2021A003535537","Percent change in weighted clearance rate","Percent","239","units","0","v53079565","20.14","1.02","","","","2"
"2013","Hamilton, Ontario [35537]","2021A003535537","Percent change in weighted clearance rate","Percent","239","units","0","v53079565","20.14","-3.20","","","","2"
"2014","Hamilton, Ontario [35537]","2021A003535537","Percent change in weighted clearance rate","Percent","239","units","0","v53079565","20.14","4.00","","","","2"
"2015","Hamilton, Ontario [35537]","2021A003535537","Percent change in weighted clearance rate","Percent","239","units","0","v53079565","20.14","2.62","","","","2"
"2016","Hamilton, Ontario [35537]","2021A003535537","Percent change in weighted clearance rate","Percent","239","units","0","v53079565","20.14","3.64","","","","2"
"2017","Hamilton, Ontario [35537]","2021A003535537","Percent change in weighted clearance rate","Percent","239","units","0","v53079565","20.14","-1.26","","","","2"
"2018","Hamilton, Ontario [35537]","2021A003535537","Percent change in weighted clearance rate","Percent","239","units","0","v53079565","20.14","-2.84","","","","2"
"2019","Hamilton, Ontario [35537]","2021A003535537","Percent change in weighted clearance rate","Percent","239","units","0","v53079565","20.14","7.87","","","","2"
"2020","Hamilton, Ontario [35537]","2021A003535537","Percent change in weighted clearance rate","Percent","239","units","0","v53079565","20.14","3.35","","","","2"
"2021","Hamilton, Ontario [35537]","2021A003535537","Percent change in weighted clearance rate","Percent","239","units","0","v53079565","20.14","-2.33","","","","2"
"2010","Hamilton, Ontario [35537]","2021A003535537","Violent weighted clearance rate","Number","223","units","0","v53079566","20.15","51.16","","","","2"
"2011","Hamilton, Ontario [35537]","2021A003535537","Violent weighted clearance rate","Number","223","units","0","v53079566","20.15","55.25","","","","2"
"2012","Hamilton, Ontario [35537]","2021A003535537","Violent weighted clearance rate","Number","223","units","0","v53079566","20.15","55.96","","","","2"
"2013","Hamilton, Ontario [35537]","2021A003535537","Violent weighted clearance rate","Number","223","units","0","v53079566","20.15","56.66","","","","2"
"2014","Hamilton, Ontario [35537]","2021A003535537","Violent weighted clearance rate","Number","223","units","0","v53079566","20.15","55.32","","","","2"
"2015","Hamilton, Ontario [35537]","2021A003535537","Violent weighted clearance rate","Number","223","units","0","v53079566","20.15","55.44","","","","2"
"2016","Hamilton, Ontario [35537]","2021A003535537","Violent weighted clearance rate","Number","223","units","0","v53079566","20.15","57.06","","","","2"
"2017","Hamilton, Ontario [35537]","2021A003535537","Violent weighted clearance rate","Number","223","units","0","v53079566","20.15","51.53","","","","2"
"2018","Hamilton, Ontario [35537]","2021A003535537","Violent weighted clearance rate","Number","223","units","0","v53079566","20.15","53.04","","","","2"
"2019","Hamilton, Ontario [35537]","2021A003535537","Violent weighted clearance rate","Number","223","units","0","v53079566","20.15","57.63","","","","2"
"2020","Hamilton, Ontario [35537]","2021A003535537","Violent weighted clearance rate","Number","223","units","0","v53079566","20.15","55.08","","","","2"
"2021","Hamilton, Ontario [35537]","2021A003535537","Violent weighted clearance rate","Number","223","units","0","v53079566","20.15","59.17","","","","2"
"2010","Hamilton, Ontario [35537]","2021A003535537","Percent change in violent weighted clearance rate","Percent","239","units","0","v53079567","20.16","-10.06","","","","2"
"2011","Hamilton, Ontario [35537]","2021A003535537","Percent change in violent weighted clearance rate","Percent","239","units","0","v53079567","20.16","7.99","","","","2"
"2012","Hamilton, Ontario [35537]","2021A003535537","Percent change in violent weighted clearance rate","Percent","239","units","0","v53079567","20.16","1.29","","","","2"
"2013","Hamilton, Ontario [35537]","2021A003535537","Percent change in violent weighted clearance rate","Percent","239","units","0","v53079567","20.16","1.25","","","","2"
"2014","Hamilton, Ontario [35537]","2021A003535537","Percent change in violent weighted clearance rate","Percent","239","units","0","v53079567","20.16","-2.36","","","","2"
"2015","Hamilton, Ontario [35537]","2021A003535537","Percent change in violent weighted clearance rate","Percent","239","units","0","v53079567","20.16","0.22","","","","2"
"2016","Hamilton, Ontario [35537]","2021A003535537","Percent change in violent weighted clearance rate","Percent","239","units","0","v53079567","20.16","2.92","","","","2"
"2017","Hamilton, Ontario [35537]","2021A003535537","Percent change in violent weighted clearance rate","Percent","239","units","0","v53079567","20.16","-9.69","","","","2"
"2018","Hamilton, Ontario [35537]","2021A003535537","Percent change in violent weighted clearance rate","Percent","239","units","0","v53079567","20.16","2.93","","","","2"
"2019","Hamilton, Ontario [35537]","2021A003535537","Percent change in violent weighted clearance rate","Percent","239","units","0","v53079567","20.16","8.65","","","","2"
"2020","Hamilton, Ontario [35537]","2021A003535537","Percent change in violent weighted clearance rate","Percent","239","units","0","v53079567","20.16","-4.42","","","","2"
"2021","Hamilton, Ontario [35537]","2021A003535537","Percent change in violent weighted clearance rate","Percent","239","units","0","v53079567","20.16","7.43","","","","2"
"2010","Hamilton, Ontario [35537]","2021A003535537","Non-violent weighted clearance rate","Number","223","units","0","v53079568","20.17","24.72","","","","2"
"2011","Hamilton, Ontario [35537]","2021A003535537","Non-violent weighted clearance rate","Number","223","units","0","v53079568","20.17","26.34","","","","2"
"2012","Hamilton, Ontario [35537]","2021A003535537","Non-violent weighted clearance rate","Number","223","units","0","v53079568","20.17","27.89","","","","2"
"2013","Hamilton, Ontario [35537]","2021A003535537","Non-violent weighted clearance rate","Number","223","units","0","v53079568","20.17","25.35","","","","2"
"2014","Hamilton, Ontario [35537]","2021A003535537","Non-violent weighted clearance rate","Number","223","units","0","v53079568","20.17","27.79","","","","2"
"2015","Hamilton, Ontario [35537]","2021A003535537","Non-violent weighted clearance rate","Number","223","units","0","v53079568","20.17","29.18","","","","2"
"2016","Hamilton, Ontario [35537]","2021A003535537","Non-violent weighted clearance rate","Number","223","units","0","v53079568","20.17","28.99","","","","2"
"2017","Hamilton, Ontario [35537]","2021A003535537","Non-violent weighted clearance rate","Number","223","units","0","v53079568","20.17","30.54","","","","2"
"2018","Hamilton, Ontario [35537]","2021A003535537","Non-violent weighted clearance rate","Number","223","units","0","v53079568","20.17","29.29","","","","2"
"2019","Hamilton, Ontario [35537]","2021A003535537","Non-violent weighted clearance rate","Number","223","units","0","v53079568","20.17","30.67","","","","2"
"2020","Hamilton, Ontario [35537]","2021A003535537","Non-violent weighted clearance rate","Number","223","units","0","v53079568","20.17","32.54","","","","2"
"2021","Hamilton, Ontario [35537]","2021A003535537","Non-violent weighted clearance rate","Number","223","units","0","v53079568","20.17","29.11","","","","2"
"2010","Hamilton, Ontario [35537]","2021A003535537","Percent change in non-violent weighted clearance rate","Percent","239","units","0","v53079569","20.18","-10.53","","","","2"
"2011","Hamilton, Ontario [35537]","2021A003535537","Percent change in non-violent weighted clearance rate","Percent","239","units","0","v53079569","20.18","6.55","","","","2"
"2012","Hamilton, Ontario [35537]","2021A003535537","Percent change in non-violent weighted clearance rate","Percent","239","units","0","v53079569","20.18","5.88","","","","2"
"2013","Hamilton, Ontario [35537]","2021A003535537","Percent change in non-violent weighted clearance rate","Percent","239","units","0","v53079569","20.18","-9.11","","","","2"
"2014","Hamilton, Ontario [35537]","2021A003535537","Percent change in non-violent weighted clearance rate","Percent","239","units","0","v53079569","20.18","9.63","","","","2"
"2015","Hamilton, Ontario [35537]","2021A003535537","Percent change in non-violent weighted clearance rate","Percent","239","units","0","v53079569","20.18","5.00","","","","2"
"2016","Hamilton, Ontario [35537]","2021A003535537","Percent change in non-violent weighted clearance rate","Percent","239","units","0","v53079569","20.18","-0.65","","","","2"
"2017","Hamilton, Ontario [35537]","2021A003535537","Percent change in non-violent weighted clearance rate","Percent","239","units","0","v53079569","20.18","5.35","","","","2"
"2018","Hamilton, Ontario [35537]","2021A003535537","Percent change in non-violent weighted clearance rate","Percent","239","units","0","v53079569","20.18","-4.09","","","","2"
"2019","Hamilton, Ontario [35537]","2021A003535537","Percent change in non-violent weighted clearance rate","Percent","239","units","0","v53079569","20.18","4.71","","","","2"
"2020","Hamilton, Ontario [35537]","2021A003535537","Percent change in non-violent weighted clearance rate","Percent","239","units","0","v53079569","20.18","6.10","","","","2"
"2021","Hamilton, Ontario [35537]","2021A003535537","Percent change in non-violent weighted clearance rate","Percent","239","units","0","v53079569","20.18","-10.54","","","","2"


