﻿"REF_DATE","GEO","DGUID","Statistics","UOM","UOM_ID","SCALAR_FACTOR","SCALAR_ID","VECTOR","COORDINATE","VALUE","STATUS","SYMBOL","TERMINATED","DECIMALS"
"2010","Toronto, Ontario [35535]","2021A003535535","Crime severity index","Index","160","units","0","v44312569","19.1","60.26","","","","2"
"2011","Toronto, Ontario [35535]","2021A003535535","Crime severity index","Index","160","units","0","v44312569","19.1","56.07","","","","2"
"2012","Toronto, Ontario [35535]","2021A003535535","Crime severity index","Index","160","units","0","v44312569","19.1","52.74","","","","2"
"2013","Toronto, Ontario [35535]","2021A003535535","Crime severity index","Index","160","units","0","v44312569","19.1","47.12","","","","2"
"2014","Toronto, Ontario [35535]","2021A003535535","Crime severity index","Index","160","units","0","v44312569","19.1","45.07","","","","2"
"2015","Toronto, Ontario [35535]","2021A003535535","Crime severity index","Index","160","units","0","v44312569","19.1","46.16","","","","2"
"2016","Toronto, Ontario [35535]","2021A003535535","Crime severity index","Index","160","units","0","v44312569","19.1","47.88","","","","2"
"2017","Toronto, Ontario [35535]","2021A003535535","Crime severity index","Index","160","units","0","v44312569","19.1","49.86","","","","2"
"2018","Toronto, Ontario [35535]","2021A003535535","Crime severity index","Index","160","units","0","v44312569","19.1","53.80","","","","2"
"2019","Toronto, Ontario [35535]","2021A003535535","Crime severity index","Index","160","units","0","v44312569","19.1","54.15","","","","2"
"2020","Toronto, Ontario [35535]","2021A003535535","Crime severity index","Index","160","units","0","v44312569","19.1","46.19","","","","2"
"2021","Toronto, Ontario [35535]","2021A003535535","Crime severity index","Index","160","units","0","v44312569","19.1","45.45","","","","2"
"2010","Toronto, Ontario [35535]","2021A003535535","Percent change in crime severity index","Percent","239","units","0","v44312570","19.2","-6.30","","","","2"
"2011","Toronto, Ontario [35535]","2021A003535535","Percent change in crime severity index","Percent","239","units","0","v44312570","19.2","-6.95","","","","2"
"2012","Toronto, Ontario [35535]","2021A003535535","Percent change in crime severity index","Percent","239","units","0","v44312570","19.2","-5.94","","","","2"
"2013","Toronto, Ontario [35535]","2021A003535535","Percent change in crime severity index","Percent","239","units","0","v44312570","19.2","-10.66","","","","2"
"2014","Toronto, Ontario [35535]","2021A003535535","Percent change in crime severity index","Percent","239","units","0","v44312570","19.2","-4.35","","","","2"
"2015","Toronto, Ontario [35535]","2021A003535535","Percent change in crime severity index","Percent","239","units","0","v44312570","19.2","2.42","","","","2"
"2016","Toronto, Ontario [35535]","2021A003535535","Percent change in crime severity index","Percent","239","units","0","v44312570","19.2","3.73","","","","2"
"2017","Toronto, Ontario [35535]","2021A003535535","Percent change in crime severity index","Percent","239","units","0","v44312570","19.2","4.14","","","","2"
"2018","Toronto, Ontario [35535]","2021A003535535","Percent change in crime severity index","Percent","239","units","0","v44312570","19.2","7.90","","","","2"
"2019","Toronto, Ontario [35535]","2021A003535535","Percent change in crime severity index","Percent","239","units","0","v44312570","19.2","0.65","","","","2"
"2020","Toronto, Ontario [35535]","2021A003535535","Percent change in crime severity index","Percent","239","units","0","v44312570","19.2","-14.70","","","","2"
"2021","Toronto, Ontario [35535]","2021A003535535","Percent change in crime severity index","Percent","239","units","0","v44312570","19.2","-1.60","","","","2"
"2010","Toronto, Ontario [35535]","2021A003535535","Violent crime severity index","Index","160","units","0","v44312571","19.3","90.09","","","","2"
"2011","Toronto, Ontario [35535]","2021A003535535","Violent crime severity index","Index","160","units","0","v44312571","19.3","83.67","","","","2"
"2012","Toronto, Ontario [35535]","2021A003535535","Violent crime severity index","Index","160","units","0","v44312571","19.3","79.14","","","","2"
"2013","Toronto, Ontario [35535]","2021A003535535","Violent crime severity index","Index","160","units","0","v44312571","19.3","67.99","","","","2"
"2014","Toronto, Ontario [35535]","2021A003535535","Violent crime severity index","Index","160","units","0","v44312571","19.3","63.80","","","","2"
"2015","Toronto, Ontario [35535]","2021A003535535","Violent crime severity index","Index","160","units","0","v44312571","19.3","65.70","","","","2"
"2016","Toronto, Ontario [35535]","2021A003535535","Violent crime severity index","Index","160","units","0","v44312571","19.3","70.64","","","","2"
"2017","Toronto, Ontario [35535]","2021A003535535","Violent crime severity index","Index","160","units","0","v44312571","19.3","73.44","","","","2"
"2018","Toronto, Ontario [35535]","2021A003535535","Violent crime severity index","Index","160","units","0","v44312571","19.3","79.01","","","","2"
"2019","Toronto, Ontario [35535]","2021A003535535","Violent crime severity index","Index","160","units","0","v44312571","19.3","77.91","","","","2"
"2020","Toronto, Ontario [35535]","2021A003535535","Violent crime severity index","Index","160","units","0","v44312571","19.3","66.23","","","","2"
"2021","Toronto, Ontario [35535]","2021A003535535","Violent crime severity index","Index","160","units","0","v44312571","19.3","65.01","","","","2"
"2010","Toronto, Ontario [35535]","2021A003535535","Percent change in violent crime severity index","Percent","239","units","0","v44312572","19.4","-6.49","","","","2"
"2011","Toronto, Ontario [35535]","2021A003535535","Percent change in violent crime severity index","Percent","239","units","0","v44312572","19.4","-7.13","","","","2"
"2012","Toronto, Ontario [35535]","2021A003535535","Percent change in violent crime severity index","Percent","239","units","0","v44312572","19.4","-5.41","","","","2"
"2013","Toronto, Ontario [35535]","2021A003535535","Percent change in violent crime severity index","Percent","239","units","0","v44312572","19.4","-14.09","","","","2"
"2014","Toronto, Ontario [35535]","2021A003535535","Percent change in violent crime severity index","Percent","239","units","0","v44312572","19.4","-6.16","","","","2"
"2015","Toronto, Ontario [35535]","2021A003535535","Percent change in violent crime severity index","Percent","239","units","0","v44312572","19.4","2.98","","","","2"
"2016","Toronto, Ontario [35535]","2021A003535535","Percent change in violent crime severity index","Percent","239","units","0","v44312572","19.4","7.52","","","","2"
"2017","Toronto, Ontario [35535]","2021A003535535","Percent change in violent crime severity index","Percent","239","units","0","v44312572","19.4","3.96","","","","2"
"2018","Toronto, Ontario [35535]","2021A003535535","Percent change in violent crime severity index","Percent","239","units","0","v44312572","19.4","7.58","","","","2"
"2019","Toronto, Ontario [35535]","2021A003535535","Percent change in violent crime severity index","Percent","239","units","0","v44312572","19.4","-1.39","","","","2"
"2020","Toronto, Ontario [35535]","2021A003535535","Percent change in violent crime severity index","Percent","239","units","0","v44312572","19.4","-14.99","","","","2"
"2021","Toronto, Ontario [35535]","2021A003535535","Percent change in violent crime severity index","Percent","239","units","0","v44312572","19.4","-1.84","","","","2"
"2010","Toronto, Ontario [35535]","2021A003535535","Non-violent crime severity index","Index","160","units","0","v44312573","19.5","48.79","","","","2"
"2011","Toronto, Ontario [35535]","2021A003535535","Non-violent crime severity index","Index","160","units","0","v44312573","19.5","45.90","","","","2"
"2012","Toronto, Ontario [35535]","2021A003535535","Non-violent crime severity index","Index","160","units","0","v44312573","19.5","43.02","","","","2"
"2013","Toronto, Ontario [35535]","2021A003535535","Non-violent crime severity index","Index","160","units","0","v44312573","19.5","39.42","","","","2"
"2014","Toronto, Ontario [35535]","2021A003535535","Non-violent crime severity index","Index","160","units","0","v44312573","19.5","38.17","","","","2"
"2015","Toronto, Ontario [35535]","2021A003535535","Non-violent crime severity index","Index","160","units","0","v44312573","19.5","38.96","","","","2"
"2016","Toronto, Ontario [35535]","2021A003535535","Non-violent crime severity index","Index","160","units","0","v44312573","19.5","39.58","","","","2"
"2017","Toronto, Ontario [35535]","2021A003535535","Non-violent crime severity index","Index","160","units","0","v44312573","19.5","41.26","","","","2"
"2018","Toronto, Ontario [35535]","2021A003535535","Non-violent crime severity index","Index","160","units","0","v44312573","19.5","44.60","","","","2"
"2019","Toronto, Ontario [35535]","2021A003535535","Non-violent crime severity index","Index","160","units","0","v44312573","19.5","45.48","","","","2"
"2020","Toronto, Ontario [35535]","2021A003535535","Non-violent crime severity index","Index","160","units","0","v44312573","19.5","38.87","","","","2"
"2021","Toronto, Ontario [35535]","2021A003535535","Non-violent crime severity index","Index","160","units","0","v44312573","19.5","38.31","","","","2"
"2010","Toronto, Ontario [35535]","2021A003535535","Percent change in non-violent crime severity index","Percent","239","units","0","v44312574","19.6","-6.16","","","","2"
"2011","Toronto, Ontario [35535]","2021A003535535","Percent change in non-violent crime severity index","Percent","239","units","0","v44312574","19.6","-5.92","","","","2"
"2012","Toronto, Ontario [35535]","2021A003535535","Percent change in non-violent crime severity index","Percent","239","units","0","v44312574","19.6","-6.27","","","","2"
"2013","Toronto, Ontario [35535]","2021A003535535","Percent change in non-violent crime severity index","Percent","239","units","0","v44312574","19.6","-8.37","","","","2"
"2014","Toronto, Ontario [35535]","2021A003535535","Percent change in non-violent crime severity index","Percent","239","units","0","v44312574","19.6","-3.17","","","","2"
"2015","Toronto, Ontario [35535]","2021A003535535","Percent change in non-violent crime severity index","Percent","239","units","0","v44312574","19.6","2.07","","","","2"
"2016","Toronto, Ontario [35535]","2021A003535535","Percent change in non-violent crime severity index","Percent","239","units","0","v44312574","19.6","1.59","","","","2"
"2017","Toronto, Ontario [35535]","2021A003535535","Percent change in non-violent crime severity index","Percent","239","units","0","v44312574","19.6","4.24","","","","2"
"2018","Toronto, Ontario [35535]","2021A003535535","Percent change in non-violent crime severity index","Percent","239","units","0","v44312574","19.6","8.10","","","","2"
"2019","Toronto, Ontario [35535]","2021A003535535","Percent change in non-violent crime severity index","Percent","239","units","0","v44312574","19.6","1.97","","","","2"
"2020","Toronto, Ontario [35535]","2021A003535535","Percent change in non-violent crime severity index","Percent","239","units","0","v44312574","19.6","-14.53","","","","2"
"2021","Toronto, Ontario [35535]","2021A003535535","Percent change in non-violent crime severity index","Percent","239","units","0","v44312574","19.6","-1.44","","","","2"
"2010","Toronto, Ontario [35535]","2021A003535535","Youth crime severity index","Index","160","units","0","v53079549","19.7","0.00","","","","2"
"2011","Toronto, Ontario [35535]","2021A003535535","Youth crime severity index","Index","160","units","0","v53079549","19.7","","..","","","2"
"2012","Toronto, Ontario [35535]","2021A003535535","Youth crime severity index","Index","160","units","0","v53079549","19.7","","..","","","2"
"2013","Toronto, Ontario [35535]","2021A003535535","Youth crime severity index","Index","160","units","0","v53079549","19.7","","..","","","2"
"2014","Toronto, Ontario [35535]","2021A003535535","Youth crime severity index","Index","160","units","0","v53079549","19.7","","..","","","2"
"2015","Toronto, Ontario [35535]","2021A003535535","Youth crime severity index","Index","160","units","0","v53079549","19.7","","..","","","2"
"2016","Toronto, Ontario [35535]","2021A003535535","Youth crime severity index","Index","160","units","0","v53079549","19.7","","..","","","2"
"2017","Toronto, Ontario [35535]","2021A003535535","Youth crime severity index","Index","160","units","0","v53079549","19.7","","..","","","2"
"2018","Toronto, Ontario [35535]","2021A003535535","Youth crime severity index","Index","160","units","0","v53079549","19.7","","..","","","2"
"2019","Toronto, Ontario [35535]","2021A003535535","Youth crime severity index","Index","160","units","0","v53079549","19.7","","..","","","2"
"2020","Toronto, Ontario [35535]","2021A003535535","Youth crime severity index","Index","160","units","0","v53079549","19.7","","..","","","2"
"2021","Toronto, Ontario [35535]","2021A003535535","Youth crime severity index","Index","160","units","0","v53079549","19.7","","..","","","2"
"2010","Toronto, Ontario [35535]","2021A003535535","Percent change in youth crime severity index","Percent","239","units","0","v87984894","19.8","0.00","","","","2"
"2011","Toronto, Ontario [35535]","2021A003535535","Percent change in youth crime severity index","Percent","239","units","0","v87984894","19.8","","..","","","2"
"2012","Toronto, Ontario [35535]","2021A003535535","Percent change in youth crime severity index","Percent","239","units","0","v87984894","19.8","","..","","","2"
"2013","Toronto, Ontario [35535]","2021A003535535","Percent change in youth crime severity index","Percent","239","units","0","v87984894","19.8","","..","","","2"
"2014","Toronto, Ontario [35535]","2021A003535535","Percent change in youth crime severity index","Percent","239","units","0","v87984894","19.8","","..","","","2"
"2015","Toronto, Ontario [35535]","2021A003535535","Percent change in youth crime severity index","Percent","239","units","0","v87984894","19.8","","..","","","2"
"2016","Toronto, Ontario [35535]","2021A003535535","Percent change in youth crime severity index","Percent","239","units","0","v87984894","19.8","","..","","","2"
"2017","Toronto, Ontario [35535]","2021A003535535","Percent change in youth crime severity index","Percent","239","units","0","v87984894","19.8","","..","","","2"
"2018","Toronto, Ontario [35535]","2021A003535535","Percent change in youth crime severity index","Percent","239","units","0","v87984894","19.8","","..","","","2"
"2019","Toronto, Ontario [35535]","2021A003535535","Percent change in youth crime severity index","Percent","239","units","0","v87984894","19.8","","..","","","2"
"2020","Toronto, Ontario [35535]","2021A003535535","Percent change in youth crime severity index","Percent","239","units","0","v87984894","19.8","","..","","","2"
"2021","Toronto, Ontario [35535]","2021A003535535","Percent change in youth crime severity index","Percent","239","units","0","v87984894","19.8","","..","","","2"
"2010","Toronto, Ontario [35535]","2021A003535535","Youth violent crime severity index","Index","160","units","0","v53079550","19.9","0.00","","","","2"
"2011","Toronto, Ontario [35535]","2021A003535535","Youth violent crime severity index","Index","160","units","0","v53079550","19.9","","..","","","2"
"2012","Toronto, Ontario [35535]","2021A003535535","Youth violent crime severity index","Index","160","units","0","v53079550","19.9","","..","","","2"
"2013","Toronto, Ontario [35535]","2021A003535535","Youth violent crime severity index","Index","160","units","0","v53079550","19.9","","..","","","2"
"2014","Toronto, Ontario [35535]","2021A003535535","Youth violent crime severity index","Index","160","units","0","v53079550","19.9","","..","","","2"
"2015","Toronto, Ontario [35535]","2021A003535535","Youth violent crime severity index","Index","160","units","0","v53079550","19.9","","..","","","2"
"2016","Toronto, Ontario [35535]","2021A003535535","Youth violent crime severity index","Index","160","units","0","v53079550","19.9","","..","","","2"
"2017","Toronto, Ontario [35535]","2021A003535535","Youth violent crime severity index","Index","160","units","0","v53079550","19.9","","..","","","2"
"2018","Toronto, Ontario [35535]","2021A003535535","Youth violent crime severity index","Index","160","units","0","v53079550","19.9","","..","","","2"
"2019","Toronto, Ontario [35535]","2021A003535535","Youth violent crime severity index","Index","160","units","0","v53079550","19.9","","..","","","2"
"2020","Toronto, Ontario [35535]","2021A003535535","Youth violent crime severity index","Index","160","units","0","v53079550","19.9","","..","","","2"
"2021","Toronto, Ontario [35535]","2021A003535535","Youth violent crime severity index","Index","160","units","0","v53079550","19.9","","..","","","2"
"2010","Toronto, Ontario [35535]","2021A003535535","Percent change in youth violent crime severity index","Percent","239","units","0","v87984895","19.10","0.00","","","","2"
"2011","Toronto, Ontario [35535]","2021A003535535","Percent change in youth violent crime severity index","Percent","239","units","0","v87984895","19.10","","..","","","2"
"2012","Toronto, Ontario [35535]","2021A003535535","Percent change in youth violent crime severity index","Percent","239","units","0","v87984895","19.10","","..","","","2"
"2013","Toronto, Ontario [35535]","2021A003535535","Percent change in youth violent crime severity index","Percent","239","units","0","v87984895","19.10","","..","","","2"
"2014","Toronto, Ontario [35535]","2021A003535535","Percent change in youth violent crime severity index","Percent","239","units","0","v87984895","19.10","","..","","","2"
"2015","Toronto, Ontario [35535]","2021A003535535","Percent change in youth violent crime severity index","Percent","239","units","0","v87984895","19.10","","..","","","2"
"2016","Toronto, Ontario [35535]","2021A003535535","Percent change in youth violent crime severity index","Percent","239","units","0","v87984895","19.10","","..","","","2"
"2017","Toronto, Ontario [35535]","2021A003535535","Percent change in youth violent crime severity index","Percent","239","units","0","v87984895","19.10","","..","","","2"
"2018","Toronto, Ontario [35535]","2021A003535535","Percent change in youth violent crime severity index","Percent","239","units","0","v87984895","19.10","","..","","","2"
"2019","Toronto, Ontario [35535]","2021A003535535","Percent change in youth violent crime severity index","Percent","239","units","0","v87984895","19.10","","..","","","2"
"2020","Toronto, Ontario [35535]","2021A003535535","Percent change in youth violent crime severity index","Percent","239","units","0","v87984895","19.10","","..","","","2"
"2021","Toronto, Ontario [35535]","2021A003535535","Percent change in youth violent crime severity index","Percent","239","units","0","v87984895","19.10","","..","","","2"
"2010","Toronto, Ontario [35535]","2021A003535535","Youth non-violent crime severity index","Index","160","units","0","v53079542","19.11","0.00","","","","2"
"2011","Toronto, Ontario [35535]","2021A003535535","Youth non-violent crime severity index","Index","160","units","0","v53079542","19.11","","..","","","2"
"2012","Toronto, Ontario [35535]","2021A003535535","Youth non-violent crime severity index","Index","160","units","0","v53079542","19.11","","..","","","2"
"2013","Toronto, Ontario [35535]","2021A003535535","Youth non-violent crime severity index","Index","160","units","0","v53079542","19.11","","..","","","2"
"2014","Toronto, Ontario [35535]","2021A003535535","Youth non-violent crime severity index","Index","160","units","0","v53079542","19.11","","..","","","2"
"2015","Toronto, Ontario [35535]","2021A003535535","Youth non-violent crime severity index","Index","160","units","0","v53079542","19.11","","..","","","2"
"2016","Toronto, Ontario [35535]","2021A003535535","Youth non-violent crime severity index","Index","160","units","0","v53079542","19.11","","..","","","2"
"2017","Toronto, Ontario [35535]","2021A003535535","Youth non-violent crime severity index","Index","160","units","0","v53079542","19.11","","..","","","2"
"2018","Toronto, Ontario [35535]","2021A003535535","Youth non-violent crime severity index","Index","160","units","0","v53079542","19.11","","..","","","2"
"2019","Toronto, Ontario [35535]","2021A003535535","Youth non-violent crime severity index","Index","160","units","0","v53079542","19.11","","..","","","2"
"2020","Toronto, Ontario [35535]","2021A003535535","Youth non-violent crime severity index","Index","160","units","0","v53079542","19.11","","..","","","2"
"2021","Toronto, Ontario [35535]","2021A003535535","Youth non-violent crime severity index","Index","160","units","0","v53079542","19.11","","..","","","2"
"2010","Toronto, Ontario [35535]","2021A003535535","Percent change in youth non-violent crime severity index","Percent","239","units","0","v87984896","19.12","0.00","","","","2"
"2011","Toronto, Ontario [35535]","2021A003535535","Percent change in youth non-violent crime severity index","Percent","239","units","0","v87984896","19.12","","..","","","2"
"2012","Toronto, Ontario [35535]","2021A003535535","Percent change in youth non-violent crime severity index","Percent","239","units","0","v87984896","19.12","","..","","","2"
"2013","Toronto, Ontario [35535]","2021A003535535","Percent change in youth non-violent crime severity index","Percent","239","units","0","v87984896","19.12","","..","","","2"
"2014","Toronto, Ontario [35535]","2021A003535535","Percent change in youth non-violent crime severity index","Percent","239","units","0","v87984896","19.12","","..","","","2"
"2015","Toronto, Ontario [35535]","2021A003535535","Percent change in youth non-violent crime severity index","Percent","239","units","0","v87984896","19.12","","..","","","2"
"2016","Toronto, Ontario [35535]","2021A003535535","Percent change in youth non-violent crime severity index","Percent","239","units","0","v87984896","19.12","","..","","","2"
"2017","Toronto, Ontario [35535]","2021A003535535","Percent change in youth non-violent crime severity index","Percent","239","units","0","v87984896","19.12","","..","","","2"
"2018","Toronto, Ontario [35535]","2021A003535535","Percent change in youth non-violent crime severity index","Percent","239","units","0","v87984896","19.12","","..","","","2"
"2019","Toronto, Ontario [35535]","2021A003535535","Percent change in youth non-violent crime severity index","Percent","239","units","0","v87984896","19.12","","..","","","2"
"2020","Toronto, Ontario [35535]","2021A003535535","Percent change in youth non-violent crime severity index","Percent","239","units","0","v87984896","19.12","","..","","","2"
"2021","Toronto, Ontario [35535]","2021A003535535","Percent change in youth non-violent crime severity index","Percent","239","units","0","v87984896","19.12","","..","","","2"
"2010","Toronto, Ontario [35535]","2021A003535535","Weighted clearance rate","Number","223","units","0","v53079543","19.13","40.32","","","","2"
"2011","Toronto, Ontario [35535]","2021A003535535","Weighted clearance rate","Number","223","units","0","v53079543","19.13","40.01","","","","2"
"2012","Toronto, Ontario [35535]","2021A003535535","Weighted clearance rate","Number","223","units","0","v53079543","19.13","41.41","","","","2"
"2013","Toronto, Ontario [35535]","2021A003535535","Weighted clearance rate","Number","223","units","0","v53079543","19.13","42.35","","","","2"
"2014","Toronto, Ontario [35535]","2021A003535535","Weighted clearance rate","Number","223","units","0","v53079543","19.13","41.82","","","","2"
"2015","Toronto, Ontario [35535]","2021A003535535","Weighted clearance rate","Number","223","units","0","v53079543","19.13","41.94","","","","2"
"2016","Toronto, Ontario [35535]","2021A003535535","Weighted clearance rate","Number","223","units","0","v53079543","19.13","41.56","","","","2"
"2017","Toronto, Ontario [35535]","2021A003535535","Weighted clearance rate","Number","223","units","0","v53079543","19.13","41.01","","","","2"
"2018","Toronto, Ontario [35535]","2021A003535535","Weighted clearance rate","Number","223","units","0","v53079543","19.13","39.38","","","","2"
"2019","Toronto, Ontario [35535]","2021A003535535","Weighted clearance rate","Number","223","units","0","v53079543","19.13","37.71","","","","2"
"2020","Toronto, Ontario [35535]","2021A003535535","Weighted clearance rate","Number","223","units","0","v53079543","19.13","38.39","","","","2"
"2021","Toronto, Ontario [35535]","2021A003535535","Weighted clearance rate","Number","223","units","0","v53079543","19.13","37.45","","","","2"
"2010","Toronto, Ontario [35535]","2021A003535535","Percent change in weighted clearance rate","Percent","239","units","0","v53079544","19.14","-2.21","","","","2"
"2011","Toronto, Ontario [35535]","2021A003535535","Percent change in weighted clearance rate","Percent","239","units","0","v53079544","19.14","-0.77","","","","2"
"2012","Toronto, Ontario [35535]","2021A003535535","Percent change in weighted clearance rate","Percent","239","units","0","v53079544","19.14","3.50","","","","2"
"2013","Toronto, Ontario [35535]","2021A003535535","Percent change in weighted clearance rate","Percent","239","units","0","v53079544","19.14","2.27","","","","2"
"2014","Toronto, Ontario [35535]","2021A003535535","Percent change in weighted clearance rate","Percent","239","units","0","v53079544","19.14","-1.25","","","","2"
"2015","Toronto, Ontario [35535]","2021A003535535","Percent change in weighted clearance rate","Percent","239","units","0","v53079544","19.14","0.29","","","","2"
"2016","Toronto, Ontario [35535]","2021A003535535","Percent change in weighted clearance rate","Percent","239","units","0","v53079544","19.14","-0.91","","","","2"
"2017","Toronto, Ontario [35535]","2021A003535535","Percent change in weighted clearance rate","Percent","239","units","0","v53079544","19.14","-1.32","","","","2"
"2018","Toronto, Ontario [35535]","2021A003535535","Percent change in weighted clearance rate","Percent","239","units","0","v53079544","19.14","-3.97","","","","2"
"2019","Toronto, Ontario [35535]","2021A003535535","Percent change in weighted clearance rate","Percent","239","units","0","v53079544","19.14","-4.24","","","","2"
"2020","Toronto, Ontario [35535]","2021A003535535","Percent change in weighted clearance rate","Percent","239","units","0","v53079544","19.14","1.80","","","","2"
"2021","Toronto, Ontario [35535]","2021A003535535","Percent change in weighted clearance rate","Percent","239","units","0","v53079544","19.14","-2.45","","","","2"
"2010","Toronto, Ontario [35535]","2021A003535535","Violent weighted clearance rate","Number","223","units","0","v53079545","19.15","50.46","","","","2"
"2011","Toronto, Ontario [35535]","2021A003535535","Violent weighted clearance rate","Number","223","units","0","v53079545","19.15","52.49","","","","2"
"2012","Toronto, Ontario [35535]","2021A003535535","Violent weighted clearance rate","Number","223","units","0","v53079545","19.15","53.52","","","","2"
"2013","Toronto, Ontario [35535]","2021A003535535","Violent weighted clearance rate","Number","223","units","0","v53079545","19.15","54.92","","","","2"
"2014","Toronto, Ontario [35535]","2021A003535535","Violent weighted clearance rate","Number","223","units","0","v53079545","19.15","53.95","","","","2"
"2015","Toronto, Ontario [35535]","2021A003535535","Violent weighted clearance rate","Number","223","units","0","v53079545","19.15","55.07","","","","2"
"2016","Toronto, Ontario [35535]","2021A003535535","Violent weighted clearance rate","Number","223","units","0","v53079545","19.15","54.81","","","","2"
"2017","Toronto, Ontario [35535]","2021A003535535","Violent weighted clearance rate","Number","223","units","0","v53079545","19.15","54.52","","","","2"
"2018","Toronto, Ontario [35535]","2021A003535535","Violent weighted clearance rate","Number","223","units","0","v53079545","19.15","55.27","","","","2"
"2019","Toronto, Ontario [35535]","2021A003535535","Violent weighted clearance rate","Number","223","units","0","v53079545","19.15","53.70","","","","2"
"2020","Toronto, Ontario [35535]","2021A003535535","Violent weighted clearance rate","Number","223","units","0","v53079545","19.15","56.06","","","","2"
"2021","Toronto, Ontario [35535]","2021A003535535","Violent weighted clearance rate","Number","223","units","0","v53079545","19.15","57.33","","","","2"
"2010","Toronto, Ontario [35535]","2021A003535535","Percent change in violent weighted clearance rate","Percent","239","units","0","v53079546","19.16","-4.76","","","","2"
"2011","Toronto, Ontario [35535]","2021A003535535","Percent change in violent weighted clearance rate","Percent","239","units","0","v53079546","19.16","4.02","","","","2"
"2012","Toronto, Ontario [35535]","2021A003535535","Percent change in violent weighted clearance rate","Percent","239","units","0","v53079546","19.16","1.96","","","","2"
"2013","Toronto, Ontario [35535]","2021A003535535","Percent change in violent weighted clearance rate","Percent","239","units","0","v53079546","19.16","2.62","","","","2"
"2014","Toronto, Ontario [35535]","2021A003535535","Percent change in violent weighted clearance rate","Percent","239","units","0","v53079546","19.16","-1.77","","","","2"
"2015","Toronto, Ontario [35535]","2021A003535535","Percent change in violent weighted clearance rate","Percent","239","units","0","v53079546","19.16","2.08","","","","2"
"2016","Toronto, Ontario [35535]","2021A003535535","Percent change in violent weighted clearance rate","Percent","239","units","0","v53079546","19.16","-0.47","","","","2"
"2017","Toronto, Ontario [35535]","2021A003535535","Percent change in violent weighted clearance rate","Percent","239","units","0","v53079546","19.16","-0.53","","","","2"
"2018","Toronto, Ontario [35535]","2021A003535535","Percent change in violent weighted clearance rate","Percent","239","units","0","v53079546","19.16","1.38","","","","2"
"2019","Toronto, Ontario [35535]","2021A003535535","Percent change in violent weighted clearance rate","Percent","239","units","0","v53079546","19.16","-2.84","","","","2"
"2020","Toronto, Ontario [35535]","2021A003535535","Percent change in violent weighted clearance rate","Percent","239","units","0","v53079546","19.16","4.39","","","","2"
"2021","Toronto, Ontario [35535]","2021A003535535","Percent change in violent weighted clearance rate","Percent","239","units","0","v53079546","19.16","2.27","","","","2"
"2010","Toronto, Ontario [35535]","2021A003535535","Non-violent weighted clearance rate","Number","223","units","0","v53079547","19.17","33.12","","","","2"
"2011","Toronto, Ontario [35535]","2021A003535535","Non-violent weighted clearance rate","Number","223","units","0","v53079547","19.17","31.72","","","","2"
"2012","Toronto, Ontario [35535]","2021A003535535","Non-violent weighted clearance rate","Number","223","units","0","v53079547","19.17","33.30","","","","2"
"2013","Toronto, Ontario [35535]","2021A003535535","Non-violent weighted clearance rate","Number","223","units","0","v53079547","19.17","34.46","","","","2"
"2014","Toronto, Ontario [35535]","2021A003535535","Non-violent weighted clearance rate","Number","223","units","0","v53079547","19.17","34.44","","","","2"
"2015","Toronto, Ontario [35535]","2021A003535535","Non-violent weighted clearance rate","Number","223","units","0","v53079547","19.17","33.89","","","","2"
"2016","Toronto, Ontario [35535]","2021A003535535","Non-violent weighted clearance rate","Number","223","units","0","v53079547","19.17","33.06","","","","2"
"2017","Toronto, Ontario [35535]","2021A003535535","Non-violent weighted clearance rate","Number","223","units","0","v53079547","19.17","32.36","","","","2"
"2018","Toronto, Ontario [35535]","2021A003535535","Non-violent weighted clearance rate","Number","223","units","0","v53079547","19.17","29.26","","","","2"
"2019","Toronto, Ontario [35535]","2021A003535535","Non-violent weighted clearance rate","Number","223","units","0","v53079547","19.17","27.87","","","","2"
"2020","Toronto, Ontario [35535]","2021A003535535","Non-violent weighted clearance rate","Number","223","units","0","v53079547","19.17","27.56","","","","2"
"2021","Toronto, Ontario [35535]","2021A003535535","Non-violent weighted clearance rate","Number","223","units","0","v53079547","19.17","25.31","","","","2"
"2010","Toronto, Ontario [35535]","2021A003535535","Percent change in non-violent weighted clearance rate","Percent","239","units","0","v53079548","19.18","0.79","","","","2"
"2011","Toronto, Ontario [35535]","2021A003535535","Percent change in non-violent weighted clearance rate","Percent","239","units","0","v53079548","19.18","-4.23","","","","2"
"2012","Toronto, Ontario [35535]","2021A003535535","Percent change in non-violent weighted clearance rate","Percent","239","units","0","v53079548","19.18","4.98","","","","2"
"2013","Toronto, Ontario [35535]","2021A003535535","Percent change in non-violent weighted clearance rate","Percent","239","units","0","v53079548","19.18","3.48","","","","2"
"2014","Toronto, Ontario [35535]","2021A003535535","Percent change in non-violent weighted clearance rate","Percent","239","units","0","v53079548","19.18","-0.06","","","","2"
"2015","Toronto, Ontario [35535]","2021A003535535","Percent change in non-violent weighted clearance rate","Percent","239","units","0","v53079548","19.18","-1.60","","","","2"
"2016","Toronto, Ontario [35535]","2021A003535535","Percent change in non-violent weighted clearance rate","Percent","239","units","0","v53079548","19.18","-2.45","","","","2"
"2017","Toronto, Ontario [35535]","2021A003535535","Percent change in non-violent weighted clearance rate","Percent","239","units","0","v53079548","19.18","-2.12","","","","2"
"2018","Toronto, Ontario [35535]","2021A003535535","Percent change in non-violent weighted clearance rate","Percent","239","units","0","v53079548","19.18","-9.58","","","","2"
"2019","Toronto, Ontario [35535]","2021A003535535","Percent change in non-violent weighted clearance rate","Percent","239","units","0","v53079548","19.18","-4.75","","","","2"
"2020","Toronto, Ontario [35535]","2021A003535535","Percent change in non-violent weighted clearance rate","Percent","239","units","0","v53079548","19.18","-1.11","","","","2"
"2021","Toronto, Ontario [35535]","2021A003535535","Percent change in non-violent weighted clearance rate","Percent","239","units","0","v53079548","19.18","-8.16","","","","2"


