﻿"REF_DATE","GEO","DGUID","Statistics","UOM","UOM_ID","SCALAR_FACTOR","SCALAR_ID","VECTOR","COORDINATE","VALUE","STATUS","SYMBOL","TERMINATED","DECIMALS"
"2010","Windsor, Ontario [35559]","2021A003535559","Crime severity index","Index","160","units","0","v44312599","24.1","66.31","","","","2"
"2011","Windsor, Ontario [35559]","2021A003535559","Crime severity index","Index","160","units","0","v44312599","24.1","62.85","","","","2"
"2012","Windsor, Ontario [35559]","2021A003535559","Crime severity index","Index","160","units","0","v44312599","24.1","66.96","","","","2"
"2013","Windsor, Ontario [35559]","2021A003535559","Crime severity index","Index","160","units","0","v44312599","24.1","60.69","","","","2"
"2014","Windsor, Ontario [35559]","2021A003535559","Crime severity index","Index","160","units","0","v44312599","24.1","56.85","","","","2"
"2015","Windsor, Ontario [35559]","2021A003535559","Crime severity index","Index","160","units","0","v44312599","24.1","61.79","","","","2"
"2016","Windsor, Ontario [35559]","2021A003535559","Crime severity index","Index","160","units","0","v44312599","24.1","66.02","","","","2"
"2017","Windsor, Ontario [35559]","2021A003535559","Crime severity index","Index","160","units","0","v44312599","24.1","70.43","","","","2"
"2018","Windsor, Ontario [35559]","2021A003535559","Crime severity index","Index","160","units","0","v44312599","24.1","87.05","","","","2"
"2019","Windsor, Ontario [35559]","2021A003535559","Crime severity index","Index","160","units","0","v44312599","24.1","82.76","","","","2"
"2020","Windsor, Ontario [35559]","2021A003535559","Crime severity index","Index","160","units","0","v44312599","24.1","70.73","","","","2"
"2021","Windsor, Ontario [35559]","2021A003535559","Crime severity index","Index","160","units","0","v44312599","24.1","74.84","","","","2"
"2010","Windsor, Ontario [35559]","2021A003535559","Percent change in crime severity index","Percent","239","units","0","v44312600","24.2","-7.52","","","","2"
"2011","Windsor, Ontario [35559]","2021A003535559","Percent change in crime severity index","Percent","239","units","0","v44312600","24.2","-5.22","","","","2"
"2012","Windsor, Ontario [35559]","2021A003535559","Percent change in crime severity index","Percent","239","units","0","v44312600","24.2","6.54","","","","2"
"2013","Windsor, Ontario [35559]","2021A003535559","Percent change in crime severity index","Percent","239","units","0","v44312600","24.2","-9.36","","","","2"
"2014","Windsor, Ontario [35559]","2021A003535559","Percent change in crime severity index","Percent","239","units","0","v44312600","24.2","-6.33","","","","2"
"2015","Windsor, Ontario [35559]","2021A003535559","Percent change in crime severity index","Percent","239","units","0","v44312600","24.2","8.69","","","","2"
"2016","Windsor, Ontario [35559]","2021A003535559","Percent change in crime severity index","Percent","239","units","0","v44312600","24.2","6.85","","","","2"
"2017","Windsor, Ontario [35559]","2021A003535559","Percent change in crime severity index","Percent","239","units","0","v44312600","24.2","6.68","","","","2"
"2018","Windsor, Ontario [35559]","2021A003535559","Percent change in crime severity index","Percent","239","units","0","v44312600","24.2","23.60","","","","2"
"2019","Windsor, Ontario [35559]","2021A003535559","Percent change in crime severity index","Percent","239","units","0","v44312600","24.2","-4.93","","","","2"
"2020","Windsor, Ontario [35559]","2021A003535559","Percent change in crime severity index","Percent","239","units","0","v44312600","24.2","-14.54","","","","2"
"2021","Windsor, Ontario [35559]","2021A003535559","Percent change in crime severity index","Percent","239","units","0","v44312600","24.2","5.81","","","","2"
"2010","Windsor, Ontario [35559]","2021A003535559","Violent crime severity index","Index","160","units","0","v44312601","24.3","65.20","","","","2"
"2011","Windsor, Ontario [35559]","2021A003535559","Violent crime severity index","Index","160","units","0","v44312601","24.3","59.82","","","","2"
"2012","Windsor, Ontario [35559]","2021A003535559","Violent crime severity index","Index","160","units","0","v44312601","24.3","67.15","","","","2"
"2013","Windsor, Ontario [35559]","2021A003535559","Violent crime severity index","Index","160","units","0","v44312601","24.3","61.28","","","","2"
"2014","Windsor, Ontario [35559]","2021A003535559","Violent crime severity index","Index","160","units","0","v44312601","24.3","56.55","","","","2"
"2015","Windsor, Ontario [35559]","2021A003535559","Violent crime severity index","Index","160","units","0","v44312601","24.3","65.53","","","","2"
"2016","Windsor, Ontario [35559]","2021A003535559","Violent crime severity index","Index","160","units","0","v44312601","24.3","56.80","","","","2"
"2017","Windsor, Ontario [35559]","2021A003535559","Violent crime severity index","Index","160","units","0","v44312601","24.3","63.52","","","","2"
"2018","Windsor, Ontario [35559]","2021A003535559","Violent crime severity index","Index","160","units","0","v44312601","24.3","76.20","","","","2"
"2019","Windsor, Ontario [35559]","2021A003535559","Violent crime severity index","Index","160","units","0","v44312601","24.3","71.61","","","","2"
"2020","Windsor, Ontario [35559]","2021A003535559","Violent crime severity index","Index","160","units","0","v44312601","24.3","70.32","","","","2"
"2021","Windsor, Ontario [35559]","2021A003535559","Violent crime severity index","Index","160","units","0","v44312601","24.3","72.10","","","","2"
"2010","Windsor, Ontario [35559]","2021A003535559","Percent change in violent crime severity index","Percent","239","units","0","v44312602","24.4","-13.23","","","","2"
"2011","Windsor, Ontario [35559]","2021A003535559","Percent change in violent crime severity index","Percent","239","units","0","v44312602","24.4","-8.25","","","","2"
"2012","Windsor, Ontario [35559]","2021A003535559","Percent change in violent crime severity index","Percent","239","units","0","v44312602","24.4","12.25","","","","2"
"2013","Windsor, Ontario [35559]","2021A003535559","Percent change in violent crime severity index","Percent","239","units","0","v44312602","24.4","-8.74","","","","2"
"2014","Windsor, Ontario [35559]","2021A003535559","Percent change in violent crime severity index","Percent","239","units","0","v44312602","24.4","-7.72","","","","2"
"2015","Windsor, Ontario [35559]","2021A003535559","Percent change in violent crime severity index","Percent","239","units","0","v44312602","24.4","15.88","","","","2"
"2016","Windsor, Ontario [35559]","2021A003535559","Percent change in violent crime severity index","Percent","239","units","0","v44312602","24.4","-13.32","","","","2"
"2017","Windsor, Ontario [35559]","2021A003535559","Percent change in violent crime severity index","Percent","239","units","0","v44312602","24.4","11.83","","","","2"
"2018","Windsor, Ontario [35559]","2021A003535559","Percent change in violent crime severity index","Percent","239","units","0","v44312602","24.4","19.96","","","","2"
"2019","Windsor, Ontario [35559]","2021A003535559","Percent change in violent crime severity index","Percent","239","units","0","v44312602","24.4","-6.02","","","","2"
"2020","Windsor, Ontario [35559]","2021A003535559","Percent change in violent crime severity index","Percent","239","units","0","v44312602","24.4","-1.80","","","","2"
"2021","Windsor, Ontario [35559]","2021A003535559","Percent change in violent crime severity index","Percent","239","units","0","v44312602","24.4","2.53","","","","2"
"2010","Windsor, Ontario [35559]","2021A003535559","Non-violent crime severity index","Index","160","units","0","v44312603","24.5","66.74","","","","2"
"2011","Windsor, Ontario [35559]","2021A003535559","Non-violent crime severity index","Index","160","units","0","v44312603","24.5","63.82","","","","2"
"2012","Windsor, Ontario [35559]","2021A003535559","Non-violent crime severity index","Index","160","units","0","v44312603","24.5","66.76","","","","2"
"2013","Windsor, Ontario [35559]","2021A003535559","Non-violent crime severity index","Index","160","units","0","v44312603","24.5","60.34","","","","2"
"2014","Windsor, Ontario [35559]","2021A003535559","Non-violent crime severity index","Index","160","units","0","v44312603","24.5","56.84","","","","2"
"2015","Windsor, Ontario [35559]","2021A003535559","Non-violent crime severity index","Index","160","units","0","v44312603","24.5","60.30","","","","2"
"2016","Windsor, Ontario [35559]","2021A003535559","Non-violent crime severity index","Index","160","units","0","v44312603","24.5","69.18","","","","2"
"2017","Windsor, Ontario [35559]","2021A003535559","Non-violent crime severity index","Index","160","units","0","v44312603","24.5","72.75","","","","2"
"2018","Windsor, Ontario [35559]","2021A003535559","Non-violent crime severity index","Index","160","units","0","v44312603","24.5","90.75","","","","2"
"2019","Windsor, Ontario [35559]","2021A003535559","Non-violent crime severity index","Index","160","units","0","v44312603","24.5","86.57","","","","2"
"2020","Windsor, Ontario [35559]","2021A003535559","Non-violent crime severity index","Index","160","units","0","v44312603","24.5","70.72","","","","2"
"2021","Windsor, Ontario [35559]","2021A003535559","Non-violent crime severity index","Index","160","units","0","v44312603","24.5","75.65","","","","2"
"2010","Windsor, Ontario [35559]","2021A003535559","Percent change in non-violent crime severity index","Percent","239","units","0","v44312604","24.6","-5.17","","","","2"
"2011","Windsor, Ontario [35559]","2021A003535559","Percent change in non-violent crime severity index","Percent","239","units","0","v44312604","24.6","-4.38","","","","2"
"2012","Windsor, Ontario [35559]","2021A003535559","Percent change in non-violent crime severity index","Percent","239","units","0","v44312604","24.6","4.61","","","","2"
"2013","Windsor, Ontario [35559]","2021A003535559","Percent change in non-violent crime severity index","Percent","239","units","0","v44312604","24.6","-9.62","","","","2"
"2014","Windsor, Ontario [35559]","2021A003535559","Percent change in non-violent crime severity index","Percent","239","units","0","v44312604","24.6","-5.80","","","","2"
"2015","Windsor, Ontario [35559]","2021A003535559","Percent change in non-violent crime severity index","Percent","239","units","0","v44312604","24.6","6.09","","","","2"
"2016","Windsor, Ontario [35559]","2021A003535559","Percent change in non-violent crime severity index","Percent","239","units","0","v44312604","24.6","14.73","","","","2"
"2017","Windsor, Ontario [35559]","2021A003535559","Percent change in non-violent crime severity index","Percent","239","units","0","v44312604","24.6","5.16","","","","2"
"2018","Windsor, Ontario [35559]","2021A003535559","Percent change in non-violent crime severity index","Percent","239","units","0","v44312604","24.6","24.74","","","","2"
"2019","Windsor, Ontario [35559]","2021A003535559","Percent change in non-violent crime severity index","Percent","239","units","0","v44312604","24.6","-4.61","","","","2"
"2020","Windsor, Ontario [35559]","2021A003535559","Percent change in non-violent crime severity index","Percent","239","units","0","v44312604","24.6","-18.31","","","","2"
"2021","Windsor, Ontario [35559]","2021A003535559","Percent change in non-violent crime severity index","Percent","239","units","0","v44312604","24.6","6.97","","","","2"
"2010","Windsor, Ontario [35559]","2021A003535559","Youth crime severity index","Index","160","units","0","v53079606","24.7","0.00","","","","2"
"2011","Windsor, Ontario [35559]","2021A003535559","Youth crime severity index","Index","160","units","0","v53079606","24.7","","..","","","2"
"2012","Windsor, Ontario [35559]","2021A003535559","Youth crime severity index","Index","160","units","0","v53079606","24.7","","..","","","2"
"2013","Windsor, Ontario [35559]","2021A003535559","Youth crime severity index","Index","160","units","0","v53079606","24.7","","..","","","2"
"2014","Windsor, Ontario [35559]","2021A003535559","Youth crime severity index","Index","160","units","0","v53079606","24.7","","..","","","2"
"2015","Windsor, Ontario [35559]","2021A003535559","Youth crime severity index","Index","160","units","0","v53079606","24.7","","..","","","2"
"2016","Windsor, Ontario [35559]","2021A003535559","Youth crime severity index","Index","160","units","0","v53079606","24.7","","..","","","2"
"2017","Windsor, Ontario [35559]","2021A003535559","Youth crime severity index","Index","160","units","0","v53079606","24.7","","..","","","2"
"2018","Windsor, Ontario [35559]","2021A003535559","Youth crime severity index","Index","160","units","0","v53079606","24.7","","..","","","2"
"2019","Windsor, Ontario [35559]","2021A003535559","Youth crime severity index","Index","160","units","0","v53079606","24.7","","..","","","2"
"2020","Windsor, Ontario [35559]","2021A003535559","Youth crime severity index","Index","160","units","0","v53079606","24.7","","..","","","2"
"2021","Windsor, Ontario [35559]","2021A003535559","Youth crime severity index","Index","160","units","0","v53079606","24.7","","..","","","2"
"2010","Windsor, Ontario [35559]","2021A003535559","Percent change in youth crime severity index","Percent","239","units","0","v87984915","24.8","0.00","","","","2"
"2011","Windsor, Ontario [35559]","2021A003535559","Percent change in youth crime severity index","Percent","239","units","0","v87984915","24.8","","..","","","2"
"2012","Windsor, Ontario [35559]","2021A003535559","Percent change in youth crime severity index","Percent","239","units","0","v87984915","24.8","","..","","","2"
"2013","Windsor, Ontario [35559]","2021A003535559","Percent change in youth crime severity index","Percent","239","units","0","v87984915","24.8","","..","","","2"
"2014","Windsor, Ontario [35559]","2021A003535559","Percent change in youth crime severity index","Percent","239","units","0","v87984915","24.8","","..","","","2"
"2015","Windsor, Ontario [35559]","2021A003535559","Percent change in youth crime severity index","Percent","239","units","0","v87984915","24.8","","..","","","2"
"2016","Windsor, Ontario [35559]","2021A003535559","Percent change in youth crime severity index","Percent","239","units","0","v87984915","24.8","","..","","","2"
"2017","Windsor, Ontario [35559]","2021A003535559","Percent change in youth crime severity index","Percent","239","units","0","v87984915","24.8","","..","","","2"
"2018","Windsor, Ontario [35559]","2021A003535559","Percent change in youth crime severity index","Percent","239","units","0","v87984915","24.8","","..","","","2"
"2019","Windsor, Ontario [35559]","2021A003535559","Percent change in youth crime severity index","Percent","239","units","0","v87984915","24.8","","..","","","2"
"2020","Windsor, Ontario [35559]","2021A003535559","Percent change in youth crime severity index","Percent","239","units","0","v87984915","24.8","","..","","","2"
"2021","Windsor, Ontario [35559]","2021A003535559","Percent change in youth crime severity index","Percent","239","units","0","v87984915","24.8","","..","","","2"
"2010","Windsor, Ontario [35559]","2021A003535559","Youth violent crime severity index","Index","160","units","0","v53079607","24.9","0.00","","","","2"
"2011","Windsor, Ontario [35559]","2021A003535559","Youth violent crime severity index","Index","160","units","0","v53079607","24.9","","..","","","2"
"2012","Windsor, Ontario [35559]","2021A003535559","Youth violent crime severity index","Index","160","units","0","v53079607","24.9","","..","","","2"
"2013","Windsor, Ontario [35559]","2021A003535559","Youth violent crime severity index","Index","160","units","0","v53079607","24.9","","..","","","2"
"2014","Windsor, Ontario [35559]","2021A003535559","Youth violent crime severity index","Index","160","units","0","v53079607","24.9","","..","","","2"
"2015","Windsor, Ontario [35559]","2021A003535559","Youth violent crime severity index","Index","160","units","0","v53079607","24.9","","..","","","2"
"2016","Windsor, Ontario [35559]","2021A003535559","Youth violent crime severity index","Index","160","units","0","v53079607","24.9","","..","","","2"
"2017","Windsor, Ontario [35559]","2021A003535559","Youth violent crime severity index","Index","160","units","0","v53079607","24.9","","..","","","2"
"2018","Windsor, Ontario [35559]","2021A003535559","Youth violent crime severity index","Index","160","units","0","v53079607","24.9","","..","","","2"
"2019","Windsor, Ontario [35559]","2021A003535559","Youth violent crime severity index","Index","160","units","0","v53079607","24.9","","..","","","2"
"2020","Windsor, Ontario [35559]","2021A003535559","Youth violent crime severity index","Index","160","units","0","v53079607","24.9","","..","","","2"
"2021","Windsor, Ontario [35559]","2021A003535559","Youth violent crime severity index","Index","160","units","0","v53079607","24.9","","..","","","2"
"2010","Windsor, Ontario [35559]","2021A003535559","Percent change in youth violent crime severity index","Percent","239","units","0","v87984916","24.10","0.00","","","","2"
"2011","Windsor, Ontario [35559]","2021A003535559","Percent change in youth violent crime severity index","Percent","239","units","0","v87984916","24.10","","..","","","2"
"2012","Windsor, Ontario [35559]","2021A003535559","Percent change in youth violent crime severity index","Percent","239","units","0","v87984916","24.10","","..","","","2"
"2013","Windsor, Ontario [35559]","2021A003535559","Percent change in youth violent crime severity index","Percent","239","units","0","v87984916","24.10","","..","","","2"
"2014","Windsor, Ontario [35559]","2021A003535559","Percent change in youth violent crime severity index","Percent","239","units","0","v87984916","24.10","","..","","","2"
"2015","Windsor, Ontario [35559]","2021A003535559","Percent change in youth violent crime severity index","Percent","239","units","0","v87984916","24.10","","..","","","2"
"2016","Windsor, Ontario [35559]","2021A003535559","Percent change in youth violent crime severity index","Percent","239","units","0","v87984916","24.10","","..","","","2"
"2017","Windsor, Ontario [35559]","2021A003535559","Percent change in youth violent crime severity index","Percent","239","units","0","v87984916","24.10","","..","","","2"
"2018","Windsor, Ontario [35559]","2021A003535559","Percent change in youth violent crime severity index","Percent","239","units","0","v87984916","24.10","","..","","","2"
"2019","Windsor, Ontario [35559]","2021A003535559","Percent change in youth violent crime severity index","Percent","239","units","0","v87984916","24.10","","..","","","2"
"2020","Windsor, Ontario [35559]","2021A003535559","Percent change in youth violent crime severity index","Percent","239","units","0","v87984916","24.10","","..","","","2"
"2021","Windsor, Ontario [35559]","2021A003535559","Percent change in youth violent crime severity index","Percent","239","units","0","v87984916","24.10","","..","","","2"
"2010","Windsor, Ontario [35559]","2021A003535559","Youth non-violent crime severity index","Index","160","units","0","v53079599","24.11","0.00","","","","2"
"2011","Windsor, Ontario [35559]","2021A003535559","Youth non-violent crime severity index","Index","160","units","0","v53079599","24.11","","..","","","2"
"2012","Windsor, Ontario [35559]","2021A003535559","Youth non-violent crime severity index","Index","160","units","0","v53079599","24.11","","..","","","2"
"2013","Windsor, Ontario [35559]","2021A003535559","Youth non-violent crime severity index","Index","160","units","0","v53079599","24.11","","..","","","2"
"2014","Windsor, Ontario [35559]","2021A003535559","Youth non-violent crime severity index","Index","160","units","0","v53079599","24.11","","..","","","2"
"2015","Windsor, Ontario [35559]","2021A003535559","Youth non-violent crime severity index","Index","160","units","0","v53079599","24.11","","..","","","2"
"2016","Windsor, Ontario [35559]","2021A003535559","Youth non-violent crime severity index","Index","160","units","0","v53079599","24.11","","..","","","2"
"2017","Windsor, Ontario [35559]","2021A003535559","Youth non-violent crime severity index","Index","160","units","0","v53079599","24.11","","..","","","2"
"2018","Windsor, Ontario [35559]","2021A003535559","Youth non-violent crime severity index","Index","160","units","0","v53079599","24.11","","..","","","2"
"2019","Windsor, Ontario [35559]","2021A003535559","Youth non-violent crime severity index","Index","160","units","0","v53079599","24.11","","..","","","2"
"2020","Windsor, Ontario [35559]","2021A003535559","Youth non-violent crime severity index","Index","160","units","0","v53079599","24.11","","..","","","2"
"2021","Windsor, Ontario [35559]","2021A003535559","Youth non-violent crime severity index","Index","160","units","0","v53079599","24.11","","..","","","2"
"2010","Windsor, Ontario [35559]","2021A003535559","Percent change in youth non-violent crime severity index","Percent","239","units","0","v87984917","24.12","0.00","","","","2"
"2011","Windsor, Ontario [35559]","2021A003535559","Percent change in youth non-violent crime severity index","Percent","239","units","0","v87984917","24.12","","..","","","2"
"2012","Windsor, Ontario [35559]","2021A003535559","Percent change in youth non-violent crime severity index","Percent","239","units","0","v87984917","24.12","","..","","","2"
"2013","Windsor, Ontario [35559]","2021A003535559","Percent change in youth non-violent crime severity index","Percent","239","units","0","v87984917","24.12","","..","","","2"
"2014","Windsor, Ontario [35559]","2021A003535559","Percent change in youth non-violent crime severity index","Percent","239","units","0","v87984917","24.12","","..","","","2"
"2015","Windsor, Ontario [35559]","2021A003535559","Percent change in youth non-violent crime severity index","Percent","239","units","0","v87984917","24.12","","..","","","2"
"2016","Windsor, Ontario [35559]","2021A003535559","Percent change in youth non-violent crime severity index","Percent","239","units","0","v87984917","24.12","","..","","","2"
"2017","Windsor, Ontario [35559]","2021A003535559","Percent change in youth non-violent crime severity index","Percent","239","units","0","v87984917","24.12","","..","","","2"
"2018","Windsor, Ontario [35559]","2021A003535559","Percent change in youth non-violent crime severity index","Percent","239","units","0","v87984917","24.12","","..","","","2"
"2019","Windsor, Ontario [35559]","2021A003535559","Percent change in youth non-violent crime severity index","Percent","239","units","0","v87984917","24.12","","..","","","2"
"2020","Windsor, Ontario [35559]","2021A003535559","Percent change in youth non-violent crime severity index","Percent","239","units","0","v87984917","24.12","","..","","","2"
"2021","Windsor, Ontario [35559]","2021A003535559","Percent change in youth non-violent crime severity index","Percent","239","units","0","v87984917","24.12","","..","","","2"
"2010","Windsor, Ontario [35559]","2021A003535559","Weighted clearance rate","Number","223","units","0","v53079600","24.13","38.67","","","","2"
"2011","Windsor, Ontario [35559]","2021A003535559","Weighted clearance rate","Number","223","units","0","v53079600","24.13","40.01","","","","2"
"2012","Windsor, Ontario [35559]","2021A003535559","Weighted clearance rate","Number","223","units","0","v53079600","24.13","40.79","","","","2"
"2013","Windsor, Ontario [35559]","2021A003535559","Weighted clearance rate","Number","223","units","0","v53079600","24.13","38.78","","","","2"
"2014","Windsor, Ontario [35559]","2021A003535559","Weighted clearance rate","Number","223","units","0","v53079600","24.13","39.87","","","","2"
"2015","Windsor, Ontario [35559]","2021A003535559","Weighted clearance rate","Number","223","units","0","v53079600","24.13","42.23","","","","2"
"2016","Windsor, Ontario [35559]","2021A003535559","Weighted clearance rate","Number","223","units","0","v53079600","24.13","34.50","","","","2"
"2017","Windsor, Ontario [35559]","2021A003535559","Weighted clearance rate","Number","223","units","0","v53079600","24.13","35.57","","","","2"
"2018","Windsor, Ontario [35559]","2021A003535559","Weighted clearance rate","Number","223","units","0","v53079600","24.13","33.43","","","","2"
"2019","Windsor, Ontario [35559]","2021A003535559","Weighted clearance rate","Number","223","units","0","v53079600","24.13","35.41","","","","2"
"2020","Windsor, Ontario [35559]","2021A003535559","Weighted clearance rate","Number","223","units","0","v53079600","24.13","35.74","","","","2"
"2021","Windsor, Ontario [35559]","2021A003535559","Weighted clearance rate","Number","223","units","0","v53079600","24.13","34.57","","","","2"
"2010","Windsor, Ontario [35559]","2021A003535559","Percent change in weighted clearance rate","Percent","239","units","0","v53079601","24.14","-4.78","","","","2"
"2011","Windsor, Ontario [35559]","2021A003535559","Percent change in weighted clearance rate","Percent","239","units","0","v53079601","24.14","3.47","","","","2"
"2012","Windsor, Ontario [35559]","2021A003535559","Percent change in weighted clearance rate","Percent","239","units","0","v53079601","24.14","1.95","","","","2"
"2013","Windsor, Ontario [35559]","2021A003535559","Percent change in weighted clearance rate","Percent","239","units","0","v53079601","24.14","-4.93","","","","2"
"2014","Windsor, Ontario [35559]","2021A003535559","Percent change in weighted clearance rate","Percent","239","units","0","v53079601","24.14","2.81","","","","2"
"2015","Windsor, Ontario [35559]","2021A003535559","Percent change in weighted clearance rate","Percent","239","units","0","v53079601","24.14","5.92","","","","2"
"2016","Windsor, Ontario [35559]","2021A003535559","Percent change in weighted clearance rate","Percent","239","units","0","v53079601","24.14","-18.30","","","","2"
"2017","Windsor, Ontario [35559]","2021A003535559","Percent change in weighted clearance rate","Percent","239","units","0","v53079601","24.14","3.10","","","","2"
"2018","Windsor, Ontario [35559]","2021A003535559","Percent change in weighted clearance rate","Percent","239","units","0","v53079601","24.14","-6.02","","","","2"
"2019","Windsor, Ontario [35559]","2021A003535559","Percent change in weighted clearance rate","Percent","239","units","0","v53079601","24.14","5.92","","","","2"
"2020","Windsor, Ontario [35559]","2021A003535559","Percent change in weighted clearance rate","Percent","239","units","0","v53079601","24.14","0.93","","","","2"
"2021","Windsor, Ontario [35559]","2021A003535559","Percent change in weighted clearance rate","Percent","239","units","0","v53079601","24.14","-3.27","","","","2"
"2010","Windsor, Ontario [35559]","2021A003535559","Violent weighted clearance rate","Number","223","units","0","v53079602","24.15","64.75","","","","2"
"2011","Windsor, Ontario [35559]","2021A003535559","Violent weighted clearance rate","Number","223","units","0","v53079602","24.15","65.58","","","","2"
"2012","Windsor, Ontario [35559]","2021A003535559","Violent weighted clearance rate","Number","223","units","0","v53079602","24.15","66.47","","","","2"
"2013","Windsor, Ontario [35559]","2021A003535559","Violent weighted clearance rate","Number","223","units","0","v53079602","24.15","60.76","","","","2"
"2014","Windsor, Ontario [35559]","2021A003535559","Violent weighted clearance rate","Number","223","units","0","v53079602","24.15","68.38","","","","2"
"2015","Windsor, Ontario [35559]","2021A003535559","Violent weighted clearance rate","Number","223","units","0","v53079602","24.15","69.93","","","","2"
"2016","Windsor, Ontario [35559]","2021A003535559","Violent weighted clearance rate","Number","223","units","0","v53079602","24.15","70.34","","","","2"
"2017","Windsor, Ontario [35559]","2021A003535559","Violent weighted clearance rate","Number","223","units","0","v53079602","24.15","70.04","","","","2"
"2018","Windsor, Ontario [35559]","2021A003535559","Violent weighted clearance rate","Number","223","units","0","v53079602","24.15","71.62","","","","2"
"2019","Windsor, Ontario [35559]","2021A003535559","Violent weighted clearance rate","Number","223","units","0","v53079602","24.15","73.44","","","","2"
"2020","Windsor, Ontario [35559]","2021A003535559","Violent weighted clearance rate","Number","223","units","0","v53079602","24.15","73.02","","","","2"
"2021","Windsor, Ontario [35559]","2021A003535559","Violent weighted clearance rate","Number","223","units","0","v53079602","24.15","75.85","","","","2"
"2010","Windsor, Ontario [35559]","2021A003535559","Percent change in violent weighted clearance rate","Percent","239","units","0","v53079603","24.16","-3.40","","","","2"
"2011","Windsor, Ontario [35559]","2021A003535559","Percent change in violent weighted clearance rate","Percent","239","units","0","v53079603","24.16","1.28","","","","2"
"2012","Windsor, Ontario [35559]","2021A003535559","Percent change in violent weighted clearance rate","Percent","239","units","0","v53079603","24.16","1.36","","","","2"
"2013","Windsor, Ontario [35559]","2021A003535559","Percent change in violent weighted clearance rate","Percent","239","units","0","v53079603","24.16","-8.59","","","","2"
"2014","Windsor, Ontario [35559]","2021A003535559","Percent change in violent weighted clearance rate","Percent","239","units","0","v53079603","24.16","12.54","","","","2"
"2015","Windsor, Ontario [35559]","2021A003535559","Percent change in violent weighted clearance rate","Percent","239","units","0","v53079603","24.16","2.27","","","","2"
"2016","Windsor, Ontario [35559]","2021A003535559","Percent change in violent weighted clearance rate","Percent","239","units","0","v53079603","24.16","0.59","","","","2"
"2017","Windsor, Ontario [35559]","2021A003535559","Percent change in violent weighted clearance rate","Percent","239","units","0","v53079603","24.16","-0.43","","","","2"
"2018","Windsor, Ontario [35559]","2021A003535559","Percent change in violent weighted clearance rate","Percent","239","units","0","v53079603","24.16","2.26","","","","2"
"2019","Windsor, Ontario [35559]","2021A003535559","Percent change in violent weighted clearance rate","Percent","239","units","0","v53079603","24.16","2.54","","","","2"
"2020","Windsor, Ontario [35559]","2021A003535559","Percent change in violent weighted clearance rate","Percent","239","units","0","v53079603","24.16","-0.57","","","","2"
"2021","Windsor, Ontario [35559]","2021A003535559","Percent change in violent weighted clearance rate","Percent","239","units","0","v53079603","24.16","3.88","","","","2"
"2010","Windsor, Ontario [35559]","2021A003535559","Non-violent weighted clearance rate","Number","223","units","0","v53079604","24.17","28.88","","","","2"
"2011","Windsor, Ontario [35559]","2021A003535559","Non-violent weighted clearance rate","Number","223","units","0","v53079604","24.17","31.28","","","","2"
"2012","Windsor, Ontario [35559]","2021A003535559","Non-violent weighted clearance rate","Number","223","units","0","v53079604","24.17","31.39","","","","2"
"2013","Windsor, Ontario [35559]","2021A003535559","Non-violent weighted clearance rate","Number","223","units","0","v53079604","24.17","30.66","","","","2"
"2014","Windsor, Ontario [35559]","2021A003535559","Non-violent weighted clearance rate","Number","223","units","0","v53079604","24.17","29.55","","","","2"
"2015","Windsor, Ontario [35559]","2021A003535559","Non-violent weighted clearance rate","Number","223","units","0","v53079604","24.17","31.28","","","","2"
"2016","Windsor, Ontario [35559]","2021A003535559","Non-violent weighted clearance rate","Number","223","units","0","v53079604","24.17","23.91","","","","2"
"2017","Windsor, Ontario [35559]","2021A003535559","Non-violent weighted clearance rate","Number","223","units","0","v53079604","24.17","24.74","","","","2"
"2018","Windsor, Ontario [35559]","2021A003535559","Non-violent weighted clearance rate","Number","223","units","0","v53079604","24.17","21.89","","","","2"
"2019","Windsor, Ontario [35559]","2021A003535559","Non-violent weighted clearance rate","Number","223","units","0","v53079604","24.17","24.10","","","","2"
"2020","Windsor, Ontario [35559]","2021A003535559","Non-violent weighted clearance rate","Number","223","units","0","v53079604","24.17","22.40","","","","2"
"2021","Windsor, Ontario [35559]","2021A003535559","Non-violent weighted clearance rate","Number","223","units","0","v53079604","24.17","20.42","","","","2"
"2010","Windsor, Ontario [35559]","2021A003535559","Percent change in non-violent weighted clearance rate","Percent","239","units","0","v53079605","24.18","-2.96","","","","2"
"2011","Windsor, Ontario [35559]","2021A003535559","Percent change in non-violent weighted clearance rate","Percent","239","units","0","v53079605","24.18","8.31","","","","2"
"2012","Windsor, Ontario [35559]","2021A003535559","Percent change in non-violent weighted clearance rate","Percent","239","units","0","v53079605","24.18","0.35","","","","2"
"2013","Windsor, Ontario [35559]","2021A003535559","Percent change in non-violent weighted clearance rate","Percent","239","units","0","v53079605","24.18","-2.33","","","","2"
"2014","Windsor, Ontario [35559]","2021A003535559","Percent change in non-violent weighted clearance rate","Percent","239","units","0","v53079605","24.18","-3.62","","","","2"
"2015","Windsor, Ontario [35559]","2021A003535559","Percent change in non-violent weighted clearance rate","Percent","239","units","0","v53079605","24.18","5.85","","","","2"
"2016","Windsor, Ontario [35559]","2021A003535559","Percent change in non-violent weighted clearance rate","Percent","239","units","0","v53079605","24.18","-23.56","","","","2"
"2017","Windsor, Ontario [35559]","2021A003535559","Percent change in non-violent weighted clearance rate","Percent","239","units","0","v53079605","24.18","3.47","","","","2"
"2018","Windsor, Ontario [35559]","2021A003535559","Percent change in non-violent weighted clearance rate","Percent","239","units","0","v53079605","24.18","-11.52","","","","2"
"2019","Windsor, Ontario [35559]","2021A003535559","Percent change in non-violent weighted clearance rate","Percent","239","units","0","v53079605","24.18","10.10","","","","2"
"2020","Windsor, Ontario [35559]","2021A003535559","Percent change in non-violent weighted clearance rate","Percent","239","units","0","v53079605","24.18","-7.05","","","","2"
"2021","Windsor, Ontario [35559]","2021A003535559","Percent change in non-violent weighted clearance rate","Percent","239","units","0","v53079605","24.18","-8.84","","","","2"


