﻿"REF_DATE","GEO","DGUID","Statistics","UOM","UOM_ID","SCALAR_FACTOR","SCALAR_ID","VECTOR","COORDINATE","VALUE","STATUS","SYMBOL","TERMINATED","DECIMALS"
"2010","Ottawa-Gatineau, Ontario part [35505]","2021A003535505","Crime severity index","Index","160","units","0","v44312563","18.1","60.32","","","","2"
"2011","Ottawa-Gatineau, Ontario part [35505]","2021A003535505","Crime severity index","Index","160","units","0","v44312563","18.1","57.87","","","","2"
"2012","Ottawa-Gatineau, Ontario part [35505]","2021A003535505","Crime severity index","Index","160","units","0","v44312563","18.1","58.09","","","","2"
"2013","Ottawa-Gatineau, Ontario part [35505]","2021A003535505","Crime severity index","Index","160","units","0","v44312563","18.1","49.14","","","","2"
"2014","Ottawa-Gatineau, Ontario part [35505]","2021A003535505","Crime severity index","Index","160","units","0","v44312563","18.1","44.95","","","","2"
"2015","Ottawa-Gatineau, Ontario part [35505]","2021A003535505","Crime severity index","Index","160","units","0","v44312563","18.1","46.74","","","","2"
"2016","Ottawa-Gatineau, Ontario part [35505]","2021A003535505","Crime severity index","Index","160","units","0","v44312563","18.1","50.78","","","","2"
"2017","Ottawa-Gatineau, Ontario part [35505]","2021A003535505","Crime severity index","Index","160","units","0","v44312563","18.1","51.01","","","","2"
"2018","Ottawa-Gatineau, Ontario part [35505]","2021A003535505","Crime severity index","Index","160","units","0","v44312563","18.1","54.67","","","","2"
"2019","Ottawa-Gatineau, Ontario part [35505]","2021A003535505","Crime severity index","Index","160","units","0","v44312563","18.1","57.30","","","","2"
"2020","Ottawa-Gatineau, Ontario part [35505]","2021A003535505","Crime severity index","Index","160","units","0","v44312563","18.1","47.54","","","","2"
"2021","Ottawa-Gatineau, Ontario part [35505]","2021A003535505","Crime severity index","Index","160","units","0","v44312563","18.1","49.25","","","","2"
"2010","Ottawa-Gatineau, Ontario part [35505]","2021A003535505","Percent change in crime severity index","Percent","239","units","0","v44312564","18.2","-9.59","","","","2"
"2011","Ottawa-Gatineau, Ontario part [35505]","2021A003535505","Percent change in crime severity index","Percent","239","units","0","v44312564","18.2","-4.06","","","","2"
"2012","Ottawa-Gatineau, Ontario part [35505]","2021A003535505","Percent change in crime severity index","Percent","239","units","0","v44312564","18.2","0.38","","","","2"
"2013","Ottawa-Gatineau, Ontario part [35505]","2021A003535505","Percent change in crime severity index","Percent","239","units","0","v44312564","18.2","-15.41","","","","2"
"2014","Ottawa-Gatineau, Ontario part [35505]","2021A003535505","Percent change in crime severity index","Percent","239","units","0","v44312564","18.2","-8.53","","","","2"
"2015","Ottawa-Gatineau, Ontario part [35505]","2021A003535505","Percent change in crime severity index","Percent","239","units","0","v44312564","18.2","3.98","","","","2"
"2016","Ottawa-Gatineau, Ontario part [35505]","2021A003535505","Percent change in crime severity index","Percent","239","units","0","v44312564","18.2","8.64","","","","2"
"2017","Ottawa-Gatineau, Ontario part [35505]","2021A003535505","Percent change in crime severity index","Percent","239","units","0","v44312564","18.2","0.45","","","","2"
"2018","Ottawa-Gatineau, Ontario part [35505]","2021A003535505","Percent change in crime severity index","Percent","239","units","0","v44312564","18.2","7.18","","","","2"
"2019","Ottawa-Gatineau, Ontario part [35505]","2021A003535505","Percent change in crime severity index","Percent","239","units","0","v44312564","18.2","4.81","","","","2"
"2020","Ottawa-Gatineau, Ontario part [35505]","2021A003535505","Percent change in crime severity index","Percent","239","units","0","v44312564","18.2","-17.03","","","","2"
"2021","Ottawa-Gatineau, Ontario part [35505]","2021A003535505","Percent change in crime severity index","Percent","239","units","0","v44312564","18.2","3.60","","","","2"
"2010","Ottawa-Gatineau, Ontario part [35505]","2021A003535505","Violent crime severity index","Index","160","units","0","v44312565","18.3","67.81","","","","2"
"2011","Ottawa-Gatineau, Ontario part [35505]","2021A003535505","Violent crime severity index","Index","160","units","0","v44312565","18.3","61.59","","","","2"
"2012","Ottawa-Gatineau, Ontario part [35505]","2021A003535505","Violent crime severity index","Index","160","units","0","v44312565","18.3","58.30","","","","2"
"2013","Ottawa-Gatineau, Ontario part [35505]","2021A003535505","Violent crime severity index","Index","160","units","0","v44312565","18.3","56.31","","","","2"
"2014","Ottawa-Gatineau, Ontario part [35505]","2021A003535505","Violent crime severity index","Index","160","units","0","v44312565","18.3","50.16","","","","2"
"2015","Ottawa-Gatineau, Ontario part [35505]","2021A003535505","Violent crime severity index","Index","160","units","0","v44312565","18.3","54.33","","","","2"
"2016","Ottawa-Gatineau, Ontario part [35505]","2021A003535505","Violent crime severity index","Index","160","units","0","v44312565","18.3","62.60","","","","2"
"2017","Ottawa-Gatineau, Ontario part [35505]","2021A003535505","Violent crime severity index","Index","160","units","0","v44312565","18.3","64.39","","","","2"
"2018","Ottawa-Gatineau, Ontario part [35505]","2021A003535505","Violent crime severity index","Index","160","units","0","v44312565","18.3","68.88","","","","2"
"2019","Ottawa-Gatineau, Ontario part [35505]","2021A003535505","Violent crime severity index","Index","160","units","0","v44312565","18.3","69.51","","","","2"
"2020","Ottawa-Gatineau, Ontario part [35505]","2021A003535505","Violent crime severity index","Index","160","units","0","v44312565","18.3","55.78","","","","2"
"2021","Ottawa-Gatineau, Ontario part [35505]","2021A003535505","Violent crime severity index","Index","160","units","0","v44312565","18.3","62.29","","","","2"
"2010","Ottawa-Gatineau, Ontario part [35505]","2021A003535505","Percent change in violent crime severity index","Percent","239","units","0","v44312566","18.4","-13.21","","","","2"
"2011","Ottawa-Gatineau, Ontario part [35505]","2021A003535505","Percent change in violent crime severity index","Percent","239","units","0","v44312566","18.4","-9.17","","","","2"
"2012","Ottawa-Gatineau, Ontario part [35505]","2021A003535505","Percent change in violent crime severity index","Percent","239","units","0","v44312566","18.4","-5.34","","","","2"
"2013","Ottawa-Gatineau, Ontario part [35505]","2021A003535505","Percent change in violent crime severity index","Percent","239","units","0","v44312566","18.4","-3.41","","","","2"
"2014","Ottawa-Gatineau, Ontario part [35505]","2021A003535505","Percent change in violent crime severity index","Percent","239","units","0","v44312566","18.4","-10.92","","","","2"
"2015","Ottawa-Gatineau, Ontario part [35505]","2021A003535505","Percent change in violent crime severity index","Percent","239","units","0","v44312566","18.4","8.31","","","","2"
"2016","Ottawa-Gatineau, Ontario part [35505]","2021A003535505","Percent change in violent crime severity index","Percent","239","units","0","v44312566","18.4","15.22","","","","2"
"2017","Ottawa-Gatineau, Ontario part [35505]","2021A003535505","Percent change in violent crime severity index","Percent","239","units","0","v44312566","18.4","2.86","","","","2"
"2018","Ottawa-Gatineau, Ontario part [35505]","2021A003535505","Percent change in violent crime severity index","Percent","239","units","0","v44312566","18.4","6.97","","","","2"
"2019","Ottawa-Gatineau, Ontario part [35505]","2021A003535505","Percent change in violent crime severity index","Percent","239","units","0","v44312566","18.4","0.91","","","","2"
"2020","Ottawa-Gatineau, Ontario part [35505]","2021A003535505","Percent change in violent crime severity index","Percent","239","units","0","v44312566","18.4","-19.75","","","","2"
"2021","Ottawa-Gatineau, Ontario part [35505]","2021A003535505","Percent change in violent crime severity index","Percent","239","units","0","v44312566","18.4","11.67","","","","2"
"2010","Ottawa-Gatineau, Ontario part [35505]","2021A003535505","Non-violent crime severity index","Index","160","units","0","v44312567","18.5","57.43","","","","2"
"2011","Ottawa-Gatineau, Ontario part [35505]","2021A003535505","Non-violent crime severity index","Index","160","units","0","v44312567","18.5","56.40","","","","2"
"2012","Ottawa-Gatineau, Ontario part [35505]","2021A003535505","Non-violent crime severity index","Index","160","units","0","v44312567","18.5","57.89","","","","2"
"2013","Ottawa-Gatineau, Ontario part [35505]","2021A003535505","Non-violent crime severity index","Index","160","units","0","v44312567","18.5","46.43","","","","2"
"2014","Ottawa-Gatineau, Ontario part [35505]","2021A003535505","Non-violent crime severity index","Index","160","units","0","v44312567","18.5","42.96","","","","2"
"2015","Ottawa-Gatineau, Ontario part [35505]","2021A003535505","Non-violent crime severity index","Index","160","units","0","v44312567","18.5","43.88","","","","2"
"2016","Ottawa-Gatineau, Ontario part [35505]","2021A003535505","Non-violent crime severity index","Index","160","units","0","v44312567","18.5","46.41","","","","2"
"2017","Ottawa-Gatineau, Ontario part [35505]","2021A003535505","Non-violent crime severity index","Index","160","units","0","v44312567","18.5","46.07","","","","2"
"2018","Ottawa-Gatineau, Ontario part [35505]","2021A003535505","Non-violent crime severity index","Index","160","units","0","v44312567","18.5","49.43","","","","2"
"2019","Ottawa-Gatineau, Ontario part [35505]","2021A003535505","Non-violent crime severity index","Index","160","units","0","v44312567","18.5","52.78","","","","2"
"2020","Ottawa-Gatineau, Ontario part [35505]","2021A003535505","Non-violent crime severity index","Index","160","units","0","v44312567","18.5","44.47","","","","2"
"2021","Ottawa-Gatineau, Ontario part [35505]","2021A003535505","Non-violent crime severity index","Index","160","units","0","v44312567","18.5","44.44","","","","2"
"2010","Ottawa-Gatineau, Ontario part [35505]","2021A003535505","Percent change in non-violent crime severity index","Percent","239","units","0","v44312568","18.6","-7.88","","","","2"
"2011","Ottawa-Gatineau, Ontario part [35505]","2021A003535505","Percent change in non-violent crime severity index","Percent","239","units","0","v44312568","18.6","-1.79","","","","2"
"2012","Ottawa-Gatineau, Ontario part [35505]","2021A003535505","Percent change in non-violent crime severity index","Percent","239","units","0","v44312568","18.6","2.64","","","","2"
"2013","Ottawa-Gatineau, Ontario part [35505]","2021A003535505","Percent change in non-violent crime severity index","Percent","239","units","0","v44312568","18.6","-19.80","","","","2"
"2014","Ottawa-Gatineau, Ontario part [35505]","2021A003535505","Percent change in non-violent crime severity index","Percent","239","units","0","v44312568","18.6","-7.47","","","","2"
"2015","Ottawa-Gatineau, Ontario part [35505]","2021A003535505","Percent change in non-violent crime severity index","Percent","239","units","0","v44312568","18.6","2.14","","","","2"
"2016","Ottawa-Gatineau, Ontario part [35505]","2021A003535505","Percent change in non-violent crime severity index","Percent","239","units","0","v44312568","18.6","5.77","","","","2"
"2017","Ottawa-Gatineau, Ontario part [35505]","2021A003535505","Percent change in non-violent crime severity index","Percent","239","units","0","v44312568","18.6","-0.73","","","","2"
"2018","Ottawa-Gatineau, Ontario part [35505]","2021A003535505","Percent change in non-violent crime severity index","Percent","239","units","0","v44312568","18.6","7.29","","","","2"
"2019","Ottawa-Gatineau, Ontario part [35505]","2021A003535505","Percent change in non-violent crime severity index","Percent","239","units","0","v44312568","18.6","6.78","","","","2"
"2020","Ottawa-Gatineau, Ontario part [35505]","2021A003535505","Percent change in non-violent crime severity index","Percent","239","units","0","v44312568","18.6","-15.74","","","","2"
"2021","Ottawa-Gatineau, Ontario part [35505]","2021A003535505","Percent change in non-violent crime severity index","Percent","239","units","0","v44312568","18.6","-0.07","","","","2"
"2010","Ottawa-Gatineau, Ontario part [35505]","2021A003535505","Youth crime severity index","Index","160","units","0","v53079540","18.7","0.00","","","","2"
"2011","Ottawa-Gatineau, Ontario part [35505]","2021A003535505","Youth crime severity index","Index","160","units","0","v53079540","18.7","","..","","","2"
"2012","Ottawa-Gatineau, Ontario part [35505]","2021A003535505","Youth crime severity index","Index","160","units","0","v53079540","18.7","","..","","","2"
"2013","Ottawa-Gatineau, Ontario part [35505]","2021A003535505","Youth crime severity index","Index","160","units","0","v53079540","18.7","","..","","","2"
"2014","Ottawa-Gatineau, Ontario part [35505]","2021A003535505","Youth crime severity index","Index","160","units","0","v53079540","18.7","","..","","","2"
"2015","Ottawa-Gatineau, Ontario part [35505]","2021A003535505","Youth crime severity index","Index","160","units","0","v53079540","18.7","","..","","","2"
"2016","Ottawa-Gatineau, Ontario part [35505]","2021A003535505","Youth crime severity index","Index","160","units","0","v53079540","18.7","","..","","","2"
"2017","Ottawa-Gatineau, Ontario part [35505]","2021A003535505","Youth crime severity index","Index","160","units","0","v53079540","18.7","","..","","","2"
"2018","Ottawa-Gatineau, Ontario part [35505]","2021A003535505","Youth crime severity index","Index","160","units","0","v53079540","18.7","","..","","","2"
"2019","Ottawa-Gatineau, Ontario part [35505]","2021A003535505","Youth crime severity index","Index","160","units","0","v53079540","18.7","","..","","","2"
"2020","Ottawa-Gatineau, Ontario part [35505]","2021A003535505","Youth crime severity index","Index","160","units","0","v53079540","18.7","","..","","","2"
"2021","Ottawa-Gatineau, Ontario part [35505]","2021A003535505","Youth crime severity index","Index","160","units","0","v53079540","18.7","","..","","","2"
"2010","Ottawa-Gatineau, Ontario part [35505]","2021A003535505","Percent change in youth crime severity index","Percent","239","units","0","v87984885","18.8","0.00","","","","2"
"2011","Ottawa-Gatineau, Ontario part [35505]","2021A003535505","Percent change in youth crime severity index","Percent","239","units","0","v87984885","18.8","","..","","","2"
"2012","Ottawa-Gatineau, Ontario part [35505]","2021A003535505","Percent change in youth crime severity index","Percent","239","units","0","v87984885","18.8","","..","","","2"
"2013","Ottawa-Gatineau, Ontario part [35505]","2021A003535505","Percent change in youth crime severity index","Percent","239","units","0","v87984885","18.8","","..","","","2"
"2014","Ottawa-Gatineau, Ontario part [35505]","2021A003535505","Percent change in youth crime severity index","Percent","239","units","0","v87984885","18.8","","..","","","2"
"2015","Ottawa-Gatineau, Ontario part [35505]","2021A003535505","Percent change in youth crime severity index","Percent","239","units","0","v87984885","18.8","","..","","","2"
"2016","Ottawa-Gatineau, Ontario part [35505]","2021A003535505","Percent change in youth crime severity index","Percent","239","units","0","v87984885","18.8","","..","","","2"
"2017","Ottawa-Gatineau, Ontario part [35505]","2021A003535505","Percent change in youth crime severity index","Percent","239","units","0","v87984885","18.8","","..","","","2"
"2018","Ottawa-Gatineau, Ontario part [35505]","2021A003535505","Percent change in youth crime severity index","Percent","239","units","0","v87984885","18.8","","..","","","2"
"2019","Ottawa-Gatineau, Ontario part [35505]","2021A003535505","Percent change in youth crime severity index","Percent","239","units","0","v87984885","18.8","","..","","","2"
"2020","Ottawa-Gatineau, Ontario part [35505]","2021A003535505","Percent change in youth crime severity index","Percent","239","units","0","v87984885","18.8","","..","","","2"
"2021","Ottawa-Gatineau, Ontario part [35505]","2021A003535505","Percent change in youth crime severity index","Percent","239","units","0","v87984885","18.8","","..","","","2"
"2010","Ottawa-Gatineau, Ontario part [35505]","2021A003535505","Youth violent crime severity index","Index","160","units","0","v53079541","18.9","0.00","","","","2"
"2011","Ottawa-Gatineau, Ontario part [35505]","2021A003535505","Youth violent crime severity index","Index","160","units","0","v53079541","18.9","","..","","","2"
"2012","Ottawa-Gatineau, Ontario part [35505]","2021A003535505","Youth violent crime severity index","Index","160","units","0","v53079541","18.9","","..","","","2"
"2013","Ottawa-Gatineau, Ontario part [35505]","2021A003535505","Youth violent crime severity index","Index","160","units","0","v53079541","18.9","","..","","","2"
"2014","Ottawa-Gatineau, Ontario part [35505]","2021A003535505","Youth violent crime severity index","Index","160","units","0","v53079541","18.9","","..","","","2"
"2015","Ottawa-Gatineau, Ontario part [35505]","2021A003535505","Youth violent crime severity index","Index","160","units","0","v53079541","18.9","","..","","","2"
"2016","Ottawa-Gatineau, Ontario part [35505]","2021A003535505","Youth violent crime severity index","Index","160","units","0","v53079541","18.9","","..","","","2"
"2017","Ottawa-Gatineau, Ontario part [35505]","2021A003535505","Youth violent crime severity index","Index","160","units","0","v53079541","18.9","","..","","","2"
"2018","Ottawa-Gatineau, Ontario part [35505]","2021A003535505","Youth violent crime severity index","Index","160","units","0","v53079541","18.9","","..","","","2"
"2019","Ottawa-Gatineau, Ontario part [35505]","2021A003535505","Youth violent crime severity index","Index","160","units","0","v53079541","18.9","","..","","","2"
"2020","Ottawa-Gatineau, Ontario part [35505]","2021A003535505","Youth violent crime severity index","Index","160","units","0","v53079541","18.9","","..","","","2"
"2021","Ottawa-Gatineau, Ontario part [35505]","2021A003535505","Youth violent crime severity index","Index","160","units","0","v53079541","18.9","","..","","","2"
"2010","Ottawa-Gatineau, Ontario part [35505]","2021A003535505","Percent change in youth violent crime severity index","Percent","239","units","0","v87984886","18.10","0.00","","","","2"
"2011","Ottawa-Gatineau, Ontario part [35505]","2021A003535505","Percent change in youth violent crime severity index","Percent","239","units","0","v87984886","18.10","","..","","","2"
"2012","Ottawa-Gatineau, Ontario part [35505]","2021A003535505","Percent change in youth violent crime severity index","Percent","239","units","0","v87984886","18.10","","..","","","2"
"2013","Ottawa-Gatineau, Ontario part [35505]","2021A003535505","Percent change in youth violent crime severity index","Percent","239","units","0","v87984886","18.10","","..","","","2"
"2014","Ottawa-Gatineau, Ontario part [35505]","2021A003535505","Percent change in youth violent crime severity index","Percent","239","units","0","v87984886","18.10","","..","","","2"
"2015","Ottawa-Gatineau, Ontario part [35505]","2021A003535505","Percent change in youth violent crime severity index","Percent","239","units","0","v87984886","18.10","","..","","","2"
"2016","Ottawa-Gatineau, Ontario part [35505]","2021A003535505","Percent change in youth violent crime severity index","Percent","239","units","0","v87984886","18.10","","..","","","2"
"2017","Ottawa-Gatineau, Ontario part [35505]","2021A003535505","Percent change in youth violent crime severity index","Percent","239","units","0","v87984886","18.10","","..","","","2"
"2018","Ottawa-Gatineau, Ontario part [35505]","2021A003535505","Percent change in youth violent crime severity index","Percent","239","units","0","v87984886","18.10","","..","","","2"
"2019","Ottawa-Gatineau, Ontario part [35505]","2021A003535505","Percent change in youth violent crime severity index","Percent","239","units","0","v87984886","18.10","","..","","","2"
"2020","Ottawa-Gatineau, Ontario part [35505]","2021A003535505","Percent change in youth violent crime severity index","Percent","239","units","0","v87984886","18.10","","..","","","2"
"2021","Ottawa-Gatineau, Ontario part [35505]","2021A003535505","Percent change in youth violent crime severity index","Percent","239","units","0","v87984886","18.10","","..","","","2"
"2010","Ottawa-Gatineau, Ontario part [35505]","2021A003535505","Youth non-violent crime severity index","Index","160","units","0","v53079533","18.11","0.00","","","","2"
"2011","Ottawa-Gatineau, Ontario part [35505]","2021A003535505","Youth non-violent crime severity index","Index","160","units","0","v53079533","18.11","","..","","","2"
"2012","Ottawa-Gatineau, Ontario part [35505]","2021A003535505","Youth non-violent crime severity index","Index","160","units","0","v53079533","18.11","","..","","","2"
"2013","Ottawa-Gatineau, Ontario part [35505]","2021A003535505","Youth non-violent crime severity index","Index","160","units","0","v53079533","18.11","","..","","","2"
"2014","Ottawa-Gatineau, Ontario part [35505]","2021A003535505","Youth non-violent crime severity index","Index","160","units","0","v53079533","18.11","","..","","","2"
"2015","Ottawa-Gatineau, Ontario part [35505]","2021A003535505","Youth non-violent crime severity index","Index","160","units","0","v53079533","18.11","","..","","","2"
"2016","Ottawa-Gatineau, Ontario part [35505]","2021A003535505","Youth non-violent crime severity index","Index","160","units","0","v53079533","18.11","","..","","","2"
"2017","Ottawa-Gatineau, Ontario part [35505]","2021A003535505","Youth non-violent crime severity index","Index","160","units","0","v53079533","18.11","","..","","","2"
"2018","Ottawa-Gatineau, Ontario part [35505]","2021A003535505","Youth non-violent crime severity index","Index","160","units","0","v53079533","18.11","","..","","","2"
"2019","Ottawa-Gatineau, Ontario part [35505]","2021A003535505","Youth non-violent crime severity index","Index","160","units","0","v53079533","18.11","","..","","","2"
"2020","Ottawa-Gatineau, Ontario part [35505]","2021A003535505","Youth non-violent crime severity index","Index","160","units","0","v53079533","18.11","","..","","","2"
"2021","Ottawa-Gatineau, Ontario part [35505]","2021A003535505","Youth non-violent crime severity index","Index","160","units","0","v53079533","18.11","","..","","","2"
"2010","Ottawa-Gatineau, Ontario part [35505]","2021A003535505","Percent change in youth non-violent crime severity index","Percent","239","units","0","v87984887","18.12","0.00","","","","2"
"2011","Ottawa-Gatineau, Ontario part [35505]","2021A003535505","Percent change in youth non-violent crime severity index","Percent","239","units","0","v87984887","18.12","","..","","","2"
"2012","Ottawa-Gatineau, Ontario part [35505]","2021A003535505","Percent change in youth non-violent crime severity index","Percent","239","units","0","v87984887","18.12","","..","","","2"
"2013","Ottawa-Gatineau, Ontario part [35505]","2021A003535505","Percent change in youth non-violent crime severity index","Percent","239","units","0","v87984887","18.12","","..","","","2"
"2014","Ottawa-Gatineau, Ontario part [35505]","2021A003535505","Percent change in youth non-violent crime severity index","Percent","239","units","0","v87984887","18.12","","..","","","2"
"2015","Ottawa-Gatineau, Ontario part [35505]","2021A003535505","Percent change in youth non-violent crime severity index","Percent","239","units","0","v87984887","18.12","","..","","","2"
"2016","Ottawa-Gatineau, Ontario part [35505]","2021A003535505","Percent change in youth non-violent crime severity index","Percent","239","units","0","v87984887","18.12","","..","","","2"
"2017","Ottawa-Gatineau, Ontario part [35505]","2021A003535505","Percent change in youth non-violent crime severity index","Percent","239","units","0","v87984887","18.12","","..","","","2"
"2018","Ottawa-Gatineau, Ontario part [35505]","2021A003535505","Percent change in youth non-violent crime severity index","Percent","239","units","0","v87984887","18.12","","..","","","2"
"2019","Ottawa-Gatineau, Ontario part [35505]","2021A003535505","Percent change in youth non-violent crime severity index","Percent","239","units","0","v87984887","18.12","","..","","","2"
"2020","Ottawa-Gatineau, Ontario part [35505]","2021A003535505","Percent change in youth non-violent crime severity index","Percent","239","units","0","v87984887","18.12","","..","","","2"
"2021","Ottawa-Gatineau, Ontario part [35505]","2021A003535505","Percent change in youth non-violent crime severity index","Percent","239","units","0","v87984887","18.12","","..","","","2"
"2010","Ottawa-Gatineau, Ontario part [35505]","2021A003535505","Weighted clearance rate","Number","223","units","0","v53079534","18.13","41.44","","","","2"
"2011","Ottawa-Gatineau, Ontario part [35505]","2021A003535505","Weighted clearance rate","Number","223","units","0","v53079534","18.13","38.96","","","","2"
"2012","Ottawa-Gatineau, Ontario part [35505]","2021A003535505","Weighted clearance rate","Number","223","units","0","v53079534","18.13","39.35","","","","2"
"2013","Ottawa-Gatineau, Ontario part [35505]","2021A003535505","Weighted clearance rate","Number","223","units","0","v53079534","18.13","39.76","","","","2"
"2014","Ottawa-Gatineau, Ontario part [35505]","2021A003535505","Weighted clearance rate","Number","223","units","0","v53079534","18.13","39.53","","","","2"
"2015","Ottawa-Gatineau, Ontario part [35505]","2021A003535505","Weighted clearance rate","Number","223","units","0","v53079534","18.13","39.24","","","","2"
"2016","Ottawa-Gatineau, Ontario part [35505]","2021A003535505","Weighted clearance rate","Number","223","units","0","v53079534","18.13","39.46","","","","2"
"2017","Ottawa-Gatineau, Ontario part [35505]","2021A003535505","Weighted clearance rate","Number","223","units","0","v53079534","18.13","38.96","","","","2"
"2018","Ottawa-Gatineau, Ontario part [35505]","2021A003535505","Weighted clearance rate","Number","223","units","0","v53079534","18.13","36.75","","","","2"
"2019","Ottawa-Gatineau, Ontario part [35505]","2021A003535505","Weighted clearance rate","Number","223","units","0","v53079534","18.13","35.99","","","","2"
"2020","Ottawa-Gatineau, Ontario part [35505]","2021A003535505","Weighted clearance rate","Number","223","units","0","v53079534","18.13","35.58","","","","2"
"2021","Ottawa-Gatineau, Ontario part [35505]","2021A003535505","Weighted clearance rate","Number","223","units","0","v53079534","18.13","32.54","","","","2"
"2010","Ottawa-Gatineau, Ontario part [35505]","2021A003535505","Percent change in weighted clearance rate","Percent","239","units","0","v53079535","18.14","3.26","","","","2"
"2011","Ottawa-Gatineau, Ontario part [35505]","2021A003535505","Percent change in weighted clearance rate","Percent","239","units","0","v53079535","18.14","-5.98","","","","2"
"2012","Ottawa-Gatineau, Ontario part [35505]","2021A003535505","Percent change in weighted clearance rate","Percent","239","units","0","v53079535","18.14","1.00","","","","2"
"2013","Ottawa-Gatineau, Ontario part [35505]","2021A003535505","Percent change in weighted clearance rate","Percent","239","units","0","v53079535","18.14","1.04","","","","2"
"2014","Ottawa-Gatineau, Ontario part [35505]","2021A003535505","Percent change in weighted clearance rate","Percent","239","units","0","v53079535","18.14","-0.58","","","","2"
"2015","Ottawa-Gatineau, Ontario part [35505]","2021A003535505","Percent change in weighted clearance rate","Percent","239","units","0","v53079535","18.14","-0.73","","","","2"
"2016","Ottawa-Gatineau, Ontario part [35505]","2021A003535505","Percent change in weighted clearance rate","Percent","239","units","0","v53079535","18.14","0.56","","","","2"
"2017","Ottawa-Gatineau, Ontario part [35505]","2021A003535505","Percent change in weighted clearance rate","Percent","239","units","0","v53079535","18.14","-1.27","","","","2"
"2018","Ottawa-Gatineau, Ontario part [35505]","2021A003535505","Percent change in weighted clearance rate","Percent","239","units","0","v53079535","18.14","-5.67","","","","2"
"2019","Ottawa-Gatineau, Ontario part [35505]","2021A003535505","Percent change in weighted clearance rate","Percent","239","units","0","v53079535","18.14","-2.07","","","","2"
"2020","Ottawa-Gatineau, Ontario part [35505]","2021A003535505","Percent change in weighted clearance rate","Percent","239","units","0","v53079535","18.14","-1.14","","","","2"
"2021","Ottawa-Gatineau, Ontario part [35505]","2021A003535505","Percent change in weighted clearance rate","Percent","239","units","0","v53079535","18.14","-8.54","","","","2"
"2010","Ottawa-Gatineau, Ontario part [35505]","2021A003535505","Violent weighted clearance rate","Number","223","units","0","v53079536","18.15","56.61","","","","2"
"2011","Ottawa-Gatineau, Ontario part [35505]","2021A003535505","Violent weighted clearance rate","Number","223","units","0","v53079536","18.15","53.00","","","","2"
"2012","Ottawa-Gatineau, Ontario part [35505]","2021A003535505","Violent weighted clearance rate","Number","223","units","0","v53079536","18.15","61.55","","","","2"
"2013","Ottawa-Gatineau, Ontario part [35505]","2021A003535505","Violent weighted clearance rate","Number","223","units","0","v53079536","18.15","53.79","","","","2"
"2014","Ottawa-Gatineau, Ontario part [35505]","2021A003535505","Violent weighted clearance rate","Number","223","units","0","v53079536","18.15","55.93","","","","2"
"2015","Ottawa-Gatineau, Ontario part [35505]","2021A003535505","Violent weighted clearance rate","Number","223","units","0","v53079536","18.15","56.73","","","","2"
"2016","Ottawa-Gatineau, Ontario part [35505]","2021A003535505","Violent weighted clearance rate","Number","223","units","0","v53079536","18.15","56.94","","","","2"
"2017","Ottawa-Gatineau, Ontario part [35505]","2021A003535505","Violent weighted clearance rate","Number","223","units","0","v53079536","18.15","56.27","","","","2"
"2018","Ottawa-Gatineau, Ontario part [35505]","2021A003535505","Violent weighted clearance rate","Number","223","units","0","v53079536","18.15","53.49","","","","2"
"2019","Ottawa-Gatineau, Ontario part [35505]","2021A003535505","Violent weighted clearance rate","Number","223","units","0","v53079536","18.15","50.78","","","","2"
"2020","Ottawa-Gatineau, Ontario part [35505]","2021A003535505","Violent weighted clearance rate","Number","223","units","0","v53079536","18.15","52.76","","","","2"
"2021","Ottawa-Gatineau, Ontario part [35505]","2021A003535505","Violent weighted clearance rate","Number","223","units","0","v53079536","18.15","47.60","","","","2"
"2010","Ottawa-Gatineau, Ontario part [35505]","2021A003535505","Percent change in violent weighted clearance rate","Percent","239","units","0","v53079537","18.16","-2.90","","","","2"
"2011","Ottawa-Gatineau, Ontario part [35505]","2021A003535505","Percent change in violent weighted clearance rate","Percent","239","units","0","v53079537","18.16","-6.38","","","","2"
"2012","Ottawa-Gatineau, Ontario part [35505]","2021A003535505","Percent change in violent weighted clearance rate","Percent","239","units","0","v53079537","18.16","16.13","","","","2"
"2013","Ottawa-Gatineau, Ontario part [35505]","2021A003535505","Percent change in violent weighted clearance rate","Percent","239","units","0","v53079537","18.16","-12.61","","","","2"
"2014","Ottawa-Gatineau, Ontario part [35505]","2021A003535505","Percent change in violent weighted clearance rate","Percent","239","units","0","v53079537","18.16","3.98","","","","2"
"2015","Ottawa-Gatineau, Ontario part [35505]","2021A003535505","Percent change in violent weighted clearance rate","Percent","239","units","0","v53079537","18.16","1.43","","","","2"
"2016","Ottawa-Gatineau, Ontario part [35505]","2021A003535505","Percent change in violent weighted clearance rate","Percent","239","units","0","v53079537","18.16","0.37","","","","2"
"2017","Ottawa-Gatineau, Ontario part [35505]","2021A003535505","Percent change in violent weighted clearance rate","Percent","239","units","0","v53079537","18.16","-1.18","","","","2"
"2018","Ottawa-Gatineau, Ontario part [35505]","2021A003535505","Percent change in violent weighted clearance rate","Percent","239","units","0","v53079537","18.16","-4.94","","","","2"
"2019","Ottawa-Gatineau, Ontario part [35505]","2021A003535505","Percent change in violent weighted clearance rate","Percent","239","units","0","v53079537","18.16","-5.07","","","","2"
"2020","Ottawa-Gatineau, Ontario part [35505]","2021A003535505","Percent change in violent weighted clearance rate","Percent","239","units","0","v53079537","18.16","3.90","","","","2"
"2021","Ottawa-Gatineau, Ontario part [35505]","2021A003535505","Percent change in violent weighted clearance rate","Percent","239","units","0","v53079537","18.16","-9.78","","","","2"
"2010","Ottawa-Gatineau, Ontario part [35505]","2021A003535505","Non-violent weighted clearance rate","Number","223","units","0","v53079538","18.17","34.55","","","","2"
"2011","Ottawa-Gatineau, Ontario part [35505]","2021A003535505","Non-violent weighted clearance rate","Number","223","units","0","v53079538","18.17","33.38","","","","2"
"2012","Ottawa-Gatineau, Ontario part [35505]","2021A003535505","Non-violent weighted clearance rate","Number","223","units","0","v53079538","18.17","31.21","","","","2"
"2013","Ottawa-Gatineau, Ontario part [35505]","2021A003535505","Non-violent weighted clearance rate","Number","223","units","0","v53079538","18.17","33.56","","","","2"
"2014","Ottawa-Gatineau, Ontario part [35505]","2021A003535505","Non-violent weighted clearance rate","Number","223","units","0","v53079538","18.17","32.57","","","","2"
"2015","Ottawa-Gatineau, Ontario part [35505]","2021A003535505","Non-violent weighted clearance rate","Number","223","units","0","v53079538","18.17","31.36","","","","2"
"2016","Ottawa-Gatineau, Ontario part [35505]","2021A003535505","Non-violent weighted clearance rate","Number","223","units","0","v53079538","18.17","30.98","","","","2"
"2017","Ottawa-Gatineau, Ontario part [35505]","2021A003535505","Non-violent weighted clearance rate","Number","223","units","0","v53079538","18.17","30.27","","","","2"
"2018","Ottawa-Gatineau, Ontario part [35505]","2021A003535505","Non-violent weighted clearance rate","Number","223","units","0","v53079538","18.17","28.36","","","","2"
"2019","Ottawa-Gatineau, Ontario part [35505]","2021A003535505","Non-violent weighted clearance rate","Number","223","units","0","v53079538","18.17","28.99","","","","2"
"2020","Ottawa-Gatineau, Ontario part [35505]","2021A003535505","Non-violent weighted clearance rate","Number","223","units","0","v53079538","18.17","27.82","","","","2"
"2021","Ottawa-Gatineau, Ontario part [35505]","2021A003535505","Non-violent weighted clearance rate","Number","223","units","0","v53079538","18.17","24.95","","","","2"
"2010","Ottawa-Gatineau, Ontario part [35505]","2021A003535505","Percent change in non-violent weighted clearance rate","Percent","239","units","0","v53079539","18.18","10.14","","","","2"
"2011","Ottawa-Gatineau, Ontario part [35505]","2021A003535505","Percent change in non-violent weighted clearance rate","Percent","239","units","0","v53079539","18.18","-3.39","","","","2"
"2012","Ottawa-Gatineau, Ontario part [35505]","2021A003535505","Percent change in non-violent weighted clearance rate","Percent","239","units","0","v53079539","18.18","-6.50","","","","2"
"2013","Ottawa-Gatineau, Ontario part [35505]","2021A003535505","Percent change in non-violent weighted clearance rate","Percent","239","units","0","v53079539","18.18","7.53","","","","2"
"2014","Ottawa-Gatineau, Ontario part [35505]","2021A003535505","Percent change in non-violent weighted clearance rate","Percent","239","units","0","v53079539","18.18","-2.95","","","","2"
"2015","Ottawa-Gatineau, Ontario part [35505]","2021A003535505","Percent change in non-violent weighted clearance rate","Percent","239","units","0","v53079539","18.18","-3.72","","","","2"
"2016","Ottawa-Gatineau, Ontario part [35505]","2021A003535505","Percent change in non-violent weighted clearance rate","Percent","239","units","0","v53079539","18.18","-1.21","","","","2"
"2017","Ottawa-Gatineau, Ontario part [35505]","2021A003535505","Percent change in non-violent weighted clearance rate","Percent","239","units","0","v53079539","18.18","-2.29","","","","2"
"2018","Ottawa-Gatineau, Ontario part [35505]","2021A003535505","Percent change in non-violent weighted clearance rate","Percent","239","units","0","v53079539","18.18","-6.31","","","","2"
"2019","Ottawa-Gatineau, Ontario part [35505]","2021A003535505","Percent change in non-violent weighted clearance rate","Percent","239","units","0","v53079539","18.18","2.22","","","","2"
"2020","Ottawa-Gatineau, Ontario part [35505]","2021A003535505","Percent change in non-violent weighted clearance rate","Percent","239","units","0","v53079539","18.18","-4.04","","","","2"
"2021","Ottawa-Gatineau, Ontario part [35505]","2021A003535505","Percent change in non-violent weighted clearance rate","Percent","239","units","0","v53079539","18.18","-10.32","","","","2"


