﻿"REF_DATE","GEO","DGUID","Statistics","UOM","UOM_ID","SCALAR_FACTOR","SCALAR_ID","VECTOR","COORDINATE","VALUE","STATUS","SYMBOL","TERMINATED","DECIMALS"
"2010","Kingston, Ontario [35521]","2021A003535521","Crime severity index","Index","160","units","0","v44312617","27.1","62.18","","","","2"
"2011","Kingston, Ontario [35521]","2021A003535521","Crime severity index","Index","160","units","0","v44312617","27.1","59.29","","","","2"
"2012","Kingston, Ontario [35521]","2021A003535521","Crime severity index","Index","160","units","0","v44312617","27.1","58.29","","","","2"
"2013","Kingston, Ontario [35521]","2021A003535521","Crime severity index","Index","160","units","0","v44312617","27.1","55.15","","","","2"
"2014","Kingston, Ontario [35521]","2021A003535521","Crime severity index","Index","160","units","0","v44312617","27.1","56.30","","","","2"
"2015","Kingston, Ontario [35521]","2021A003535521","Crime severity index","Index","160","units","0","v44312617","27.1","57.65","","","","2"
"2016","Kingston, Ontario [35521]","2021A003535521","Crime severity index","Index","160","units","0","v44312617","27.1","56.46","","","","2"
"2017","Kingston, Ontario [35521]","2021A003535521","Crime severity index","Index","160","units","0","v44312617","27.1","62.28","","","","2"
"2018","Kingston, Ontario [35521]","2021A003535521","Crime severity index","Index","160","units","0","v44312617","27.1","70.32","","","","2"
"2019","Kingston, Ontario [35521]","2021A003535521","Crime severity index","Index","160","units","0","v44312617","27.1","68.20","","","","2"
"2020","Kingston, Ontario [35521]","2021A003535521","Crime severity index","Index","160","units","0","v44312617","27.1","70.45","","","","2"
"2021","Kingston, Ontario [35521]","2021A003535521","Crime severity index","Index","160","units","0","v44312617","27.1","72.78","","","","2"
"2010","Kingston, Ontario [35521]","2021A003535521","Percent change in crime severity index","Percent","239","units","0","v44312618","27.2","-3.60","","","","2"
"2011","Kingston, Ontario [35521]","2021A003535521","Percent change in crime severity index","Percent","239","units","0","v44312618","27.2","-4.65","","","","2"
"2012","Kingston, Ontario [35521]","2021A003535521","Percent change in crime severity index","Percent","239","units","0","v44312618","27.2","-1.69","","","","2"
"2013","Kingston, Ontario [35521]","2021A003535521","Percent change in crime severity index","Percent","239","units","0","v44312618","27.2","-5.39","","","","2"
"2014","Kingston, Ontario [35521]","2021A003535521","Percent change in crime severity index","Percent","239","units","0","v44312618","27.2","2.09","","","","2"
"2015","Kingston, Ontario [35521]","2021A003535521","Percent change in crime severity index","Percent","239","units","0","v44312618","27.2","2.40","","","","2"
"2016","Kingston, Ontario [35521]","2021A003535521","Percent change in crime severity index","Percent","239","units","0","v44312618","27.2","-2.06","","","","2"
"2017","Kingston, Ontario [35521]","2021A003535521","Percent change in crime severity index","Percent","239","units","0","v44312618","27.2","10.31","","","","2"
"2018","Kingston, Ontario [35521]","2021A003535521","Percent change in crime severity index","Percent","239","units","0","v44312618","27.2","12.91","","","","2"
"2019","Kingston, Ontario [35521]","2021A003535521","Percent change in crime severity index","Percent","239","units","0","v44312618","27.2","-3.01","","","","2"
"2020","Kingston, Ontario [35521]","2021A003535521","Percent change in crime severity index","Percent","239","units","0","v44312618","27.2","3.30","","","","2"
"2021","Kingston, Ontario [35521]","2021A003535521","Percent change in crime severity index","Percent","239","units","0","v44312618","27.2","3.31","","","","2"
"2010","Kingston, Ontario [35521]","2021A003535521","Violent crime severity index","Index","160","units","0","v44312619","27.3","54.46","","","","2"
"2011","Kingston, Ontario [35521]","2021A003535521","Violent crime severity index","Index","160","units","0","v44312619","27.3","48.44","","","","2"
"2012","Kingston, Ontario [35521]","2021A003535521","Violent crime severity index","Index","160","units","0","v44312619","27.3","53.51","","","","2"
"2013","Kingston, Ontario [35521]","2021A003535521","Violent crime severity index","Index","160","units","0","v44312619","27.3","49.02","","","","2"
"2014","Kingston, Ontario [35521]","2021A003535521","Violent crime severity index","Index","160","units","0","v44312619","27.3","45.55","","","","2"
"2015","Kingston, Ontario [35521]","2021A003535521","Violent crime severity index","Index","160","units","0","v44312619","27.3","55.61","","","","2"
"2016","Kingston, Ontario [35521]","2021A003535521","Violent crime severity index","Index","160","units","0","v44312619","27.3","41.27","","","","2"
"2017","Kingston, Ontario [35521]","2021A003535521","Violent crime severity index","Index","160","units","0","v44312619","27.3","62.90","","","","2"
"2018","Kingston, Ontario [35521]","2021A003535521","Violent crime severity index","Index","160","units","0","v44312619","27.3","72.85","","","","2"
"2019","Kingston, Ontario [35521]","2021A003535521","Violent crime severity index","Index","160","units","0","v44312619","27.3","67.76","","","","2"
"2020","Kingston, Ontario [35521]","2021A003535521","Violent crime severity index","Index","160","units","0","v44312619","27.3","74.17","","","","2"
"2021","Kingston, Ontario [35521]","2021A003535521","Violent crime severity index","Index","160","units","0","v44312619","27.3","75.97","","","","2"
"2010","Kingston, Ontario [35521]","2021A003535521","Percent change in violent crime severity index","Percent","239","units","0","v44312620","27.4","-21.24","","","","2"
"2011","Kingston, Ontario [35521]","2021A003535521","Percent change in violent crime severity index","Percent","239","units","0","v44312620","27.4","-11.05","","","","2"
"2012","Kingston, Ontario [35521]","2021A003535521","Percent change in violent crime severity index","Percent","239","units","0","v44312620","27.4","10.47","","","","2"
"2013","Kingston, Ontario [35521]","2021A003535521","Percent change in violent crime severity index","Percent","239","units","0","v44312620","27.4","-8.39","","","","2"
"2014","Kingston, Ontario [35521]","2021A003535521","Percent change in violent crime severity index","Percent","239","units","0","v44312620","27.4","-7.08","","","","2"
"2015","Kingston, Ontario [35521]","2021A003535521","Percent change in violent crime severity index","Percent","239","units","0","v44312620","27.4","22.09","","","","2"
"2016","Kingston, Ontario [35521]","2021A003535521","Percent change in violent crime severity index","Percent","239","units","0","v44312620","27.4","-25.79","","","","2"
"2017","Kingston, Ontario [35521]","2021A003535521","Percent change in violent crime severity index","Percent","239","units","0","v44312620","27.4","52.41","","","","2"
"2018","Kingston, Ontario [35521]","2021A003535521","Percent change in violent crime severity index","Percent","239","units","0","v44312620","27.4","15.82","","","","2"
"2019","Kingston, Ontario [35521]","2021A003535521","Percent change in violent crime severity index","Percent","239","units","0","v44312620","27.4","-6.99","","","","2"
"2020","Kingston, Ontario [35521]","2021A003535521","Percent change in violent crime severity index","Percent","239","units","0","v44312620","27.4","9.46","","","","2"
"2021","Kingston, Ontario [35521]","2021A003535521","Percent change in violent crime severity index","Percent","239","units","0","v44312620","27.4","2.43","","","","2"
"2010","Kingston, Ontario [35521]","2021A003535521","Non-violent crime severity index","Index","160","units","0","v44312621","27.5","65.15","","","","2"
"2011","Kingston, Ontario [35521]","2021A003535521","Non-violent crime severity index","Index","160","units","0","v44312621","27.5","63.11","","","","2"
"2012","Kingston, Ontario [35521]","2021A003535521","Non-violent crime severity index","Index","160","units","0","v44312621","27.5","59.90","","","","2"
"2013","Kingston, Ontario [35521]","2021A003535521","Non-violent crime severity index","Index","160","units","0","v44312621","27.5","57.27","","","","2"
"2014","Kingston, Ontario [35521]","2021A003535521","Non-violent crime severity index","Index","160","units","0","v44312621","27.5","60.10","","","","2"
"2015","Kingston, Ontario [35521]","2021A003535521","Non-violent crime severity index","Index","160","units","0","v44312621","27.5","58.27","","","","2"
"2016","Kingston, Ontario [35521]","2021A003535521","Non-violent crime severity index","Index","160","units","0","v44312621","27.5","61.79","","","","2"
"2017","Kingston, Ontario [35521]","2021A003535521","Non-violent crime severity index","Index","160","units","0","v44312621","27.5","61.90","","","","2"
"2018","Kingston, Ontario [35521]","2021A003535521","Non-violent crime severity index","Index","160","units","0","v44312621","27.5","69.24","","","","2"
"2019","Kingston, Ontario [35521]","2021A003535521","Non-violent crime severity index","Index","160","units","0","v44312621","27.5","68.19","","","","2"
"2020","Kingston, Ontario [35521]","2021A003535521","Non-violent crime severity index","Index","160","units","0","v44312621","27.5","68.94","","","","2"
"2021","Kingston, Ontario [35521]","2021A003535521","Non-violent crime severity index","Index","160","units","0","v44312621","27.5","71.46","","","","2"
"2010","Kingston, Ontario [35521]","2021A003535521","Percent change in non-violent crime severity index","Percent","239","units","0","v44312622","27.6","3.89","","","","2"
"2011","Kingston, Ontario [35521]","2021A003535521","Percent change in non-violent crime severity index","Percent","239","units","0","v44312622","27.6","-3.13","","","","2"
"2012","Kingston, Ontario [35521]","2021A003535521","Percent change in non-violent crime severity index","Percent","239","units","0","v44312622","27.6","-5.09","","","","2"
"2013","Kingston, Ontario [35521]","2021A003535521","Percent change in non-violent crime severity index","Percent","239","units","0","v44312622","27.6","-4.39","","","","2"
"2014","Kingston, Ontario [35521]","2021A003535521","Percent change in non-violent crime severity index","Percent","239","units","0","v44312622","27.6","4.94","","","","2"
"2015","Kingston, Ontario [35521]","2021A003535521","Percent change in non-violent crime severity index","Percent","239","units","0","v44312622","27.6","-3.04","","","","2"
"2016","Kingston, Ontario [35521]","2021A003535521","Percent change in non-violent crime severity index","Percent","239","units","0","v44312622","27.6","6.04","","","","2"
"2017","Kingston, Ontario [35521]","2021A003535521","Percent change in non-violent crime severity index","Percent","239","units","0","v44312622","27.6","0.18","","","","2"
"2018","Kingston, Ontario [35521]","2021A003535521","Percent change in non-violent crime severity index","Percent","239","units","0","v44312622","27.6","11.86","","","","2"
"2019","Kingston, Ontario [35521]","2021A003535521","Percent change in non-violent crime severity index","Percent","239","units","0","v44312622","27.6","-1.52","","","","2"
"2020","Kingston, Ontario [35521]","2021A003535521","Percent change in non-violent crime severity index","Percent","239","units","0","v44312622","27.6","1.10","","","","2"
"2021","Kingston, Ontario [35521]","2021A003535521","Percent change in non-violent crime severity index","Percent","239","units","0","v44312622","27.6","3.66","","","","2"
"2010","Kingston, Ontario [35521]","2021A003535521","Youth crime severity index","Index","160","units","0","v53079633","27.7","0.00","","","","2"
"2011","Kingston, Ontario [35521]","2021A003535521","Youth crime severity index","Index","160","units","0","v53079633","27.7","","..","","","2"
"2012","Kingston, Ontario [35521]","2021A003535521","Youth crime severity index","Index","160","units","0","v53079633","27.7","","..","","","2"
"2013","Kingston, Ontario [35521]","2021A003535521","Youth crime severity index","Index","160","units","0","v53079633","27.7","","..","","","2"
"2014","Kingston, Ontario [35521]","2021A003535521","Youth crime severity index","Index","160","units","0","v53079633","27.7","","..","","","2"
"2015","Kingston, Ontario [35521]","2021A003535521","Youth crime severity index","Index","160","units","0","v53079633","27.7","","..","","","2"
"2016","Kingston, Ontario [35521]","2021A003535521","Youth crime severity index","Index","160","units","0","v53079633","27.7","","..","","","2"
"2017","Kingston, Ontario [35521]","2021A003535521","Youth crime severity index","Index","160","units","0","v53079633","27.7","","..","","","2"
"2018","Kingston, Ontario [35521]","2021A003535521","Youth crime severity index","Index","160","units","0","v53079633","27.7","","..","","","2"
"2019","Kingston, Ontario [35521]","2021A003535521","Youth crime severity index","Index","160","units","0","v53079633","27.7","","..","","","2"
"2020","Kingston, Ontario [35521]","2021A003535521","Youth crime severity index","Index","160","units","0","v53079633","27.7","","..","","","2"
"2021","Kingston, Ontario [35521]","2021A003535521","Youth crime severity index","Index","160","units","0","v53079633","27.7","","..","","","2"
"2010","Kingston, Ontario [35521]","2021A003535521","Percent change in youth crime severity index","Percent","239","units","0","v87984888","27.8","0.00","","","","2"
"2011","Kingston, Ontario [35521]","2021A003535521","Percent change in youth crime severity index","Percent","239","units","0","v87984888","27.8","","..","","","2"
"2012","Kingston, Ontario [35521]","2021A003535521","Percent change in youth crime severity index","Percent","239","units","0","v87984888","27.8","","..","","","2"
"2013","Kingston, Ontario [35521]","2021A003535521","Percent change in youth crime severity index","Percent","239","units","0","v87984888","27.8","","..","","","2"
"2014","Kingston, Ontario [35521]","2021A003535521","Percent change in youth crime severity index","Percent","239","units","0","v87984888","27.8","","..","","","2"
"2015","Kingston, Ontario [35521]","2021A003535521","Percent change in youth crime severity index","Percent","239","units","0","v87984888","27.8","","..","","","2"
"2016","Kingston, Ontario [35521]","2021A003535521","Percent change in youth crime severity index","Percent","239","units","0","v87984888","27.8","","..","","","2"
"2017","Kingston, Ontario [35521]","2021A003535521","Percent change in youth crime severity index","Percent","239","units","0","v87984888","27.8","","..","","","2"
"2018","Kingston, Ontario [35521]","2021A003535521","Percent change in youth crime severity index","Percent","239","units","0","v87984888","27.8","","..","","","2"
"2019","Kingston, Ontario [35521]","2021A003535521","Percent change in youth crime severity index","Percent","239","units","0","v87984888","27.8","","..","","","2"
"2020","Kingston, Ontario [35521]","2021A003535521","Percent change in youth crime severity index","Percent","239","units","0","v87984888","27.8","","..","","","2"
"2021","Kingston, Ontario [35521]","2021A003535521","Percent change in youth crime severity index","Percent","239","units","0","v87984888","27.8","","..","","","2"
"2010","Kingston, Ontario [35521]","2021A003535521","Youth violent crime severity index","Index","160","units","0","v53079634","27.9","0.00","","","","2"
"2011","Kingston, Ontario [35521]","2021A003535521","Youth violent crime severity index","Index","160","units","0","v53079634","27.9","","..","","","2"
"2012","Kingston, Ontario [35521]","2021A003535521","Youth violent crime severity index","Index","160","units","0","v53079634","27.9","","..","","","2"
"2013","Kingston, Ontario [35521]","2021A003535521","Youth violent crime severity index","Index","160","units","0","v53079634","27.9","","..","","","2"
"2014","Kingston, Ontario [35521]","2021A003535521","Youth violent crime severity index","Index","160","units","0","v53079634","27.9","","..","","","2"
"2015","Kingston, Ontario [35521]","2021A003535521","Youth violent crime severity index","Index","160","units","0","v53079634","27.9","","..","","","2"
"2016","Kingston, Ontario [35521]","2021A003535521","Youth violent crime severity index","Index","160","units","0","v53079634","27.9","","..","","","2"
"2017","Kingston, Ontario [35521]","2021A003535521","Youth violent crime severity index","Index","160","units","0","v53079634","27.9","","..","","","2"
"2018","Kingston, Ontario [35521]","2021A003535521","Youth violent crime severity index","Index","160","units","0","v53079634","27.9","","..","","","2"
"2019","Kingston, Ontario [35521]","2021A003535521","Youth violent crime severity index","Index","160","units","0","v53079634","27.9","","..","","","2"
"2020","Kingston, Ontario [35521]","2021A003535521","Youth violent crime severity index","Index","160","units","0","v53079634","27.9","","..","","","2"
"2021","Kingston, Ontario [35521]","2021A003535521","Youth violent crime severity index","Index","160","units","0","v53079634","27.9","","..","","","2"
"2010","Kingston, Ontario [35521]","2021A003535521","Percent change in youth violent crime severity index","Percent","239","units","0","v87984889","27.10","0.00","","","","2"
"2011","Kingston, Ontario [35521]","2021A003535521","Percent change in youth violent crime severity index","Percent","239","units","0","v87984889","27.10","","..","","","2"
"2012","Kingston, Ontario [35521]","2021A003535521","Percent change in youth violent crime severity index","Percent","239","units","0","v87984889","27.10","","..","","","2"
"2013","Kingston, Ontario [35521]","2021A003535521","Percent change in youth violent crime severity index","Percent","239","units","0","v87984889","27.10","","..","","","2"
"2014","Kingston, Ontario [35521]","2021A003535521","Percent change in youth violent crime severity index","Percent","239","units","0","v87984889","27.10","","..","","","2"
"2015","Kingston, Ontario [35521]","2021A003535521","Percent change in youth violent crime severity index","Percent","239","units","0","v87984889","27.10","","..","","","2"
"2016","Kingston, Ontario [35521]","2021A003535521","Percent change in youth violent crime severity index","Percent","239","units","0","v87984889","27.10","","..","","","2"
"2017","Kingston, Ontario [35521]","2021A003535521","Percent change in youth violent crime severity index","Percent","239","units","0","v87984889","27.10","","..","","","2"
"2018","Kingston, Ontario [35521]","2021A003535521","Percent change in youth violent crime severity index","Percent","239","units","0","v87984889","27.10","","..","","","2"
"2019","Kingston, Ontario [35521]","2021A003535521","Percent change in youth violent crime severity index","Percent","239","units","0","v87984889","27.10","","..","","","2"
"2020","Kingston, Ontario [35521]","2021A003535521","Percent change in youth violent crime severity index","Percent","239","units","0","v87984889","27.10","","..","","","2"
"2021","Kingston, Ontario [35521]","2021A003535521","Percent change in youth violent crime severity index","Percent","239","units","0","v87984889","27.10","","..","","","2"
"2010","Kingston, Ontario [35521]","2021A003535521","Youth non-violent crime severity index","Index","160","units","0","v53079626","27.11","0.00","","","","2"
"2011","Kingston, Ontario [35521]","2021A003535521","Youth non-violent crime severity index","Index","160","units","0","v53079626","27.11","","..","","","2"
"2012","Kingston, Ontario [35521]","2021A003535521","Youth non-violent crime severity index","Index","160","units","0","v53079626","27.11","","..","","","2"
"2013","Kingston, Ontario [35521]","2021A003535521","Youth non-violent crime severity index","Index","160","units","0","v53079626","27.11","","..","","","2"
"2014","Kingston, Ontario [35521]","2021A003535521","Youth non-violent crime severity index","Index","160","units","0","v53079626","27.11","","..","","","2"
"2015","Kingston, Ontario [35521]","2021A003535521","Youth non-violent crime severity index","Index","160","units","0","v53079626","27.11","","..","","","2"
"2016","Kingston, Ontario [35521]","2021A003535521","Youth non-violent crime severity index","Index","160","units","0","v53079626","27.11","","..","","","2"
"2017","Kingston, Ontario [35521]","2021A003535521","Youth non-violent crime severity index","Index","160","units","0","v53079626","27.11","","..","","","2"
"2018","Kingston, Ontario [35521]","2021A003535521","Youth non-violent crime severity index","Index","160","units","0","v53079626","27.11","","..","","","2"
"2019","Kingston, Ontario [35521]","2021A003535521","Youth non-violent crime severity index","Index","160","units","0","v53079626","27.11","","..","","","2"
"2020","Kingston, Ontario [35521]","2021A003535521","Youth non-violent crime severity index","Index","160","units","0","v53079626","27.11","","..","","","2"
"2021","Kingston, Ontario [35521]","2021A003535521","Youth non-violent crime severity index","Index","160","units","0","v53079626","27.11","","..","","","2"
"2010","Kingston, Ontario [35521]","2021A003535521","Percent change in youth non-violent crime severity index","Percent","239","units","0","v87984890","27.12","0.00","","","","2"
"2011","Kingston, Ontario [35521]","2021A003535521","Percent change in youth non-violent crime severity index","Percent","239","units","0","v87984890","27.12","","..","","","2"
"2012","Kingston, Ontario [35521]","2021A003535521","Percent change in youth non-violent crime severity index","Percent","239","units","0","v87984890","27.12","","..","","","2"
"2013","Kingston, Ontario [35521]","2021A003535521","Percent change in youth non-violent crime severity index","Percent","239","units","0","v87984890","27.12","","..","","","2"
"2014","Kingston, Ontario [35521]","2021A003535521","Percent change in youth non-violent crime severity index","Percent","239","units","0","v87984890","27.12","","..","","","2"
"2015","Kingston, Ontario [35521]","2021A003535521","Percent change in youth non-violent crime severity index","Percent","239","units","0","v87984890","27.12","","..","","","2"
"2016","Kingston, Ontario [35521]","2021A003535521","Percent change in youth non-violent crime severity index","Percent","239","units","0","v87984890","27.12","","..","","","2"
"2017","Kingston, Ontario [35521]","2021A003535521","Percent change in youth non-violent crime severity index","Percent","239","units","0","v87984890","27.12","","..","","","2"
"2018","Kingston, Ontario [35521]","2021A003535521","Percent change in youth non-violent crime severity index","Percent","239","units","0","v87984890","27.12","","..","","","2"
"2019","Kingston, Ontario [35521]","2021A003535521","Percent change in youth non-violent crime severity index","Percent","239","units","0","v87984890","27.12","","..","","","2"
"2020","Kingston, Ontario [35521]","2021A003535521","Percent change in youth non-violent crime severity index","Percent","239","units","0","v87984890","27.12","","..","","","2"
"2021","Kingston, Ontario [35521]","2021A003535521","Percent change in youth non-violent crime severity index","Percent","239","units","0","v87984890","27.12","","..","","","2"
"2010","Kingston, Ontario [35521]","2021A003535521","Weighted clearance rate","Number","223","units","0","v53079627","27.13","41.26","","","","2"
"2011","Kingston, Ontario [35521]","2021A003535521","Weighted clearance rate","Number","223","units","0","v53079627","27.13","47.37","","","","2"
"2012","Kingston, Ontario [35521]","2021A003535521","Weighted clearance rate","Number","223","units","0","v53079627","27.13","46.20","","","","2"
"2013","Kingston, Ontario [35521]","2021A003535521","Weighted clearance rate","Number","223","units","0","v53079627","27.13","49.56","","","","2"
"2014","Kingston, Ontario [35521]","2021A003535521","Weighted clearance rate","Number","223","units","0","v53079627","27.13","43.06","","","","2"
"2015","Kingston, Ontario [35521]","2021A003535521","Weighted clearance rate","Number","223","units","0","v53079627","27.13","43.13","","","","2"
"2016","Kingston, Ontario [35521]","2021A003535521","Weighted clearance rate","Number","223","units","0","v53079627","27.13","40.22","","","","2"
"2017","Kingston, Ontario [35521]","2021A003535521","Weighted clearance rate","Number","223","units","0","v53079627","27.13","41.61","","","","2"
"2018","Kingston, Ontario [35521]","2021A003535521","Weighted clearance rate","Number","223","units","0","v53079627","27.13","42.02","","","","2"
"2019","Kingston, Ontario [35521]","2021A003535521","Weighted clearance rate","Number","223","units","0","v53079627","27.13","41.79","","","","2"
"2020","Kingston, Ontario [35521]","2021A003535521","Weighted clearance rate","Number","223","units","0","v53079627","27.13","39.70","","","","2"
"2021","Kingston, Ontario [35521]","2021A003535521","Weighted clearance rate","Number","223","units","0","v53079627","27.13","32.76","","","","2"
"2010","Kingston, Ontario [35521]","2021A003535521","Percent change in weighted clearance rate","Percent","239","units","0","v53079628","27.14","-13.14","","","","2"
"2011","Kingston, Ontario [35521]","2021A003535521","Percent change in weighted clearance rate","Percent","239","units","0","v53079628","27.14","14.81","","","","2"
"2012","Kingston, Ontario [35521]","2021A003535521","Percent change in weighted clearance rate","Percent","239","units","0","v53079628","27.14","-2.47","","","","2"
"2013","Kingston, Ontario [35521]","2021A003535521","Percent change in weighted clearance rate","Percent","239","units","0","v53079628","27.14","7.27","","","","2"
"2014","Kingston, Ontario [35521]","2021A003535521","Percent change in weighted clearance rate","Percent","239","units","0","v53079628","27.14","-13.12","","","","2"
"2015","Kingston, Ontario [35521]","2021A003535521","Percent change in weighted clearance rate","Percent","239","units","0","v53079628","27.14","0.16","","","","2"
"2016","Kingston, Ontario [35521]","2021A003535521","Percent change in weighted clearance rate","Percent","239","units","0","v53079628","27.14","-6.75","","","","2"
"2017","Kingston, Ontario [35521]","2021A003535521","Percent change in weighted clearance rate","Percent","239","units","0","v53079628","27.14","3.46","","","","2"
"2018","Kingston, Ontario [35521]","2021A003535521","Percent change in weighted clearance rate","Percent","239","units","0","v53079628","27.14","0.99","","","","2"
"2019","Kingston, Ontario [35521]","2021A003535521","Percent change in weighted clearance rate","Percent","239","units","0","v53079628","27.14","-0.55","","","","2"
"2020","Kingston, Ontario [35521]","2021A003535521","Percent change in weighted clearance rate","Percent","239","units","0","v53079628","27.14","-5.00","","","","2"
"2021","Kingston, Ontario [35521]","2021A003535521","Percent change in weighted clearance rate","Percent","239","units","0","v53079628","27.14","-17.48","","","","2"
"2010","Kingston, Ontario [35521]","2021A003535521","Violent weighted clearance rate","Number","223","units","0","v53079629","27.15","78.61","","","","2"
"2011","Kingston, Ontario [35521]","2021A003535521","Violent weighted clearance rate","Number","223","units","0","v53079629","27.15","71.45","","","","2"
"2012","Kingston, Ontario [35521]","2021A003535521","Violent weighted clearance rate","Number","223","units","0","v53079629","27.15","70.32","","","","2"
"2013","Kingston, Ontario [35521]","2021A003535521","Violent weighted clearance rate","Number","223","units","0","v53079629","27.15","77.00","","","","2"
"2014","Kingston, Ontario [35521]","2021A003535521","Violent weighted clearance rate","Number","223","units","0","v53079629","27.15","76.41","","","","2"
"2015","Kingston, Ontario [35521]","2021A003535521","Violent weighted clearance rate","Number","223","units","0","v53079629","27.15","82.27","","","","2"
"2016","Kingston, Ontario [35521]","2021A003535521","Violent weighted clearance rate","Number","223","units","0","v53079629","27.15","78.95","","","","2"
"2017","Kingston, Ontario [35521]","2021A003535521","Violent weighted clearance rate","Number","223","units","0","v53079629","27.15","73.80","","","","2"
"2018","Kingston, Ontario [35521]","2021A003535521","Violent weighted clearance rate","Number","223","units","0","v53079629","27.15","75.40","","","","2"
"2019","Kingston, Ontario [35521]","2021A003535521","Violent weighted clearance rate","Number","223","units","0","v53079629","27.15","73.66","","","","2"
"2020","Kingston, Ontario [35521]","2021A003535521","Violent weighted clearance rate","Number","223","units","0","v53079629","27.15","73.43","","","","2"
"2021","Kingston, Ontario [35521]","2021A003535521","Violent weighted clearance rate","Number","223","units","0","v53079629","27.15","57.45","","","","2"
"2010","Kingston, Ontario [35521]","2021A003535521","Percent change in violent weighted clearance rate","Percent","239","units","0","v53079630","27.16","-4.31","","","","2"
"2011","Kingston, Ontario [35521]","2021A003535521","Percent change in violent weighted clearance rate","Percent","239","units","0","v53079630","27.16","-9.11","","","","2"
"2012","Kingston, Ontario [35521]","2021A003535521","Percent change in violent weighted clearance rate","Percent","239","units","0","v53079630","27.16","-1.58","","","","2"
"2013","Kingston, Ontario [35521]","2021A003535521","Percent change in violent weighted clearance rate","Percent","239","units","0","v53079630","27.16","9.50","","","","2"
"2014","Kingston, Ontario [35521]","2021A003535521","Percent change in violent weighted clearance rate","Percent","239","units","0","v53079630","27.16","-0.77","","","","2"
"2015","Kingston, Ontario [35521]","2021A003535521","Percent change in violent weighted clearance rate","Percent","239","units","0","v53079630","27.16","7.67","","","","2"
"2016","Kingston, Ontario [35521]","2021A003535521","Percent change in violent weighted clearance rate","Percent","239","units","0","v53079630","27.16","-4.04","","","","2"
"2017","Kingston, Ontario [35521]","2021A003535521","Percent change in violent weighted clearance rate","Percent","239","units","0","v53079630","27.16","-6.52","","","","2"
"2018","Kingston, Ontario [35521]","2021A003535521","Percent change in violent weighted clearance rate","Percent","239","units","0","v53079630","27.16","2.17","","","","2"
"2019","Kingston, Ontario [35521]","2021A003535521","Percent change in violent weighted clearance rate","Percent","239","units","0","v53079630","27.16","-2.31","","","","2"
"2020","Kingston, Ontario [35521]","2021A003535521","Percent change in violent weighted clearance rate","Percent","239","units","0","v53079630","27.16","-0.31","","","","2"
"2021","Kingston, Ontario [35521]","2021A003535521","Percent change in violent weighted clearance rate","Percent","239","units","0","v53079630","27.16","-21.76","","","","2"
"2010","Kingston, Ontario [35521]","2021A003535521","Non-violent weighted clearance rate","Number","223","units","0","v53079631","27.17","29.25","","","","2"
"2011","Kingston, Ontario [35521]","2021A003535521","Non-violent weighted clearance rate","Number","223","units","0","v53079631","27.17","40.64","","","","2"
"2012","Kingston, Ontario [35521]","2021A003535521","Non-violent weighted clearance rate","Number","223","units","0","v53079631","27.17","38.36","","","","2"
"2013","Kingston, Ontario [35521]","2021A003535521","Non-violent weighted clearance rate","Number","223","units","0","v53079631","27.17","41.02","","","","2"
"2014","Kingston, Ontario [35521]","2021A003535521","Non-violent weighted clearance rate","Number","223","units","0","v53079631","27.17","33.86","","","","2"
"2015","Kingston, Ontario [35521]","2021A003535521","Non-violent weighted clearance rate","Number","223","units","0","v53079631","27.17","29.54","","","","2"
"2016","Kingston, Ontario [35521]","2021A003535521","Non-violent weighted clearance rate","Number","223","units","0","v53079631","27.17","30.92","","","","2"
"2017","Kingston, Ontario [35521]","2021A003535521","Non-violent weighted clearance rate","Number","223","units","0","v53079631","27.17","29.85","","","","2"
"2018","Kingston, Ontario [35521]","2021A003535521","Non-violent weighted clearance rate","Number","223","units","0","v53079631","27.17","29.39","","","","2"
"2019","Kingston, Ontario [35521]","2021A003535521","Non-violent weighted clearance rate","Number","223","units","0","v53079631","27.17","30.40","","","","2"
"2020","Kingston, Ontario [35521]","2021A003535521","Non-violent weighted clearance rate","Number","223","units","0","v53079631","27.17","26.65","","","","2"
"2021","Kingston, Ontario [35521]","2021A003535521","Non-violent weighted clearance rate","Number","223","units","0","v53079631","27.17","23.32","","","","2"
"2010","Kingston, Ontario [35521]","2021A003535521","Percent change in non-violent weighted clearance rate","Percent","239","units","0","v53079632","27.18","-10.85","","","","2"
"2011","Kingston, Ontario [35521]","2021A003535521","Percent change in non-violent weighted clearance rate","Percent","239","units","0","v53079632","27.18","38.94","","","","2"
"2012","Kingston, Ontario [35521]","2021A003535521","Percent change in non-violent weighted clearance rate","Percent","239","units","0","v53079632","27.18","-5.61","","","","2"
"2013","Kingston, Ontario [35521]","2021A003535521","Percent change in non-violent weighted clearance rate","Percent","239","units","0","v53079632","27.18","6.93","","","","2"
"2014","Kingston, Ontario [35521]","2021A003535521","Percent change in non-violent weighted clearance rate","Percent","239","units","0","v53079632","27.18","-17.45","","","","2"
"2015","Kingston, Ontario [35521]","2021A003535521","Percent change in non-violent weighted clearance rate","Percent","239","units","0","v53079632","27.18","-12.76","","","","2"
"2016","Kingston, Ontario [35521]","2021A003535521","Percent change in non-violent weighted clearance rate","Percent","239","units","0","v53079632","27.18","4.67","","","","2"
"2017","Kingston, Ontario [35521]","2021A003535521","Percent change in non-violent weighted clearance rate","Percent","239","units","0","v53079632","27.18","-3.46","","","","2"
"2018","Kingston, Ontario [35521]","2021A003535521","Percent change in non-violent weighted clearance rate","Percent","239","units","0","v53079632","27.18","-1.54","","","","2"
"2019","Kingston, Ontario [35521]","2021A003535521","Percent change in non-violent weighted clearance rate","Percent","239","units","0","v53079632","27.18","3.44","","","","2"
"2020","Kingston, Ontario [35521]","2021A003535521","Percent change in non-violent weighted clearance rate","Percent","239","units","0","v53079632","27.18","-12.34","","","","2"
"2021","Kingston, Ontario [35521]","2021A003535521","Percent change in non-violent weighted clearance rate","Percent","239","units","0","v53079632","27.18","-12.50","","","","2"


