﻿"REF_DATE","GEO","DGUID","Statistics","UOM","UOM_ID","SCALAR_FACTOR","SCALAR_ID","VECTOR","COORDINATE","VALUE","STATUS","SYMBOL","TERMINATED","DECIMALS"
"2010","Alberta [48]","2016A000248","Crime severity index","Index","160","units","0","v44312653","33.1","98.18","","","","2"
"2011","Alberta [48]","2016A000248","Crime severity index","Index","160","units","0","v44312653","33.1","87.52","","","","2"
"2012","Alberta [48]","2016A000248","Crime severity index","Index","160","units","0","v44312653","33.1","86.13","","","","2"
"2013","Alberta [48]","2016A000248","Crime severity index","Index","160","units","0","v44312653","33.1","85.31","","","","2"
"2014","Alberta [48]","2016A000248","Crime severity index","Index","160","units","0","v44312653","33.1","87.55","","","","2"
"2015","Alberta [48]","2016A000248","Crime severity index","Index","160","units","0","v44312653","33.1","104.49","","","","2"
"2016","Alberta [48]","2016A000248","Crime severity index","Index","160","units","0","v44312653","33.1","105.99","","","","2"
"2017","Alberta [48]","2016A000248","Crime severity index","Index","160","units","0","v44312653","33.1","112.06","","","","2"
"2018","Alberta [48]","2016A000248","Crime severity index","Index","160","units","0","v44312653","33.1","113.65","","","","2"
"2019","Alberta [48]","2016A000248","Crime severity index","Index","160","units","0","v44312653","33.1","120.14","","","","2"
"2020","Alberta [48]","2016A000248","Crime severity index","Index","160","units","0","v44312653","33.1","108.70","","","","2"
"2021","Alberta [48]","2016A000248","Crime severity index","Index","160","units","0","v44312653","33.1","101.36","","","","2"
"2010","Alberta [48]","2016A000248","Percent change in crime severity index","Percent","239","units","0","v44312654","33.2","-7.02","","","","2"
"2011","Alberta [48]","2016A000248","Percent change in crime severity index","Percent","239","units","0","v44312654","33.2","-10.86","","","","2"
"2012","Alberta [48]","2016A000248","Percent change in crime severity index","Percent","239","units","0","v44312654","33.2","-1.59","","","","2"
"2013","Alberta [48]","2016A000248","Percent change in crime severity index","Percent","239","units","0","v44312654","33.2","-0.95","","","","2"
"2014","Alberta [48]","2016A000248","Percent change in crime severity index","Percent","239","units","0","v44312654","33.2","2.63","","","","2"
"2015","Alberta [48]","2016A000248","Percent change in crime severity index","Percent","239","units","0","v44312654","33.2","19.35","","","","2"
"2016","Alberta [48]","2016A000248","Percent change in crime severity index","Percent","239","units","0","v44312654","33.2","1.44","","","","2"
"2017","Alberta [48]","2016A000248","Percent change in crime severity index","Percent","239","units","0","v44312654","33.2","5.73","","","","2"
"2018","Alberta [48]","2016A000248","Percent change in crime severity index","Percent","239","units","0","v44312654","33.2","1.42","","","","2"
"2019","Alberta [48]","2016A000248","Percent change in crime severity index","Percent","239","units","0","v44312654","33.2","5.71","","","","2"
"2020","Alberta [48]","2016A000248","Percent change in crime severity index","Percent","239","units","0","v44312654","33.2","-9.52","","","","2"
"2021","Alberta [48]","2016A000248","Percent change in crime severity index","Percent","239","units","0","v44312654","33.2","-6.75","","","","2"
"2010","Alberta [48]","2016A000248","Violent crime severity index","Index","160","units","0","v44312655","33.3","98.19","","","","2"
"2011","Alberta [48]","2016A000248","Violent crime severity index","Index","160","units","0","v44312655","33.3","94.68","","","","2"
"2012","Alberta [48]","2016A000248","Violent crime severity index","Index","160","units","0","v44312655","33.3","88.88","","","","2"
"2013","Alberta [48]","2016A000248","Violent crime severity index","Index","160","units","0","v44312655","33.3","85.33","","","","2"
"2014","Alberta [48]","2016A000248","Violent crime severity index","Index","160","units","0","v44312655","33.3","87.12","","","","2"
"2015","Alberta [48]","2016A000248","Violent crime severity index","Index","160","units","0","v44312655","33.3","98.90","","","","2"
"2016","Alberta [48]","2016A000248","Violent crime severity index","Index","160","units","0","v44312655","33.3","92.89","","","","2"
"2017","Alberta [48]","2016A000248","Violent crime severity index","Index","160","units","0","v44312655","33.3","98.56","","","","2"
"2018","Alberta [48]","2016A000248","Violent crime severity index","Index","160","units","0","v44312655","33.3","99.50","","","","2"
"2019","Alberta [48]","2016A000248","Violent crime severity index","Index","160","units","0","v44312655","33.3","108.18","","","","2"
"2020","Alberta [48]","2016A000248","Violent crime severity index","Index","160","units","0","v44312655","33.3","109.72","","","","2"
"2021","Alberta [48]","2016A000248","Violent crime severity index","Index","160","units","0","v44312655","33.3","112.41","","","","2"
"2010","Alberta [48]","2016A000248","Percent change in violent crime severity index","Percent","239","units","0","v44312656","33.4","-7.79","","","","2"
"2011","Alberta [48]","2016A000248","Percent change in violent crime severity index","Percent","239","units","0","v44312656","33.4","-3.57","","","","2"
"2012","Alberta [48]","2016A000248","Percent change in violent crime severity index","Percent","239","units","0","v44312656","33.4","-6.13","","","","2"
"2013","Alberta [48]","2016A000248","Percent change in violent crime severity index","Percent","239","units","0","v44312656","33.4","-3.99","","","","2"
"2014","Alberta [48]","2016A000248","Percent change in violent crime severity index","Percent","239","units","0","v44312656","33.4","2.10","","","","2"
"2015","Alberta [48]","2016A000248","Percent change in violent crime severity index","Percent","239","units","0","v44312656","33.4","13.52","","","","2"
"2016","Alberta [48]","2016A000248","Percent change in violent crime severity index","Percent","239","units","0","v44312656","33.4","-6.08","","","","2"
"2017","Alberta [48]","2016A000248","Percent change in violent crime severity index","Percent","239","units","0","v44312656","33.4","6.10","","","","2"
"2018","Alberta [48]","2016A000248","Percent change in violent crime severity index","Percent","239","units","0","v44312656","33.4","0.95","","","","2"
"2019","Alberta [48]","2016A000248","Percent change in violent crime severity index","Percent","239","units","0","v44312656","33.4","8.72","","","","2"
"2020","Alberta [48]","2016A000248","Percent change in violent crime severity index","Percent","239","units","0","v44312656","33.4","1.42","","","","2"
"2021","Alberta [48]","2016A000248","Percent change in violent crime severity index","Percent","239","units","0","v44312656","33.4","2.45","","","","2"
"2010","Alberta [48]","2016A000248","Non-violent crime severity index","Index","160","units","0","v44312657","33.5","98.18","","","","2"
"2011","Alberta [48]","2016A000248","Non-violent crime severity index","Index","160","units","0","v44312657","33.5","84.74","","","","2"
"2012","Alberta [48]","2016A000248","Non-violent crime severity index","Index","160","units","0","v44312657","33.5","84.94","","","","2"
"2013","Alberta [48]","2016A000248","Non-violent crime severity index","Index","160","units","0","v44312657","33.5","85.13","","","","2"
"2014","Alberta [48]","2016A000248","Non-violent crime severity index","Index","160","units","0","v44312657","33.5","87.52","","","","2"
"2015","Alberta [48]","2016A000248","Non-violent crime severity index","Index","160","units","0","v44312657","33.5","106.31","","","","2"
"2016","Alberta [48]","2016A000248","Non-violent crime severity index","Index","160","units","0","v44312657","33.5","110.45","","","","2"
"2017","Alberta [48]","2016A000248","Non-violent crime severity index","Index","160","units","0","v44312657","33.5","116.65","","","","2"
"2018","Alberta [48]","2016A000248","Non-violent crime severity index","Index","160","units","0","v44312657","33.5","118.48","","","","2"
"2019","Alberta [48]","2016A000248","Non-violent crime severity index","Index","160","units","0","v44312657","33.5","124.17","","","","2"
"2020","Alberta [48]","2016A000248","Non-violent crime severity index","Index","160","units","0","v44312657","33.5","108.08","","","","2"
"2021","Alberta [48]","2016A000248","Non-violent crime severity index","Index","160","units","0","v44312657","33.5","97.14","","","","2"
"2010","Alberta [48]","2016A000248","Percent change in non-violent crime severity index","Percent","239","units","0","v44312658","33.6","-6.72","","","","2"
"2011","Alberta [48]","2016A000248","Percent change in non-violent crime severity index","Percent","239","units","0","v44312658","33.6","-13.69","","","","2"
"2012","Alberta [48]","2016A000248","Percent change in non-violent crime severity index","Percent","239","units","0","v44312658","33.6","0.24","","","","2"
"2013","Alberta [48]","2016A000248","Percent change in non-violent crime severity index","Percent","239","units","0","v44312658","33.6","0.22","","","","2"
"2014","Alberta [48]","2016A000248","Percent change in non-violent crime severity index","Percent","239","units","0","v44312658","33.6","2.81","","","","2"
"2015","Alberta [48]","2016A000248","Percent change in non-violent crime severity index","Percent","239","units","0","v44312658","33.6","21.47","","","","2"
"2016","Alberta [48]","2016A000248","Percent change in non-violent crime severity index","Percent","239","units","0","v44312658","33.6","3.89","","","","2"
"2017","Alberta [48]","2016A000248","Percent change in non-violent crime severity index","Percent","239","units","0","v44312658","33.6","5.61","","","","2"
"2018","Alberta [48]","2016A000248","Percent change in non-violent crime severity index","Percent","239","units","0","v44312658","33.6","1.57","","","","2"
"2019","Alberta [48]","2016A000248","Percent change in non-violent crime severity index","Percent","239","units","0","v44312658","33.6","4.80","","","","2"
"2020","Alberta [48]","2016A000248","Percent change in non-violent crime severity index","Percent","239","units","0","v44312658","33.6","-12.96","","","","2"
"2021","Alberta [48]","2016A000248","Percent change in non-violent crime severity index","Percent","239","units","0","v44312658","33.6","-10.12","","","","2"
"2010","Alberta [48]","2016A000248","Youth crime severity index","Index","160","units","0","v53079704","33.7","96.67","","","","2"
"2011","Alberta [48]","2016A000248","Youth crime severity index","Index","160","units","0","v53079704","33.7","81.65","","","","2"
"2012","Alberta [48]","2016A000248","Youth crime severity index","Index","160","units","0","v53079704","33.7","79.86","","","","2"
"2013","Alberta [48]","2016A000248","Youth crime severity index","Index","160","units","0","v53079704","33.7","69.89","","","","2"
"2014","Alberta [48]","2016A000248","Youth crime severity index","Index","160","units","0","v53079704","33.7","64.90","","","","2"
"2015","Alberta [48]","2016A000248","Youth crime severity index","Index","160","units","0","v53079704","33.7","65.04","","","","2"
"2016","Alberta [48]","2016A000248","Youth crime severity index","Index","160","units","0","v53079704","33.7","56.77","","","","2"
"2017","Alberta [48]","2016A000248","Youth crime severity index","Index","160","units","0","v53079704","33.7","56.20","","","","2"
"2018","Alberta [48]","2016A000248","Youth crime severity index","Index","160","units","0","v53079704","33.7","56.98","","","","2"
"2019","Alberta [48]","2016A000248","Youth crime severity index","Index","160","units","0","v53079704","33.7","53.14","","","","2"
"2020","Alberta [48]","2016A000248","Youth crime severity index","Index","160","units","0","v53079704","33.7","38.01","","","","2"
"2021","Alberta [48]","2016A000248","Youth crime severity index","Index","160","units","0","v53079704","33.7","36.59","","","","2"
"2010","Alberta [48]","2016A000248","Percent change in youth crime severity index","Percent","239","units","0","v53079705","33.8","-4.90","","","","2"
"2011","Alberta [48]","2016A000248","Percent change in youth crime severity index","Percent","239","units","0","v53079705","33.8","-15.54","","","","2"
"2012","Alberta [48]","2016A000248","Percent change in youth crime severity index","Percent","239","units","0","v53079705","33.8","-2.19","","","","2"
"2013","Alberta [48]","2016A000248","Percent change in youth crime severity index","Percent","239","units","0","v53079705","33.8","-12.48","","","","2"
"2014","Alberta [48]","2016A000248","Percent change in youth crime severity index","Percent","239","units","0","v53079705","33.8","-7.14","","","","2"
"2015","Alberta [48]","2016A000248","Percent change in youth crime severity index","Percent","239","units","0","v53079705","33.8","0.22","","","","2"
"2016","Alberta [48]","2016A000248","Percent change in youth crime severity index","Percent","239","units","0","v53079705","33.8","-12.72","","","","2"
"2017","Alberta [48]","2016A000248","Percent change in youth crime severity index","Percent","239","units","0","v53079705","33.8","-1.00","","","","2"
"2018","Alberta [48]","2016A000248","Percent change in youth crime severity index","Percent","239","units","0","v53079705","33.8","1.39","","","","2"
"2019","Alberta [48]","2016A000248","Percent change in youth crime severity index","Percent","239","units","0","v53079705","33.8","-6.74","","","","2"
"2020","Alberta [48]","2016A000248","Percent change in youth crime severity index","Percent","239","units","0","v53079705","33.8","-28.47","","","","2"
"2021","Alberta [48]","2016A000248","Percent change in youth crime severity index","Percent","239","units","0","v53079705","33.8","-3.74","","","","2"
"2010","Alberta [48]","2016A000248","Youth violent crime severity index","Index","160","units","0","v53079706","33.9","85.74","","","","2"
"2011","Alberta [48]","2016A000248","Youth violent crime severity index","Index","160","units","0","v53079706","33.9","75.70","","","","2"
"2012","Alberta [48]","2016A000248","Youth violent crime severity index","Index","160","units","0","v53079706","33.9","71.45","","","","2"
"2013","Alberta [48]","2016A000248","Youth violent crime severity index","Index","160","units","0","v53079706","33.9","66.88","","","","2"
"2014","Alberta [48]","2016A000248","Youth violent crime severity index","Index","160","units","0","v53079706","33.9","63.54","","","","2"
"2015","Alberta [48]","2016A000248","Youth violent crime severity index","Index","160","units","0","v53079706","33.9","70.86","","","","2"
"2016","Alberta [48]","2016A000248","Youth violent crime severity index","Index","160","units","0","v53079706","33.9","60.89","","","","2"
"2017","Alberta [48]","2016A000248","Youth violent crime severity index","Index","160","units","0","v53079706","33.9","63.64","","","","2"
"2018","Alberta [48]","2016A000248","Youth violent crime severity index","Index","160","units","0","v53079706","33.9","76.17","","","","2"
"2019","Alberta [48]","2016A000248","Youth violent crime severity index","Index","160","units","0","v53079706","33.9","72.18","","","","2"
"2020","Alberta [48]","2016A000248","Youth violent crime severity index","Index","160","units","0","v53079706","33.9","59.26","","","","2"
"2021","Alberta [48]","2016A000248","Youth violent crime severity index","Index","160","units","0","v53079706","33.9","56.73","","","","2"
"2010","Alberta [48]","2016A000248","Percent change in youth violent crime severity index","Percent","239","units","0","v53079928","33.10","-6.71","","","","2"
"2011","Alberta [48]","2016A000248","Percent change in youth violent crime severity index","Percent","239","units","0","v53079928","33.10","-11.71","","","","2"
"2012","Alberta [48]","2016A000248","Percent change in youth violent crime severity index","Percent","239","units","0","v53079928","33.10","-5.61","","","","2"
"2013","Alberta [48]","2016A000248","Percent change in youth violent crime severity index","Percent","239","units","0","v53079928","33.10","-6.40","","","","2"
"2014","Alberta [48]","2016A000248","Percent change in youth violent crime severity index","Percent","239","units","0","v53079928","33.10","-4.99","","","","2"
"2015","Alberta [48]","2016A000248","Percent change in youth violent crime severity index","Percent","239","units","0","v53079928","33.10","11.52","","","","2"
"2016","Alberta [48]","2016A000248","Percent change in youth violent crime severity index","Percent","239","units","0","v53079928","33.10","-14.07","","","","2"
"2017","Alberta [48]","2016A000248","Percent change in youth violent crime severity index","Percent","239","units","0","v53079928","33.10","4.52","","","","2"
"2018","Alberta [48]","2016A000248","Percent change in youth violent crime severity index","Percent","239","units","0","v53079928","33.10","19.69","","","","2"
"2019","Alberta [48]","2016A000248","Percent change in youth violent crime severity index","Percent","239","units","0","v53079928","33.10","-5.24","","","","2"
"2020","Alberta [48]","2016A000248","Percent change in youth violent crime severity index","Percent","239","units","0","v53079928","33.10","-17.90","","","","2"
"2021","Alberta [48]","2016A000248","Percent change in youth violent crime severity index","Percent","239","units","0","v53079928","33.10","-4.27","","","","2"
"2010","Alberta [48]","2016A000248","Youth non-violent crime severity index","Index","160","units","0","v53079696","33.11","104.99","","","","2"
"2011","Alberta [48]","2016A000248","Youth non-violent crime severity index","Index","160","units","0","v53079696","33.11","85.50","","","","2"
"2012","Alberta [48]","2016A000248","Youth non-violent crime severity index","Index","160","units","0","v53079696","33.11","85.47","","","","2"
"2013","Alberta [48]","2016A000248","Youth non-violent crime severity index","Index","160","units","0","v53079696","33.11","71.72","","","","2"
"2014","Alberta [48]","2016A000248","Youth non-violent crime severity index","Index","160","units","0","v53079696","33.11","65.59","","","","2"
"2015","Alberta [48]","2016A000248","Youth non-violent crime severity index","Index","160","units","0","v53079696","33.11","60.64","","","","2"
"2016","Alberta [48]","2016A000248","Youth non-violent crime severity index","Index","160","units","0","v53079696","33.11","53.44","","","","2"
"2017","Alberta [48]","2016A000248","Youth non-violent crime severity index","Index","160","units","0","v53079696","33.11","50.62","","","","2"
"2018","Alberta [48]","2016A000248","Youth non-violent crime severity index","Index","160","units","0","v53079696","33.11","43.37","","","","2"
"2019","Alberta [48]","2016A000248","Youth non-violent crime severity index","Index","160","units","0","v53079696","33.11","39.66","","","","2"
"2020","Alberta [48]","2016A000248","Youth non-violent crime severity index","Index","160","units","0","v53079696","33.11","23.16","","","","2"
"2021","Alberta [48]","2016A000248","Youth non-violent crime severity index","Index","160","units","0","v53079696","33.11","22.50","","","","2"
"2010","Alberta [48]","2016A000248","Percent change in youth non-violent crime severity index","Percent","239","units","0","v53079697","33.12","-3.74","","","","2"
"2011","Alberta [48]","2016A000248","Percent change in youth non-violent crime severity index","Percent","239","units","0","v53079697","33.12","-18.56","","","","2"
"2012","Alberta [48]","2016A000248","Percent change in youth non-violent crime severity index","Percent","239","units","0","v53079697","33.12","-0.04","","","","2"
"2013","Alberta [48]","2016A000248","Percent change in youth non-violent crime severity index","Percent","239","units","0","v53079697","33.12","-16.09","","","","2"
"2014","Alberta [48]","2016A000248","Percent change in youth non-violent crime severity index","Percent","239","units","0","v53079697","33.12","-8.55","","","","2"
"2015","Alberta [48]","2016A000248","Percent change in youth non-violent crime severity index","Percent","239","units","0","v53079697","33.12","-7.55","","","","2"
"2016","Alberta [48]","2016A000248","Percent change in youth non-violent crime severity index","Percent","239","units","0","v53079697","33.12","-11.87","","","","2"
"2017","Alberta [48]","2016A000248","Percent change in youth non-violent crime severity index","Percent","239","units","0","v53079697","33.12","-5.28","","","","2"
"2018","Alberta [48]","2016A000248","Percent change in youth non-violent crime severity index","Percent","239","units","0","v53079697","33.12","-14.32","","","","2"
"2019","Alberta [48]","2016A000248","Percent change in youth non-violent crime severity index","Percent","239","units","0","v53079697","33.12","-8.55","","","","2"
"2020","Alberta [48]","2016A000248","Percent change in youth non-violent crime severity index","Percent","239","units","0","v53079697","33.12","-41.60","","","","2"
"2021","Alberta [48]","2016A000248","Percent change in youth non-violent crime severity index","Percent","239","units","0","v53079697","33.12","-2.85","","","","2"
"2010","Alberta [48]","2016A000248","Weighted clearance rate","Number","223","units","0","v53079698","33.13","42.44","","","","2"
"2011","Alberta [48]","2016A000248","Weighted clearance rate","Number","223","units","0","v53079698","33.13","43.85","","","","2"
"2012","Alberta [48]","2016A000248","Weighted clearance rate","Number","223","units","0","v53079698","33.13","42.92","","","","2"
"2013","Alberta [48]","2016A000248","Weighted clearance rate","Number","223","units","0","v53079698","33.13","41.94","","","","2"
"2014","Alberta [48]","2016A000248","Weighted clearance rate","Number","223","units","0","v53079698","33.13","41.52","","","","2"
"2015","Alberta [48]","2016A000248","Weighted clearance rate","Number","223","units","0","v53079698","33.13","37.08","","","","2"
"2016","Alberta [48]","2016A000248","Weighted clearance rate","Number","223","units","0","v53079698","33.13","37.28","","","","2"
"2017","Alberta [48]","2016A000248","Weighted clearance rate","Number","223","units","0","v53079698","33.13","35.97","","","","2"
"2018","Alberta [48]","2016A000248","Weighted clearance rate","Number","223","units","0","v53079698","33.13","35.84","","","","2"
"2019","Alberta [48]","2016A000248","Weighted clearance rate","Number","223","units","0","v53079698","33.13","33.30","","","","2"
"2020","Alberta [48]","2016A000248","Weighted clearance rate","Number","223","units","0","v53079698","33.13","34.37","","","","2"
"2021","Alberta [48]","2016A000248","Weighted clearance rate","Number","223","units","0","v53079698","33.13","34.45","","","","2"
"2010","Alberta [48]","2016A000248","Percent change in weighted clearance rate","Percent","239","units","0","v53079699","33.14","3.08","","","","2"
"2011","Alberta [48]","2016A000248","Percent change in weighted clearance rate","Percent","239","units","0","v53079699","33.14","3.32","","","","2"
"2012","Alberta [48]","2016A000248","Percent change in weighted clearance rate","Percent","239","units","0","v53079699","33.14","-2.12","","","","2"
"2013","Alberta [48]","2016A000248","Percent change in weighted clearance rate","Percent","239","units","0","v53079699","33.14","-2.28","","","","2"
"2014","Alberta [48]","2016A000248","Percent change in weighted clearance rate","Percent","239","units","0","v53079699","33.14","-1.00","","","","2"
"2015","Alberta [48]","2016A000248","Percent change in weighted clearance rate","Percent","239","units","0","v53079699","33.14","-10.69","","","","2"
"2016","Alberta [48]","2016A000248","Percent change in weighted clearance rate","Percent","239","units","0","v53079699","33.14","0.54","","","","2"
"2017","Alberta [48]","2016A000248","Percent change in weighted clearance rate","Percent","239","units","0","v53079699","33.14","-3.51","","","","2"
"2018","Alberta [48]","2016A000248","Percent change in weighted clearance rate","Percent","239","units","0","v53079699","33.14","-0.36","","","","2"
"2019","Alberta [48]","2016A000248","Percent change in weighted clearance rate","Percent","239","units","0","v53079699","33.14","-7.09","","","","2"
"2020","Alberta [48]","2016A000248","Percent change in weighted clearance rate","Percent","239","units","0","v53079699","33.14","3.21","","","","2"
"2021","Alberta [48]","2016A000248","Percent change in weighted clearance rate","Percent","239","units","0","v53079699","33.14","0.23","","","","2"
"2010","Alberta [48]","2016A000248","Violent weighted clearance rate","Number","223","units","0","v53079700","33.15","62.50","","","","2"
"2011","Alberta [48]","2016A000248","Violent weighted clearance rate","Number","223","units","0","v53079700","33.15","62.14","","","","2"
"2012","Alberta [48]","2016A000248","Violent weighted clearance rate","Number","223","units","0","v53079700","33.15","63.21","","","","2"
"2013","Alberta [48]","2016A000248","Violent weighted clearance rate","Number","223","units","0","v53079700","33.15","62.70","","","","2"
"2014","Alberta [48]","2016A000248","Violent weighted clearance rate","Number","223","units","0","v53079700","33.15","63.03","","","","2"
"2015","Alberta [48]","2016A000248","Violent weighted clearance rate","Number","223","units","0","v53079700","33.15","59.43","","","","2"
"2016","Alberta [48]","2016A000248","Violent weighted clearance rate","Number","223","units","0","v53079700","33.15","60.52","","","","2"
"2017","Alberta [48]","2016A000248","Violent weighted clearance rate","Number","223","units","0","v53079700","33.15","59.56","","","","2"
"2018","Alberta [48]","2016A000248","Violent weighted clearance rate","Number","223","units","0","v53079700","33.15","57.75","","","","2"
"2019","Alberta [48]","2016A000248","Violent weighted clearance rate","Number","223","units","0","v53079700","33.15","52.58","","","","2"
"2020","Alberta [48]","2016A000248","Violent weighted clearance rate","Number","223","units","0","v53079700","33.15","54.64","","","","2"
"2021","Alberta [48]","2016A000248","Violent weighted clearance rate","Number","223","units","0","v53079700","33.15","52.54","","","","2"
"2010","Alberta [48]","2016A000248","Percent change in violent weighted clearance rate","Percent","239","units","0","v53079701","33.16","2.73","","","","2"
"2011","Alberta [48]","2016A000248","Percent change in violent weighted clearance rate","Percent","239","units","0","v53079701","33.16","-0.58","","","","2"
"2012","Alberta [48]","2016A000248","Percent change in violent weighted clearance rate","Percent","239","units","0","v53079701","33.16","1.72","","","","2"
"2013","Alberta [48]","2016A000248","Percent change in violent weighted clearance rate","Percent","239","units","0","v53079701","33.16","-0.81","","","","2"
"2014","Alberta [48]","2016A000248","Percent change in violent weighted clearance rate","Percent","239","units","0","v53079701","33.16","0.53","","","","2"
"2015","Alberta [48]","2016A000248","Percent change in violent weighted clearance rate","Percent","239","units","0","v53079701","33.16","-5.71","","","","2"
"2016","Alberta [48]","2016A000248","Percent change in violent weighted clearance rate","Percent","239","units","0","v53079701","33.16","1.83","","","","2"
"2017","Alberta [48]","2016A000248","Percent change in violent weighted clearance rate","Percent","239","units","0","v53079701","33.16","-1.59","","","","2"
"2018","Alberta [48]","2016A000248","Percent change in violent weighted clearance rate","Percent","239","units","0","v53079701","33.16","-3.04","","","","2"
"2019","Alberta [48]","2016A000248","Percent change in violent weighted clearance rate","Percent","239","units","0","v53079701","33.16","-8.95","","","","2"
"2020","Alberta [48]","2016A000248","Percent change in violent weighted clearance rate","Percent","239","units","0","v53079701","33.16","3.92","","","","2"
"2021","Alberta [48]","2016A000248","Percent change in violent weighted clearance rate","Percent","239","units","0","v53079701","33.16","-3.84","","","","2"
"2010","Alberta [48]","2016A000248","Non-violent weighted clearance rate","Number","223","units","0","v53079702","33.17","34.72","","","","2"
"2011","Alberta [48]","2016A000248","Non-violent weighted clearance rate","Number","223","units","0","v53079702","33.17","36.41","","","","2"
"2012","Alberta [48]","2016A000248","Non-violent weighted clearance rate","Number","223","units","0","v53079702","33.17","35.20","","","","2"
"2013","Alberta [48]","2016A000248","Non-violent weighted clearance rate","Number","223","units","0","v53079702","33.17","34.37","","","","2"
"2014","Alberta [48]","2016A000248","Non-violent weighted clearance rate","Number","223","units","0","v53079702","33.17","33.74","","","","2"
"2015","Alberta [48]","2016A000248","Non-violent weighted clearance rate","Number","223","units","0","v53079702","33.17","29.51","","","","2"
"2016","Alberta [48]","2016A000248","Non-violent weighted clearance rate","Number","223","units","0","v53079702","33.17","30.25","","","","2"
"2017","Alberta [48]","2016A000248","Non-violent weighted clearance rate","Number","223","units","0","v53079702","33.17","28.80","","","","2"
"2018","Alberta [48]","2016A000248","Non-violent weighted clearance rate","Number","223","units","0","v53079702","33.17","29.22","","","","2"
"2019","Alberta [48]","2016A000248","Non-violent weighted clearance rate","Number","223","units","0","v53079702","33.17","27.25","","","","2"
"2020","Alberta [48]","2016A000248","Non-violent weighted clearance rate","Number","223","units","0","v53079702","33.17","26.97","","","","2"
"2021","Alberta [48]","2016A000248","Non-violent weighted clearance rate","Number","223","units","0","v53079702","33.17","26.93","","","","2"
"2010","Alberta [48]","2016A000248","Percent change in non-violent weighted clearance rate","Percent","239","units","0","v53079703","33.18","3.58","","","","2"
"2011","Alberta [48]","2016A000248","Percent change in non-violent weighted clearance rate","Percent","239","units","0","v53079703","33.18","4.87","","","","2"
"2012","Alberta [48]","2016A000248","Percent change in non-violent weighted clearance rate","Percent","239","units","0","v53079703","33.18","-3.32","","","","2"
"2013","Alberta [48]","2016A000248","Percent change in non-violent weighted clearance rate","Percent","239","units","0","v53079703","33.18","-2.36","","","","2"
"2014","Alberta [48]","2016A000248","Percent change in non-violent weighted clearance rate","Percent","239","units","0","v53079703","33.18","-1.83","","","","2"
"2015","Alberta [48]","2016A000248","Percent change in non-violent weighted clearance rate","Percent","239","units","0","v53079703","33.18","-12.54","","","","2"
"2016","Alberta [48]","2016A000248","Percent change in non-violent weighted clearance rate","Percent","239","units","0","v53079703","33.18","2.51","","","","2"
"2017","Alberta [48]","2016A000248","Percent change in non-violent weighted clearance rate","Percent","239","units","0","v53079703","33.18","-4.79","","","","2"
"2018","Alberta [48]","2016A000248","Percent change in non-violent weighted clearance rate","Percent","239","units","0","v53079703","33.18","1.46","","","","2"
"2019","Alberta [48]","2016A000248","Percent change in non-violent weighted clearance rate","Percent","239","units","0","v53079703","33.18","-6.74","","","","2"
"2020","Alberta [48]","2016A000248","Percent change in non-violent weighted clearance rate","Percent","239","units","0","v53079703","33.18","-1.03","","","","2"
"2021","Alberta [48]","2016A000248","Percent change in non-violent weighted clearance rate","Percent","239","units","0","v53079703","33.18","-0.15","","","","2"


