﻿"REF_DATE","GEO","DGUID","Statistics","UOM","UOM_ID","SCALAR_FACTOR","SCALAR_ID","VECTOR","COORDINATE","VALUE","STATUS","SYMBOL","TERMINATED","DECIMALS"
"2010","Manitoba [46]","2016A000246","Crime severity index","Index","160","units","0","v44312623","28.1","127.31","","","","2"
"2011","Manitoba [46]","2016A000246","Crime severity index","Index","160","units","0","v44312623","28.1","115.99","","","","2"
"2012","Manitoba [46]","2016A000246","Crime severity index","Index","160","units","0","v44312623","28.1","114.46","","","","2"
"2013","Manitoba [46]","2016A000246","Crime severity index","Index","160","units","0","v44312623","28.1","100.70","","","","2"
"2014","Manitoba [46]","2016A000246","Crime severity index","Index","160","units","0","v44312623","28.1","96.68","","","","2"
"2015","Manitoba [46]","2016A000246","Crime severity index","Index","160","units","0","v44312623","28.1","106.29","","","","2"
"2016","Manitoba [46]","2016A000246","Crime severity index","Index","160","units","0","v44312623","28.1","115.38","","","","2"
"2017","Manitoba [46]","2016A000246","Crime severity index","Index","160","units","0","v44312623","28.1","119.03","","","","2"
"2018","Manitoba [46]","2016A000246","Crime severity index","Index","160","units","0","v44312623","28.1","126.15","","","","2"
"2019","Manitoba [46]","2016A000246","Crime severity index","Index","160","units","0","v44312623","28.1","139.65","","","","2"
"2020","Manitoba [46]","2016A000246","Crime severity index","Index","160","units","0","v44312623","28.1","125.84","","","","2"
"2021","Manitoba [46]","2016A000246","Crime severity index","Index","160","units","0","v44312623","28.1","126.92","","","","2"
"2010","Manitoba [46]","2016A000246","Percent change in crime severity index","Percent","239","units","0","v44312624","28.2","-7.51","","","","2"
"2011","Manitoba [46]","2016A000246","Percent change in crime severity index","Percent","239","units","0","v44312624","28.2","-8.89","","","","2"
"2012","Manitoba [46]","2016A000246","Percent change in crime severity index","Percent","239","units","0","v44312624","28.2","-1.32","","","","2"
"2013","Manitoba [46]","2016A000246","Percent change in crime severity index","Percent","239","units","0","v44312624","28.2","-12.02","","","","2"
"2014","Manitoba [46]","2016A000246","Percent change in crime severity index","Percent","239","units","0","v44312624","28.2","-3.99","","","","2"
"2015","Manitoba [46]","2016A000246","Percent change in crime severity index","Percent","239","units","0","v44312624","28.2","9.94","","","","2"
"2016","Manitoba [46]","2016A000246","Percent change in crime severity index","Percent","239","units","0","v44312624","28.2","8.55","","","","2"
"2017","Manitoba [46]","2016A000246","Percent change in crime severity index","Percent","239","units","0","v44312624","28.2","3.16","","","","2"
"2018","Manitoba [46]","2016A000246","Percent change in crime severity index","Percent","239","units","0","v44312624","28.2","5.98","","","","2"
"2019","Manitoba [46]","2016A000246","Percent change in crime severity index","Percent","239","units","0","v44312624","28.2","10.70","","","","2"
"2020","Manitoba [46]","2016A000246","Percent change in crime severity index","Percent","239","units","0","v44312624","28.2","-9.89","","","","2"
"2021","Manitoba [46]","2016A000246","Percent change in crime severity index","Percent","239","units","0","v44312624","28.2","0.86","","","","2"
"2010","Manitoba [46]","2016A000246","Violent crime severity index","Index","160","units","0","v44312625","28.3","169.23","","","","2"
"2011","Manitoba [46]","2016A000246","Violent crime severity index","Index","160","units","0","v44312625","28.3","163.53","","","","2"
"2012","Manitoba [46]","2016A000246","Violent crime severity index","Index","160","units","0","v44312625","28.3","155.86","","","","2"
"2013","Manitoba [46]","2016A000246","Violent crime severity index","Index","160","units","0","v44312625","28.3","137.01","","","","2"
"2014","Manitoba [46]","2016A000246","Violent crime severity index","Index","160","units","0","v44312625","28.3","127.90","","","","2"
"2015","Manitoba [46]","2016A000246","Violent crime severity index","Index","160","units","0","v44312625","28.3","138.63","","","","2"
"2016","Manitoba [46]","2016A000246","Violent crime severity index","Index","160","units","0","v44312625","28.3","153.38","","","","2"
"2017","Manitoba [46]","2016A000246","Violent crime severity index","Index","160","units","0","v44312625","28.3","160.79","","","","2"
"2018","Manitoba [46]","2016A000246","Violent crime severity index","Index","160","units","0","v44312625","28.3","170.49","","","","2"
"2019","Manitoba [46]","2016A000246","Violent crime severity index","Index","160","units","0","v44312625","28.3","189.75","","","","2"
"2020","Manitoba [46]","2016A000246","Violent crime severity index","Index","160","units","0","v44312625","28.3","171.00","","","","2"
"2021","Manitoba [46]","2016A000246","Violent crime severity index","Index","160","units","0","v44312625","28.3","182.46","","","","2"
"2010","Manitoba [46]","2016A000246","Percent change in violent crime severity index","Percent","239","units","0","v44312626","28.4","-4.92","","","","2"
"2011","Manitoba [46]","2016A000246","Percent change in violent crime severity index","Percent","239","units","0","v44312626","28.4","-3.37","","","","2"
"2012","Manitoba [46]","2016A000246","Percent change in violent crime severity index","Percent","239","units","0","v44312626","28.4","-4.69","","","","2"
"2013","Manitoba [46]","2016A000246","Percent change in violent crime severity index","Percent","239","units","0","v44312626","28.4","-12.09","","","","2"
"2014","Manitoba [46]","2016A000246","Percent change in violent crime severity index","Percent","239","units","0","v44312626","28.4","-6.65","","","","2"
"2015","Manitoba [46]","2016A000246","Percent change in violent crime severity index","Percent","239","units","0","v44312626","28.4","8.39","","","","2"
"2016","Manitoba [46]","2016A000246","Percent change in violent crime severity index","Percent","239","units","0","v44312626","28.4","10.64","","","","2"
"2017","Manitoba [46]","2016A000246","Percent change in violent crime severity index","Percent","239","units","0","v44312626","28.4","4.83","","","","2"
"2018","Manitoba [46]","2016A000246","Percent change in violent crime severity index","Percent","239","units","0","v44312626","28.4","6.03","","","","2"
"2019","Manitoba [46]","2016A000246","Percent change in violent crime severity index","Percent","239","units","0","v44312626","28.4","11.30","","","","2"
"2020","Manitoba [46]","2016A000246","Percent change in violent crime severity index","Percent","239","units","0","v44312626","28.4","-9.88","","","","2"
"2021","Manitoba [46]","2016A000246","Percent change in violent crime severity index","Percent","239","units","0","v44312626","28.4","6.70","","","","2"
"2010","Manitoba [46]","2016A000246","Non-violent crime severity index","Index","160","units","0","v44312627","28.5","111.19","","","","2"
"2011","Manitoba [46]","2016A000246","Non-violent crime severity index","Index","160","units","0","v44312627","28.5","98.45","","","","2"
"2012","Manitoba [46]","2016A000246","Non-violent crime severity index","Index","160","units","0","v44312627","28.5","99.15","","","","2"
"2013","Manitoba [46]","2016A000246","Non-violent crime severity index","Index","160","units","0","v44312627","28.5","87.28","","","","2"
"2014","Manitoba [46]","2016A000246","Non-violent crime severity index","Index","160","units","0","v44312627","28.5","85.11","","","","2"
"2015","Manitoba [46]","2016A000246","Non-violent crime severity index","Index","160","units","0","v44312627","28.5","94.30","","","","2"
"2016","Manitoba [46]","2016A000246","Non-violent crime severity index","Index","160","units","0","v44312627","28.5","101.43","","","","2"
"2017","Manitoba [46]","2016A000246","Non-violent crime severity index","Index","160","units","0","v44312627","28.5","103.73","","","","2"
"2018","Manitoba [46]","2016A000246","Non-violent crime severity index","Index","160","units","0","v44312627","28.5","109.91","","","","2"
"2019","Manitoba [46]","2016A000246","Non-violent crime severity index","Index","160","units","0","v44312627","28.5","121.30","","","","2"
"2020","Manitoba [46]","2016A000246","Non-violent crime severity index","Index","160","units","0","v44312627","28.5","109.30","","","","2"
"2021","Manitoba [46]","2016A000246","Non-violent crime severity index","Index","160","units","0","v44312627","28.5","106.64","","","","2"
"2010","Manitoba [46]","2016A000246","Percent change in non-violent crime severity index","Percent","239","units","0","v44312628","28.6","-8.97","","","","2"
"2011","Manitoba [46]","2016A000246","Percent change in non-violent crime severity index","Percent","239","units","0","v44312628","28.6","-11.46","","","","2"
"2012","Manitoba [46]","2016A000246","Percent change in non-violent crime severity index","Percent","239","units","0","v44312628","28.6","0.71","","","","2"
"2013","Manitoba [46]","2016A000246","Percent change in non-violent crime severity index","Percent","239","units","0","v44312628","28.6","-11.97","","","","2"
"2014","Manitoba [46]","2016A000246","Percent change in non-violent crime severity index","Percent","239","units","0","v44312628","28.6","-2.49","","","","2"
"2015","Manitoba [46]","2016A000246","Percent change in non-violent crime severity index","Percent","239","units","0","v44312628","28.6","10.80","","","","2"
"2016","Manitoba [46]","2016A000246","Percent change in non-violent crime severity index","Percent","239","units","0","v44312628","28.6","7.56","","","","2"
"2017","Manitoba [46]","2016A000246","Percent change in non-violent crime severity index","Percent","239","units","0","v44312628","28.6","2.27","","","","2"
"2018","Manitoba [46]","2016A000246","Percent change in non-violent crime severity index","Percent","239","units","0","v44312628","28.6","5.96","","","","2"
"2019","Manitoba [46]","2016A000246","Percent change in non-violent crime severity index","Percent","239","units","0","v44312628","28.6","10.36","","","","2"
"2020","Manitoba [46]","2016A000246","Percent change in non-violent crime severity index","Percent","239","units","0","v44312628","28.6","-9.89","","","","2"
"2021","Manitoba [46]","2016A000246","Percent change in non-violent crime severity index","Percent","239","units","0","v44312628","28.6","-2.43","","","","2"
"2010","Manitoba [46]","2016A000246","Youth crime severity index","Index","160","units","0","v53079644","28.7","176.73","","","","2"
"2011","Manitoba [46]","2016A000246","Youth crime severity index","Index","160","units","0","v53079644","28.7","158.42","","","","2"
"2012","Manitoba [46]","2016A000246","Youth crime severity index","Index","160","units","0","v53079644","28.7","144.46","","","","2"
"2013","Manitoba [46]","2016A000246","Youth crime severity index","Index","160","units","0","v53079644","28.7","137.41","","","","2"
"2014","Manitoba [46]","2016A000246","Youth crime severity index","Index","160","units","0","v53079644","28.7","116.52","","","","2"
"2015","Manitoba [46]","2016A000246","Youth crime severity index","Index","160","units","0","v53079644","28.7","117.93","","","","2"
"2016","Manitoba [46]","2016A000246","Youth crime severity index","Index","160","units","0","v53079644","28.7","113.24","","","","2"
"2017","Manitoba [46]","2016A000246","Youth crime severity index","Index","160","units","0","v53079644","28.7","131.23","","","","2"
"2018","Manitoba [46]","2016A000246","Youth crime severity index","Index","160","units","0","v53079644","28.7","108.88","","","","2"
"2019","Manitoba [46]","2016A000246","Youth crime severity index","Index","160","units","0","v53079644","28.7","105.49","","","","2"
"2020","Manitoba [46]","2016A000246","Youth crime severity index","Index","160","units","0","v53079644","28.7","83.34","","","","2"
"2021","Manitoba [46]","2016A000246","Youth crime severity index","Index","160","units","0","v53079644","28.7","72.42","","","","2"
"2010","Manitoba [46]","2016A000246","Percent change in youth crime severity index","Percent","239","units","0","v53079645","28.8","-10.76","","","","2"
"2011","Manitoba [46]","2016A000246","Percent change in youth crime severity index","Percent","239","units","0","v53079645","28.8","-10.36","","","","2"
"2012","Manitoba [46]","2016A000246","Percent change in youth crime severity index","Percent","239","units","0","v53079645","28.8","-8.81","","","","2"
"2013","Manitoba [46]","2016A000246","Percent change in youth crime severity index","Percent","239","units","0","v53079645","28.8","-4.88","","","","2"
"2014","Manitoba [46]","2016A000246","Percent change in youth crime severity index","Percent","239","units","0","v53079645","28.8","-15.20","","","","2"
"2015","Manitoba [46]","2016A000246","Percent change in youth crime severity index","Percent","239","units","0","v53079645","28.8","1.21","","","","2"
"2016","Manitoba [46]","2016A000246","Percent change in youth crime severity index","Percent","239","units","0","v53079645","28.8","-3.98","","","","2"
"2017","Manitoba [46]","2016A000246","Percent change in youth crime severity index","Percent","239","units","0","v53079645","28.8","15.89","","","","2"
"2018","Manitoba [46]","2016A000246","Percent change in youth crime severity index","Percent","239","units","0","v53079645","28.8","-17.03","","","","2"
"2019","Manitoba [46]","2016A000246","Percent change in youth crime severity index","Percent","239","units","0","v53079645","28.8","-3.11","","","","2"
"2020","Manitoba [46]","2016A000246","Percent change in youth crime severity index","Percent","239","units","0","v53079645","28.8","-21.00","","","","2"
"2021","Manitoba [46]","2016A000246","Percent change in youth crime severity index","Percent","239","units","0","v53079645","28.8","-13.10","","","","2"
"2010","Manitoba [46]","2016A000246","Youth violent crime severity index","Index","160","units","0","v53079646","28.9","206.49","","","","2"
"2011","Manitoba [46]","2016A000246","Youth violent crime severity index","Index","160","units","0","v53079646","28.9","199.25","","","","2"
"2012","Manitoba [46]","2016A000246","Youth violent crime severity index","Index","160","units","0","v53079646","28.9","166.31","","","","2"
"2013","Manitoba [46]","2016A000246","Youth violent crime severity index","Index","160","units","0","v53079646","28.9","165.75","","","","2"
"2014","Manitoba [46]","2016A000246","Youth violent crime severity index","Index","160","units","0","v53079646","28.9","125.40","","","","2"
"2015","Manitoba [46]","2016A000246","Youth violent crime severity index","Index","160","units","0","v53079646","28.9","125.78","","","","2"
"2016","Manitoba [46]","2016A000246","Youth violent crime severity index","Index","160","units","0","v53079646","28.9","126.73","","","","2"
"2017","Manitoba [46]","2016A000246","Youth violent crime severity index","Index","160","units","0","v53079646","28.9","178.98","","","","2"
"2018","Manitoba [46]","2016A000246","Youth violent crime severity index","Index","160","units","0","v53079646","28.9","144.24","","","","2"
"2019","Manitoba [46]","2016A000246","Youth violent crime severity index","Index","160","units","0","v53079646","28.9","157.75","","","","2"
"2020","Manitoba [46]","2016A000246","Youth violent crime severity index","Index","160","units","0","v53079646","28.9","128.72","","","","2"
"2021","Manitoba [46]","2016A000246","Youth violent crime severity index","Index","160","units","0","v53079646","28.9","114.90","","","","2"
"2010","Manitoba [46]","2016A000246","Percent change in youth violent crime severity index","Percent","239","units","0","v53079927","28.10","-13.62","","","","2"
"2011","Manitoba [46]","2016A000246","Percent change in youth violent crime severity index","Percent","239","units","0","v53079927","28.10","-3.51","","","","2"
"2012","Manitoba [46]","2016A000246","Percent change in youth violent crime severity index","Percent","239","units","0","v53079927","28.10","-16.53","","","","2"
"2013","Manitoba [46]","2016A000246","Percent change in youth violent crime severity index","Percent","239","units","0","v53079927","28.10","-0.34","","","","2"
"2014","Manitoba [46]","2016A000246","Percent change in youth violent crime severity index","Percent","239","units","0","v53079927","28.10","-24.34","","","","2"
"2015","Manitoba [46]","2016A000246","Percent change in youth violent crime severity index","Percent","239","units","0","v53079927","28.10","0.30","","","","2"
"2016","Manitoba [46]","2016A000246","Percent change in youth violent crime severity index","Percent","239","units","0","v53079927","28.10","0.76","","","","2"
"2017","Manitoba [46]","2016A000246","Percent change in youth violent crime severity index","Percent","239","units","0","v53079927","28.10","41.23","","","","2"
"2018","Manitoba [46]","2016A000246","Percent change in youth violent crime severity index","Percent","239","units","0","v53079927","28.10","-19.41","","","","2"
"2019","Manitoba [46]","2016A000246","Percent change in youth violent crime severity index","Percent","239","units","0","v53079927","28.10","9.37","","","","2"
"2020","Manitoba [46]","2016A000246","Percent change in youth violent crime severity index","Percent","239","units","0","v53079927","28.10","-18.40","","","","2"
"2021","Manitoba [46]","2016A000246","Percent change in youth violent crime severity index","Percent","239","units","0","v53079927","28.10","-10.74","","","","2"
"2010","Manitoba [46]","2016A000246","Youth non-violent crime severity index","Index","160","units","0","v53079636","28.11","154.07","","","","2"
"2011","Manitoba [46]","2016A000246","Youth non-violent crime severity index","Index","160","units","0","v53079636","28.11","128.79","","","","2"
"2012","Manitoba [46]","2016A000246","Youth non-violent crime severity index","Index","160","units","0","v53079636","28.11","128.35","","","","2"
"2013","Manitoba [46]","2016A000246","Youth non-violent crime severity index","Index","160","units","0","v53079636","28.11","116.73","","","","2"
"2014","Manitoba [46]","2016A000246","Youth non-violent crime severity index","Index","160","units","0","v53079636","28.11","109.71","","","","2"
"2015","Manitoba [46]","2016A000246","Youth non-violent crime severity index","Index","160","units","0","v53079636","28.11","111.85","","","","2"
"2016","Manitoba [46]","2016A000246","Youth non-violent crime severity index","Index","160","units","0","v53079636","28.11","102.99","","","","2"
"2017","Manitoba [46]","2016A000246","Youth non-violent crime severity index","Index","160","units","0","v53079636","28.11","97.44","","","","2"
"2018","Manitoba [46]","2016A000246","Youth non-violent crime severity index","Index","160","units","0","v53079636","28.11","83.74","","","","2"
"2019","Manitoba [46]","2016A000246","Youth non-violent crime severity index","Index","160","units","0","v53079636","28.11","68.87","","","","2"
"2020","Manitoba [46]","2016A000246","Youth non-violent crime severity index","Index","160","units","0","v53079636","28.11","51.62","","","","2"
"2021","Manitoba [46]","2016A000246","Youth non-violent crime severity index","Index","160","units","0","v53079636","28.11","42.78","","","","2"
"2010","Manitoba [46]","2016A000246","Percent change in youth non-violent crime severity index","Percent","239","units","0","v53079637","28.12","-7.64","","","","2"
"2011","Manitoba [46]","2016A000246","Percent change in youth non-violent crime severity index","Percent","239","units","0","v53079637","28.12","-16.41","","","","2"
"2012","Manitoba [46]","2016A000246","Percent change in youth non-violent crime severity index","Percent","239","units","0","v53079637","28.12","-0.34","","","","2"
"2013","Manitoba [46]","2016A000246","Percent change in youth non-violent crime severity index","Percent","239","units","0","v53079637","28.12","-9.05","","","","2"
"2014","Manitoba [46]","2016A000246","Percent change in youth non-violent crime severity index","Percent","239","units","0","v53079637","28.12","-6.01","","","","2"
"2015","Manitoba [46]","2016A000246","Percent change in youth non-violent crime severity index","Percent","239","units","0","v53079637","28.12","1.95","","","","2"
"2016","Manitoba [46]","2016A000246","Percent change in youth non-violent crime severity index","Percent","239","units","0","v53079637","28.12","-7.92","","","","2"
"2017","Manitoba [46]","2016A000246","Percent change in youth non-violent crime severity index","Percent","239","units","0","v53079637","28.12","-5.39","","","","2"
"2018","Manitoba [46]","2016A000246","Percent change in youth non-violent crime severity index","Percent","239","units","0","v53079637","28.12","-14.06","","","","2"
"2019","Manitoba [46]","2016A000246","Percent change in youth non-violent crime severity index","Percent","239","units","0","v53079637","28.12","-17.76","","","","2"
"2020","Manitoba [46]","2016A000246","Percent change in youth non-violent crime severity index","Percent","239","units","0","v53079637","28.12","-25.05","","","","2"
"2021","Manitoba [46]","2016A000246","Percent change in youth non-violent crime severity index","Percent","239","units","0","v53079637","28.12","-17.13","","","","2"
"2010","Manitoba [46]","2016A000246","Weighted clearance rate","Number","223","units","0","v53079638","28.13","42.18","","","","2"
"2011","Manitoba [46]","2016A000246","Weighted clearance rate","Number","223","units","0","v53079638","28.13","44.43","","","","2"
"2012","Manitoba [46]","2016A000246","Weighted clearance rate","Number","223","units","0","v53079638","28.13","44.88","","","","2"
"2013","Manitoba [46]","2016A000246","Weighted clearance rate","Number","223","units","0","v53079638","28.13","47.57","","","","2"
"2014","Manitoba [46]","2016A000246","Weighted clearance rate","Number","223","units","0","v53079638","28.13","47.02","","","","2"
"2015","Manitoba [46]","2016A000246","Weighted clearance rate","Number","223","units","0","v53079638","28.13","44.51","","","","2"
"2016","Manitoba [46]","2016A000246","Weighted clearance rate","Number","223","units","0","v53079638","28.13","44.43","","","","2"
"2017","Manitoba [46]","2016A000246","Weighted clearance rate","Number","223","units","0","v53079638","28.13","45.07","","","","2"
"2018","Manitoba [46]","2016A000246","Weighted clearance rate","Number","223","units","0","v53079638","28.13","42.26","","","","2"
"2019","Manitoba [46]","2016A000246","Weighted clearance rate","Number","223","units","0","v53079638","28.13","39.37","","","","2"
"2020","Manitoba [46]","2016A000246","Weighted clearance rate","Number","223","units","0","v53079638","28.13","41.43","","","","2"
"2021","Manitoba [46]","2016A000246","Weighted clearance rate","Number","223","units","0","v53079638","28.13","39.23","","","","2"
"2010","Manitoba [46]","2016A000246","Percent change in weighted clearance rate","Percent","239","units","0","v53079639","28.14","7.44","","","","2"
"2011","Manitoba [46]","2016A000246","Percent change in weighted clearance rate","Percent","239","units","0","v53079639","28.14","5.33","","","","2"
"2012","Manitoba [46]","2016A000246","Percent change in weighted clearance rate","Percent","239","units","0","v53079639","28.14","1.01","","","","2"
"2013","Manitoba [46]","2016A000246","Percent change in weighted clearance rate","Percent","239","units","0","v53079639","28.14","5.99","","","","2"
"2014","Manitoba [46]","2016A000246","Percent change in weighted clearance rate","Percent","239","units","0","v53079639","28.14","-1.16","","","","2"
"2015","Manitoba [46]","2016A000246","Percent change in weighted clearance rate","Percent","239","units","0","v53079639","28.14","-5.34","","","","2"
"2016","Manitoba [46]","2016A000246","Percent change in weighted clearance rate","Percent","239","units","0","v53079639","28.14","-0.18","","","","2"
"2017","Manitoba [46]","2016A000246","Percent change in weighted clearance rate","Percent","239","units","0","v53079639","28.14","1.44","","","","2"
"2018","Manitoba [46]","2016A000246","Percent change in weighted clearance rate","Percent","239","units","0","v53079639","28.14","-6.23","","","","2"
"2019","Manitoba [46]","2016A000246","Percent change in weighted clearance rate","Percent","239","units","0","v53079639","28.14","-6.84","","","","2"
"2020","Manitoba [46]","2016A000246","Percent change in weighted clearance rate","Percent","239","units","0","v53079639","28.14","5.23","","","","2"
"2021","Manitoba [46]","2016A000246","Percent change in weighted clearance rate","Percent","239","units","0","v53079639","28.14","-5.31","","","","2"
"2010","Manitoba [46]","2016A000246","Violent weighted clearance rate","Number","223","units","0","v53079640","28.15","60.47","","","","2"
"2011","Manitoba [46]","2016A000246","Violent weighted clearance rate","Number","223","units","0","v53079640","28.15","62.61","","","","2"
"2012","Manitoba [46]","2016A000246","Violent weighted clearance rate","Number","223","units","0","v53079640","28.15","63.27","","","","2"
"2013","Manitoba [46]","2016A000246","Violent weighted clearance rate","Number","223","units","0","v53079640","28.15","67.34","","","","2"
"2014","Manitoba [46]","2016A000246","Violent weighted clearance rate","Number","223","units","0","v53079640","28.15","67.21","","","","2"
"2015","Manitoba [46]","2016A000246","Violent weighted clearance rate","Number","223","units","0","v53079640","28.15","66.82","","","","2"
"2016","Manitoba [46]","2016A000246","Violent weighted clearance rate","Number","223","units","0","v53079640","28.15","66.25","","","","2"
"2017","Manitoba [46]","2016A000246","Violent weighted clearance rate","Number","223","units","0","v53079640","28.15","65.55","","","","2"
"2018","Manitoba [46]","2016A000246","Violent weighted clearance rate","Number","223","units","0","v53079640","28.15","61.96","","","","2"
"2019","Manitoba [46]","2016A000246","Violent weighted clearance rate","Number","223","units","0","v53079640","28.15","58.79","","","","2"
"2020","Manitoba [46]","2016A000246","Violent weighted clearance rate","Number","223","units","0","v53079640","28.15","59.75","","","","2"
"2021","Manitoba [46]","2016A000246","Violent weighted clearance rate","Number","223","units","0","v53079640","28.15","56.80","","","","2"
"2010","Manitoba [46]","2016A000246","Percent change in violent weighted clearance rate","Percent","239","units","0","v53079641","28.16","2.08","","","","2"
"2011","Manitoba [46]","2016A000246","Percent change in violent weighted clearance rate","Percent","239","units","0","v53079641","28.16","3.54","","","","2"
"2012","Manitoba [46]","2016A000246","Percent change in violent weighted clearance rate","Percent","239","units","0","v53079641","28.16","1.05","","","","2"
"2013","Manitoba [46]","2016A000246","Percent change in violent weighted clearance rate","Percent","239","units","0","v53079641","28.16","6.43","","","","2"
"2014","Manitoba [46]","2016A000246","Percent change in violent weighted clearance rate","Percent","239","units","0","v53079641","28.16","-0.19","","","","2"
"2015","Manitoba [46]","2016A000246","Percent change in violent weighted clearance rate","Percent","239","units","0","v53079641","28.16","-0.58","","","","2"
"2016","Manitoba [46]","2016A000246","Percent change in violent weighted clearance rate","Percent","239","units","0","v53079641","28.16","-0.85","","","","2"
"2017","Manitoba [46]","2016A000246","Percent change in violent weighted clearance rate","Percent","239","units","0","v53079641","28.16","-1.06","","","","2"
"2018","Manitoba [46]","2016A000246","Percent change in violent weighted clearance rate","Percent","239","units","0","v53079641","28.16","-5.48","","","","2"
"2019","Manitoba [46]","2016A000246","Percent change in violent weighted clearance rate","Percent","239","units","0","v53079641","28.16","-5.12","","","","2"
"2020","Manitoba [46]","2016A000246","Percent change in violent weighted clearance rate","Percent","239","units","0","v53079641","28.16","1.63","","","","2"
"2021","Manitoba [46]","2016A000246","Percent change in violent weighted clearance rate","Percent","239","units","0","v53079641","28.16","-4.94","","","","2"
"2010","Manitoba [46]","2016A000246","Non-violent weighted clearance rate","Number","223","units","0","v53079642","28.17","31.48","","","","2"
"2011","Manitoba [46]","2016A000246","Non-violent weighted clearance rate","Number","223","units","0","v53079642","28.17","33.43","","","","2"
"2012","Manitoba [46]","2016A000246","Non-violent weighted clearance rate","Number","223","units","0","v53079642","28.17","34.35","","","","2"
"2013","Manitoba [46]","2016A000246","Non-violent weighted clearance rate","Number","223","units","0","v53079642","28.17","36.27","","","","2"
"2014","Manitoba [46]","2016A000246","Non-violent weighted clearance rate","Number","223","units","0","v53079642","28.17","35.99","","","","2"
"2015","Manitoba [46]","2016A000246","Non-violent weighted clearance rate","Number","223","units","0","v53079642","28.17","32.57","","","","2"
"2016","Manitoba [46]","2016A000246","Non-violent weighted clearance rate","Number","223","units","0","v53079642","28.17","32.57","","","","2"
"2017","Manitoba [46]","2016A000246","Non-violent weighted clearance rate","Number","223","units","0","v53079642","28.17","33.65","","","","2"
"2018","Manitoba [46]","2016A000246","Non-violent weighted clearance rate","Number","223","units","0","v53079642","28.17","31.27","","","","2"
"2019","Manitoba [46]","2016A000246","Non-violent weighted clearance rate","Number","223","units","0","v53079642","28.17","28.44","","","","2"
"2020","Manitoba [46]","2016A000246","Non-violent weighted clearance rate","Number","223","units","0","v53079642","28.17","31.12","","","","2"
"2021","Manitoba [46]","2016A000246","Non-violent weighted clearance rate","Number","223","units","0","v53079642","28.17","28.42","","","","2"
"2010","Manitoba [46]","2016A000246","Percent change in non-violent weighted clearance rate","Percent","239","units","0","v53079643","28.18","12.15","","","","2"
"2011","Manitoba [46]","2016A000246","Percent change in non-violent weighted clearance rate","Percent","239","units","0","v53079643","28.18","6.19","","","","2"
"2012","Manitoba [46]","2016A000246","Percent change in non-violent weighted clearance rate","Percent","239","units","0","v53079643","28.18","2.75","","","","2"
"2013","Manitoba [46]","2016A000246","Percent change in non-violent weighted clearance rate","Percent","239","units","0","v53079643","28.18","5.59","","","","2"
"2014","Manitoba [46]","2016A000246","Percent change in non-violent weighted clearance rate","Percent","239","units","0","v53079643","28.18","-0.77","","","","2"
"2015","Manitoba [46]","2016A000246","Percent change in non-violent weighted clearance rate","Percent","239","units","0","v53079643","28.18","-9.50","","","","2"
"2016","Manitoba [46]","2016A000246","Percent change in non-violent weighted clearance rate","Percent","239","units","0","v53079643","28.18","0.00","","","","2"
"2017","Manitoba [46]","2016A000246","Percent change in non-violent weighted clearance rate","Percent","239","units","0","v53079643","28.18","3.32","","","","2"
"2018","Manitoba [46]","2016A000246","Percent change in non-violent weighted clearance rate","Percent","239","units","0","v53079643","28.18","-7.07","","","","2"
"2019","Manitoba [46]","2016A000246","Percent change in non-violent weighted clearance rate","Percent","239","units","0","v53079643","28.18","-9.05","","","","2"
"2020","Manitoba [46]","2016A000246","Percent change in non-violent weighted clearance rate","Percent","239","units","0","v53079643","28.18","9.42","","","","2"
"2021","Manitoba [46]","2016A000246","Percent change in non-violent weighted clearance rate","Percent","239","units","0","v53079643","28.18","-8.68","","","","2"


