﻿"REF_DATE","GEO","DGUID","Statistics","UOM","UOM_ID","SCALAR_FACTOR","SCALAR_ID","VECTOR","COORDINATE","VALUE","STATUS","SYMBOL","TERMINATED","DECIMALS"
"2010","Québec, Quebec [24421]","2021A003524421","Crime severity index","Index","160","units","0","v44312521","11.1","55.03","","","","2"
"2011","Québec, Quebec [24421]","2021A003524421","Crime severity index","Index","160","units","0","v44312521","11.1","52.77","","","","2"
"2012","Québec, Quebec [24421]","2021A003524421","Crime severity index","Index","160","units","0","v44312521","11.1","51.59","","","","2"
"2013","Québec, Quebec [24421]","2021A003524421","Crime severity index","Index","160","units","0","v44312521","11.1","46.50","","","","2"
"2014","Québec, Quebec [24421]","2021A003524421","Crime severity index","Index","160","units","0","v44312521","11.1","44.95","","","","2"
"2015","Québec, Quebec [24421]","2021A003524421","Crime severity index","Index","160","units","0","v44312521","11.1","42.19","","","","2"
"2016","Québec, Quebec [24421]","2021A003524421","Crime severity index","Index","160","units","0","v44312521","11.1","45.13","","","","2"
"2017","Québec, Quebec [24421]","2021A003524421","Crime severity index","Index","160","units","0","v44312521","11.1","48.23","","","","2"
"2018","Québec, Quebec [24421]","2021A003524421","Crime severity index","Index","160","units","0","v44312521","11.1","44.11","","","","2"
"2019","Québec, Quebec [24421]","2021A003524421","Crime severity index","Index","160","units","0","v44312521","11.1","43.73","","","","2"
"2020","Québec, Quebec [24421]","2021A003524421","Crime severity index","Index","160","units","0","v44312521","11.1","41.80","","","","2"
"2021","Québec, Quebec [24421]","2021A003524421","Crime severity index","Index","160","units","0","v44312521","11.1","42.61","","","","2"
"2010","Québec, Quebec [24421]","2021A003524421","Percent change in crime severity index","Percent","239","units","0","v44312522","11.2","-9.01","","","","2"
"2011","Québec, Quebec [24421]","2021A003524421","Percent change in crime severity index","Percent","239","units","0","v44312522","11.2","-4.11","","","","2"
"2012","Québec, Quebec [24421]","2021A003524421","Percent change in crime severity index","Percent","239","units","0","v44312522","11.2","-2.24","","","","2"
"2013","Québec, Quebec [24421]","2021A003524421","Percent change in crime severity index","Percent","239","units","0","v44312522","11.2","-9.87","","","","2"
"2014","Québec, Quebec [24421]","2021A003524421","Percent change in crime severity index","Percent","239","units","0","v44312522","11.2","-3.33","","","","2"
"2015","Québec, Quebec [24421]","2021A003524421","Percent change in crime severity index","Percent","239","units","0","v44312522","11.2","-6.14","","","","2"
"2016","Québec, Quebec [24421]","2021A003524421","Percent change in crime severity index","Percent","239","units","0","v44312522","11.2","6.97","","","","2"
"2017","Québec, Quebec [24421]","2021A003524421","Percent change in crime severity index","Percent","239","units","0","v44312522","11.2","6.87","","","","2"
"2018","Québec, Quebec [24421]","2021A003524421","Percent change in crime severity index","Percent","239","units","0","v44312522","11.2","-8.54","","","","2"
"2019","Québec, Quebec [24421]","2021A003524421","Percent change in crime severity index","Percent","239","units","0","v44312522","11.2","-0.86","","","","2"
"2020","Québec, Quebec [24421]","2021A003524421","Percent change in crime severity index","Percent","239","units","0","v44312522","11.2","-4.41","","","","2"
"2021","Québec, Quebec [24421]","2021A003524421","Percent change in crime severity index","Percent","239","units","0","v44312522","11.2","1.94","","","","2"
"2010","Québec, Quebec [24421]","2021A003524421","Violent crime severity index","Index","160","units","0","v44312523","11.3","50.03","","","","2"
"2011","Québec, Quebec [24421]","2021A003524421","Violent crime severity index","Index","160","units","0","v44312523","11.3","48.90","","","","2"
"2012","Québec, Quebec [24421]","2021A003524421","Violent crime severity index","Index","160","units","0","v44312523","11.3","52.11","","","","2"
"2013","Québec, Quebec [24421]","2021A003524421","Violent crime severity index","Index","160","units","0","v44312523","11.3","47.77","","","","2"
"2014","Québec, Quebec [24421]","2021A003524421","Violent crime severity index","Index","160","units","0","v44312523","11.3","47.36","","","","2"
"2015","Québec, Quebec [24421]","2021A003524421","Violent crime severity index","Index","160","units","0","v44312523","11.3","44.24","","","","2"
"2016","Québec, Quebec [24421]","2021A003524421","Violent crime severity index","Index","160","units","0","v44312523","11.3","51.83","","","","2"
"2017","Québec, Quebec [24421]","2021A003524421","Violent crime severity index","Index","160","units","0","v44312523","11.3","63.85","","","","2"
"2018","Québec, Quebec [24421]","2021A003524421","Violent crime severity index","Index","160","units","0","v44312523","11.3","53.42","","","","2"
"2019","Québec, Quebec [24421]","2021A003524421","Violent crime severity index","Index","160","units","0","v44312523","11.3","57.23","","","","2"
"2020","Québec, Quebec [24421]","2021A003524421","Violent crime severity index","Index","160","units","0","v44312523","11.3","56.68","","","","2"
"2021","Québec, Quebec [24421]","2021A003524421","Violent crime severity index","Index","160","units","0","v44312523","11.3","59.65","","","","2"
"2010","Québec, Quebec [24421]","2021A003524421","Percent change in violent crime severity index","Percent","239","units","0","v44312524","11.4","-0.10","","","","2"
"2011","Québec, Quebec [24421]","2021A003524421","Percent change in violent crime severity index","Percent","239","units","0","v44312524","11.4","-2.26","","","","2"
"2012","Québec, Quebec [24421]","2021A003524421","Percent change in violent crime severity index","Percent","239","units","0","v44312524","11.4","6.56","","","","2"
"2013","Québec, Quebec [24421]","2021A003524421","Percent change in violent crime severity index","Percent","239","units","0","v44312524","11.4","-8.33","","","","2"
"2014","Québec, Quebec [24421]","2021A003524421","Percent change in violent crime severity index","Percent","239","units","0","v44312524","11.4","-0.86","","","","2"
"2015","Québec, Quebec [24421]","2021A003524421","Percent change in violent crime severity index","Percent","239","units","0","v44312524","11.4","-6.59","","","","2"
"2016","Québec, Quebec [24421]","2021A003524421","Percent change in violent crime severity index","Percent","239","units","0","v44312524","11.4","17.16","","","","2"
"2017","Québec, Quebec [24421]","2021A003524421","Percent change in violent crime severity index","Percent","239","units","0","v44312524","11.4","23.19","","","","2"
"2018","Québec, Quebec [24421]","2021A003524421","Percent change in violent crime severity index","Percent","239","units","0","v44312524","11.4","-16.34","","","","2"
"2019","Québec, Quebec [24421]","2021A003524421","Percent change in violent crime severity index","Percent","239","units","0","v44312524","11.4","7.13","","","","2"
"2020","Québec, Quebec [24421]","2021A003524421","Percent change in violent crime severity index","Percent","239","units","0","v44312524","11.4","-0.96","","","","2"
"2021","Québec, Quebec [24421]","2021A003524421","Percent change in violent crime severity index","Percent","239","units","0","v44312524","11.4","5.24","","","","2"
"2010","Québec, Quebec [24421]","2021A003524421","Non-violent crime severity index","Index","160","units","0","v44312525","11.5","56.96","","","","2"
"2011","Québec, Quebec [24421]","2021A003524421","Non-violent crime severity index","Index","160","units","0","v44312525","11.5","54.06","","","","2"
"2012","Québec, Quebec [24421]","2021A003524421","Non-violent crime severity index","Index","160","units","0","v44312525","11.5","51.30","","","","2"
"2013","Québec, Quebec [24421]","2021A003524421","Non-violent crime severity index","Index","160","units","0","v44312525","11.5","45.94","","","","2"
"2014","Québec, Quebec [24421]","2021A003524421","Non-violent crime severity index","Index","160","units","0","v44312525","11.5","43.98","","","","2"
"2015","Québec, Quebec [24421]","2021A003524421","Non-violent crime severity index","Index","160","units","0","v44312525","11.5","41.36","","","","2"
"2016","Québec, Quebec [24421]","2021A003524421","Non-violent crime severity index","Index","160","units","0","v44312525","11.5","42.62","","","","2"
"2017","Québec, Quebec [24421]","2021A003524421","Non-violent crime severity index","Index","160","units","0","v44312525","11.5","42.50","","","","2"
"2018","Québec, Quebec [24421]","2021A003524421","Non-violent crime severity index","Index","160","units","0","v44312525","11.5","40.66","","","","2"
"2019","Québec, Quebec [24421]","2021A003524421","Non-violent crime severity index","Index","160","units","0","v44312525","11.5","38.78","","","","2"
"2020","Québec, Quebec [24421]","2021A003524421","Non-violent crime severity index","Index","160","units","0","v44312525","11.5","36.34","","","","2"
"2021","Québec, Quebec [24421]","2021A003524421","Non-violent crime severity index","Index","160","units","0","v44312525","11.5","36.38","","","","2"
"2010","Québec, Quebec [24421]","2021A003524421","Percent change in non-violent crime severity index","Percent","239","units","0","v44312526","11.6","-11.66","","","","2"
"2011","Québec, Quebec [24421]","2021A003524421","Percent change in non-violent crime severity index","Percent","239","units","0","v44312526","11.6","-5.09","","","","2"
"2012","Québec, Quebec [24421]","2021A003524421","Percent change in non-violent crime severity index","Percent","239","units","0","v44312526","11.6","-5.11","","","","2"
"2013","Québec, Quebec [24421]","2021A003524421","Percent change in non-violent crime severity index","Percent","239","units","0","v44312526","11.6","-10.45","","","","2"
"2014","Québec, Quebec [24421]","2021A003524421","Percent change in non-violent crime severity index","Percent","239","units","0","v44312526","11.6","-4.27","","","","2"
"2015","Québec, Quebec [24421]","2021A003524421","Percent change in non-violent crime severity index","Percent","239","units","0","v44312526","11.6","-5.96","","","","2"
"2016","Québec, Quebec [24421]","2021A003524421","Percent change in non-violent crime severity index","Percent","239","units","0","v44312526","11.6","3.05","","","","2"
"2017","Québec, Quebec [24421]","2021A003524421","Percent change in non-violent crime severity index","Percent","239","units","0","v44312526","11.6","-0.28","","","","2"
"2018","Québec, Quebec [24421]","2021A003524421","Percent change in non-violent crime severity index","Percent","239","units","0","v44312526","11.6","-4.33","","","","2"
"2019","Québec, Quebec [24421]","2021A003524421","Percent change in non-violent crime severity index","Percent","239","units","0","v44312526","11.6","-4.62","","","","2"
"2020","Québec, Quebec [24421]","2021A003524421","Percent change in non-violent crime severity index","Percent","239","units","0","v44312526","11.6","-6.29","","","","2"
"2021","Québec, Quebec [24421]","2021A003524421","Percent change in non-violent crime severity index","Percent","239","units","0","v44312526","11.6","0.11","","","","2"
"2010","Québec, Quebec [24421]","2021A003524421","Youth crime severity index","Index","160","units","0","v53079474","11.7","0.00","","","","2"
"2011","Québec, Quebec [24421]","2021A003524421","Youth crime severity index","Index","160","units","0","v53079474","11.7","","..","","","2"
"2012","Québec, Quebec [24421]","2021A003524421","Youth crime severity index","Index","160","units","0","v53079474","11.7","","..","","","2"
"2013","Québec, Quebec [24421]","2021A003524421","Youth crime severity index","Index","160","units","0","v53079474","11.7","","..","","","2"
"2014","Québec, Quebec [24421]","2021A003524421","Youth crime severity index","Index","160","units","0","v53079474","11.7","","..","","","2"
"2015","Québec, Quebec [24421]","2021A003524421","Youth crime severity index","Index","160","units","0","v53079474","11.7","","..","","","2"
"2016","Québec, Quebec [24421]","2021A003524421","Youth crime severity index","Index","160","units","0","v53079474","11.7","","..","","","2"
"2017","Québec, Quebec [24421]","2021A003524421","Youth crime severity index","Index","160","units","0","v53079474","11.7","","..","","","2"
"2018","Québec, Quebec [24421]","2021A003524421","Youth crime severity index","Index","160","units","0","v53079474","11.7","","..","","","2"
"2019","Québec, Quebec [24421]","2021A003524421","Youth crime severity index","Index","160","units","0","v53079474","11.7","","..","","","2"
"2020","Québec, Quebec [24421]","2021A003524421","Youth crime severity index","Index","160","units","0","v53079474","11.7","","..","","","2"
"2021","Québec, Quebec [24421]","2021A003524421","Youth crime severity index","Index","160","units","0","v53079474","11.7","","..","","","2"
"2010","Québec, Quebec [24421]","2021A003524421","Percent change in youth crime severity index","Percent","239","units","0","v87984867","11.8","0.00","","","","2"
"2011","Québec, Quebec [24421]","2021A003524421","Percent change in youth crime severity index","Percent","239","units","0","v87984867","11.8","","..","","","2"
"2012","Québec, Quebec [24421]","2021A003524421","Percent change in youth crime severity index","Percent","239","units","0","v87984867","11.8","","..","","","2"
"2013","Québec, Quebec [24421]","2021A003524421","Percent change in youth crime severity index","Percent","239","units","0","v87984867","11.8","","..","","","2"
"2014","Québec, Quebec [24421]","2021A003524421","Percent change in youth crime severity index","Percent","239","units","0","v87984867","11.8","","..","","","2"
"2015","Québec, Quebec [24421]","2021A003524421","Percent change in youth crime severity index","Percent","239","units","0","v87984867","11.8","","..","","","2"
"2016","Québec, Quebec [24421]","2021A003524421","Percent change in youth crime severity index","Percent","239","units","0","v87984867","11.8","","..","","","2"
"2017","Québec, Quebec [24421]","2021A003524421","Percent change in youth crime severity index","Percent","239","units","0","v87984867","11.8","","..","","","2"
"2018","Québec, Quebec [24421]","2021A003524421","Percent change in youth crime severity index","Percent","239","units","0","v87984867","11.8","","..","","","2"
"2019","Québec, Quebec [24421]","2021A003524421","Percent change in youth crime severity index","Percent","239","units","0","v87984867","11.8","","..","","","2"
"2020","Québec, Quebec [24421]","2021A003524421","Percent change in youth crime severity index","Percent","239","units","0","v87984867","11.8","","..","","","2"
"2021","Québec, Quebec [24421]","2021A003524421","Percent change in youth crime severity index","Percent","239","units","0","v87984867","11.8","","..","","","2"
"2010","Québec, Quebec [24421]","2021A003524421","Youth violent crime severity index","Index","160","units","0","v53079475","11.9","0.00","","","","2"
"2011","Québec, Quebec [24421]","2021A003524421","Youth violent crime severity index","Index","160","units","0","v53079475","11.9","","..","","","2"
"2012","Québec, Quebec [24421]","2021A003524421","Youth violent crime severity index","Index","160","units","0","v53079475","11.9","","..","","","2"
"2013","Québec, Quebec [24421]","2021A003524421","Youth violent crime severity index","Index","160","units","0","v53079475","11.9","","..","","","2"
"2014","Québec, Quebec [24421]","2021A003524421","Youth violent crime severity index","Index","160","units","0","v53079475","11.9","","..","","","2"
"2015","Québec, Quebec [24421]","2021A003524421","Youth violent crime severity index","Index","160","units","0","v53079475","11.9","","..","","","2"
"2016","Québec, Quebec [24421]","2021A003524421","Youth violent crime severity index","Index","160","units","0","v53079475","11.9","","..","","","2"
"2017","Québec, Quebec [24421]","2021A003524421","Youth violent crime severity index","Index","160","units","0","v53079475","11.9","","..","","","2"
"2018","Québec, Quebec [24421]","2021A003524421","Youth violent crime severity index","Index","160","units","0","v53079475","11.9","","..","","","2"
"2019","Québec, Quebec [24421]","2021A003524421","Youth violent crime severity index","Index","160","units","0","v53079475","11.9","","..","","","2"
"2020","Québec, Quebec [24421]","2021A003524421","Youth violent crime severity index","Index","160","units","0","v53079475","11.9","","..","","","2"
"2021","Québec, Quebec [24421]","2021A003524421","Youth violent crime severity index","Index","160","units","0","v53079475","11.9","","..","","","2"
"2010","Québec, Quebec [24421]","2021A003524421","Percent change in youth violent crime severity index","Percent","239","units","0","v87984868","11.10","0.00","","","","2"
"2011","Québec, Quebec [24421]","2021A003524421","Percent change in youth violent crime severity index","Percent","239","units","0","v87984868","11.10","","..","","","2"
"2012","Québec, Quebec [24421]","2021A003524421","Percent change in youth violent crime severity index","Percent","239","units","0","v87984868","11.10","","..","","","2"
"2013","Québec, Quebec [24421]","2021A003524421","Percent change in youth violent crime severity index","Percent","239","units","0","v87984868","11.10","","..","","","2"
"2014","Québec, Quebec [24421]","2021A003524421","Percent change in youth violent crime severity index","Percent","239","units","0","v87984868","11.10","","..","","","2"
"2015","Québec, Quebec [24421]","2021A003524421","Percent change in youth violent crime severity index","Percent","239","units","0","v87984868","11.10","","..","","","2"
"2016","Québec, Quebec [24421]","2021A003524421","Percent change in youth violent crime severity index","Percent","239","units","0","v87984868","11.10","","..","","","2"
"2017","Québec, Quebec [24421]","2021A003524421","Percent change in youth violent crime severity index","Percent","239","units","0","v87984868","11.10","","..","","","2"
"2018","Québec, Quebec [24421]","2021A003524421","Percent change in youth violent crime severity index","Percent","239","units","0","v87984868","11.10","","..","","","2"
"2019","Québec, Quebec [24421]","2021A003524421","Percent change in youth violent crime severity index","Percent","239","units","0","v87984868","11.10","","..","","","2"
"2020","Québec, Quebec [24421]","2021A003524421","Percent change in youth violent crime severity index","Percent","239","units","0","v87984868","11.10","","..","","","2"
"2021","Québec, Quebec [24421]","2021A003524421","Percent change in youth violent crime severity index","Percent","239","units","0","v87984868","11.10","","..","","","2"
"2010","Québec, Quebec [24421]","2021A003524421","Youth non-violent crime severity index","Index","160","units","0","v53079467","11.11","0.00","","","","2"
"2011","Québec, Quebec [24421]","2021A003524421","Youth non-violent crime severity index","Index","160","units","0","v53079467","11.11","","..","","","2"
"2012","Québec, Quebec [24421]","2021A003524421","Youth non-violent crime severity index","Index","160","units","0","v53079467","11.11","","..","","","2"
"2013","Québec, Quebec [24421]","2021A003524421","Youth non-violent crime severity index","Index","160","units","0","v53079467","11.11","","..","","","2"
"2014","Québec, Quebec [24421]","2021A003524421","Youth non-violent crime severity index","Index","160","units","0","v53079467","11.11","","..","","","2"
"2015","Québec, Quebec [24421]","2021A003524421","Youth non-violent crime severity index","Index","160","units","0","v53079467","11.11","","..","","","2"
"2016","Québec, Quebec [24421]","2021A003524421","Youth non-violent crime severity index","Index","160","units","0","v53079467","11.11","","..","","","2"
"2017","Québec, Quebec [24421]","2021A003524421","Youth non-violent crime severity index","Index","160","units","0","v53079467","11.11","","..","","","2"
"2018","Québec, Quebec [24421]","2021A003524421","Youth non-violent crime severity index","Index","160","units","0","v53079467","11.11","","..","","","2"
"2019","Québec, Quebec [24421]","2021A003524421","Youth non-violent crime severity index","Index","160","units","0","v53079467","11.11","","..","","","2"
"2020","Québec, Quebec [24421]","2021A003524421","Youth non-violent crime severity index","Index","160","units","0","v53079467","11.11","","..","","","2"
"2021","Québec, Quebec [24421]","2021A003524421","Youth non-violent crime severity index","Index","160","units","0","v53079467","11.11","","..","","","2"
"2010","Québec, Quebec [24421]","2021A003524421","Percent change in youth non-violent crime severity index","Percent","239","units","0","v87984869","11.12","0.00","","","","2"
"2011","Québec, Quebec [24421]","2021A003524421","Percent change in youth non-violent crime severity index","Percent","239","units","0","v87984869","11.12","","..","","","2"
"2012","Québec, Quebec [24421]","2021A003524421","Percent change in youth non-violent crime severity index","Percent","239","units","0","v87984869","11.12","","..","","","2"
"2013","Québec, Quebec [24421]","2021A003524421","Percent change in youth non-violent crime severity index","Percent","239","units","0","v87984869","11.12","","..","","","2"
"2014","Québec, Quebec [24421]","2021A003524421","Percent change in youth non-violent crime severity index","Percent","239","units","0","v87984869","11.12","","..","","","2"
"2015","Québec, Quebec [24421]","2021A003524421","Percent change in youth non-violent crime severity index","Percent","239","units","0","v87984869","11.12","","..","","","2"
"2016","Québec, Quebec [24421]","2021A003524421","Percent change in youth non-violent crime severity index","Percent","239","units","0","v87984869","11.12","","..","","","2"
"2017","Québec, Quebec [24421]","2021A003524421","Percent change in youth non-violent crime severity index","Percent","239","units","0","v87984869","11.12","","..","","","2"
"2018","Québec, Quebec [24421]","2021A003524421","Percent change in youth non-violent crime severity index","Percent","239","units","0","v87984869","11.12","","..","","","2"
"2019","Québec, Quebec [24421]","2021A003524421","Percent change in youth non-violent crime severity index","Percent","239","units","0","v87984869","11.12","","..","","","2"
"2020","Québec, Quebec [24421]","2021A003524421","Percent change in youth non-violent crime severity index","Percent","239","units","0","v87984869","11.12","","..","","","2"
"2021","Québec, Quebec [24421]","2021A003524421","Percent change in youth non-violent crime severity index","Percent","239","units","0","v87984869","11.12","","..","","","2"
"2010","Québec, Quebec [24421]","2021A003524421","Weighted clearance rate","Number","223","units","0","v53079468","11.13","32.93","","","","2"
"2011","Québec, Quebec [24421]","2021A003524421","Weighted clearance rate","Number","223","units","0","v53079468","11.13","39.97","","","","2"
"2012","Québec, Quebec [24421]","2021A003524421","Weighted clearance rate","Number","223","units","0","v53079468","11.13","39.13","","","","2"
"2013","Québec, Quebec [24421]","2021A003524421","Weighted clearance rate","Number","223","units","0","v53079468","11.13","37.33","","","","2"
"2014","Québec, Quebec [24421]","2021A003524421","Weighted clearance rate","Number","223","units","0","v53079468","11.13","36.45","","","","2"
"2015","Québec, Quebec [24421]","2021A003524421","Weighted clearance rate","Number","223","units","0","v53079468","11.13","35.78","","","","2"
"2016","Québec, Quebec [24421]","2021A003524421","Weighted clearance rate","Number","223","units","0","v53079468","11.13","39.95","","","","2"
"2017","Québec, Quebec [24421]","2021A003524421","Weighted clearance rate","Number","223","units","0","v53079468","11.13","46.03","","","","2"
"2018","Québec, Quebec [24421]","2021A003524421","Weighted clearance rate","Number","223","units","0","v53079468","11.13","42.59","","","","2"
"2019","Québec, Quebec [24421]","2021A003524421","Weighted clearance rate","Number","223","units","0","v53079468","11.13","42.61","","","","2"
"2020","Québec, Quebec [24421]","2021A003524421","Weighted clearance rate","Number","223","units","0","v53079468","11.13","40.83","","","","2"
"2021","Québec, Quebec [24421]","2021A003524421","Weighted clearance rate","Number","223","units","0","v53079468","11.13","38.02","","","","2"
"2010","Québec, Quebec [24421]","2021A003524421","Percent change in weighted clearance rate","Percent","239","units","0","v53079469","11.14","9.00","","","","2"
"2011","Québec, Quebec [24421]","2021A003524421","Percent change in weighted clearance rate","Percent","239","units","0","v53079469","11.14","21.38","","","","2"
"2012","Québec, Quebec [24421]","2021A003524421","Percent change in weighted clearance rate","Percent","239","units","0","v53079469","11.14","-2.10","","","","2"
"2013","Québec, Quebec [24421]","2021A003524421","Percent change in weighted clearance rate","Percent","239","units","0","v53079469","11.14","-4.60","","","","2"
"2014","Québec, Quebec [24421]","2021A003524421","Percent change in weighted clearance rate","Percent","239","units","0","v53079469","11.14","-2.36","","","","2"
"2015","Québec, Quebec [24421]","2021A003524421","Percent change in weighted clearance rate","Percent","239","units","0","v53079469","11.14","-1.84","","","","2"
"2016","Québec, Quebec [24421]","2021A003524421","Percent change in weighted clearance rate","Percent","239","units","0","v53079469","11.14","11.65","","","","2"
"2017","Québec, Quebec [24421]","2021A003524421","Percent change in weighted clearance rate","Percent","239","units","0","v53079469","11.14","15.22","","","","2"
"2018","Québec, Quebec [24421]","2021A003524421","Percent change in weighted clearance rate","Percent","239","units","0","v53079469","11.14","-7.47","","","","2"
"2019","Québec, Quebec [24421]","2021A003524421","Percent change in weighted clearance rate","Percent","239","units","0","v53079469","11.14","0.05","","","","2"
"2020","Québec, Quebec [24421]","2021A003524421","Percent change in weighted clearance rate","Percent","239","units","0","v53079469","11.14","-4.18","","","","2"
"2021","Québec, Quebec [24421]","2021A003524421","Percent change in weighted clearance rate","Percent","239","units","0","v53079469","11.14","-6.88","","","","2"
"2010","Québec, Quebec [24421]","2021A003524421","Violent weighted clearance rate","Number","223","units","0","v53079470","11.15","61.00","","","","2"
"2011","Québec, Quebec [24421]","2021A003524421","Violent weighted clearance rate","Number","223","units","0","v53079470","11.15","71.56","","","","2"
"2012","Québec, Quebec [24421]","2021A003524421","Violent weighted clearance rate","Number","223","units","0","v53079470","11.15","70.11","","","","2"
"2013","Québec, Quebec [24421]","2021A003524421","Violent weighted clearance rate","Number","223","units","0","v53079470","11.15","62.34","","","","2"
"2014","Québec, Quebec [24421]","2021A003524421","Violent weighted clearance rate","Number","223","units","0","v53079470","11.15","61.80","","","","2"
"2015","Québec, Quebec [24421]","2021A003524421","Violent weighted clearance rate","Number","223","units","0","v53079470","11.15","59.04","","","","2"
"2016","Québec, Quebec [24421]","2021A003524421","Violent weighted clearance rate","Number","223","units","0","v53079470","11.15","63.32","","","","2"
"2017","Québec, Quebec [24421]","2021A003524421","Violent weighted clearance rate","Number","223","units","0","v53079470","11.15","68.28","","","","2"
"2018","Québec, Quebec [24421]","2021A003524421","Violent weighted clearance rate","Number","223","units","0","v53079470","11.15","64.40","","","","2"
"2019","Québec, Quebec [24421]","2021A003524421","Violent weighted clearance rate","Number","223","units","0","v53079470","11.15","62.20","","","","2"
"2020","Québec, Quebec [24421]","2021A003524421","Violent weighted clearance rate","Number","223","units","0","v53079470","11.15","61.74","","","","2"
"2021","Québec, Quebec [24421]","2021A003524421","Violent weighted clearance rate","Number","223","units","0","v53079470","11.15","59.20","","","","2"
"2010","Québec, Quebec [24421]","2021A003524421","Percent change in violent weighted clearance rate","Percent","239","units","0","v53079471","11.16","9.93","","","","2"
"2011","Québec, Quebec [24421]","2021A003524421","Percent change in violent weighted clearance rate","Percent","239","units","0","v53079471","11.16","17.31","","","","2"
"2012","Québec, Quebec [24421]","2021A003524421","Percent change in violent weighted clearance rate","Percent","239","units","0","v53079471","11.16","-2.03","","","","2"
"2013","Québec, Quebec [24421]","2021A003524421","Percent change in violent weighted clearance rate","Percent","239","units","0","v53079471","11.16","-11.08","","","","2"
"2014","Québec, Quebec [24421]","2021A003524421","Percent change in violent weighted clearance rate","Percent","239","units","0","v53079471","11.16","-0.87","","","","2"
"2015","Québec, Quebec [24421]","2021A003524421","Percent change in violent weighted clearance rate","Percent","239","units","0","v53079471","11.16","-4.47","","","","2"
"2016","Québec, Quebec [24421]","2021A003524421","Percent change in violent weighted clearance rate","Percent","239","units","0","v53079471","11.16","7.25","","","","2"
"2017","Québec, Quebec [24421]","2021A003524421","Percent change in violent weighted clearance rate","Percent","239","units","0","v53079471","11.16","7.83","","","","2"
"2018","Québec, Quebec [24421]","2021A003524421","Percent change in violent weighted clearance rate","Percent","239","units","0","v53079471","11.16","-5.68","","","","2"
"2019","Québec, Quebec [24421]","2021A003524421","Percent change in violent weighted clearance rate","Percent","239","units","0","v53079471","11.16","-3.42","","","","2"
"2020","Québec, Quebec [24421]","2021A003524421","Percent change in violent weighted clearance rate","Percent","239","units","0","v53079471","11.16","-0.74","","","","2"
"2021","Québec, Quebec [24421]","2021A003524421","Percent change in violent weighted clearance rate","Percent","239","units","0","v53079471","11.16","-4.11","","","","2"
"2010","Québec, Quebec [24421]","2021A003524421","Non-violent weighted clearance rate","Number","223","units","0","v53079472","11.17","23.45","","","","2"
"2011","Québec, Quebec [24421]","2021A003524421","Non-violent weighted clearance rate","Number","223","units","0","v53079472","11.17","29.57","","","","2"
"2012","Québec, Quebec [24421]","2021A003524421","Non-violent weighted clearance rate","Number","223","units","0","v53079472","11.17","27.68","","","","2"
"2013","Québec, Quebec [24421]","2021A003524421","Non-violent weighted clearance rate","Number","223","units","0","v53079472","11.17","27.87","","","","2"
"2014","Québec, Quebec [24421]","2021A003524421","Non-violent weighted clearance rate","Number","223","units","0","v53079472","11.17","26.51","","","","2"
"2015","Québec, Quebec [24421]","2021A003524421","Non-violent weighted clearance rate","Number","223","units","0","v53079472","11.17","26.73","","","","2"
"2016","Québec, Quebec [24421]","2021A003524421","Non-violent weighted clearance rate","Number","223","units","0","v53079472","11.17","29.73","","","","2"
"2017","Québec, Quebec [24421]","2021A003524421","Non-violent weighted clearance rate","Number","223","units","0","v53079472","11.17","34.00","","","","2"
"2018","Québec, Quebec [24421]","2021A003524421","Non-violent weighted clearance rate","Number","223","units","0","v53079472","11.17","32.28","","","","2"
"2019","Québec, Quebec [24421]","2021A003524421","Non-violent weighted clearance rate","Number","223","units","0","v53079472","11.17","32.21","","","","2"
"2020","Québec, Quebec [24421]","2021A003524421","Non-violent weighted clearance rate","Number","223","units","0","v53079472","11.17","29.10","","","","2"
"2021","Québec, Quebec [24421]","2021A003524421","Non-violent weighted clearance rate","Number","223","units","0","v53079472","11.17","25.52","","","","2"
"2010","Québec, Quebec [24421]","2021A003524421","Percent change in non-violent weighted clearance rate","Percent","239","units","0","v53079473","11.18","3.49","","","","2"
"2011","Québec, Quebec [24421]","2021A003524421","Percent change in non-violent weighted clearance rate","Percent","239","units","0","v53079473","11.18","26.10","","","","2"
"2012","Québec, Quebec [24421]","2021A003524421","Percent change in non-violent weighted clearance rate","Percent","239","units","0","v53079473","11.18","-6.39","","","","2"
"2013","Québec, Quebec [24421]","2021A003524421","Percent change in non-violent weighted clearance rate","Percent","239","units","0","v53079473","11.18","0.69","","","","2"
"2014","Québec, Quebec [24421]","2021A003524421","Percent change in non-violent weighted clearance rate","Percent","239","units","0","v53079473","11.18","-4.88","","","","2"
"2015","Québec, Quebec [24421]","2021A003524421","Percent change in non-violent weighted clearance rate","Percent","239","units","0","v53079473","11.18","0.83","","","","2"
"2016","Québec, Quebec [24421]","2021A003524421","Percent change in non-violent weighted clearance rate","Percent","239","units","0","v53079473","11.18","11.22","","","","2"
"2017","Québec, Quebec [24421]","2021A003524421","Percent change in non-violent weighted clearance rate","Percent","239","units","0","v53079473","11.18","14.36","","","","2"
"2018","Québec, Quebec [24421]","2021A003524421","Percent change in non-violent weighted clearance rate","Percent","239","units","0","v53079473","11.18","-5.06","","","","2"
"2019","Québec, Quebec [24421]","2021A003524421","Percent change in non-violent weighted clearance rate","Percent","239","units","0","v53079473","11.18","-0.22","","","","2"
"2020","Québec, Quebec [24421]","2021A003524421","Percent change in non-violent weighted clearance rate","Percent","239","units","0","v53079473","11.18","-9.66","","","","2"
"2021","Québec, Quebec [24421]","2021A003524421","Percent change in non-violent weighted clearance rate","Percent","239","units","0","v53079473","11.18","-12.30","","","","2"


