﻿"REF_DATE","GEO","DGUID","Statistics","UOM","UOM_ID","SCALAR_FACTOR","SCALAR_ID","VECTOR","COORDINATE","VALUE","STATUS","SYMBOL","TERMINATED","DECIMALS"
"2010","Quebec [24]","2016A000224","Crime severity index","Index","160","units","0","v44312509","9.1","75.99","","","","2"
"2011","Quebec [24]","2016A000224","Crime severity index","Index","160","units","0","v44312509","9.1","73.35","","","","2"
"2012","Quebec [24]","2016A000224","Crime severity index","Index","160","units","0","v44312509","9.1","70.69","","","","2"
"2013","Quebec [24]","2016A000224","Crime severity index","Index","160","units","0","v44312509","9.1","62.67","","","","2"
"2014","Quebec [24]","2016A000224","Crime severity index","Index","160","units","0","v44312509","9.1","57.66","","","","2"
"2015","Quebec [24]","2016A000224","Crime severity index","Index","160","units","0","v44312509","9.1","56.95","","","","2"
"2016","Quebec [24]","2016A000224","Crime severity index","Index","160","units","0","v44312509","9.1","56.62","","","","2"
"2017","Quebec [24]","2016A000224","Crime severity index","Index","160","units","0","v44312509","9.1","57.80","","","","2"
"2018","Quebec [24]","2016A000224","Crime severity index","Index","160","units","0","v44312509","9.1","56.53","","","","2"
"2019","Quebec [24]","2016A000224","Crime severity index","Index","160","units","0","v44312509","9.1","55.78","","","","2"
"2020","Quebec [24]","2016A000224","Crime severity index","Index","160","units","0","v44312509","9.1","51.59","","","","2"
"2021","Quebec [24]","2016A000224","Crime severity index","Index","160","units","0","v44312509","9.1","54.30","","","","2"
"2010","Quebec [24]","2016A000224","Percent change in crime severity index","Percent","239","units","0","v44312510","9.2","-6.73","","","","2"
"2011","Quebec [24]","2016A000224","Percent change in crime severity index","Percent","239","units","0","v44312510","9.2","-3.47","","","","2"
"2012","Quebec [24]","2016A000224","Percent change in crime severity index","Percent","239","units","0","v44312510","9.2","-3.63","","","","2"
"2013","Quebec [24]","2016A000224","Percent change in crime severity index","Percent","239","units","0","v44312510","9.2","-11.35","","","","2"
"2014","Quebec [24]","2016A000224","Percent change in crime severity index","Percent","239","units","0","v44312510","9.2","-7.99","","","","2"
"2015","Quebec [24]","2016A000224","Percent change in crime severity index","Percent","239","units","0","v44312510","9.2","-1.23","","","","2"
"2016","Quebec [24]","2016A000224","Percent change in crime severity index","Percent","239","units","0","v44312510","9.2","-0.58","","","","2"
"2017","Quebec [24]","2016A000224","Percent change in crime severity index","Percent","239","units","0","v44312510","9.2","2.08","","","","2"
"2018","Quebec [24]","2016A000224","Percent change in crime severity index","Percent","239","units","0","v44312510","9.2","-2.20","","","","2"
"2019","Quebec [24]","2016A000224","Percent change in crime severity index","Percent","239","units","0","v44312510","9.2","-1.33","","","","2"
"2020","Quebec [24]","2016A000224","Percent change in crime severity index","Percent","239","units","0","v44312510","9.2","-7.51","","","","2"
"2021","Quebec [24]","2016A000224","Percent change in crime severity index","Percent","239","units","0","v44312510","9.2","5.25","","","","2"
"2010","Quebec [24]","2016A000224","Violent crime severity index","Index","160","units","0","v44312511","9.3","75.81","","","","2"
"2011","Quebec [24]","2016A000224","Violent crime severity index","Index","160","units","0","v44312511","9.3","78.14","","","","2"
"2012","Quebec [24]","2016A000224","Violent crime severity index","Index","160","units","0","v44312511","9.3","75.38","","","","2"
"2013","Quebec [24]","2016A000224","Violent crime severity index","Index","160","units","0","v44312511","9.3","68.39","","","","2"
"2014","Quebec [24]","2016A000224","Violent crime severity index","Index","160","units","0","v44312511","9.3","63.88","","","","2"
"2015","Quebec [24]","2016A000224","Violent crime severity index","Index","160","units","0","v44312511","9.3","66.47","","","","2"
"2016","Quebec [24]","2016A000224","Violent crime severity index","Index","160","units","0","v44312511","9.3","67.85","","","","2"
"2017","Quebec [24]","2016A000224","Violent crime severity index","Index","160","units","0","v44312511","9.3","72.75","","","","2"
"2018","Quebec [24]","2016A000224","Violent crime severity index","Index","160","units","0","v44312511","9.3","71.67","","","","2"
"2019","Quebec [24]","2016A000224","Violent crime severity index","Index","160","units","0","v44312511","9.3","75.11","","","","2"
"2020","Quebec [24]","2016A000224","Violent crime severity index","Index","160","units","0","v44312511","9.3","74.34","","","","2"
"2021","Quebec [24]","2016A000224","Violent crime severity index","Index","160","units","0","v44312511","9.3","82.95","","","","2"
"2010","Quebec [24]","2016A000224","Percent change in violent crime severity index","Percent","239","units","0","v44312512","9.4","-5.45","","","","2"
"2011","Quebec [24]","2016A000224","Percent change in violent crime severity index","Percent","239","units","0","v44312512","9.4","3.07","","","","2"
"2012","Quebec [24]","2016A000224","Percent change in violent crime severity index","Percent","239","units","0","v44312512","9.4","-3.53","","","","2"
"2013","Quebec [24]","2016A000224","Percent change in violent crime severity index","Percent","239","units","0","v44312512","9.4","-9.27","","","","2"
"2014","Quebec [24]","2016A000224","Percent change in violent crime severity index","Percent","239","units","0","v44312512","9.4","-6.59","","","","2"
"2015","Quebec [24]","2016A000224","Percent change in violent crime severity index","Percent","239","units","0","v44312512","9.4","4.05","","","","2"
"2016","Quebec [24]","2016A000224","Percent change in violent crime severity index","Percent","239","units","0","v44312512","9.4","2.08","","","","2"
"2017","Quebec [24]","2016A000224","Percent change in violent crime severity index","Percent","239","units","0","v44312512","9.4","7.22","","","","2"
"2018","Quebec [24]","2016A000224","Percent change in violent crime severity index","Percent","239","units","0","v44312512","9.4","-1.48","","","","2"
"2019","Quebec [24]","2016A000224","Percent change in violent crime severity index","Percent","239","units","0","v44312512","9.4","4.80","","","","2"
"2020","Quebec [24]","2016A000224","Percent change in violent crime severity index","Percent","239","units","0","v44312512","9.4","-1.03","","","","2"
"2021","Quebec [24]","2016A000224","Percent change in violent crime severity index","Percent","239","units","0","v44312512","9.4","11.58","","","","2"
"2010","Quebec [24]","2016A000224","Non-violent crime severity index","Index","160","units","0","v44312513","9.5","76.06","","","","2"
"2011","Quebec [24]","2016A000224","Non-violent crime severity index","Index","160","units","0","v44312513","9.5","71.45","","","","2"
"2012","Quebec [24]","2016A000224","Non-violent crime severity index","Index","160","units","0","v44312513","9.5","68.84","","","","2"
"2013","Quebec [24]","2016A000224","Non-violent crime severity index","Index","160","units","0","v44312513","9.5","60.46","","","","2"
"2014","Quebec [24]","2016A000224","Non-violent crime severity index","Index","160","units","0","v44312513","9.5","55.28","","","","2"
"2015","Quebec [24]","2016A000224","Non-violent crime severity index","Index","160","units","0","v44312513","9.5","53.36","","","","2"
"2016","Quebec [24]","2016A000224","Non-violent crime severity index","Index","160","units","0","v44312513","9.5","52.44","","","","2"
"2017","Quebec [24]","2016A000224","Non-violent crime severity index","Index","160","units","0","v44312513","9.5","52.28","","","","2"
"2018","Quebec [24]","2016A000224","Non-violent crime severity index","Index","160","units","0","v44312513","9.5","50.95","","","","2"
"2019","Quebec [24]","2016A000224","Non-violent crime severity index","Index","160","units","0","v44312513","9.5","48.70","","","","2"
"2020","Quebec [24]","2016A000224","Non-violent crime severity index","Index","160","units","0","v44312513","9.5","43.28","","","","2"
"2021","Quebec [24]","2016A000224","Non-violent crime severity index","Index","160","units","0","v44312513","9.5","43.87","","","","2"
"2010","Quebec [24]","2016A000224","Percent change in non-violent crime severity index","Percent","239","units","0","v44312514","9.6","-7.21","","","","2"
"2011","Quebec [24]","2016A000224","Percent change in non-violent crime severity index","Percent","239","units","0","v44312514","9.6","-6.06","","","","2"
"2012","Quebec [24]","2016A000224","Percent change in non-violent crime severity index","Percent","239","units","0","v44312514","9.6","-3.65","","","","2"
"2013","Quebec [24]","2016A000224","Percent change in non-violent crime severity index","Percent","239","units","0","v44312514","9.6","-12.17","","","","2"
"2014","Quebec [24]","2016A000224","Percent change in non-violent crime severity index","Percent","239","units","0","v44312514","9.6","-8.57","","","","2"
"2015","Quebec [24]","2016A000224","Percent change in non-violent crime severity index","Percent","239","units","0","v44312514","9.6","-3.47","","","","2"
"2016","Quebec [24]","2016A000224","Percent change in non-violent crime severity index","Percent","239","units","0","v44312514","9.6","-1.72","","","","2"
"2017","Quebec [24]","2016A000224","Percent change in non-violent crime severity index","Percent","239","units","0","v44312514","9.6","-0.31","","","","2"
"2018","Quebec [24]","2016A000224","Percent change in non-violent crime severity index","Percent","239","units","0","v44312514","9.6","-2.54","","","","2"
"2019","Quebec [24]","2016A000224","Percent change in non-violent crime severity index","Percent","239","units","0","v44312514","9.6","-4.42","","","","2"
"2020","Quebec [24]","2016A000224","Percent change in non-violent crime severity index","Percent","239","units","0","v44312514","9.6","-11.13","","","","2"
"2021","Quebec [24]","2016A000224","Percent change in non-violent crime severity index","Percent","239","units","0","v44312514","9.6","1.36","","","","2"
"2010","Quebec [24]","2016A000224","Youth crime severity index","Index","160","units","0","v53079917","9.7","66.69","","","","2"
"2011","Quebec [24]","2016A000224","Youth crime severity index","Index","160","units","0","v53079917","9.7","65.07","","","","2"
"2012","Quebec [24]","2016A000224","Youth crime severity index","Index","160","units","0","v53079917","9.7","64.95","","","","2"
"2013","Quebec [24]","2016A000224","Youth crime severity index","Index","160","units","0","v53079917","9.7","57.86","","","","2"
"2014","Quebec [24]","2016A000224","Youth crime severity index","Index","160","units","0","v53079917","9.7","53.44","","","","2"
"2015","Quebec [24]","2016A000224","Youth crime severity index","Index","160","units","0","v53079917","9.7","53.71","","","","2"
"2016","Quebec [24]","2016A000224","Youth crime severity index","Index","160","units","0","v53079917","9.7","57.75","","","","2"
"2017","Quebec [24]","2016A000224","Youth crime severity index","Index","160","units","0","v53079917","9.7","58.50","","","","2"
"2018","Quebec [24]","2016A000224","Youth crime severity index","Index","160","units","0","v53079917","9.7","58.29","","","","2"
"2019","Quebec [24]","2016A000224","Youth crime severity index","Index","160","units","0","v53079917","9.7","58.74","","","","2"
"2020","Quebec [24]","2016A000224","Youth crime severity index","Index","160","units","0","v53079917","9.7","48.52","","","","2"
"2021","Quebec [24]","2016A000224","Youth crime severity index","Index","160","units","0","v53079917","9.7","54.30","","","","2"
"2010","Quebec [24]","2016A000224","Percent change in youth crime severity index","Percent","239","units","0","v53079918","9.8","-2.95","","","","2"
"2011","Quebec [24]","2016A000224","Percent change in youth crime severity index","Percent","239","units","0","v53079918","9.8","-2.43","","","","2"
"2012","Quebec [24]","2016A000224","Percent change in youth crime severity index","Percent","239","units","0","v53079918","9.8","-0.18","","","","2"
"2013","Quebec [24]","2016A000224","Percent change in youth crime severity index","Percent","239","units","0","v53079918","9.8","-10.92","","","","2"
"2014","Quebec [24]","2016A000224","Percent change in youth crime severity index","Percent","239","units","0","v53079918","9.8","-7.64","","","","2"
"2015","Quebec [24]","2016A000224","Percent change in youth crime severity index","Percent","239","units","0","v53079918","9.8","0.51","","","","2"
"2016","Quebec [24]","2016A000224","Percent change in youth crime severity index","Percent","239","units","0","v53079918","9.8","7.52","","","","2"
"2017","Quebec [24]","2016A000224","Percent change in youth crime severity index","Percent","239","units","0","v53079918","9.8","1.30","","","","2"
"2018","Quebec [24]","2016A000224","Percent change in youth crime severity index","Percent","239","units","0","v53079918","9.8","-0.36","","","","2"
"2019","Quebec [24]","2016A000224","Percent change in youth crime severity index","Percent","239","units","0","v53079918","9.8","0.77","","","","2"
"2020","Quebec [24]","2016A000224","Percent change in youth crime severity index","Percent","239","units","0","v53079918","9.8","-17.40","","","","2"
"2021","Quebec [24]","2016A000224","Percent change in youth crime severity index","Percent","239","units","0","v53079918","9.8","11.91","","","","2"
"2010","Quebec [24]","2016A000224","Youth violent crime severity index","Index","160","units","0","v53079919","9.9","74.46","","","","2"
"2011","Quebec [24]","2016A000224","Youth violent crime severity index","Index","160","units","0","v53079919","9.9","75.81","","","","2"
"2012","Quebec [24]","2016A000224","Youth violent crime severity index","Index","160","units","0","v53079919","9.9","76.63","","","","2"
"2013","Quebec [24]","2016A000224","Youth violent crime severity index","Index","160","units","0","v53079919","9.9","68.12","","","","2"
"2014","Quebec [24]","2016A000224","Youth violent crime severity index","Index","160","units","0","v53079919","9.9","63.98","","","","2"
"2015","Quebec [24]","2016A000224","Youth violent crime severity index","Index","160","units","0","v53079919","9.9","63.82","","","","2"
"2016","Quebec [24]","2016A000224","Youth violent crime severity index","Index","160","units","0","v53079919","9.9","77.76","","","","2"
"2017","Quebec [24]","2016A000224","Youth violent crime severity index","Index","160","units","0","v53079919","9.9","77.92","","","","2"
"2018","Quebec [24]","2016A000224","Youth violent crime severity index","Index","160","units","0","v53079919","9.9","81.41","","","","2"
"2019","Quebec [24]","2016A000224","Youth violent crime severity index","Index","160","units","0","v53079919","9.9","89.21","","","","2"
"2020","Quebec [24]","2016A000224","Youth violent crime severity index","Index","160","units","0","v53079919","9.9","76.55","","","","2"
"2021","Quebec [24]","2016A000224","Youth violent crime severity index","Index","160","units","0","v53079919","9.9","89.29","","","","2"
"2010","Quebec [24]","2016A000224","Percent change in youth violent crime severity index","Percent","239","units","0","v53079925","9.10","0.31","","","","2"
"2011","Quebec [24]","2016A000224","Percent change in youth violent crime severity index","Percent","239","units","0","v53079925","9.10","1.81","","","","2"
"2012","Quebec [24]","2016A000224","Percent change in youth violent crime severity index","Percent","239","units","0","v53079925","9.10","1.08","","","","2"
"2013","Quebec [24]","2016A000224","Percent change in youth violent crime severity index","Percent","239","units","0","v53079925","9.10","-11.11","","","","2"
"2014","Quebec [24]","2016A000224","Percent change in youth violent crime severity index","Percent","239","units","0","v53079925","9.10","-6.08","","","","2"
"2015","Quebec [24]","2016A000224","Percent change in youth violent crime severity index","Percent","239","units","0","v53079925","9.10","-0.25","","","","2"
"2016","Quebec [24]","2016A000224","Percent change in youth violent crime severity index","Percent","239","units","0","v53079925","9.10","21.84","","","","2"
"2017","Quebec [24]","2016A000224","Percent change in youth violent crime severity index","Percent","239","units","0","v53079925","9.10","0.21","","","","2"
"2018","Quebec [24]","2016A000224","Percent change in youth violent crime severity index","Percent","239","units","0","v53079925","9.10","4.48","","","","2"
"2019","Quebec [24]","2016A000224","Percent change in youth violent crime severity index","Percent","239","units","0","v53079925","9.10","9.58","","","","2"
"2020","Quebec [24]","2016A000224","Percent change in youth violent crime severity index","Percent","239","units","0","v53079925","9.10","-14.19","","","","2"
"2021","Quebec [24]","2016A000224","Percent change in youth violent crime severity index","Percent","239","units","0","v53079925","9.10","16.64","","","","2"
"2010","Quebec [24]","2016A000224","Youth non-violent crime severity index","Index","160","units","0","v53079909","9.11","60.78","","","","2"
"2011","Quebec [24]","2016A000224","Youth non-violent crime severity index","Index","160","units","0","v53079909","9.11","57.18","","","","2"
"2012","Quebec [24]","2016A000224","Youth non-violent crime severity index","Index","160","units","0","v53079909","9.11","56.39","","","","2"
"2013","Quebec [24]","2016A000224","Youth non-violent crime severity index","Index","160","units","0","v53079909","9.11","50.33","","","","2"
"2014","Quebec [24]","2016A000224","Youth non-violent crime severity index","Index","160","units","0","v53079909","9.11","45.74","","","","2"
"2015","Quebec [24]","2016A000224","Youth non-violent crime severity index","Index","160","units","0","v53079909","9.11","46.31","","","","2"
"2016","Quebec [24]","2016A000224","Youth non-violent crime severity index","Index","160","units","0","v53079909","9.11","43.57","","","","2"
"2017","Quebec [24]","2016A000224","Youth non-violent crime severity index","Index","160","units","0","v53079909","9.11","44.72","","","","2"
"2018","Quebec [24]","2016A000224","Youth non-violent crime severity index","Index","160","units","0","v53079909","9.11","41.98","","","","2"
"2019","Quebec [24]","2016A000224","Youth non-violent crime severity index","Index","160","units","0","v53079909","9.11","37.41","","","","2"
"2020","Quebec [24]","2016A000224","Youth non-violent crime severity index","Index","160","units","0","v53079909","9.11","28.95","","","","2"
"2021","Quebec [24]","2016A000224","Youth non-violent crime severity index","Index","160","units","0","v53079909","9.11","29.93","","","","2"
"2010","Quebec [24]","2016A000224","Percent change in youth non-violent crime severity index","Percent","239","units","0","v53079910","9.12","-5.80","","","","2"
"2011","Quebec [24]","2016A000224","Percent change in youth non-violent crime severity index","Percent","239","units","0","v53079910","9.12","-5.92","","","","2"
"2012","Quebec [24]","2016A000224","Percent change in youth non-violent crime severity index","Percent","239","units","0","v53079910","9.12","-1.38","","","","2"
"2013","Quebec [24]","2016A000224","Percent change in youth non-violent crime severity index","Percent","239","units","0","v53079910","9.12","-10.75","","","","2"
"2014","Quebec [24]","2016A000224","Percent change in youth non-violent crime severity index","Percent","239","units","0","v53079910","9.12","-9.12","","","","2"
"2015","Quebec [24]","2016A000224","Percent change in youth non-violent crime severity index","Percent","239","units","0","v53079910","9.12","1.25","","","","2"
"2016","Quebec [24]","2016A000224","Percent change in youth non-violent crime severity index","Percent","239","units","0","v53079910","9.12","-5.92","","","","2"
"2017","Quebec [24]","2016A000224","Percent change in youth non-violent crime severity index","Percent","239","units","0","v53079910","9.12","2.64","","","","2"
"2018","Quebec [24]","2016A000224","Percent change in youth non-violent crime severity index","Percent","239","units","0","v53079910","9.12","-6.13","","","","2"
"2019","Quebec [24]","2016A000224","Percent change in youth non-violent crime severity index","Percent","239","units","0","v53079910","9.12","-10.89","","","","2"
"2020","Quebec [24]","2016A000224","Percent change in youth non-violent crime severity index","Percent","239","units","0","v53079910","9.12","-22.61","","","","2"
"2021","Quebec [24]","2016A000224","Percent change in youth non-violent crime severity index","Percent","239","units","0","v53079910","9.12","3.39","","","","2"
"2010","Quebec [24]","2016A000224","Weighted clearance rate","Number","223","units","0","v53079911","9.13","36.25","","","","2"
"2011","Quebec [24]","2016A000224","Weighted clearance rate","Number","223","units","0","v53079911","9.13","37.00","","","","2"
"2012","Quebec [24]","2016A000224","Weighted clearance rate","Number","223","units","0","v53079911","9.13","38.89","","","","2"
"2013","Quebec [24]","2016A000224","Weighted clearance rate","Number","223","units","0","v53079911","9.13","39.93","","","","2"
"2014","Quebec [24]","2016A000224","Weighted clearance rate","Number","223","units","0","v53079911","9.13","41.74","","","","2"
"2015","Quebec [24]","2016A000224","Weighted clearance rate","Number","223","units","0","v53079911","9.13","41.67","","","","2"
"2016","Quebec [24]","2016A000224","Weighted clearance rate","Number","223","units","0","v53079911","9.13","42.21","","","","2"
"2017","Quebec [24]","2016A000224","Weighted clearance rate","Number","223","units","0","v53079911","9.13","44.16","","","","2"
"2018","Quebec [24]","2016A000224","Weighted clearance rate","Number","223","units","0","v53079911","9.13","43.43","","","","2"
"2019","Quebec [24]","2016A000224","Weighted clearance rate","Number","223","units","0","v53079911","9.13","44.97","","","","2"
"2020","Quebec [24]","2016A000224","Weighted clearance rate","Number","223","units","0","v53079911","9.13","44.88","","","","2"
"2021","Quebec [24]","2016A000224","Weighted clearance rate","Number","223","units","0","v53079911","9.13","41.19","","","","2"
"2010","Quebec [24]","2016A000224","Percent change in weighted clearance rate","Percent","239","units","0","v53079912","9.14","2.98","","","","2"
"2011","Quebec [24]","2016A000224","Percent change in weighted clearance rate","Percent","239","units","0","v53079912","9.14","2.07","","","","2"
"2012","Quebec [24]","2016A000224","Percent change in weighted clearance rate","Percent","239","units","0","v53079912","9.14","5.11","","","","2"
"2013","Quebec [24]","2016A000224","Percent change in weighted clearance rate","Percent","239","units","0","v53079912","9.14","2.67","","","","2"
"2014","Quebec [24]","2016A000224","Percent change in weighted clearance rate","Percent","239","units","0","v53079912","9.14","4.53","","","","2"
"2015","Quebec [24]","2016A000224","Percent change in weighted clearance rate","Percent","239","units","0","v53079912","9.14","-0.17","","","","2"
"2016","Quebec [24]","2016A000224","Percent change in weighted clearance rate","Percent","239","units","0","v53079912","9.14","1.30","","","","2"
"2017","Quebec [24]","2016A000224","Percent change in weighted clearance rate","Percent","239","units","0","v53079912","9.14","4.62","","","","2"
"2018","Quebec [24]","2016A000224","Percent change in weighted clearance rate","Percent","239","units","0","v53079912","9.14","-1.65","","","","2"
"2019","Quebec [24]","2016A000224","Percent change in weighted clearance rate","Percent","239","units","0","v53079912","9.14","3.55","","","","2"
"2020","Quebec [24]","2016A000224","Percent change in weighted clearance rate","Percent","239","units","0","v53079912","9.14","-0.20","","","","2"
"2021","Quebec [24]","2016A000224","Percent change in weighted clearance rate","Percent","239","units","0","v53079912","9.14","-8.22","","","","2"
"2010","Quebec [24]","2016A000224","Violent weighted clearance rate","Number","223","units","0","v53079913","9.15","63.20","","","","2"
"2011","Quebec [24]","2016A000224","Violent weighted clearance rate","Number","223","units","0","v53079913","9.15","61.83","","","","2"
"2012","Quebec [24]","2016A000224","Violent weighted clearance rate","Number","223","units","0","v53079913","9.15","64.95","","","","2"
"2013","Quebec [24]","2016A000224","Violent weighted clearance rate","Number","223","units","0","v53079913","9.15","65.03","","","","2"
"2014","Quebec [24]","2016A000224","Violent weighted clearance rate","Number","223","units","0","v53079913","9.15","70.12","","","","2"
"2015","Quebec [24]","2016A000224","Violent weighted clearance rate","Number","223","units","0","v53079913","9.15","67.58","","","","2"
"2016","Quebec [24]","2016A000224","Violent weighted clearance rate","Number","223","units","0","v53079913","9.15","68.61","","","","2"
"2017","Quebec [24]","2016A000224","Violent weighted clearance rate","Number","223","units","0","v53079913","9.15","70.64","","","","2"
"2018","Quebec [24]","2016A000224","Violent weighted clearance rate","Number","223","units","0","v53079913","9.15","68.83","","","","2"
"2019","Quebec [24]","2016A000224","Violent weighted clearance rate","Number","223","units","0","v53079913","9.15","68.16","","","","2"
"2020","Quebec [24]","2016A000224","Violent weighted clearance rate","Number","223","units","0","v53079913","9.15","67.48","","","","2"
"2021","Quebec [24]","2016A000224","Violent weighted clearance rate","Number","223","units","0","v53079913","9.15","62.20","","","","2"
"2010","Quebec [24]","2016A000224","Percent change in violent weighted clearance rate","Percent","239","units","0","v53079914","9.16","1.25","","","","2"
"2011","Quebec [24]","2016A000224","Percent change in violent weighted clearance rate","Percent","239","units","0","v53079914","9.16","-2.17","","","","2"
"2012","Quebec [24]","2016A000224","Percent change in violent weighted clearance rate","Percent","239","units","0","v53079914","9.16","5.05","","","","2"
"2013","Quebec [24]","2016A000224","Percent change in violent weighted clearance rate","Percent","239","units","0","v53079914","9.16","0.12","","","","2"
"2014","Quebec [24]","2016A000224","Percent change in violent weighted clearance rate","Percent","239","units","0","v53079914","9.16","7.83","","","","2"
"2015","Quebec [24]","2016A000224","Percent change in violent weighted clearance rate","Percent","239","units","0","v53079914","9.16","-3.62","","","","2"
"2016","Quebec [24]","2016A000224","Percent change in violent weighted clearance rate","Percent","239","units","0","v53079914","9.16","1.52","","","","2"
"2017","Quebec [24]","2016A000224","Percent change in violent weighted clearance rate","Percent","239","units","0","v53079914","9.16","2.96","","","","2"
"2018","Quebec [24]","2016A000224","Percent change in violent weighted clearance rate","Percent","239","units","0","v53079914","9.16","-2.56","","","","2"
"2019","Quebec [24]","2016A000224","Percent change in violent weighted clearance rate","Percent","239","units","0","v53079914","9.16","-0.97","","","","2"
"2020","Quebec [24]","2016A000224","Percent change in violent weighted clearance rate","Percent","239","units","0","v53079914","9.16","-1.00","","","","2"
"2021","Quebec [24]","2016A000224","Percent change in violent weighted clearance rate","Percent","239","units","0","v53079914","9.16","-7.82","","","","2"
"2010","Quebec [24]","2016A000224","Non-violent weighted clearance rate","Number","223","units","0","v53079915","9.17","25.92","","","","2"
"2011","Quebec [24]","2016A000224","Non-violent weighted clearance rate","Number","223","units","0","v53079915","9.17","27.12","","","","2"
"2012","Quebec [24]","2016A000224","Non-violent weighted clearance rate","Number","223","units","0","v53079915","9.17","28.51","","","","2"
"2013","Quebec [24]","2016A000224","Non-violent weighted clearance rate","Number","223","units","0","v53079915","9.17","29.59","","","","2"
"2014","Quebec [24]","2016A000224","Non-violent weighted clearance rate","Number","223","units","0","v53079915","9.17","29.81","","","","2"
"2015","Quebec [24]","2016A000224","Non-violent weighted clearance rate","Number","223","units","0","v53079915","9.17","29.92","","","","2"
"2016","Quebec [24]","2016A000224","Non-violent weighted clearance rate","Number","223","units","0","v53079915","9.17","29.93","","","","2"
"2017","Quebec [24]","2016A000224","Non-violent weighted clearance rate","Number","223","units","0","v53079915","9.17","30.90","","","","2"
"2018","Quebec [24]","2016A000224","Non-violent weighted clearance rate","Number","223","units","0","v53079915","9.17","30.57","","","","2"
"2019","Quebec [24]","2016A000224","Non-violent weighted clearance rate","Number","223","units","0","v53079915","9.17","32.10","","","","2"
"2020","Quebec [24]","2016A000224","Non-violent weighted clearance rate","Number","223","units","0","v53079915","9.17","30.92","","","","2"
"2021","Quebec [24]","2016A000224","Non-violent weighted clearance rate","Number","223","units","0","v53079915","9.17","26.90","","","","2"
"2010","Quebec [24]","2016A000224","Percent change in non-violent weighted clearance rate","Percent","239","units","0","v53079916","9.18","3.85","","","","2"
"2011","Quebec [24]","2016A000224","Percent change in non-violent weighted clearance rate","Percent","239","units","0","v53079916","9.18","4.63","","","","2"
"2012","Quebec [24]","2016A000224","Percent change in non-violent weighted clearance rate","Percent","239","units","0","v53079916","9.18","5.13","","","","2"
"2013","Quebec [24]","2016A000224","Percent change in non-violent weighted clearance rate","Percent","239","units","0","v53079916","9.18","3.79","","","","2"
"2014","Quebec [24]","2016A000224","Percent change in non-violent weighted clearance rate","Percent","239","units","0","v53079916","9.18","0.74","","","","2"
"2015","Quebec [24]","2016A000224","Percent change in non-violent weighted clearance rate","Percent","239","units","0","v53079916","9.18","0.37","","","","2"
"2016","Quebec [24]","2016A000224","Percent change in non-violent weighted clearance rate","Percent","239","units","0","v53079916","9.18","0.03","","","","2"
"2017","Quebec [24]","2016A000224","Percent change in non-violent weighted clearance rate","Percent","239","units","0","v53079916","9.18","3.24","","","","2"
"2018","Quebec [24]","2016A000224","Percent change in non-violent weighted clearance rate","Percent","239","units","0","v53079916","9.18","-1.07","","","","2"
"2019","Quebec [24]","2016A000224","Percent change in non-violent weighted clearance rate","Percent","239","units","0","v53079916","9.18","5.00","","","","2"
"2020","Quebec [24]","2016A000224","Percent change in non-violent weighted clearance rate","Percent","239","units","0","v53079916","9.18","-3.68","","","","2"
"2021","Quebec [24]","2016A000224","Percent change in non-violent weighted clearance rate","Percent","239","units","0","v53079916","9.18","-13.00","","","","2"


