﻿"REF_DATE","GEO","DGUID","Statistics","UOM","UOM_ID","SCALAR_FACTOR","SCALAR_ID","VECTOR","COORDINATE","VALUE","STATUS","SYMBOL","TERMINATED","DECIMALS"
"2010","Ottawa-Gatineau, Quebec part [24505]","2021A003524505","Crime severity index","Index","160","units","0","v44312545","15.1","68.59","","","","2"
"2011","Ottawa-Gatineau, Quebec part [24505]","2021A003524505","Crime severity index","Index","160","units","0","v44312545","15.1","64.00","","","","2"
"2012","Ottawa-Gatineau, Quebec part [24505]","2021A003524505","Crime severity index","Index","160","units","0","v44312545","15.1","65.60","","","","2"
"2013","Ottawa-Gatineau, Quebec part [24505]","2021A003524505","Crime severity index","Index","160","units","0","v44312545","15.1","57.27","","","","2"
"2014","Ottawa-Gatineau, Quebec part [24505]","2021A003524505","Crime severity index","Index","160","units","0","v44312545","15.1","56.79","","","","2"
"2015","Ottawa-Gatineau, Quebec part [24505]","2021A003524505","Crime severity index","Index","160","units","0","v44312545","15.1","53.96","","","","2"
"2016","Ottawa-Gatineau, Quebec part [24505]","2021A003524505","Crime severity index","Index","160","units","0","v44312545","15.1","56.81","","","","2"
"2017","Ottawa-Gatineau, Quebec part [24505]","2021A003524505","Crime severity index","Index","160","units","0","v44312545","15.1","57.24","","","","2"
"2018","Ottawa-Gatineau, Quebec part [24505]","2021A003524505","Crime severity index","Index","160","units","0","v44312545","15.1","56.27","","","","2"
"2019","Ottawa-Gatineau, Quebec part [24505]","2021A003524505","Crime severity index","Index","160","units","0","v44312545","15.1","55.76","","","","2"
"2020","Ottawa-Gatineau, Quebec part [24505]","2021A003524505","Crime severity index","Index","160","units","0","v44312545","15.1","51.49","","","","2"
"2021","Ottawa-Gatineau, Quebec part [24505]","2021A003524505","Crime severity index","Index","160","units","0","v44312545","15.1","49.57","","","","2"
"2010","Ottawa-Gatineau, Quebec part [24505]","2021A003524505","Percent change in crime severity index","Percent","239","units","0","v44312546","15.2","-6.74","","","","2"
"2011","Ottawa-Gatineau, Quebec part [24505]","2021A003524505","Percent change in crime severity index","Percent","239","units","0","v44312546","15.2","-6.69","","","","2"
"2012","Ottawa-Gatineau, Quebec part [24505]","2021A003524505","Percent change in crime severity index","Percent","239","units","0","v44312546","15.2","2.50","","","","2"
"2013","Ottawa-Gatineau, Quebec part [24505]","2021A003524505","Percent change in crime severity index","Percent","239","units","0","v44312546","15.2","-12.70","","","","2"
"2014","Ottawa-Gatineau, Quebec part [24505]","2021A003524505","Percent change in crime severity index","Percent","239","units","0","v44312546","15.2","-0.84","","","","2"
"2015","Ottawa-Gatineau, Quebec part [24505]","2021A003524505","Percent change in crime severity index","Percent","239","units","0","v44312546","15.2","-4.98","","","","2"
"2016","Ottawa-Gatineau, Quebec part [24505]","2021A003524505","Percent change in crime severity index","Percent","239","units","0","v44312546","15.2","5.28","","","","2"
"2017","Ottawa-Gatineau, Quebec part [24505]","2021A003524505","Percent change in crime severity index","Percent","239","units","0","v44312546","15.2","0.76","","","","2"
"2018","Ottawa-Gatineau, Quebec part [24505]","2021A003524505","Percent change in crime severity index","Percent","239","units","0","v44312546","15.2","-1.69","","","","2"
"2019","Ottawa-Gatineau, Quebec part [24505]","2021A003524505","Percent change in crime severity index","Percent","239","units","0","v44312546","15.2","-0.91","","","","2"
"2020","Ottawa-Gatineau, Quebec part [24505]","2021A003524505","Percent change in crime severity index","Percent","239","units","0","v44312546","15.2","-7.66","","","","2"
"2021","Ottawa-Gatineau, Quebec part [24505]","2021A003524505","Percent change in crime severity index","Percent","239","units","0","v44312546","15.2","-3.73","","","","2"
"2010","Ottawa-Gatineau, Quebec part [24505]","2021A003524505","Violent crime severity index","Index","160","units","0","v44312547","15.3","58.96","","","","2"
"2011","Ottawa-Gatineau, Quebec part [24505]","2021A003524505","Violent crime severity index","Index","160","units","0","v44312547","15.3","71.02","","","","2"
"2012","Ottawa-Gatineau, Quebec part [24505]","2021A003524505","Violent crime severity index","Index","160","units","0","v44312547","15.3","70.99","","","","2"
"2013","Ottawa-Gatineau, Quebec part [24505]","2021A003524505","Violent crime severity index","Index","160","units","0","v44312547","15.3","65.60","","","","2"
"2014","Ottawa-Gatineau, Quebec part [24505]","2021A003524505","Violent crime severity index","Index","160","units","0","v44312547","15.3","58.23","","","","2"
"2015","Ottawa-Gatineau, Quebec part [24505]","2021A003524505","Violent crime severity index","Index","160","units","0","v44312547","15.3","56.00","","","","2"
"2016","Ottawa-Gatineau, Quebec part [24505]","2021A003524505","Violent crime severity index","Index","160","units","0","v44312547","15.3","64.74","","","","2"
"2017","Ottawa-Gatineau, Quebec part [24505]","2021A003524505","Violent crime severity index","Index","160","units","0","v44312547","15.3","68.98","","","","2"
"2018","Ottawa-Gatineau, Quebec part [24505]","2021A003524505","Violent crime severity index","Index","160","units","0","v44312547","15.3","72.84","","","","2"
"2019","Ottawa-Gatineau, Quebec part [24505]","2021A003524505","Violent crime severity index","Index","160","units","0","v44312547","15.3","71.05","","","","2"
"2020","Ottawa-Gatineau, Quebec part [24505]","2021A003524505","Violent crime severity index","Index","160","units","0","v44312547","15.3","74.30","","","","2"
"2021","Ottawa-Gatineau, Quebec part [24505]","2021A003524505","Violent crime severity index","Index","160","units","0","v44312547","15.3","72.50","","","","2"
"2010","Ottawa-Gatineau, Quebec part [24505]","2021A003524505","Percent change in violent crime severity index","Percent","239","units","0","v44312548","15.4","-19.78","","","","2"
"2011","Ottawa-Gatineau, Quebec part [24505]","2021A003524505","Percent change in violent crime severity index","Percent","239","units","0","v44312548","15.4","20.45","","","","2"
"2012","Ottawa-Gatineau, Quebec part [24505]","2021A003524505","Percent change in violent crime severity index","Percent","239","units","0","v44312548","15.4","-0.04","","","","2"
"2013","Ottawa-Gatineau, Quebec part [24505]","2021A003524505","Percent change in violent crime severity index","Percent","239","units","0","v44312548","15.4","-7.59","","","","2"
"2014","Ottawa-Gatineau, Quebec part [24505]","2021A003524505","Percent change in violent crime severity index","Percent","239","units","0","v44312548","15.4","-11.23","","","","2"
"2015","Ottawa-Gatineau, Quebec part [24505]","2021A003524505","Percent change in violent crime severity index","Percent","239","units","0","v44312548","15.4","-3.83","","","","2"
"2016","Ottawa-Gatineau, Quebec part [24505]","2021A003524505","Percent change in violent crime severity index","Percent","239","units","0","v44312548","15.4","15.61","","","","2"
"2017","Ottawa-Gatineau, Quebec part [24505]","2021A003524505","Percent change in violent crime severity index","Percent","239","units","0","v44312548","15.4","6.55","","","","2"
"2018","Ottawa-Gatineau, Quebec part [24505]","2021A003524505","Percent change in violent crime severity index","Percent","239","units","0","v44312548","15.4","5.60","","","","2"
"2019","Ottawa-Gatineau, Quebec part [24505]","2021A003524505","Percent change in violent crime severity index","Percent","239","units","0","v44312548","15.4","-2.46","","","","2"
"2020","Ottawa-Gatineau, Quebec part [24505]","2021A003524505","Percent change in violent crime severity index","Percent","239","units","0","v44312548","15.4","4.57","","","","2"
"2021","Ottawa-Gatineau, Quebec part [24505]","2021A003524505","Percent change in violent crime severity index","Percent","239","units","0","v44312548","15.4","-2.42","","","","2"
"2010","Ottawa-Gatineau, Quebec part [24505]","2021A003524505","Non-violent crime severity index","Index","160","units","0","v44312549","15.5","72.29","","","","2"
"2011","Ottawa-Gatineau, Quebec part [24505]","2021A003524505","Non-violent crime severity index","Index","160","units","0","v44312549","15.5","61.32","","","","2"
"2012","Ottawa-Gatineau, Quebec part [24505]","2021A003524505","Non-violent crime severity index","Index","160","units","0","v44312549","15.5","63.51","","","","2"
"2013","Ottawa-Gatineau, Quebec part [24505]","2021A003524505","Non-violent crime severity index","Index","160","units","0","v44312549","15.5","54.12","","","","2"
"2014","Ottawa-Gatineau, Quebec part [24505]","2021A003524505","Non-violent crime severity index","Index","160","units","0","v44312549","15.5","56.15","","","","2"
"2015","Ottawa-Gatineau, Quebec part [24505]","2021A003524505","Non-violent crime severity index","Index","160","units","0","v44312549","15.5","53.10","","","","2"
"2016","Ottawa-Gatineau, Quebec part [24505]","2021A003524505","Non-violent crime severity index","Index","160","units","0","v44312549","15.5","53.82","","","","2"
"2017","Ottawa-Gatineau, Quebec part [24505]","2021A003524505","Non-violent crime severity index","Index","160","units","0","v44312549","15.5","52.88","","","","2"
"2018","Ottawa-Gatineau, Quebec part [24505]","2021A003524505","Non-violent crime severity index","Index","160","units","0","v44312549","15.5","50.17","","","","2"
"2019","Ottawa-Gatineau, Quebec part [24505]","2021A003524505","Non-violent crime severity index","Index","160","units","0","v44312549","15.5","50.12","","","","2"
"2020","Ottawa-Gatineau, Quebec part [24505]","2021A003524505","Non-violent crime severity index","Index","160","units","0","v44312549","15.5","43.16","","","","2"
"2021","Ottawa-Gatineau, Quebec part [24505]","2021A003524505","Non-violent crime severity index","Index","160","units","0","v44312549","15.5","41.20","","","","2"
"2010","Ottawa-Gatineau, Quebec part [24505]","2021A003524505","Percent change in non-violent crime severity index","Percent","239","units","0","v44312550","15.6","-1.74","","","","2"
"2011","Ottawa-Gatineau, Quebec part [24505]","2021A003524505","Percent change in non-violent crime severity index","Percent","239","units","0","v44312550","15.6","-15.17","","","","2"
"2012","Ottawa-Gatineau, Quebec part [24505]","2021A003524505","Percent change in non-violent crime severity index","Percent","239","units","0","v44312550","15.6","3.57","","","","2"
"2013","Ottawa-Gatineau, Quebec part [24505]","2021A003524505","Percent change in non-violent crime severity index","Percent","239","units","0","v44312550","15.6","-14.79","","","","2"
"2014","Ottawa-Gatineau, Quebec part [24505]","2021A003524505","Percent change in non-violent crime severity index","Percent","239","units","0","v44312550","15.6","3.75","","","","2"
"2015","Ottawa-Gatineau, Quebec part [24505]","2021A003524505","Percent change in non-violent crime severity index","Percent","239","units","0","v44312550","15.6","-5.43","","","","2"
"2016","Ottawa-Gatineau, Quebec part [24505]","2021A003524505","Percent change in non-violent crime severity index","Percent","239","units","0","v44312550","15.6","1.36","","","","2"
"2017","Ottawa-Gatineau, Quebec part [24505]","2021A003524505","Percent change in non-violent crime severity index","Percent","239","units","0","v44312550","15.6","-1.75","","","","2"
"2018","Ottawa-Gatineau, Quebec part [24505]","2021A003524505","Percent change in non-violent crime severity index","Percent","239","units","0","v44312550","15.6","-5.12","","","","2"
"2019","Ottawa-Gatineau, Quebec part [24505]","2021A003524505","Percent change in non-violent crime severity index","Percent","239","units","0","v44312550","15.6","-0.10","","","","2"
"2020","Ottawa-Gatineau, Quebec part [24505]","2021A003524505","Percent change in non-violent crime severity index","Percent","239","units","0","v44312550","15.6","-13.89","","","","2"
"2021","Ottawa-Gatineau, Quebec part [24505]","2021A003524505","Percent change in non-violent crime severity index","Percent","239","units","0","v44312550","15.6","-4.54","","","","2"
"2010","Ottawa-Gatineau, Quebec part [24505]","2021A003524505","Youth crime severity index","Index","160","units","0","v53079510","15.7","0.00","","","","2"
"2011","Ottawa-Gatineau, Quebec part [24505]","2021A003524505","Youth crime severity index","Index","160","units","0","v53079510","15.7","","..","","","2"
"2012","Ottawa-Gatineau, Quebec part [24505]","2021A003524505","Youth crime severity index","Index","160","units","0","v53079510","15.7","","..","","","2"
"2013","Ottawa-Gatineau, Quebec part [24505]","2021A003524505","Youth crime severity index","Index","160","units","0","v53079510","15.7","","..","","","2"
"2014","Ottawa-Gatineau, Quebec part [24505]","2021A003524505","Youth crime severity index","Index","160","units","0","v53079510","15.7","","..","","","2"
"2015","Ottawa-Gatineau, Quebec part [24505]","2021A003524505","Youth crime severity index","Index","160","units","0","v53079510","15.7","","..","","","2"
"2016","Ottawa-Gatineau, Quebec part [24505]","2021A003524505","Youth crime severity index","Index","160","units","0","v53079510","15.7","","..","","","2"
"2017","Ottawa-Gatineau, Quebec part [24505]","2021A003524505","Youth crime severity index","Index","160","units","0","v53079510","15.7","","..","","","2"
"2018","Ottawa-Gatineau, Quebec part [24505]","2021A003524505","Youth crime severity index","Index","160","units","0","v53079510","15.7","","..","","","2"
"2019","Ottawa-Gatineau, Quebec part [24505]","2021A003524505","Youth crime severity index","Index","160","units","0","v53079510","15.7","","..","","","2"
"2020","Ottawa-Gatineau, Quebec part [24505]","2021A003524505","Youth crime severity index","Index","160","units","0","v53079510","15.7","","..","","","2"
"2021","Ottawa-Gatineau, Quebec part [24505]","2021A003524505","Youth crime severity index","Index","160","units","0","v53079510","15.7","","..","","","2"
"2010","Ottawa-Gatineau, Quebec part [24505]","2021A003524505","Percent change in youth crime severity index","Percent","239","units","0","v87984879","15.8","0.00","","","","2"
"2011","Ottawa-Gatineau, Quebec part [24505]","2021A003524505","Percent change in youth crime severity index","Percent","239","units","0","v87984879","15.8","","..","","","2"
"2012","Ottawa-Gatineau, Quebec part [24505]","2021A003524505","Percent change in youth crime severity index","Percent","239","units","0","v87984879","15.8","","..","","","2"
"2013","Ottawa-Gatineau, Quebec part [24505]","2021A003524505","Percent change in youth crime severity index","Percent","239","units","0","v87984879","15.8","","..","","","2"
"2014","Ottawa-Gatineau, Quebec part [24505]","2021A003524505","Percent change in youth crime severity index","Percent","239","units","0","v87984879","15.8","","..","","","2"
"2015","Ottawa-Gatineau, Quebec part [24505]","2021A003524505","Percent change in youth crime severity index","Percent","239","units","0","v87984879","15.8","","..","","","2"
"2016","Ottawa-Gatineau, Quebec part [24505]","2021A003524505","Percent change in youth crime severity index","Percent","239","units","0","v87984879","15.8","","..","","","2"
"2017","Ottawa-Gatineau, Quebec part [24505]","2021A003524505","Percent change in youth crime severity index","Percent","239","units","0","v87984879","15.8","","..","","","2"
"2018","Ottawa-Gatineau, Quebec part [24505]","2021A003524505","Percent change in youth crime severity index","Percent","239","units","0","v87984879","15.8","","..","","","2"
"2019","Ottawa-Gatineau, Quebec part [24505]","2021A003524505","Percent change in youth crime severity index","Percent","239","units","0","v87984879","15.8","","..","","","2"
"2020","Ottawa-Gatineau, Quebec part [24505]","2021A003524505","Percent change in youth crime severity index","Percent","239","units","0","v87984879","15.8","","..","","","2"
"2021","Ottawa-Gatineau, Quebec part [24505]","2021A003524505","Percent change in youth crime severity index","Percent","239","units","0","v87984879","15.8","","..","","","2"
"2010","Ottawa-Gatineau, Quebec part [24505]","2021A003524505","Youth violent crime severity index","Index","160","units","0","v53079511","15.9","0.00","","","","2"
"2011","Ottawa-Gatineau, Quebec part [24505]","2021A003524505","Youth violent crime severity index","Index","160","units","0","v53079511","15.9","","..","","","2"
"2012","Ottawa-Gatineau, Quebec part [24505]","2021A003524505","Youth violent crime severity index","Index","160","units","0","v53079511","15.9","","..","","","2"
"2013","Ottawa-Gatineau, Quebec part [24505]","2021A003524505","Youth violent crime severity index","Index","160","units","0","v53079511","15.9","","..","","","2"
"2014","Ottawa-Gatineau, Quebec part [24505]","2021A003524505","Youth violent crime severity index","Index","160","units","0","v53079511","15.9","","..","","","2"
"2015","Ottawa-Gatineau, Quebec part [24505]","2021A003524505","Youth violent crime severity index","Index","160","units","0","v53079511","15.9","","..","","","2"
"2016","Ottawa-Gatineau, Quebec part [24505]","2021A003524505","Youth violent crime severity index","Index","160","units","0","v53079511","15.9","","..","","","2"
"2017","Ottawa-Gatineau, Quebec part [24505]","2021A003524505","Youth violent crime severity index","Index","160","units","0","v53079511","15.9","","..","","","2"
"2018","Ottawa-Gatineau, Quebec part [24505]","2021A003524505","Youth violent crime severity index","Index","160","units","0","v53079511","15.9","","..","","","2"
"2019","Ottawa-Gatineau, Quebec part [24505]","2021A003524505","Youth violent crime severity index","Index","160","units","0","v53079511","15.9","","..","","","2"
"2020","Ottawa-Gatineau, Quebec part [24505]","2021A003524505","Youth violent crime severity index","Index","160","units","0","v53079511","15.9","","..","","","2"
"2021","Ottawa-Gatineau, Quebec part [24505]","2021A003524505","Youth violent crime severity index","Index","160","units","0","v53079511","15.9","","..","","","2"
"2010","Ottawa-Gatineau, Quebec part [24505]","2021A003524505","Percent change in youth violent crime severity index","Percent","239","units","0","v87984880","15.10","0.00","","","","2"
"2011","Ottawa-Gatineau, Quebec part [24505]","2021A003524505","Percent change in youth violent crime severity index","Percent","239","units","0","v87984880","15.10","","..","","","2"
"2012","Ottawa-Gatineau, Quebec part [24505]","2021A003524505","Percent change in youth violent crime severity index","Percent","239","units","0","v87984880","15.10","","..","","","2"
"2013","Ottawa-Gatineau, Quebec part [24505]","2021A003524505","Percent change in youth violent crime severity index","Percent","239","units","0","v87984880","15.10","","..","","","2"
"2014","Ottawa-Gatineau, Quebec part [24505]","2021A003524505","Percent change in youth violent crime severity index","Percent","239","units","0","v87984880","15.10","","..","","","2"
"2015","Ottawa-Gatineau, Quebec part [24505]","2021A003524505","Percent change in youth violent crime severity index","Percent","239","units","0","v87984880","15.10","","..","","","2"
"2016","Ottawa-Gatineau, Quebec part [24505]","2021A003524505","Percent change in youth violent crime severity index","Percent","239","units","0","v87984880","15.10","","..","","","2"
"2017","Ottawa-Gatineau, Quebec part [24505]","2021A003524505","Percent change in youth violent crime severity index","Percent","239","units","0","v87984880","15.10","","..","","","2"
"2018","Ottawa-Gatineau, Quebec part [24505]","2021A003524505","Percent change in youth violent crime severity index","Percent","239","units","0","v87984880","15.10","","..","","","2"
"2019","Ottawa-Gatineau, Quebec part [24505]","2021A003524505","Percent change in youth violent crime severity index","Percent","239","units","0","v87984880","15.10","","..","","","2"
"2020","Ottawa-Gatineau, Quebec part [24505]","2021A003524505","Percent change in youth violent crime severity index","Percent","239","units","0","v87984880","15.10","","..","","","2"
"2021","Ottawa-Gatineau, Quebec part [24505]","2021A003524505","Percent change in youth violent crime severity index","Percent","239","units","0","v87984880","15.10","","..","","","2"
"2010","Ottawa-Gatineau, Quebec part [24505]","2021A003524505","Youth non-violent crime severity index","Index","160","units","0","v53079503","15.11","0.00","","","","2"
"2011","Ottawa-Gatineau, Quebec part [24505]","2021A003524505","Youth non-violent crime severity index","Index","160","units","0","v53079503","15.11","","..","","","2"
"2012","Ottawa-Gatineau, Quebec part [24505]","2021A003524505","Youth non-violent crime severity index","Index","160","units","0","v53079503","15.11","","..","","","2"
"2013","Ottawa-Gatineau, Quebec part [24505]","2021A003524505","Youth non-violent crime severity index","Index","160","units","0","v53079503","15.11","","..","","","2"
"2014","Ottawa-Gatineau, Quebec part [24505]","2021A003524505","Youth non-violent crime severity index","Index","160","units","0","v53079503","15.11","","..","","","2"
"2015","Ottawa-Gatineau, Quebec part [24505]","2021A003524505","Youth non-violent crime severity index","Index","160","units","0","v53079503","15.11","","..","","","2"
"2016","Ottawa-Gatineau, Quebec part [24505]","2021A003524505","Youth non-violent crime severity index","Index","160","units","0","v53079503","15.11","","..","","","2"
"2017","Ottawa-Gatineau, Quebec part [24505]","2021A003524505","Youth non-violent crime severity index","Index","160","units","0","v53079503","15.11","","..","","","2"
"2018","Ottawa-Gatineau, Quebec part [24505]","2021A003524505","Youth non-violent crime severity index","Index","160","units","0","v53079503","15.11","","..","","","2"
"2019","Ottawa-Gatineau, Quebec part [24505]","2021A003524505","Youth non-violent crime severity index","Index","160","units","0","v53079503","15.11","","..","","","2"
"2020","Ottawa-Gatineau, Quebec part [24505]","2021A003524505","Youth non-violent crime severity index","Index","160","units","0","v53079503","15.11","","..","","","2"
"2021","Ottawa-Gatineau, Quebec part [24505]","2021A003524505","Youth non-violent crime severity index","Index","160","units","0","v53079503","15.11","","..","","","2"
"2010","Ottawa-Gatineau, Quebec part [24505]","2021A003524505","Percent change in youth non-violent crime severity index","Percent","239","units","0","v87984881","15.12","0.00","","","","2"
"2011","Ottawa-Gatineau, Quebec part [24505]","2021A003524505","Percent change in youth non-violent crime severity index","Percent","239","units","0","v87984881","15.12","","..","","","2"
"2012","Ottawa-Gatineau, Quebec part [24505]","2021A003524505","Percent change in youth non-violent crime severity index","Percent","239","units","0","v87984881","15.12","","..","","","2"
"2013","Ottawa-Gatineau, Quebec part [24505]","2021A003524505","Percent change in youth non-violent crime severity index","Percent","239","units","0","v87984881","15.12","","..","","","2"
"2014","Ottawa-Gatineau, Quebec part [24505]","2021A003524505","Percent change in youth non-violent crime severity index","Percent","239","units","0","v87984881","15.12","","..","","","2"
"2015","Ottawa-Gatineau, Quebec part [24505]","2021A003524505","Percent change in youth non-violent crime severity index","Percent","239","units","0","v87984881","15.12","","..","","","2"
"2016","Ottawa-Gatineau, Quebec part [24505]","2021A003524505","Percent change in youth non-violent crime severity index","Percent","239","units","0","v87984881","15.12","","..","","","2"
"2017","Ottawa-Gatineau, Quebec part [24505]","2021A003524505","Percent change in youth non-violent crime severity index","Percent","239","units","0","v87984881","15.12","","..","","","2"
"2018","Ottawa-Gatineau, Quebec part [24505]","2021A003524505","Percent change in youth non-violent crime severity index","Percent","239","units","0","v87984881","15.12","","..","","","2"
"2019","Ottawa-Gatineau, Quebec part [24505]","2021A003524505","Percent change in youth non-violent crime severity index","Percent","239","units","0","v87984881","15.12","","..","","","2"
"2020","Ottawa-Gatineau, Quebec part [24505]","2021A003524505","Percent change in youth non-violent crime severity index","Percent","239","units","0","v87984881","15.12","","..","","","2"
"2021","Ottawa-Gatineau, Quebec part [24505]","2021A003524505","Percent change in youth non-violent crime severity index","Percent","239","units","0","v87984881","15.12","","..","","","2"
"2010","Ottawa-Gatineau, Quebec part [24505]","2021A003524505","Weighted clearance rate","Number","223","units","0","v53079504","15.13","39.66","","","","2"
"2011","Ottawa-Gatineau, Quebec part [24505]","2021A003524505","Weighted clearance rate","Number","223","units","0","v53079504","15.13","47.65","","","","2"
"2012","Ottawa-Gatineau, Quebec part [24505]","2021A003524505","Weighted clearance rate","Number","223","units","0","v53079504","15.13","46.84","","","","2"
"2013","Ottawa-Gatineau, Quebec part [24505]","2021A003524505","Weighted clearance rate","Number","223","units","0","v53079504","15.13","49.11","","","","2"
"2014","Ottawa-Gatineau, Quebec part [24505]","2021A003524505","Weighted clearance rate","Number","223","units","0","v53079504","15.13","47.15","","","","2"
"2015","Ottawa-Gatineau, Quebec part [24505]","2021A003524505","Weighted clearance rate","Number","223","units","0","v53079504","15.13","47.14","","","","2"
"2016","Ottawa-Gatineau, Quebec part [24505]","2021A003524505","Weighted clearance rate","Number","223","units","0","v53079504","15.13","43.85","","","","2"
"2017","Ottawa-Gatineau, Quebec part [24505]","2021A003524505","Weighted clearance rate","Number","223","units","0","v53079504","15.13","45.44","","","","2"
"2018","Ottawa-Gatineau, Quebec part [24505]","2021A003524505","Weighted clearance rate","Number","223","units","0","v53079504","15.13","46.31","","","","2"
"2019","Ottawa-Gatineau, Quebec part [24505]","2021A003524505","Weighted clearance rate","Number","223","units","0","v53079504","15.13","46.82","","","","2"
"2020","Ottawa-Gatineau, Quebec part [24505]","2021A003524505","Weighted clearance rate","Number","223","units","0","v53079504","15.13","45.77","","","","2"
"2021","Ottawa-Gatineau, Quebec part [24505]","2021A003524505","Weighted clearance rate","Number","223","units","0","v53079504","15.13","44.54","","","","2"
"2010","Ottawa-Gatineau, Quebec part [24505]","2021A003524505","Percent change in weighted clearance rate","Percent","239","units","0","v53079505","15.14","-0.70","","","","2"
"2011","Ottawa-Gatineau, Quebec part [24505]","2021A003524505","Percent change in weighted clearance rate","Percent","239","units","0","v53079505","15.14","20.15","","","","2"
"2012","Ottawa-Gatineau, Quebec part [24505]","2021A003524505","Percent change in weighted clearance rate","Percent","239","units","0","v53079505","15.14","-1.70","","","","2"
"2013","Ottawa-Gatineau, Quebec part [24505]","2021A003524505","Percent change in weighted clearance rate","Percent","239","units","0","v53079505","15.14","4.85","","","","2"
"2014","Ottawa-Gatineau, Quebec part [24505]","2021A003524505","Percent change in weighted clearance rate","Percent","239","units","0","v53079505","15.14","-3.99","","","","2"
"2015","Ottawa-Gatineau, Quebec part [24505]","2021A003524505","Percent change in weighted clearance rate","Percent","239","units","0","v53079505","15.14","-0.02","","","","2"
"2016","Ottawa-Gatineau, Quebec part [24505]","2021A003524505","Percent change in weighted clearance rate","Percent","239","units","0","v53079505","15.14","-6.98","","","","2"
"2017","Ottawa-Gatineau, Quebec part [24505]","2021A003524505","Percent change in weighted clearance rate","Percent","239","units","0","v53079505","15.14","3.63","","","","2"
"2018","Ottawa-Gatineau, Quebec part [24505]","2021A003524505","Percent change in weighted clearance rate","Percent","239","units","0","v53079505","15.14","1.91","","","","2"
"2019","Ottawa-Gatineau, Quebec part [24505]","2021A003524505","Percent change in weighted clearance rate","Percent","239","units","0","v53079505","15.14","1.10","","","","2"
"2020","Ottawa-Gatineau, Quebec part [24505]","2021A003524505","Percent change in weighted clearance rate","Percent","239","units","0","v53079505","15.14","-2.24","","","","2"
"2021","Ottawa-Gatineau, Quebec part [24505]","2021A003524505","Percent change in weighted clearance rate","Percent","239","units","0","v53079505","15.14","-2.69","","","","2"
"2010","Ottawa-Gatineau, Quebec part [24505]","2021A003524505","Violent weighted clearance rate","Number","223","units","0","v53079506","15.15","65.59","","","","2"
"2011","Ottawa-Gatineau, Quebec part [24505]","2021A003524505","Violent weighted clearance rate","Number","223","units","0","v53079506","15.15","74.47","","","","2"
"2012","Ottawa-Gatineau, Quebec part [24505]","2021A003524505","Violent weighted clearance rate","Number","223","units","0","v53079506","15.15","74.55","","","","2"
"2013","Ottawa-Gatineau, Quebec part [24505]","2021A003524505","Violent weighted clearance rate","Number","223","units","0","v53079506","15.15","73.40","","","","2"
"2014","Ottawa-Gatineau, Quebec part [24505]","2021A003524505","Violent weighted clearance rate","Number","223","units","0","v53079506","15.15","73.09","","","","2"
"2015","Ottawa-Gatineau, Quebec part [24505]","2021A003524505","Violent weighted clearance rate","Number","223","units","0","v53079506","15.15","71.44","","","","2"
"2016","Ottawa-Gatineau, Quebec part [24505]","2021A003524505","Violent weighted clearance rate","Number","223","units","0","v53079506","15.15","64.62","","","","2"
"2017","Ottawa-Gatineau, Quebec part [24505]","2021A003524505","Violent weighted clearance rate","Number","223","units","0","v53079506","15.15","69.07","","","","2"
"2018","Ottawa-Gatineau, Quebec part [24505]","2021A003524505","Violent weighted clearance rate","Number","223","units","0","v53079506","15.15","67.95","","","","2"
"2019","Ottawa-Gatineau, Quebec part [24505]","2021A003524505","Violent weighted clearance rate","Number","223","units","0","v53079506","15.15","67.31","","","","2"
"2020","Ottawa-Gatineau, Quebec part [24505]","2021A003524505","Violent weighted clearance rate","Number","223","units","0","v53079506","15.15","64.72","","","","2"
"2021","Ottawa-Gatineau, Quebec part [24505]","2021A003524505","Violent weighted clearance rate","Number","223","units","0","v53079506","15.15","65.49","","","","2"
"2010","Ottawa-Gatineau, Quebec part [24505]","2021A003524505","Percent change in violent weighted clearance rate","Percent","239","units","0","v53079507","15.16","2.15","","","","2"
"2011","Ottawa-Gatineau, Quebec part [24505]","2021A003524505","Percent change in violent weighted clearance rate","Percent","239","units","0","v53079507","15.16","13.54","","","","2"
"2012","Ottawa-Gatineau, Quebec part [24505]","2021A003524505","Percent change in violent weighted clearance rate","Percent","239","units","0","v53079507","15.16","0.11","","","","2"
"2013","Ottawa-Gatineau, Quebec part [24505]","2021A003524505","Percent change in violent weighted clearance rate","Percent","239","units","0","v53079507","15.16","-1.54","","","","2"
"2014","Ottawa-Gatineau, Quebec part [24505]","2021A003524505","Percent change in violent weighted clearance rate","Percent","239","units","0","v53079507","15.16","-0.42","","","","2"
"2015","Ottawa-Gatineau, Quebec part [24505]","2021A003524505","Percent change in violent weighted clearance rate","Percent","239","units","0","v53079507","15.16","-2.26","","","","2"
"2016","Ottawa-Gatineau, Quebec part [24505]","2021A003524505","Percent change in violent weighted clearance rate","Percent","239","units","0","v53079507","15.16","-9.55","","","","2"
"2017","Ottawa-Gatineau, Quebec part [24505]","2021A003524505","Percent change in violent weighted clearance rate","Percent","239","units","0","v53079507","15.16","6.89","","","","2"
"2018","Ottawa-Gatineau, Quebec part [24505]","2021A003524505","Percent change in violent weighted clearance rate","Percent","239","units","0","v53079507","15.16","-1.62","","","","2"
"2019","Ottawa-Gatineau, Quebec part [24505]","2021A003524505","Percent change in violent weighted clearance rate","Percent","239","units","0","v53079507","15.16","-0.94","","","","2"
"2020","Ottawa-Gatineau, Quebec part [24505]","2021A003524505","Percent change in violent weighted clearance rate","Percent","239","units","0","v53079507","15.16","-3.85","","","","2"
"2021","Ottawa-Gatineau, Quebec part [24505]","2021A003524505","Percent change in violent weighted clearance rate","Percent","239","units","0","v53079507","15.16","1.19","","","","2"
"2010","Ottawa-Gatineau, Quebec part [24505]","2021A003524505","Non-violent weighted clearance rate","Number","223","units","0","v53079508","15.17","31.52","","","","2"
"2011","Ottawa-Gatineau, Quebec part [24505]","2021A003524505","Non-violent weighted clearance rate","Number","223","units","0","v53079508","15.17","36.35","","","","2"
"2012","Ottawa-Gatineau, Quebec part [24505]","2021A003524505","Non-violent weighted clearance rate","Number","223","units","0","v53079508","15.17","35.57","","","","2"
"2013","Ottawa-Gatineau, Quebec part [24505]","2021A003524505","Non-violent weighted clearance rate","Number","223","units","0","v53079508","15.17","38.40","","","","2"
"2014","Ottawa-Gatineau, Quebec part [24505]","2021A003524505","Non-violent weighted clearance rate","Number","223","units","0","v53079508","15.17","37.36","","","","2"
"2015","Ottawa-Gatineau, Quebec part [24505]","2021A003524505","Non-violent weighted clearance rate","Number","223","units","0","v53079508","15.17","37.81","","","","2"
"2016","Ottawa-Gatineau, Quebec part [24505]","2021A003524505","Non-violent weighted clearance rate","Number","223","units","0","v53079508","15.17","34.86","","","","2"
"2017","Ottawa-Gatineau, Quebec part [24505]","2021A003524505","Non-violent weighted clearance rate","Number","223","units","0","v53079508","15.17","34.35","","","","2"
"2018","Ottawa-Gatineau, Quebec part [24505]","2021A003524505","Non-violent weighted clearance rate","Number","223","units","0","v53079508","15.17","35.01","","","","2"
"2019","Ottawa-Gatineau, Quebec part [24505]","2021A003524505","Non-violent weighted clearance rate","Number","223","units","0","v53079508","15.17","36.38","","","","2"
"2020","Ottawa-Gatineau, Quebec part [24505]","2021A003524505","Non-violent weighted clearance rate","Number","223","units","0","v53079508","15.17","34.03","","","","2"
"2021","Ottawa-Gatineau, Quebec part [24505]","2021A003524505","Non-violent weighted clearance rate","Number","223","units","0","v53079508","15.17","31.28","","","","2"
"2010","Ottawa-Gatineau, Quebec part [24505]","2021A003524505","Percent change in non-violent weighted clearance rate","Percent","239","units","0","v53079509","15.18","2.97","","","","2"
"2011","Ottawa-Gatineau, Quebec part [24505]","2021A003524505","Percent change in non-violent weighted clearance rate","Percent","239","units","0","v53079509","15.18","15.32","","","","2"
"2012","Ottawa-Gatineau, Quebec part [24505]","2021A003524505","Percent change in non-violent weighted clearance rate","Percent","239","units","0","v53079509","15.18","-2.15","","","","2"
"2013","Ottawa-Gatineau, Quebec part [24505]","2021A003524505","Percent change in non-violent weighted clearance rate","Percent","239","units","0","v53079509","15.18","7.96","","","","2"
"2014","Ottawa-Gatineau, Quebec part [24505]","2021A003524505","Percent change in non-violent weighted clearance rate","Percent","239","units","0","v53079509","15.18","-2.71","","","","2"
"2015","Ottawa-Gatineau, Quebec part [24505]","2021A003524505","Percent change in non-violent weighted clearance rate","Percent","239","units","0","v53079509","15.18","1.20","","","","2"
"2016","Ottawa-Gatineau, Quebec part [24505]","2021A003524505","Percent change in non-violent weighted clearance rate","Percent","239","units","0","v53079509","15.18","-7.80","","","","2"
"2017","Ottawa-Gatineau, Quebec part [24505]","2021A003524505","Percent change in non-violent weighted clearance rate","Percent","239","units","0","v53079509","15.18","-1.46","","","","2"
"2018","Ottawa-Gatineau, Quebec part [24505]","2021A003524505","Percent change in non-violent weighted clearance rate","Percent","239","units","0","v53079509","15.18","1.92","","","","2"
"2019","Ottawa-Gatineau, Quebec part [24505]","2021A003524505","Percent change in non-violent weighted clearance rate","Percent","239","units","0","v53079509","15.18","3.91","","","","2"
"2020","Ottawa-Gatineau, Quebec part [24505]","2021A003524505","Percent change in non-violent weighted clearance rate","Percent","239","units","0","v53079509","15.18","-6.46","","","","2"
"2021","Ottawa-Gatineau, Quebec part [24505]","2021A003524505","Percent change in non-violent weighted clearance rate","Percent","239","units","0","v53079509","15.18","-8.08","","","","2"


