﻿"REF_DATE","GEO","DGUID","Statistics","UOM","UOM_ID","SCALAR_FACTOR","SCALAR_ID","VECTOR","COORDINATE","VALUE","STATUS","SYMBOL","TERMINATED","DECIMALS"
"2010","Greater Sudbury, Ontario [35580]","2021A003535580","Crime severity index","Index","160","units","0","v44312605","25.1","84.36","","","","2"
"2011","Greater Sudbury, Ontario [35580]","2021A003535580","Crime severity index","Index","160","units","0","v44312605","25.1","79.09","","","","2"
"2012","Greater Sudbury, Ontario [35580]","2021A003535580","Crime severity index","Index","160","units","0","v44312605","25.1","71.37","","","","2"
"2013","Greater Sudbury, Ontario [35580]","2021A003535580","Crime severity index","Index","160","units","0","v44312605","25.1","66.68","","","","2"
"2014","Greater Sudbury, Ontario [35580]","2021A003535580","Crime severity index","Index","160","units","0","v44312605","25.1","61.18","","","","2"
"2015","Greater Sudbury, Ontario [35580]","2021A003535580","Crime severity index","Index","160","units","0","v44312605","25.1","59.37","","","","2"
"2016","Greater Sudbury, Ontario [35580]","2021A003535580","Crime severity index","Index","160","units","0","v44312605","25.1","66.62","","","","2"
"2017","Greater Sudbury, Ontario [35580]","2021A003535580","Crime severity index","Index","160","units","0","v44312605","25.1","75.52","","","","2"
"2018","Greater Sudbury, Ontario [35580]","2021A003535580","Crime severity index","Index","160","units","0","v44312605","25.1","79.87","","","","2"
"2019","Greater Sudbury, Ontario [35580]","2021A003535580","Crime severity index","Index","160","units","0","v44312605","25.1","82.44","","","","2"
"2020","Greater Sudbury, Ontario [35580]","2021A003535580","Crime severity index","Index","160","units","0","v44312605","25.1","88.18","","","","2"
"2021","Greater Sudbury, Ontario [35580]","2021A003535580","Crime severity index","Index","160","units","0","v44312605","25.1","84.39","","","","2"
"2010","Greater Sudbury, Ontario [35580]","2021A003535580","Percent change in crime severity index","Percent","239","units","0","v44312606","25.2","4.23","","","","2"
"2011","Greater Sudbury, Ontario [35580]","2021A003535580","Percent change in crime severity index","Percent","239","units","0","v44312606","25.2","-6.25","","","","2"
"2012","Greater Sudbury, Ontario [35580]","2021A003535580","Percent change in crime severity index","Percent","239","units","0","v44312606","25.2","-9.76","","","","2"
"2013","Greater Sudbury, Ontario [35580]","2021A003535580","Percent change in crime severity index","Percent","239","units","0","v44312606","25.2","-6.57","","","","2"
"2014","Greater Sudbury, Ontario [35580]","2021A003535580","Percent change in crime severity index","Percent","239","units","0","v44312606","25.2","-8.25","","","","2"
"2015","Greater Sudbury, Ontario [35580]","2021A003535580","Percent change in crime severity index","Percent","239","units","0","v44312606","25.2","-2.96","","","","2"
"2016","Greater Sudbury, Ontario [35580]","2021A003535580","Percent change in crime severity index","Percent","239","units","0","v44312606","25.2","12.21","","","","2"
"2017","Greater Sudbury, Ontario [35580]","2021A003535580","Percent change in crime severity index","Percent","239","units","0","v44312606","25.2","13.36","","","","2"
"2018","Greater Sudbury, Ontario [35580]","2021A003535580","Percent change in crime severity index","Percent","239","units","0","v44312606","25.2","5.76","","","","2"
"2019","Greater Sudbury, Ontario [35580]","2021A003535580","Percent change in crime severity index","Percent","239","units","0","v44312606","25.2","3.22","","","","2"
"2020","Greater Sudbury, Ontario [35580]","2021A003535580","Percent change in crime severity index","Percent","239","units","0","v44312606","25.2","6.96","","","","2"
"2021","Greater Sudbury, Ontario [35580]","2021A003535580","Percent change in crime severity index","Percent","239","units","0","v44312606","25.2","-4.30","","","","2"
"2010","Greater Sudbury, Ontario [35580]","2021A003535580","Violent crime severity index","Index","160","units","0","v44312607","25.3","84.92","","","","2"
"2011","Greater Sudbury, Ontario [35580]","2021A003535580","Violent crime severity index","Index","160","units","0","v44312607","25.3","78.44","","","","2"
"2012","Greater Sudbury, Ontario [35580]","2021A003535580","Violent crime severity index","Index","160","units","0","v44312607","25.3","74.68","","","","2"
"2013","Greater Sudbury, Ontario [35580]","2021A003535580","Violent crime severity index","Index","160","units","0","v44312607","25.3","65.93","","","","2"
"2014","Greater Sudbury, Ontario [35580]","2021A003535580","Violent crime severity index","Index","160","units","0","v44312607","25.3","63.95","","","","2"
"2015","Greater Sudbury, Ontario [35580]","2021A003535580","Violent crime severity index","Index","160","units","0","v44312607","25.3","64.49","","","","2"
"2016","Greater Sudbury, Ontario [35580]","2021A003535580","Violent crime severity index","Index","160","units","0","v44312607","25.3","62.53","","","","2"
"2017","Greater Sudbury, Ontario [35580]","2021A003535580","Violent crime severity index","Index","160","units","0","v44312607","25.3","76.90","","","","2"
"2018","Greater Sudbury, Ontario [35580]","2021A003535580","Violent crime severity index","Index","160","units","0","v44312607","25.3","88.92","","","","2"
"2019","Greater Sudbury, Ontario [35580]","2021A003535580","Violent crime severity index","Index","160","units","0","v44312607","25.3","95.32","","","","2"
"2020","Greater Sudbury, Ontario [35580]","2021A003535580","Violent crime severity index","Index","160","units","0","v44312607","25.3","112.47","","","","2"
"2021","Greater Sudbury, Ontario [35580]","2021A003535580","Violent crime severity index","Index","160","units","0","v44312607","25.3","127.15","","","","2"
"2010","Greater Sudbury, Ontario [35580]","2021A003535580","Percent change in violent crime severity index","Percent","239","units","0","v44312608","25.4","-13.60","","","","2"
"2011","Greater Sudbury, Ontario [35580]","2021A003535580","Percent change in violent crime severity index","Percent","239","units","0","v44312608","25.4","-7.63","","","","2"
"2012","Greater Sudbury, Ontario [35580]","2021A003535580","Percent change in violent crime severity index","Percent","239","units","0","v44312608","25.4","-4.79","","","","2"
"2013","Greater Sudbury, Ontario [35580]","2021A003535580","Percent change in violent crime severity index","Percent","239","units","0","v44312608","25.4","-11.72","","","","2"
"2014","Greater Sudbury, Ontario [35580]","2021A003535580","Percent change in violent crime severity index","Percent","239","units","0","v44312608","25.4","-3.00","","","","2"
"2015","Greater Sudbury, Ontario [35580]","2021A003535580","Percent change in violent crime severity index","Percent","239","units","0","v44312608","25.4","0.84","","","","2"
"2016","Greater Sudbury, Ontario [35580]","2021A003535580","Percent change in violent crime severity index","Percent","239","units","0","v44312608","25.4","-3.04","","","","2"
"2017","Greater Sudbury, Ontario [35580]","2021A003535580","Percent change in violent crime severity index","Percent","239","units","0","v44312608","25.4","22.98","","","","2"
"2018","Greater Sudbury, Ontario [35580]","2021A003535580","Percent change in violent crime severity index","Percent","239","units","0","v44312608","25.4","15.63","","","","2"
"2019","Greater Sudbury, Ontario [35580]","2021A003535580","Percent change in violent crime severity index","Percent","239","units","0","v44312608","25.4","7.20","","","","2"
"2020","Greater Sudbury, Ontario [35580]","2021A003535580","Percent change in violent crime severity index","Percent","239","units","0","v44312608","25.4","17.99","","","","2"
"2021","Greater Sudbury, Ontario [35580]","2021A003535580","Percent change in violent crime severity index","Percent","239","units","0","v44312608","25.4","13.05","","","","2"
"2010","Greater Sudbury, Ontario [35580]","2021A003535580","Non-violent crime severity index","Index","160","units","0","v44312609","25.5","84.14","","","","2"
"2011","Greater Sudbury, Ontario [35580]","2021A003535580","Non-violent crime severity index","Index","160","units","0","v44312609","25.5","79.16","","","","2"
"2012","Greater Sudbury, Ontario [35580]","2021A003535580","Non-violent crime severity index","Index","160","units","0","v44312609","25.5","70.02","","","","2"
"2013","Greater Sudbury, Ontario [35580]","2021A003535580","Non-violent crime severity index","Index","160","units","0","v44312609","25.5","66.82","","","","2"
"2014","Greater Sudbury, Ontario [35580]","2021A003535580","Non-violent crime severity index","Index","160","units","0","v44312609","25.5","60.05","","","","2"
"2015","Greater Sudbury, Ontario [35580]","2021A003535580","Non-violent crime severity index","Index","160","units","0","v44312609","25.5","57.39","","","","2"
"2016","Greater Sudbury, Ontario [35580]","2021A003535580","Non-violent crime severity index","Index","160","units","0","v44312609","25.5","67.93","","","","2"
"2017","Greater Sudbury, Ontario [35580]","2021A003535580","Non-violent crime severity index","Index","160","units","0","v44312609","25.5","74.85","","","","2"
"2018","Greater Sudbury, Ontario [35580]","2021A003535580","Non-violent crime severity index","Index","160","units","0","v44312609","25.5","76.42","","","","2"
"2019","Greater Sudbury, Ontario [35580]","2021A003535580","Non-violent crime severity index","Index","160","units","0","v44312609","25.5","77.61","","","","2"
"2020","Greater Sudbury, Ontario [35580]","2021A003535580","Non-violent crime severity index","Index","160","units","0","v44312609","25.5","79.23","","","","2"
"2021","Greater Sudbury, Ontario [35580]","2021A003535580","Non-violent crime severity index","Index","160","units","0","v44312609","25.5","68.81","","","","2"
"2010","Greater Sudbury, Ontario [35580]","2021A003535580","Percent change in non-violent crime severity index","Percent","239","units","0","v44312610","25.6","13.29","","","","2"
"2011","Greater Sudbury, Ontario [35580]","2021A003535580","Percent change in non-violent crime severity index","Percent","239","units","0","v44312610","25.6","-5.92","","","","2"
"2012","Greater Sudbury, Ontario [35580]","2021A003535580","Percent change in non-violent crime severity index","Percent","239","units","0","v44312610","25.6","-11.55","","","","2"
"2013","Greater Sudbury, Ontario [35580]","2021A003535580","Percent change in non-violent crime severity index","Percent","239","units","0","v44312610","25.6","-4.57","","","","2"
"2014","Greater Sudbury, Ontario [35580]","2021A003535580","Percent change in non-violent crime severity index","Percent","239","units","0","v44312610","25.6","-10.13","","","","2"
"2015","Greater Sudbury, Ontario [35580]","2021A003535580","Percent change in non-violent crime severity index","Percent","239","units","0","v44312610","25.6","-4.43","","","","2"
"2016","Greater Sudbury, Ontario [35580]","2021A003535580","Percent change in non-violent crime severity index","Percent","239","units","0","v44312610","25.6","18.37","","","","2"
"2017","Greater Sudbury, Ontario [35580]","2021A003535580","Percent change in non-violent crime severity index","Percent","239","units","0","v44312610","25.6","10.19","","","","2"
"2018","Greater Sudbury, Ontario [35580]","2021A003535580","Percent change in non-violent crime severity index","Percent","239","units","0","v44312610","25.6","2.10","","","","2"
"2019","Greater Sudbury, Ontario [35580]","2021A003535580","Percent change in non-violent crime severity index","Percent","239","units","0","v44312610","25.6","1.56","","","","2"
"2020","Greater Sudbury, Ontario [35580]","2021A003535580","Percent change in non-violent crime severity index","Percent","239","units","0","v44312610","25.6","2.09","","","","2"
"2021","Greater Sudbury, Ontario [35580]","2021A003535580","Percent change in non-violent crime severity index","Percent","239","units","0","v44312610","25.6","-13.15","","","","2"
"2010","Greater Sudbury, Ontario [35580]","2021A003535580","Youth crime severity index","Index","160","units","0","v53079615","25.7","0.00","","","","2"
"2011","Greater Sudbury, Ontario [35580]","2021A003535580","Youth crime severity index","Index","160","units","0","v53079615","25.7","","..","","","2"
"2012","Greater Sudbury, Ontario [35580]","2021A003535580","Youth crime severity index","Index","160","units","0","v53079615","25.7","","..","","","2"
"2013","Greater Sudbury, Ontario [35580]","2021A003535580","Youth crime severity index","Index","160","units","0","v53079615","25.7","","..","","","2"
"2014","Greater Sudbury, Ontario [35580]","2021A003535580","Youth crime severity index","Index","160","units","0","v53079615","25.7","","..","","","2"
"2015","Greater Sudbury, Ontario [35580]","2021A003535580","Youth crime severity index","Index","160","units","0","v53079615","25.7","","..","","","2"
"2016","Greater Sudbury, Ontario [35580]","2021A003535580","Youth crime severity index","Index","160","units","0","v53079615","25.7","","..","","","2"
"2017","Greater Sudbury, Ontario [35580]","2021A003535580","Youth crime severity index","Index","160","units","0","v53079615","25.7","","..","","","2"
"2018","Greater Sudbury, Ontario [35580]","2021A003535580","Youth crime severity index","Index","160","units","0","v53079615","25.7","","..","","","2"
"2019","Greater Sudbury, Ontario [35580]","2021A003535580","Youth crime severity index","Index","160","units","0","v53079615","25.7","","..","","","2"
"2020","Greater Sudbury, Ontario [35580]","2021A003535580","Youth crime severity index","Index","160","units","0","v53079615","25.7","","..","","","2"
"2021","Greater Sudbury, Ontario [35580]","2021A003535580","Youth crime severity index","Index","160","units","0","v53079615","25.7","","..","","","2"
"2010","Greater Sudbury, Ontario [35580]","2021A003535580","Percent change in youth crime severity index","Percent","239","units","0","v87984921","25.8","0.00","","","","2"
"2011","Greater Sudbury, Ontario [35580]","2021A003535580","Percent change in youth crime severity index","Percent","239","units","0","v87984921","25.8","","..","","","2"
"2012","Greater Sudbury, Ontario [35580]","2021A003535580","Percent change in youth crime severity index","Percent","239","units","0","v87984921","25.8","","..","","","2"
"2013","Greater Sudbury, Ontario [35580]","2021A003535580","Percent change in youth crime severity index","Percent","239","units","0","v87984921","25.8","","..","","","2"
"2014","Greater Sudbury, Ontario [35580]","2021A003535580","Percent change in youth crime severity index","Percent","239","units","0","v87984921","25.8","","..","","","2"
"2015","Greater Sudbury, Ontario [35580]","2021A003535580","Percent change in youth crime severity index","Percent","239","units","0","v87984921","25.8","","..","","","2"
"2016","Greater Sudbury, Ontario [35580]","2021A003535580","Percent change in youth crime severity index","Percent","239","units","0","v87984921","25.8","","..","","","2"
"2017","Greater Sudbury, Ontario [35580]","2021A003535580","Percent change in youth crime severity index","Percent","239","units","0","v87984921","25.8","","..","","","2"
"2018","Greater Sudbury, Ontario [35580]","2021A003535580","Percent change in youth crime severity index","Percent","239","units","0","v87984921","25.8","","..","","","2"
"2019","Greater Sudbury, Ontario [35580]","2021A003535580","Percent change in youth crime severity index","Percent","239","units","0","v87984921","25.8","","..","","","2"
"2020","Greater Sudbury, Ontario [35580]","2021A003535580","Percent change in youth crime severity index","Percent","239","units","0","v87984921","25.8","","..","","","2"
"2021","Greater Sudbury, Ontario [35580]","2021A003535580","Percent change in youth crime severity index","Percent","239","units","0","v87984921","25.8","","..","","","2"
"2010","Greater Sudbury, Ontario [35580]","2021A003535580","Youth violent crime severity index","Index","160","units","0","v53079616","25.9","0.00","","","","2"
"2011","Greater Sudbury, Ontario [35580]","2021A003535580","Youth violent crime severity index","Index","160","units","0","v53079616","25.9","","..","","","2"
"2012","Greater Sudbury, Ontario [35580]","2021A003535580","Youth violent crime severity index","Index","160","units","0","v53079616","25.9","","..","","","2"
"2013","Greater Sudbury, Ontario [35580]","2021A003535580","Youth violent crime severity index","Index","160","units","0","v53079616","25.9","","..","","","2"
"2014","Greater Sudbury, Ontario [35580]","2021A003535580","Youth violent crime severity index","Index","160","units","0","v53079616","25.9","","..","","","2"
"2015","Greater Sudbury, Ontario [35580]","2021A003535580","Youth violent crime severity index","Index","160","units","0","v53079616","25.9","","..","","","2"
"2016","Greater Sudbury, Ontario [35580]","2021A003535580","Youth violent crime severity index","Index","160","units","0","v53079616","25.9","","..","","","2"
"2017","Greater Sudbury, Ontario [35580]","2021A003535580","Youth violent crime severity index","Index","160","units","0","v53079616","25.9","","..","","","2"
"2018","Greater Sudbury, Ontario [35580]","2021A003535580","Youth violent crime severity index","Index","160","units","0","v53079616","25.9","","..","","","2"
"2019","Greater Sudbury, Ontario [35580]","2021A003535580","Youth violent crime severity index","Index","160","units","0","v53079616","25.9","","..","","","2"
"2020","Greater Sudbury, Ontario [35580]","2021A003535580","Youth violent crime severity index","Index","160","units","0","v53079616","25.9","","..","","","2"
"2021","Greater Sudbury, Ontario [35580]","2021A003535580","Youth violent crime severity index","Index","160","units","0","v53079616","25.9","","..","","","2"
"2010","Greater Sudbury, Ontario [35580]","2021A003535580","Percent change in youth violent crime severity index","Percent","239","units","0","v87984922","25.10","0.00","","","","2"
"2011","Greater Sudbury, Ontario [35580]","2021A003535580","Percent change in youth violent crime severity index","Percent","239","units","0","v87984922","25.10","","..","","","2"
"2012","Greater Sudbury, Ontario [35580]","2021A003535580","Percent change in youth violent crime severity index","Percent","239","units","0","v87984922","25.10","","..","","","2"
"2013","Greater Sudbury, Ontario [35580]","2021A003535580","Percent change in youth violent crime severity index","Percent","239","units","0","v87984922","25.10","","..","","","2"
"2014","Greater Sudbury, Ontario [35580]","2021A003535580","Percent change in youth violent crime severity index","Percent","239","units","0","v87984922","25.10","","..","","","2"
"2015","Greater Sudbury, Ontario [35580]","2021A003535580","Percent change in youth violent crime severity index","Percent","239","units","0","v87984922","25.10","","..","","","2"
"2016","Greater Sudbury, Ontario [35580]","2021A003535580","Percent change in youth violent crime severity index","Percent","239","units","0","v87984922","25.10","","..","","","2"
"2017","Greater Sudbury, Ontario [35580]","2021A003535580","Percent change in youth violent crime severity index","Percent","239","units","0","v87984922","25.10","","..","","","2"
"2018","Greater Sudbury, Ontario [35580]","2021A003535580","Percent change in youth violent crime severity index","Percent","239","units","0","v87984922","25.10","","..","","","2"
"2019","Greater Sudbury, Ontario [35580]","2021A003535580","Percent change in youth violent crime severity index","Percent","239","units","0","v87984922","25.10","","..","","","2"
"2020","Greater Sudbury, Ontario [35580]","2021A003535580","Percent change in youth violent crime severity index","Percent","239","units","0","v87984922","25.10","","..","","","2"
"2021","Greater Sudbury, Ontario [35580]","2021A003535580","Percent change in youth violent crime severity index","Percent","239","units","0","v87984922","25.10","","..","","","2"
"2010","Greater Sudbury, Ontario [35580]","2021A003535580","Youth non-violent crime severity index","Index","160","units","0","v53079608","25.11","0.00","","","","2"
"2011","Greater Sudbury, Ontario [35580]","2021A003535580","Youth non-violent crime severity index","Index","160","units","0","v53079608","25.11","","..","","","2"
"2012","Greater Sudbury, Ontario [35580]","2021A003535580","Youth non-violent crime severity index","Index","160","units","0","v53079608","25.11","","..","","","2"
"2013","Greater Sudbury, Ontario [35580]","2021A003535580","Youth non-violent crime severity index","Index","160","units","0","v53079608","25.11","","..","","","2"
"2014","Greater Sudbury, Ontario [35580]","2021A003535580","Youth non-violent crime severity index","Index","160","units","0","v53079608","25.11","","..","","","2"
"2015","Greater Sudbury, Ontario [35580]","2021A003535580","Youth non-violent crime severity index","Index","160","units","0","v53079608","25.11","","..","","","2"
"2016","Greater Sudbury, Ontario [35580]","2021A003535580","Youth non-violent crime severity index","Index","160","units","0","v53079608","25.11","","..","","","2"
"2017","Greater Sudbury, Ontario [35580]","2021A003535580","Youth non-violent crime severity index","Index","160","units","0","v53079608","25.11","","..","","","2"
"2018","Greater Sudbury, Ontario [35580]","2021A003535580","Youth non-violent crime severity index","Index","160","units","0","v53079608","25.11","","..","","","2"
"2019","Greater Sudbury, Ontario [35580]","2021A003535580","Youth non-violent crime severity index","Index","160","units","0","v53079608","25.11","","..","","","2"
"2020","Greater Sudbury, Ontario [35580]","2021A003535580","Youth non-violent crime severity index","Index","160","units","0","v53079608","25.11","","..","","","2"
"2021","Greater Sudbury, Ontario [35580]","2021A003535580","Youth non-violent crime severity index","Index","160","units","0","v53079608","25.11","","..","","","2"
"2010","Greater Sudbury, Ontario [35580]","2021A003535580","Percent change in youth non-violent crime severity index","Percent","239","units","0","v87984923","25.12","0.00","","","","2"
"2011","Greater Sudbury, Ontario [35580]","2021A003535580","Percent change in youth non-violent crime severity index","Percent","239","units","0","v87984923","25.12","","..","","","2"
"2012","Greater Sudbury, Ontario [35580]","2021A003535580","Percent change in youth non-violent crime severity index","Percent","239","units","0","v87984923","25.12","","..","","","2"
"2013","Greater Sudbury, Ontario [35580]","2021A003535580","Percent change in youth non-violent crime severity index","Percent","239","units","0","v87984923","25.12","","..","","","2"
"2014","Greater Sudbury, Ontario [35580]","2021A003535580","Percent change in youth non-violent crime severity index","Percent","239","units","0","v87984923","25.12","","..","","","2"
"2015","Greater Sudbury, Ontario [35580]","2021A003535580","Percent change in youth non-violent crime severity index","Percent","239","units","0","v87984923","25.12","","..","","","2"
"2016","Greater Sudbury, Ontario [35580]","2021A003535580","Percent change in youth non-violent crime severity index","Percent","239","units","0","v87984923","25.12","","..","","","2"
"2017","Greater Sudbury, Ontario [35580]","2021A003535580","Percent change in youth non-violent crime severity index","Percent","239","units","0","v87984923","25.12","","..","","","2"
"2018","Greater Sudbury, Ontario [35580]","2021A003535580","Percent change in youth non-violent crime severity index","Percent","239","units","0","v87984923","25.12","","..","","","2"
"2019","Greater Sudbury, Ontario [35580]","2021A003535580","Percent change in youth non-violent crime severity index","Percent","239","units","0","v87984923","25.12","","..","","","2"
"2020","Greater Sudbury, Ontario [35580]","2021A003535580","Percent change in youth non-violent crime severity index","Percent","239","units","0","v87984923","25.12","","..","","","2"
"2021","Greater Sudbury, Ontario [35580]","2021A003535580","Percent change in youth non-violent crime severity index","Percent","239","units","0","v87984923","25.12","","..","","","2"
"2010","Greater Sudbury, Ontario [35580]","2021A003535580","Weighted clearance rate","Number","223","units","0","v53079609","25.13","39.69","","","","2"
"2011","Greater Sudbury, Ontario [35580]","2021A003535580","Weighted clearance rate","Number","223","units","0","v53079609","25.13","43.28","","","","2"
"2012","Greater Sudbury, Ontario [35580]","2021A003535580","Weighted clearance rate","Number","223","units","0","v53079609","25.13","47.13","","","","2"
"2013","Greater Sudbury, Ontario [35580]","2021A003535580","Weighted clearance rate","Number","223","units","0","v53079609","25.13","46.41","","","","2"
"2014","Greater Sudbury, Ontario [35580]","2021A003535580","Weighted clearance rate","Number","223","units","0","v53079609","25.13","42.53","","","","2"
"2015","Greater Sudbury, Ontario [35580]","2021A003535580","Weighted clearance rate","Number","223","units","0","v53079609","25.13","47.12","","","","2"
"2016","Greater Sudbury, Ontario [35580]","2021A003535580","Weighted clearance rate","Number","223","units","0","v53079609","25.13","41.33","","","","2"
"2017","Greater Sudbury, Ontario [35580]","2021A003535580","Weighted clearance rate","Number","223","units","0","v53079609","25.13","41.27","","","","2"
"2018","Greater Sudbury, Ontario [35580]","2021A003535580","Weighted clearance rate","Number","223","units","0","v53079609","25.13","41.59","","","","2"
"2019","Greater Sudbury, Ontario [35580]","2021A003535580","Weighted clearance rate","Number","223","units","0","v53079609","25.13","41.34","","","","2"
"2020","Greater Sudbury, Ontario [35580]","2021A003535580","Weighted clearance rate","Number","223","units","0","v53079609","25.13","39.98","","","","2"
"2021","Greater Sudbury, Ontario [35580]","2021A003535580","Weighted clearance rate","Number","223","units","0","v53079609","25.13","44.66","","","","2"
"2010","Greater Sudbury, Ontario [35580]","2021A003535580","Percent change in weighted clearance rate","Percent","239","units","0","v53079610","25.14","-10.02","","","","2"
"2011","Greater Sudbury, Ontario [35580]","2021A003535580","Percent change in weighted clearance rate","Percent","239","units","0","v53079610","25.14","9.05","","","","2"
"2012","Greater Sudbury, Ontario [35580]","2021A003535580","Percent change in weighted clearance rate","Percent","239","units","0","v53079610","25.14","8.90","","","","2"
"2013","Greater Sudbury, Ontario [35580]","2021A003535580","Percent change in weighted clearance rate","Percent","239","units","0","v53079610","25.14","-1.53","","","","2"
"2014","Greater Sudbury, Ontario [35580]","2021A003535580","Percent change in weighted clearance rate","Percent","239","units","0","v53079610","25.14","-8.36","","","","2"
"2015","Greater Sudbury, Ontario [35580]","2021A003535580","Percent change in weighted clearance rate","Percent","239","units","0","v53079610","25.14","10.79","","","","2"
"2016","Greater Sudbury, Ontario [35580]","2021A003535580","Percent change in weighted clearance rate","Percent","239","units","0","v53079610","25.14","-12.29","","","","2"
"2017","Greater Sudbury, Ontario [35580]","2021A003535580","Percent change in weighted clearance rate","Percent","239","units","0","v53079610","25.14","-0.15","","","","2"
"2018","Greater Sudbury, Ontario [35580]","2021A003535580","Percent change in weighted clearance rate","Percent","239","units","0","v53079610","25.14","0.78","","","","2"
"2019","Greater Sudbury, Ontario [35580]","2021A003535580","Percent change in weighted clearance rate","Percent","239","units","0","v53079610","25.14","-0.60","","","","2"
"2020","Greater Sudbury, Ontario [35580]","2021A003535580","Percent change in weighted clearance rate","Percent","239","units","0","v53079610","25.14","-3.29","","","","2"
"2021","Greater Sudbury, Ontario [35580]","2021A003535580","Percent change in weighted clearance rate","Percent","239","units","0","v53079610","25.14","11.71","","","","2"
"2010","Greater Sudbury, Ontario [35580]","2021A003535580","Violent weighted clearance rate","Number","223","units","0","v53079611","25.15","69.48","","","","2"
"2011","Greater Sudbury, Ontario [35580]","2021A003535580","Violent weighted clearance rate","Number","223","units","0","v53079611","25.15","66.84","","","","2"
"2012","Greater Sudbury, Ontario [35580]","2021A003535580","Violent weighted clearance rate","Number","223","units","0","v53079611","25.15","77.11","","","","2"
"2013","Greater Sudbury, Ontario [35580]","2021A003535580","Violent weighted clearance rate","Number","223","units","0","v53079611","25.15","73.94","","","","2"
"2014","Greater Sudbury, Ontario [35580]","2021A003535580","Violent weighted clearance rate","Number","223","units","0","v53079611","25.15","70.70","","","","2"
"2015","Greater Sudbury, Ontario [35580]","2021A003535580","Violent weighted clearance rate","Number","223","units","0","v53079611","25.15","79.03","","","","2"
"2016","Greater Sudbury, Ontario [35580]","2021A003535580","Violent weighted clearance rate","Number","223","units","0","v53079611","25.15","78.31","","","","2"
"2017","Greater Sudbury, Ontario [35580]","2021A003535580","Violent weighted clearance rate","Number","223","units","0","v53079611","25.15","77.26","","","","2"
"2018","Greater Sudbury, Ontario [35580]","2021A003535580","Violent weighted clearance rate","Number","223","units","0","v53079611","25.15","68.73","","","","2"
"2019","Greater Sudbury, Ontario [35580]","2021A003535580","Violent weighted clearance rate","Number","223","units","0","v53079611","25.15","68.81","","","","2"
"2020","Greater Sudbury, Ontario [35580]","2021A003535580","Violent weighted clearance rate","Number","223","units","0","v53079611","25.15","72.17","","","","2"
"2021","Greater Sudbury, Ontario [35580]","2021A003535580","Violent weighted clearance rate","Number","223","units","0","v53079611","25.15","70.54","","","","2"
"2010","Greater Sudbury, Ontario [35580]","2021A003535580","Percent change in violent weighted clearance rate","Percent","239","units","0","v53079612","25.16","5.50","","","","2"
"2011","Greater Sudbury, Ontario [35580]","2021A003535580","Percent change in violent weighted clearance rate","Percent","239","units","0","v53079612","25.16","-3.80","","","","2"
"2012","Greater Sudbury, Ontario [35580]","2021A003535580","Percent change in violent weighted clearance rate","Percent","239","units","0","v53079612","25.16","15.37","","","","2"
"2013","Greater Sudbury, Ontario [35580]","2021A003535580","Percent change in violent weighted clearance rate","Percent","239","units","0","v53079612","25.16","-4.11","","","","2"
"2014","Greater Sudbury, Ontario [35580]","2021A003535580","Percent change in violent weighted clearance rate","Percent","239","units","0","v53079612","25.16","-4.38","","","","2"
"2015","Greater Sudbury, Ontario [35580]","2021A003535580","Percent change in violent weighted clearance rate","Percent","239","units","0","v53079612","25.16","11.78","","","","2"
"2016","Greater Sudbury, Ontario [35580]","2021A003535580","Percent change in violent weighted clearance rate","Percent","239","units","0","v53079612","25.16","-0.91","","","","2"
"2017","Greater Sudbury, Ontario [35580]","2021A003535580","Percent change in violent weighted clearance rate","Percent","239","units","0","v53079612","25.16","-1.34","","","","2"
"2018","Greater Sudbury, Ontario [35580]","2021A003535580","Percent change in violent weighted clearance rate","Percent","239","units","0","v53079612","25.16","-11.04","","","","2"
"2019","Greater Sudbury, Ontario [35580]","2021A003535580","Percent change in violent weighted clearance rate","Percent","239","units","0","v53079612","25.16","0.12","","","","2"
"2020","Greater Sudbury, Ontario [35580]","2021A003535580","Percent change in violent weighted clearance rate","Percent","239","units","0","v53079612","25.16","4.88","","","","2"
"2021","Greater Sudbury, Ontario [35580]","2021A003535580","Percent change in violent weighted clearance rate","Percent","239","units","0","v53079612","25.16","-2.26","","","","2"
"2010","Greater Sudbury, Ontario [35580]","2021A003535580","Non-violent weighted clearance rate","Number","223","units","0","v53079613","25.17","28.13","","","","2"
"2011","Greater Sudbury, Ontario [35580]","2021A003535580","Non-violent weighted clearance rate","Number","223","units","0","v53079613","25.17","34.79","","","","2"
"2012","Greater Sudbury, Ontario [35580]","2021A003535580","Non-violent weighted clearance rate","Number","223","units","0","v53079613","25.17","35.49","","","","2"
"2013","Greater Sudbury, Ontario [35580]","2021A003535580","Non-violent weighted clearance rate","Number","223","units","0","v53079613","25.17","36.52","","","","2"
"2014","Greater Sudbury, Ontario [35580]","2021A003535580","Non-violent weighted clearance rate","Number","223","units","0","v53079613","25.17","31.62","","","","2"
"2015","Greater Sudbury, Ontario [35580]","2021A003535580","Non-violent weighted clearance rate","Number","223","units","0","v53079613","25.17","34.07","","","","2"
"2016","Greater Sudbury, Ontario [35580]","2021A003535580","Non-violent weighted clearance rate","Number","223","units","0","v53079613","25.17","29.08","","","","2"
"2017","Greater Sudbury, Ontario [35580]","2021A003535580","Non-violent weighted clearance rate","Number","223","units","0","v53079613","25.17","27.97","","","","2"
"2018","Greater Sudbury, Ontario [35580]","2021A003535580","Non-violent weighted clearance rate","Number","223","units","0","v53079613","25.17","30.23","","","","2"
"2019","Greater Sudbury, Ontario [35580]","2021A003535580","Non-violent weighted clearance rate","Number","223","units","0","v53079613","25.17","29.21","","","","2"
"2020","Greater Sudbury, Ontario [35580]","2021A003535580","Non-violent weighted clearance rate","Number","223","units","0","v53079613","25.17","23.54","","","","2"
"2021","Greater Sudbury, Ontario [35580]","2021A003535580","Non-violent weighted clearance rate","Number","223","units","0","v53079613","25.17","27.46","","","","2"
"2010","Greater Sudbury, Ontario [35580]","2021A003535580","Percent change in non-violent weighted clearance rate","Percent","239","units","0","v53079614","25.18","-14.86","","","","2"
"2011","Greater Sudbury, Ontario [35580]","2021A003535580","Percent change in non-violent weighted clearance rate","Percent","239","units","0","v53079614","25.18","23.68","","","","2"
"2012","Greater Sudbury, Ontario [35580]","2021A003535580","Percent change in non-violent weighted clearance rate","Percent","239","units","0","v53079614","25.18","2.01","","","","2"
"2013","Greater Sudbury, Ontario [35580]","2021A003535580","Percent change in non-violent weighted clearance rate","Percent","239","units","0","v53079614","25.18","2.90","","","","2"
"2014","Greater Sudbury, Ontario [35580]","2021A003535580","Percent change in non-violent weighted clearance rate","Percent","239","units","0","v53079614","25.18","-13.42","","","","2"
"2015","Greater Sudbury, Ontario [35580]","2021A003535580","Percent change in non-violent weighted clearance rate","Percent","239","units","0","v53079614","25.18","7.75","","","","2"
"2016","Greater Sudbury, Ontario [35580]","2021A003535580","Percent change in non-violent weighted clearance rate","Percent","239","units","0","v53079614","25.18","-14.65","","","","2"
"2017","Greater Sudbury, Ontario [35580]","2021A003535580","Percent change in non-violent weighted clearance rate","Percent","239","units","0","v53079614","25.18","-3.82","","","","2"
"2018","Greater Sudbury, Ontario [35580]","2021A003535580","Percent change in non-violent weighted clearance rate","Percent","239","units","0","v53079614","25.18","8.08","","","","2"
"2019","Greater Sudbury, Ontario [35580]","2021A003535580","Percent change in non-violent weighted clearance rate","Percent","239","units","0","v53079614","25.18","-3.37","","","","2"
"2020","Greater Sudbury, Ontario [35580]","2021A003535580","Percent change in non-violent weighted clearance rate","Percent","239","units","0","v53079614","25.18","-19.41","","","","2"
"2021","Greater Sudbury, Ontario [35580]","2021A003535580","Percent change in non-violent weighted clearance rate","Percent","239","units","0","v53079614","25.18","16.65","","","","2"


