﻿"REF_DATE","GEO","DGUID","Statistics","UOM","UOM_ID","SCALAR_FACTOR","SCALAR_ID","VECTOR","COORDINATE","VALUE","STATUS","SYMBOL","TERMINATED","DECIMALS"
"2010","Barrie, Ontario [35568]","2021A003535568","Crime severity index","Index","160","units","0","v52117770","47.1","59.35","","","","2"
"2011","Barrie, Ontario [35568]","2021A003535568","Crime severity index","Index","160","units","0","v52117770","47.1","53.02","","","","2"
"2012","Barrie, Ontario [35568]","2021A003535568","Crime severity index","Index","160","units","0","v52117770","47.1","49.38","","","","2"
"2013","Barrie, Ontario [35568]","2021A003535568","Crime severity index","Index","160","units","0","v52117770","47.1","42.34","","","","2"
"2014","Barrie, Ontario [35568]","2021A003535568","Crime severity index","Index","160","units","0","v52117770","47.1","43.09","","","","2"
"2015","Barrie, Ontario [35568]","2021A003535568","Crime severity index","Index","160","units","0","v52117770","47.1","42.89","","","","2"
"2016","Barrie, Ontario [35568]","2021A003535568","Crime severity index","Index","160","units","0","v52117770","47.1","44.51","","","","2"
"2017","Barrie, Ontario [35568]","2021A003535568","Crime severity index","Index","160","units","0","v52117770","47.1","44.73","","","","2"
"2018","Barrie, Ontario [35568]","2021A003535568","Crime severity index","Index","160","units","0","v52117770","47.1","48.29","","","","2"
"2019","Barrie, Ontario [35568]","2021A003535568","Crime severity index","Index","160","units","0","v52117770","47.1","53.25","","","","2"
"2020","Barrie, Ontario [35568]","2021A003535568","Crime severity index","Index","160","units","0","v52117770","47.1","45.17","","","","2"
"2021","Barrie, Ontario [35568]","2021A003535568","Crime severity index","Index","160","units","0","v52117770","47.1","45.91","","","","2"
"2010","Barrie, Ontario [35568]","2021A003535568","Percent change in crime severity index","Percent","239","units","0","v52117771","47.2","-7.15","","","","2"
"2011","Barrie, Ontario [35568]","2021A003535568","Percent change in crime severity index","Percent","239","units","0","v52117771","47.2","-10.67","","","","2"
"2012","Barrie, Ontario [35568]","2021A003535568","Percent change in crime severity index","Percent","239","units","0","v52117771","47.2","-6.87","","","","2"
"2013","Barrie, Ontario [35568]","2021A003535568","Percent change in crime severity index","Percent","239","units","0","v52117771","47.2","-14.26","","","","2"
"2014","Barrie, Ontario [35568]","2021A003535568","Percent change in crime severity index","Percent","239","units","0","v52117771","47.2","1.77","","","","2"
"2015","Barrie, Ontario [35568]","2021A003535568","Percent change in crime severity index","Percent","239","units","0","v52117771","47.2","-0.46","","","","2"
"2016","Barrie, Ontario [35568]","2021A003535568","Percent change in crime severity index","Percent","239","units","0","v52117771","47.2","3.78","","","","2"
"2017","Barrie, Ontario [35568]","2021A003535568","Percent change in crime severity index","Percent","239","units","0","v52117771","47.2","0.49","","","","2"
"2018","Barrie, Ontario [35568]","2021A003535568","Percent change in crime severity index","Percent","239","units","0","v52117771","47.2","7.96","","","","2"
"2019","Barrie, Ontario [35568]","2021A003535568","Percent change in crime severity index","Percent","239","units","0","v52117771","47.2","10.27","","","","2"
"2020","Barrie, Ontario [35568]","2021A003535568","Percent change in crime severity index","Percent","239","units","0","v52117771","47.2","-15.17","","","","2"
"2021","Barrie, Ontario [35568]","2021A003535568","Percent change in crime severity index","Percent","239","units","0","v52117771","47.2","1.64","","","","2"
"2010","Barrie, Ontario [35568]","2021A003535568","Violent crime severity index","Index","160","units","0","v52117772","47.3","49.54","","","","2"
"2011","Barrie, Ontario [35568]","2021A003535568","Violent crime severity index","Index","160","units","0","v52117772","47.3","44.84","","","","2"
"2012","Barrie, Ontario [35568]","2021A003535568","Violent crime severity index","Index","160","units","0","v52117772","47.3","44.02","","","","2"
"2013","Barrie, Ontario [35568]","2021A003535568","Violent crime severity index","Index","160","units","0","v52117772","47.3","37.81","","","","2"
"2014","Barrie, Ontario [35568]","2021A003535568","Violent crime severity index","Index","160","units","0","v52117772","47.3","41.88","","","","2"
"2015","Barrie, Ontario [35568]","2021A003535568","Violent crime severity index","Index","160","units","0","v52117772","47.3","43.27","","","","2"
"2016","Barrie, Ontario [35568]","2021A003535568","Violent crime severity index","Index","160","units","0","v52117772","47.3","46.41","","","","2"
"2017","Barrie, Ontario [35568]","2021A003535568","Violent crime severity index","Index","160","units","0","v52117772","47.3","53.44","","","","2"
"2018","Barrie, Ontario [35568]","2021A003535568","Violent crime severity index","Index","160","units","0","v52117772","47.3","52.25","","","","2"
"2019","Barrie, Ontario [35568]","2021A003535568","Violent crime severity index","Index","160","units","0","v52117772","47.3","62.51","","","","2"
"2020","Barrie, Ontario [35568]","2021A003535568","Violent crime severity index","Index","160","units","0","v52117772","47.3","50.30","","","","2"
"2021","Barrie, Ontario [35568]","2021A003535568","Violent crime severity index","Index","160","units","0","v52117772","47.3","50.21","","","","2"
"2010","Barrie, Ontario [35568]","2021A003535568","Percent change in violent crime severity index","Percent","239","units","0","v52117773","47.4","-7.59","","","","2"
"2011","Barrie, Ontario [35568]","2021A003535568","Percent change in violent crime severity index","Percent","239","units","0","v52117773","47.4","-9.49","","","","2"
"2012","Barrie, Ontario [35568]","2021A003535568","Percent change in violent crime severity index","Percent","239","units","0","v52117773","47.4","-1.83","","","","2"
"2013","Barrie, Ontario [35568]","2021A003535568","Percent change in violent crime severity index","Percent","239","units","0","v52117773","47.4","-14.11","","","","2"
"2014","Barrie, Ontario [35568]","2021A003535568","Percent change in violent crime severity index","Percent","239","units","0","v52117773","47.4","10.76","","","","2"
"2015","Barrie, Ontario [35568]","2021A003535568","Percent change in violent crime severity index","Percent","239","units","0","v52117773","47.4","3.32","","","","2"
"2016","Barrie, Ontario [35568]","2021A003535568","Percent change in violent crime severity index","Percent","239","units","0","v52117773","47.4","7.26","","","","2"
"2017","Barrie, Ontario [35568]","2021A003535568","Percent change in violent crime severity index","Percent","239","units","0","v52117773","47.4","15.15","","","","2"
"2018","Barrie, Ontario [35568]","2021A003535568","Percent change in violent crime severity index","Percent","239","units","0","v52117773","47.4","-2.23","","","","2"
"2019","Barrie, Ontario [35568]","2021A003535568","Percent change in violent crime severity index","Percent","239","units","0","v52117773","47.4","19.64","","","","2"
"2020","Barrie, Ontario [35568]","2021A003535568","Percent change in violent crime severity index","Percent","239","units","0","v52117773","47.4","-19.53","","","","2"
"2021","Barrie, Ontario [35568]","2021A003535568","Percent change in violent crime severity index","Percent","239","units","0","v52117773","47.4","-0.18","","","","2"
"2010","Barrie, Ontario [35568]","2021A003535568","Non-violent crime severity index","Index","160","units","0","v52117774","47.5","63.13","","","","2"
"2011","Barrie, Ontario [35568]","2021A003535568","Non-violent crime severity index","Index","160","units","0","v52117774","47.5","55.88","","","","2"
"2012","Barrie, Ontario [35568]","2021A003535568","Non-violent crime severity index","Index","160","units","0","v52117774","47.5","51.23","","","","2"
"2013","Barrie, Ontario [35568]","2021A003535568","Non-violent crime severity index","Index","160","units","0","v52117774","47.5","43.90","","","","2"
"2014","Barrie, Ontario [35568]","2021A003535568","Non-violent crime severity index","Index","160","units","0","v52117774","47.5","43.43","","","","2"
"2015","Barrie, Ontario [35568]","2021A003535568","Non-violent crime severity index","Index","160","units","0","v52117774","47.5","42.66","","","","2"
"2016","Barrie, Ontario [35568]","2021A003535568","Non-violent crime severity index","Index","160","units","0","v52117774","47.5","43.72","","","","2"
"2017","Barrie, Ontario [35568]","2021A003535568","Non-violent crime severity index","Index","160","units","0","v52117774","47.5","41.49","","","","2"
"2018","Barrie, Ontario [35568]","2021A003535568","Non-violent crime severity index","Index","160","units","0","v52117774","47.5","46.75","","","","2"
"2019","Barrie, Ontario [35568]","2021A003535568","Non-violent crime severity index","Index","160","units","0","v52117774","47.5","49.80","","","","2"
"2020","Barrie, Ontario [35568]","2021A003535568","Non-violent crime severity index","Index","160","units","0","v52117774","47.5","43.22","","","","2"
"2021","Barrie, Ontario [35568]","2021A003535568","Non-violent crime severity index","Index","160","units","0","v52117774","47.5","44.26","","","","2"
"2010","Barrie, Ontario [35568]","2021A003535568","Percent change in non-violent crime severity index","Percent","239","units","0","v52117775","47.6","-7.01","","","","2"
"2011","Barrie, Ontario [35568]","2021A003535568","Percent change in non-violent crime severity index","Percent","239","units","0","v52117775","47.6","-11.48","","","","2"
"2012","Barrie, Ontario [35568]","2021A003535568","Percent change in non-violent crime severity index","Percent","239","units","0","v52117775","47.6","-8.32","","","","2"
"2013","Barrie, Ontario [35568]","2021A003535568","Percent change in non-violent crime severity index","Percent","239","units","0","v52117775","47.6","-14.31","","","","2"
"2014","Barrie, Ontario [35568]","2021A003535568","Percent change in non-violent crime severity index","Percent","239","units","0","v52117775","47.6","-1.07","","","","2"
"2015","Barrie, Ontario [35568]","2021A003535568","Percent change in non-violent crime severity index","Percent","239","units","0","v52117775","47.6","-1.77","","","","2"
"2016","Barrie, Ontario [35568]","2021A003535568","Percent change in non-violent crime severity index","Percent","239","units","0","v52117775","47.6","2.48","","","","2"
"2017","Barrie, Ontario [35568]","2021A003535568","Percent change in non-violent crime severity index","Percent","239","units","0","v52117775","47.6","-5.10","","","","2"
"2018","Barrie, Ontario [35568]","2021A003535568","Percent change in non-violent crime severity index","Percent","239","units","0","v52117775","47.6","12.68","","","","2"
"2019","Barrie, Ontario [35568]","2021A003535568","Percent change in non-violent crime severity index","Percent","239","units","0","v52117775","47.6","6.52","","","","2"
"2020","Barrie, Ontario [35568]","2021A003535568","Percent change in non-violent crime severity index","Percent","239","units","0","v52117775","47.6","-13.21","","","","2"
"2021","Barrie, Ontario [35568]","2021A003535568","Percent change in non-violent crime severity index","Percent","239","units","0","v52117775","47.6","2.41","","","","2"
"2010","Barrie, Ontario [35568]","2021A003535568","Youth crime severity index","Index","160","units","0","v53079855","47.7","0.00","","","","2"
"2011","Barrie, Ontario [35568]","2021A003535568","Youth crime severity index","Index","160","units","0","v53079855","47.7","","..","","","2"
"2012","Barrie, Ontario [35568]","2021A003535568","Youth crime severity index","Index","160","units","0","v53079855","47.7","","..","","","2"
"2013","Barrie, Ontario [35568]","2021A003535568","Youth crime severity index","Index","160","units","0","v53079855","47.7","","..","","","2"
"2014","Barrie, Ontario [35568]","2021A003535568","Youth crime severity index","Index","160","units","0","v53079855","47.7","","..","","","2"
"2015","Barrie, Ontario [35568]","2021A003535568","Youth crime severity index","Index","160","units","0","v53079855","47.7","","..","","","2"
"2016","Barrie, Ontario [35568]","2021A003535568","Youth crime severity index","Index","160","units","0","v53079855","47.7","","..","","","2"
"2017","Barrie, Ontario [35568]","2021A003535568","Youth crime severity index","Index","160","units","0","v53079855","47.7","","..","","","2"
"2018","Barrie, Ontario [35568]","2021A003535568","Youth crime severity index","Index","160","units","0","v53079855","47.7","","..","","","2"
"2019","Barrie, Ontario [35568]","2021A003535568","Youth crime severity index","Index","160","units","0","v53079855","47.7","","..","","","2"
"2020","Barrie, Ontario [35568]","2021A003535568","Youth crime severity index","Index","160","units","0","v53079855","47.7","","..","","","2"
"2021","Barrie, Ontario [35568]","2021A003535568","Youth crime severity index","Index","160","units","0","v53079855","47.7","","..","","","2"
"2010","Barrie, Ontario [35568]","2021A003535568","Percent change in youth crime severity index","Percent","239","units","0","v87984918","47.8","0.00","","","","2"
"2011","Barrie, Ontario [35568]","2021A003535568","Percent change in youth crime severity index","Percent","239","units","0","v87984918","47.8","","..","","","2"
"2012","Barrie, Ontario [35568]","2021A003535568","Percent change in youth crime severity index","Percent","239","units","0","v87984918","47.8","","..","","","2"
"2013","Barrie, Ontario [35568]","2021A003535568","Percent change in youth crime severity index","Percent","239","units","0","v87984918","47.8","","..","","","2"
"2014","Barrie, Ontario [35568]","2021A003535568","Percent change in youth crime severity index","Percent","239","units","0","v87984918","47.8","","..","","","2"
"2015","Barrie, Ontario [35568]","2021A003535568","Percent change in youth crime severity index","Percent","239","units","0","v87984918","47.8","","..","","","2"
"2016","Barrie, Ontario [35568]","2021A003535568","Percent change in youth crime severity index","Percent","239","units","0","v87984918","47.8","","..","","","2"
"2017","Barrie, Ontario [35568]","2021A003535568","Percent change in youth crime severity index","Percent","239","units","0","v87984918","47.8","","..","","","2"
"2018","Barrie, Ontario [35568]","2021A003535568","Percent change in youth crime severity index","Percent","239","units","0","v87984918","47.8","","..","","","2"
"2019","Barrie, Ontario [35568]","2021A003535568","Percent change in youth crime severity index","Percent","239","units","0","v87984918","47.8","","..","","","2"
"2020","Barrie, Ontario [35568]","2021A003535568","Percent change in youth crime severity index","Percent","239","units","0","v87984918","47.8","","..","","","2"
"2021","Barrie, Ontario [35568]","2021A003535568","Percent change in youth crime severity index","Percent","239","units","0","v87984918","47.8","","..","","","2"
"2010","Barrie, Ontario [35568]","2021A003535568","Youth violent crime severity index","Index","160","units","0","v53079856","47.9","0.00","","","","2"
"2011","Barrie, Ontario [35568]","2021A003535568","Youth violent crime severity index","Index","160","units","0","v53079856","47.9","","..","","","2"
"2012","Barrie, Ontario [35568]","2021A003535568","Youth violent crime severity index","Index","160","units","0","v53079856","47.9","","..","","","2"
"2013","Barrie, Ontario [35568]","2021A003535568","Youth violent crime severity index","Index","160","units","0","v53079856","47.9","","..","","","2"
"2014","Barrie, Ontario [35568]","2021A003535568","Youth violent crime severity index","Index","160","units","0","v53079856","47.9","","..","","","2"
"2015","Barrie, Ontario [35568]","2021A003535568","Youth violent crime severity index","Index","160","units","0","v53079856","47.9","","..","","","2"
"2016","Barrie, Ontario [35568]","2021A003535568","Youth violent crime severity index","Index","160","units","0","v53079856","47.9","","..","","","2"
"2017","Barrie, Ontario [35568]","2021A003535568","Youth violent crime severity index","Index","160","units","0","v53079856","47.9","","..","","","2"
"2018","Barrie, Ontario [35568]","2021A003535568","Youth violent crime severity index","Index","160","units","0","v53079856","47.9","","..","","","2"
"2019","Barrie, Ontario [35568]","2021A003535568","Youth violent crime severity index","Index","160","units","0","v53079856","47.9","","..","","","2"
"2020","Barrie, Ontario [35568]","2021A003535568","Youth violent crime severity index","Index","160","units","0","v53079856","47.9","","..","","","2"
"2021","Barrie, Ontario [35568]","2021A003535568","Youth violent crime severity index","Index","160","units","0","v53079856","47.9","","..","","","2"
"2010","Barrie, Ontario [35568]","2021A003535568","Percent change in youth violent crime severity index","Percent","239","units","0","v87984919","47.10","0.00","","","","2"
"2011","Barrie, Ontario [35568]","2021A003535568","Percent change in youth violent crime severity index","Percent","239","units","0","v87984919","47.10","","..","","","2"
"2012","Barrie, Ontario [35568]","2021A003535568","Percent change in youth violent crime severity index","Percent","239","units","0","v87984919","47.10","","..","","","2"
"2013","Barrie, Ontario [35568]","2021A003535568","Percent change in youth violent crime severity index","Percent","239","units","0","v87984919","47.10","","..","","","2"
"2014","Barrie, Ontario [35568]","2021A003535568","Percent change in youth violent crime severity index","Percent","239","units","0","v87984919","47.10","","..","","","2"
"2015","Barrie, Ontario [35568]","2021A003535568","Percent change in youth violent crime severity index","Percent","239","units","0","v87984919","47.10","","..","","","2"
"2016","Barrie, Ontario [35568]","2021A003535568","Percent change in youth violent crime severity index","Percent","239","units","0","v87984919","47.10","","..","","","2"
"2017","Barrie, Ontario [35568]","2021A003535568","Percent change in youth violent crime severity index","Percent","239","units","0","v87984919","47.10","","..","","","2"
"2018","Barrie, Ontario [35568]","2021A003535568","Percent change in youth violent crime severity index","Percent","239","units","0","v87984919","47.10","","..","","","2"
"2019","Barrie, Ontario [35568]","2021A003535568","Percent change in youth violent crime severity index","Percent","239","units","0","v87984919","47.10","","..","","","2"
"2020","Barrie, Ontario [35568]","2021A003535568","Percent change in youth violent crime severity index","Percent","239","units","0","v87984919","47.10","","..","","","2"
"2021","Barrie, Ontario [35568]","2021A003535568","Percent change in youth violent crime severity index","Percent","239","units","0","v87984919","47.10","","..","","","2"
"2010","Barrie, Ontario [35568]","2021A003535568","Youth non-violent crime severity index","Index","160","units","0","v53079848","47.11","0.00","","","","2"
"2011","Barrie, Ontario [35568]","2021A003535568","Youth non-violent crime severity index","Index","160","units","0","v53079848","47.11","","..","","","2"
"2012","Barrie, Ontario [35568]","2021A003535568","Youth non-violent crime severity index","Index","160","units","0","v53079848","47.11","","..","","","2"
"2013","Barrie, Ontario [35568]","2021A003535568","Youth non-violent crime severity index","Index","160","units","0","v53079848","47.11","","..","","","2"
"2014","Barrie, Ontario [35568]","2021A003535568","Youth non-violent crime severity index","Index","160","units","0","v53079848","47.11","","..","","","2"
"2015","Barrie, Ontario [35568]","2021A003535568","Youth non-violent crime severity index","Index","160","units","0","v53079848","47.11","","..","","","2"
"2016","Barrie, Ontario [35568]","2021A003535568","Youth non-violent crime severity index","Index","160","units","0","v53079848","47.11","","..","","","2"
"2017","Barrie, Ontario [35568]","2021A003535568","Youth non-violent crime severity index","Index","160","units","0","v53079848","47.11","","..","","","2"
"2018","Barrie, Ontario [35568]","2021A003535568","Youth non-violent crime severity index","Index","160","units","0","v53079848","47.11","","..","","","2"
"2019","Barrie, Ontario [35568]","2021A003535568","Youth non-violent crime severity index","Index","160","units","0","v53079848","47.11","","..","","","2"
"2020","Barrie, Ontario [35568]","2021A003535568","Youth non-violent crime severity index","Index","160","units","0","v53079848","47.11","","..","","","2"
"2021","Barrie, Ontario [35568]","2021A003535568","Youth non-violent crime severity index","Index","160","units","0","v53079848","47.11","","..","","","2"
"2010","Barrie, Ontario [35568]","2021A003535568","Percent change in youth non-violent crime severity index","Percent","239","units","0","v87984920","47.12","0.00","","","","2"
"2011","Barrie, Ontario [35568]","2021A003535568","Percent change in youth non-violent crime severity index","Percent","239","units","0","v87984920","47.12","","..","","","2"
"2012","Barrie, Ontario [35568]","2021A003535568","Percent change in youth non-violent crime severity index","Percent","239","units","0","v87984920","47.12","","..","","","2"
"2013","Barrie, Ontario [35568]","2021A003535568","Percent change in youth non-violent crime severity index","Percent","239","units","0","v87984920","47.12","","..","","","2"
"2014","Barrie, Ontario [35568]","2021A003535568","Percent change in youth non-violent crime severity index","Percent","239","units","0","v87984920","47.12","","..","","","2"
"2015","Barrie, Ontario [35568]","2021A003535568","Percent change in youth non-violent crime severity index","Percent","239","units","0","v87984920","47.12","","..","","","2"
"2016","Barrie, Ontario [35568]","2021A003535568","Percent change in youth non-violent crime severity index","Percent","239","units","0","v87984920","47.12","","..","","","2"
"2017","Barrie, Ontario [35568]","2021A003535568","Percent change in youth non-violent crime severity index","Percent","239","units","0","v87984920","47.12","","..","","","2"
"2018","Barrie, Ontario [35568]","2021A003535568","Percent change in youth non-violent crime severity index","Percent","239","units","0","v87984920","47.12","","..","","","2"
"2019","Barrie, Ontario [35568]","2021A003535568","Percent change in youth non-violent crime severity index","Percent","239","units","0","v87984920","47.12","","..","","","2"
"2020","Barrie, Ontario [35568]","2021A003535568","Percent change in youth non-violent crime severity index","Percent","239","units","0","v87984920","47.12","","..","","","2"
"2021","Barrie, Ontario [35568]","2021A003535568","Percent change in youth non-violent crime severity index","Percent","239","units","0","v87984920","47.12","","..","","","2"
"2010","Barrie, Ontario [35568]","2021A003535568","Weighted clearance rate","Number","223","units","0","v53079849","47.13","40.62","","","","2"
"2011","Barrie, Ontario [35568]","2021A003535568","Weighted clearance rate","Number","223","units","0","v53079849","47.13","40.87","","","","2"
"2012","Barrie, Ontario [35568]","2021A003535568","Weighted clearance rate","Number","223","units","0","v53079849","47.13","42.37","","","","2"
"2013","Barrie, Ontario [35568]","2021A003535568","Weighted clearance rate","Number","223","units","0","v53079849","47.13","44.72","","","","2"
"2014","Barrie, Ontario [35568]","2021A003535568","Weighted clearance rate","Number","223","units","0","v53079849","47.13","43.78","","","","2"
"2015","Barrie, Ontario [35568]","2021A003535568","Weighted clearance rate","Number","223","units","0","v53079849","47.13","44.63","","","","2"
"2016","Barrie, Ontario [35568]","2021A003535568","Weighted clearance rate","Number","223","units","0","v53079849","47.13","44.74","","","","2"
"2017","Barrie, Ontario [35568]","2021A003535568","Weighted clearance rate","Number","223","units","0","v53079849","47.13","57.01","","","","2"
"2018","Barrie, Ontario [35568]","2021A003535568","Weighted clearance rate","Number","223","units","0","v53079849","47.13","52.12","","","","2"
"2019","Barrie, Ontario [35568]","2021A003535568","Weighted clearance rate","Number","223","units","0","v53079849","47.13","53.61","","","","2"
"2020","Barrie, Ontario [35568]","2021A003535568","Weighted clearance rate","Number","223","units","0","v53079849","47.13","52.46","","","","2"
"2021","Barrie, Ontario [35568]","2021A003535568","Weighted clearance rate","Number","223","units","0","v53079849","47.13","48.69","","","","2"
"2010","Barrie, Ontario [35568]","2021A003535568","Percent change in weighted clearance rate","Percent","239","units","0","v53079850","47.14","1.96","","","","2"
"2011","Barrie, Ontario [35568]","2021A003535568","Percent change in weighted clearance rate","Percent","239","units","0","v53079850","47.14","0.62","","","","2"
"2012","Barrie, Ontario [35568]","2021A003535568","Percent change in weighted clearance rate","Percent","239","units","0","v53079850","47.14","3.67","","","","2"
"2013","Barrie, Ontario [35568]","2021A003535568","Percent change in weighted clearance rate","Percent","239","units","0","v53079850","47.14","5.55","","","","2"
"2014","Barrie, Ontario [35568]","2021A003535568","Percent change in weighted clearance rate","Percent","239","units","0","v53079850","47.14","-2.10","","","","2"
"2015","Barrie, Ontario [35568]","2021A003535568","Percent change in weighted clearance rate","Percent","239","units","0","v53079850","47.14","1.94","","","","2"
"2016","Barrie, Ontario [35568]","2021A003535568","Percent change in weighted clearance rate","Percent","239","units","0","v53079850","47.14","0.25","","","","2"
"2017","Barrie, Ontario [35568]","2021A003535568","Percent change in weighted clearance rate","Percent","239","units","0","v53079850","47.14","27.43","","","","2"
"2018","Barrie, Ontario [35568]","2021A003535568","Percent change in weighted clearance rate","Percent","239","units","0","v53079850","47.14","-8.58","","","","2"
"2019","Barrie, Ontario [35568]","2021A003535568","Percent change in weighted clearance rate","Percent","239","units","0","v53079850","47.14","2.86","","","","2"
"2020","Barrie, Ontario [35568]","2021A003535568","Percent change in weighted clearance rate","Percent","239","units","0","v53079850","47.14","-2.15","","","","2"
"2021","Barrie, Ontario [35568]","2021A003535568","Percent change in weighted clearance rate","Percent","239","units","0","v53079850","47.14","-7.19","","","","2"
"2010","Barrie, Ontario [35568]","2021A003535568","Violent weighted clearance rate","Number","223","units","0","v53079851","47.15","72.79","","","","2"
"2011","Barrie, Ontario [35568]","2021A003535568","Violent weighted clearance rate","Number","223","units","0","v53079851","47.15","70.61","","","","2"
"2012","Barrie, Ontario [35568]","2021A003535568","Violent weighted clearance rate","Number","223","units","0","v53079851","47.15","73.63","","","","2"
"2013","Barrie, Ontario [35568]","2021A003535568","Violent weighted clearance rate","Number","223","units","0","v53079851","47.15","73.32","","","","2"
"2014","Barrie, Ontario [35568]","2021A003535568","Violent weighted clearance rate","Number","223","units","0","v53079851","47.15","74.22","","","","2"
"2015","Barrie, Ontario [35568]","2021A003535568","Violent weighted clearance rate","Number","223","units","0","v53079851","47.15","73.80","","","","2"
"2016","Barrie, Ontario [35568]","2021A003535568","Violent weighted clearance rate","Number","223","units","0","v53079851","47.15","69.09","","","","2"
"2017","Barrie, Ontario [35568]","2021A003535568","Violent weighted clearance rate","Number","223","units","0","v53079851","47.15","82.38","","","","2"
"2018","Barrie, Ontario [35568]","2021A003535568","Violent weighted clearance rate","Number","223","units","0","v53079851","47.15","75.91","","","","2"
"2019","Barrie, Ontario [35568]","2021A003535568","Violent weighted clearance rate","Number","223","units","0","v53079851","47.15","74.96","","","","2"
"2020","Barrie, Ontario [35568]","2021A003535568","Violent weighted clearance rate","Number","223","units","0","v53079851","47.15","74.20","","","","2"
"2021","Barrie, Ontario [35568]","2021A003535568","Violent weighted clearance rate","Number","223","units","0","v53079851","47.15","72.27","","","","2"
"2010","Barrie, Ontario [35568]","2021A003535568","Percent change in violent weighted clearance rate","Percent","239","units","0","v53079852","47.16","2.42","","","","2"
"2011","Barrie, Ontario [35568]","2021A003535568","Percent change in violent weighted clearance rate","Percent","239","units","0","v53079852","47.16","-2.99","","","","2"
"2012","Barrie, Ontario [35568]","2021A003535568","Percent change in violent weighted clearance rate","Percent","239","units","0","v53079852","47.16","4.28","","","","2"
"2013","Barrie, Ontario [35568]","2021A003535568","Percent change in violent weighted clearance rate","Percent","239","units","0","v53079852","47.16","-0.42","","","","2"
"2014","Barrie, Ontario [35568]","2021A003535568","Percent change in violent weighted clearance rate","Percent","239","units","0","v53079852","47.16","1.23","","","","2"
"2015","Barrie, Ontario [35568]","2021A003535568","Percent change in violent weighted clearance rate","Percent","239","units","0","v53079852","47.16","-0.57","","","","2"
"2016","Barrie, Ontario [35568]","2021A003535568","Percent change in violent weighted clearance rate","Percent","239","units","0","v53079852","47.16","-6.38","","","","2"
"2017","Barrie, Ontario [35568]","2021A003535568","Percent change in violent weighted clearance rate","Percent","239","units","0","v53079852","47.16","19.24","","","","2"
"2018","Barrie, Ontario [35568]","2021A003535568","Percent change in violent weighted clearance rate","Percent","239","units","0","v53079852","47.16","-7.85","","","","2"
"2019","Barrie, Ontario [35568]","2021A003535568","Percent change in violent weighted clearance rate","Percent","239","units","0","v53079852","47.16","-1.25","","","","2"
"2020","Barrie, Ontario [35568]","2021A003535568","Percent change in violent weighted clearance rate","Percent","239","units","0","v53079852","47.16","-1.01","","","","2"
"2021","Barrie, Ontario [35568]","2021A003535568","Percent change in violent weighted clearance rate","Percent","239","units","0","v53079852","47.16","-2.60","","","","2"
"2010","Barrie, Ontario [35568]","2021A003535568","Non-violent weighted clearance rate","Number","223","units","0","v53079853","47.17","30.91","","","","2"
"2011","Barrie, Ontario [35568]","2021A003535568","Non-violent weighted clearance rate","Number","223","units","0","v53079853","47.17","32.19","","","","2"
"2012","Barrie, Ontario [35568]","2021A003535568","Non-violent weighted clearance rate","Number","223","units","0","v53079853","47.17","32.59","","","","2"
"2013","Barrie, Ontario [35568]","2021A003535568","Non-violent weighted clearance rate","Number","223","units","0","v53079853","47.17","35.76","","","","2"
"2014","Barrie, Ontario [35568]","2021A003535568","Non-violent weighted clearance rate","Number","223","units","0","v53079853","47.17","33.10","","","","2"
"2015","Barrie, Ontario [35568]","2021A003535568","Non-violent weighted clearance rate","Number","223","units","0","v53079853","47.17","33.86","","","","2"
"2016","Barrie, Ontario [35568]","2021A003535568","Non-violent weighted clearance rate","Number","223","units","0","v53079853","47.17","35.44","","","","2"
"2017","Barrie, Ontario [35568]","2021A003535568","Non-violent weighted clearance rate","Number","223","units","0","v53079853","47.17","45.25","","","","2"
"2018","Barrie, Ontario [35568]","2021A003535568","Non-violent weighted clearance rate","Number","223","units","0","v53079853","47.17","42.56","","","","2"
"2019","Barrie, Ontario [35568]","2021A003535568","Non-violent weighted clearance rate","Number","223","units","0","v53079853","47.17","43.97","","","","2"
"2020","Barrie, Ontario [35568]","2021A003535568","Non-violent weighted clearance rate","Number","223","units","0","v53079853","47.17","43.37","","","","2"
"2021","Barrie, Ontario [35568]","2021A003535568","Non-violent weighted clearance rate","Number","223","units","0","v53079853","47.17","39.07","","","","2"
"2010","Barrie, Ontario [35568]","2021A003535568","Percent change in non-violent weighted clearance rate","Percent","239","units","0","v53079854","47.18","1.81","","","","2"
"2011","Barrie, Ontario [35568]","2021A003535568","Percent change in non-violent weighted clearance rate","Percent","239","units","0","v53079854","47.18","4.14","","","","2"
"2012","Barrie, Ontario [35568]","2021A003535568","Percent change in non-violent weighted clearance rate","Percent","239","units","0","v53079854","47.18","1.24","","","","2"
"2013","Barrie, Ontario [35568]","2021A003535568","Percent change in non-violent weighted clearance rate","Percent","239","units","0","v53079854","47.18","9.73","","","","2"
"2014","Barrie, Ontario [35568]","2021A003535568","Percent change in non-violent weighted clearance rate","Percent","239","units","0","v53079854","47.18","-7.44","","","","2"
"2015","Barrie, Ontario [35568]","2021A003535568","Percent change in non-violent weighted clearance rate","Percent","239","units","0","v53079854","47.18","2.30","","","","2"
"2016","Barrie, Ontario [35568]","2021A003535568","Percent change in non-violent weighted clearance rate","Percent","239","units","0","v53079854","47.18","4.67","","","","2"
"2017","Barrie, Ontario [35568]","2021A003535568","Percent change in non-violent weighted clearance rate","Percent","239","units","0","v53079854","47.18","27.68","","","","2"
"2018","Barrie, Ontario [35568]","2021A003535568","Percent change in non-violent weighted clearance rate","Percent","239","units","0","v53079854","47.18","-5.94","","","","2"
"2019","Barrie, Ontario [35568]","2021A003535568","Percent change in non-violent weighted clearance rate","Percent","239","units","0","v53079854","47.18","3.31","","","","2"
"2020","Barrie, Ontario [35568]","2021A003535568","Percent change in non-violent weighted clearance rate","Percent","239","units","0","v53079854","47.18","-1.36","","","","2"
"2021","Barrie, Ontario [35568]","2021A003535568","Percent change in non-violent weighted clearance rate","Percent","239","units","0","v53079854","47.18","-9.91","","","","2"


