﻿"REF_DATE","GEO","DGUID","Statistics","UOM","UOM_ID","SCALAR_FACTOR","SCALAR_ID","VECTOR","COORDINATE","VALUE","STATUS","SYMBOL","TERMINATED","DECIMALS"
"2010","St. John's, Newfoundland and Labrador [10001]","2021A003510001","Crime severity index","Index","160","units","0","v44312473","3.1","96.28","","","","2"
"2011","St. John's, Newfoundland and Labrador [10001]","2021A003510001","Crime severity index","Index","160","units","0","v44312473","3.1","86.12","","","","2"
"2012","St. John's, Newfoundland and Labrador [10001]","2021A003510001","Crime severity index","Index","160","units","0","v44312473","3.1","81.69","","","","2"
"2013","St. John's, Newfoundland and Labrador [10001]","2021A003510001","Crime severity index","Index","160","units","0","v44312473","3.1","78.00","","","","2"
"2014","St. John's, Newfoundland and Labrador [10001]","2021A003510001","Crime severity index","Index","160","units","0","v44312473","3.1","72.99","","","","2"
"2015","St. John's, Newfoundland and Labrador [10001]","2021A003510001","Crime severity index","Index","160","units","0","v44312473","3.1","73.99","","","","2"
"2016","St. John's, Newfoundland and Labrador [10001]","2021A003510001","Crime severity index","Index","160","units","0","v44312473","3.1","78.86","","","","2"
"2017","St. John's, Newfoundland and Labrador [10001]","2021A003510001","Crime severity index","Index","160","units","0","v44312473","3.1","67.09","","","","2"
"2018","St. John's, Newfoundland and Labrador [10001]","2021A003510001","Crime severity index","Index","160","units","0","v44312473","3.1","71.93","","","","2"
"2019","St. John's, Newfoundland and Labrador [10001]","2021A003510001","Crime severity index","Index","160","units","0","v44312473","3.1","71.67","","","","2"
"2020","St. John's, Newfoundland and Labrador [10001]","2021A003510001","Crime severity index","Index","160","units","0","v44312473","3.1","64.28","","","","2"
"2021","St. John's, Newfoundland and Labrador [10001]","2021A003510001","Crime severity index","Index","160","units","0","v44312473","3.1","67.86","","","","2"
"2010","St. John's, Newfoundland and Labrador [10001]","2021A003510001","Percent change in crime severity index","Percent","239","units","0","v44312474","3.2","9.80","","","","2"
"2011","St. John's, Newfoundland and Labrador [10001]","2021A003510001","Percent change in crime severity index","Percent","239","units","0","v44312474","3.2","-10.55","","","","2"
"2012","St. John's, Newfoundland and Labrador [10001]","2021A003510001","Percent change in crime severity index","Percent","239","units","0","v44312474","3.2","-5.14","","","","2"
"2013","St. John's, Newfoundland and Labrador [10001]","2021A003510001","Percent change in crime severity index","Percent","239","units","0","v44312474","3.2","-4.52","","","","2"
"2014","St. John's, Newfoundland and Labrador [10001]","2021A003510001","Percent change in crime severity index","Percent","239","units","0","v44312474","3.2","-6.42","","","","2"
"2015","St. John's, Newfoundland and Labrador [10001]","2021A003510001","Percent change in crime severity index","Percent","239","units","0","v44312474","3.2","1.37","","","","2"
"2016","St. John's, Newfoundland and Labrador [10001]","2021A003510001","Percent change in crime severity index","Percent","239","units","0","v44312474","3.2","6.58","","","","2"
"2017","St. John's, Newfoundland and Labrador [10001]","2021A003510001","Percent change in crime severity index","Percent","239","units","0","v44312474","3.2","-14.93","","","","2"
"2018","St. John's, Newfoundland and Labrador [10001]","2021A003510001","Percent change in crime severity index","Percent","239","units","0","v44312474","3.2","7.21","","","","2"
"2019","St. John's, Newfoundland and Labrador [10001]","2021A003510001","Percent change in crime severity index","Percent","239","units","0","v44312474","3.2","-0.36","","","","2"
"2020","St. John's, Newfoundland and Labrador [10001]","2021A003510001","Percent change in crime severity index","Percent","239","units","0","v44312474","3.2","-10.31","","","","2"
"2021","St. John's, Newfoundland and Labrador [10001]","2021A003510001","Percent change in crime severity index","Percent","239","units","0","v44312474","3.2","5.57","","","","2"
"2010","St. John's, Newfoundland and Labrador [10001]","2021A003510001","Violent crime severity index","Index","160","units","0","v44312475","3.3","85.42","","","","2"
"2011","St. John's, Newfoundland and Labrador [10001]","2021A003510001","Violent crime severity index","Index","160","units","0","v44312475","3.3","70.88","","","","2"
"2012","St. John's, Newfoundland and Labrador [10001]","2021A003510001","Violent crime severity index","Index","160","units","0","v44312475","3.3","73.02","","","","2"
"2013","St. John's, Newfoundland and Labrador [10001]","2021A003510001","Violent crime severity index","Index","160","units","0","v44312475","3.3","79.09","","","","2"
"2014","St. John's, Newfoundland and Labrador [10001]","2021A003510001","Violent crime severity index","Index","160","units","0","v44312475","3.3","66.81","","","","2"
"2015","St. John's, Newfoundland and Labrador [10001]","2021A003510001","Violent crime severity index","Index","160","units","0","v44312475","3.3","80.05","","","","2"
"2016","St. John's, Newfoundland and Labrador [10001]","2021A003510001","Violent crime severity index","Index","160","units","0","v44312475","3.3","89.08","","","","2"
"2017","St. John's, Newfoundland and Labrador [10001]","2021A003510001","Violent crime severity index","Index","160","units","0","v44312475","3.3","84.86","","","","2"
"2018","St. John's, Newfoundland and Labrador [10001]","2021A003510001","Violent crime severity index","Index","160","units","0","v44312475","3.3","84.78","","","","2"
"2019","St. John's, Newfoundland and Labrador [10001]","2021A003510001","Violent crime severity index","Index","160","units","0","v44312475","3.3","82.81","","","","2"
"2020","St. John's, Newfoundland and Labrador [10001]","2021A003510001","Violent crime severity index","Index","160","units","0","v44312475","3.3","83.01","","","","2"
"2021","St. John's, Newfoundland and Labrador [10001]","2021A003510001","Violent crime severity index","Index","160","units","0","v44312475","3.3","98.15","","","","2"
"2010","St. John's, Newfoundland and Labrador [10001]","2021A003510001","Percent change in violent crime severity index","Percent","239","units","0","v44312476","3.4","26.98","","","","2"
"2011","St. John's, Newfoundland and Labrador [10001]","2021A003510001","Percent change in violent crime severity index","Percent","239","units","0","v44312476","3.4","-17.02","","","","2"
"2012","St. John's, Newfoundland and Labrador [10001]","2021A003510001","Percent change in violent crime severity index","Percent","239","units","0","v44312476","3.4","3.02","","","","2"
"2013","St. John's, Newfoundland and Labrador [10001]","2021A003510001","Percent change in violent crime severity index","Percent","239","units","0","v44312476","3.4","8.31","","","","2"
"2014","St. John's, Newfoundland and Labrador [10001]","2021A003510001","Percent change in violent crime severity index","Percent","239","units","0","v44312476","3.4","-15.53","","","","2"
"2015","St. John's, Newfoundland and Labrador [10001]","2021A003510001","Percent change in violent crime severity index","Percent","239","units","0","v44312476","3.4","19.82","","","","2"
"2016","St. John's, Newfoundland and Labrador [10001]","2021A003510001","Percent change in violent crime severity index","Percent","239","units","0","v44312476","3.4","11.28","","","","2"
"2017","St. John's, Newfoundland and Labrador [10001]","2021A003510001","Percent change in violent crime severity index","Percent","239","units","0","v44312476","3.4","-4.74","","","","2"
"2018","St. John's, Newfoundland and Labrador [10001]","2021A003510001","Percent change in violent crime severity index","Percent","239","units","0","v44312476","3.4","-0.09","","","","2"
"2019","St. John's, Newfoundland and Labrador [10001]","2021A003510001","Percent change in violent crime severity index","Percent","239","units","0","v44312476","3.4","-2.32","","","","2"
"2020","St. John's, Newfoundland and Labrador [10001]","2021A003510001","Percent change in violent crime severity index","Percent","239","units","0","v44312476","3.4","0.24","","","","2"
"2021","St. John's, Newfoundland and Labrador [10001]","2021A003510001","Percent change in violent crime severity index","Percent","239","units","0","v44312476","3.4","18.24","","","","2"
"2010","St. John's, Newfoundland and Labrador [10001]","2021A003510001","Non-violent crime severity index","Index","160","units","0","v44312477","3.5","100.46","","","","2"
"2011","St. John's, Newfoundland and Labrador [10001]","2021A003510001","Non-violent crime severity index","Index","160","units","0","v44312477","3.5","91.49","","","","2"
"2012","St. John's, Newfoundland and Labrador [10001]","2021A003510001","Non-violent crime severity index","Index","160","units","0","v44312477","3.5","84.67","","","","2"
"2013","St. John's, Newfoundland and Labrador [10001]","2021A003510001","Non-violent crime severity index","Index","160","units","0","v44312477","3.5","77.44","","","","2"
"2014","St. John's, Newfoundland and Labrador [10001]","2021A003510001","Non-violent crime severity index","Index","160","units","0","v44312477","3.5","75.09","","","","2"
"2015","St. John's, Newfoundland and Labrador [10001]","2021A003510001","Non-violent crime severity index","Index","160","units","0","v44312477","3.5","71.63","","","","2"
"2016","St. John's, Newfoundland and Labrador [10001]","2021A003510001","Non-violent crime severity index","Index","160","units","0","v44312477","3.5","75.00","","","","2"
"2017","St. John's, Newfoundland and Labrador [10001]","2021A003510001","Non-violent crime severity index","Index","160","units","0","v44312477","3.5","60.54","","","","2"
"2018","St. John's, Newfoundland and Labrador [10001]","2021A003510001","Non-violent crime severity index","Index","160","units","0","v44312477","3.5","67.14","","","","2"
"2019","St. John's, Newfoundland and Labrador [10001]","2021A003510001","Non-violent crime severity index","Index","160","units","0","v44312477","3.5","67.49","","","","2"
"2020","St. John's, Newfoundland and Labrador [10001]","2021A003510001","Non-violent crime severity index","Index","160","units","0","v44312477","3.5","57.40","","","","2"
"2021","St. John's, Newfoundland and Labrador [10001]","2021A003510001","Non-violent crime severity index","Index","160","units","0","v44312477","3.5","56.81","","","","2"
"2010","St. John's, Newfoundland and Labrador [10001]","2021A003510001","Percent change in non-violent crime severity index","Percent","239","units","0","v44312478","3.6","5.14","","","","2"
"2011","St. John's, Newfoundland and Labrador [10001]","2021A003510001","Percent change in non-violent crime severity index","Percent","239","units","0","v44312478","3.6","-8.93","","","","2"
"2012","St. John's, Newfoundland and Labrador [10001]","2021A003510001","Percent change in non-violent crime severity index","Percent","239","units","0","v44312478","3.6","-7.45","","","","2"
"2013","St. John's, Newfoundland and Labrador [10001]","2021A003510001","Percent change in non-violent crime severity index","Percent","239","units","0","v44312478","3.6","-8.54","","","","2"
"2014","St. John's, Newfoundland and Labrador [10001]","2021A003510001","Percent change in non-violent crime severity index","Percent","239","units","0","v44312478","3.6","-3.03","","","","2"
"2015","St. John's, Newfoundland and Labrador [10001]","2021A003510001","Percent change in non-violent crime severity index","Percent","239","units","0","v44312478","3.6","-4.61","","","","2"
"2016","St. John's, Newfoundland and Labrador [10001]","2021A003510001","Percent change in non-violent crime severity index","Percent","239","units","0","v44312478","3.6","4.70","","","","2"
"2017","St. John's, Newfoundland and Labrador [10001]","2021A003510001","Percent change in non-violent crime severity index","Percent","239","units","0","v44312478","3.6","-19.28","","","","2"
"2018","St. John's, Newfoundland and Labrador [10001]","2021A003510001","Percent change in non-violent crime severity index","Percent","239","units","0","v44312478","3.6","10.90","","","","2"
"2019","St. John's, Newfoundland and Labrador [10001]","2021A003510001","Percent change in non-violent crime severity index","Percent","239","units","0","v44312478","3.6","0.52","","","","2"
"2020","St. John's, Newfoundland and Labrador [10001]","2021A003510001","Percent change in non-violent crime severity index","Percent","239","units","0","v44312478","3.6","-14.95","","","","2"
"2021","St. John's, Newfoundland and Labrador [10001]","2021A003510001","Percent change in non-violent crime severity index","Percent","239","units","0","v44312478","3.6","-1.03","","","","2"
"2010","St. John's, Newfoundland and Labrador [10001]","2021A003510001","Youth crime severity index","Index","160","units","0","v53079663","3.7","0.00","","","","2"
"2011","St. John's, Newfoundland and Labrador [10001]","2021A003510001","Youth crime severity index","Index","160","units","0","v53079663","3.7","","..","","","2"
"2012","St. John's, Newfoundland and Labrador [10001]","2021A003510001","Youth crime severity index","Index","160","units","0","v53079663","3.7","","..","","","2"
"2013","St. John's, Newfoundland and Labrador [10001]","2021A003510001","Youth crime severity index","Index","160","units","0","v53079663","3.7","","..","","","2"
"2014","St. John's, Newfoundland and Labrador [10001]","2021A003510001","Youth crime severity index","Index","160","units","0","v53079663","3.7","","..","","","2"
"2015","St. John's, Newfoundland and Labrador [10001]","2021A003510001","Youth crime severity index","Index","160","units","0","v53079663","3.7","","..","","","2"
"2016","St. John's, Newfoundland and Labrador [10001]","2021A003510001","Youth crime severity index","Index","160","units","0","v53079663","3.7","","..","","","2"
"2017","St. John's, Newfoundland and Labrador [10001]","2021A003510001","Youth crime severity index","Index","160","units","0","v53079663","3.7","","..","","","2"
"2018","St. John's, Newfoundland and Labrador [10001]","2021A003510001","Youth crime severity index","Index","160","units","0","v53079663","3.7","","..","","","2"
"2019","St. John's, Newfoundland and Labrador [10001]","2021A003510001","Youth crime severity index","Index","160","units","0","v53079663","3.7","","..","","","2"
"2020","St. John's, Newfoundland and Labrador [10001]","2021A003510001","Youth crime severity index","Index","160","units","0","v53079663","3.7","","..","","","2"
"2021","St. John's, Newfoundland and Labrador [10001]","2021A003510001","Youth crime severity index","Index","160","units","0","v53079663","3.7","","..","","","2"
"2010","St. John's, Newfoundland and Labrador [10001]","2021A003510001","Percent change in youth crime severity index","Percent","239","units","0","v87984852","3.8","0.00","","","","2"
"2011","St. John's, Newfoundland and Labrador [10001]","2021A003510001","Percent change in youth crime severity index","Percent","239","units","0","v87984852","3.8","","..","","","2"
"2012","St. John's, Newfoundland and Labrador [10001]","2021A003510001","Percent change in youth crime severity index","Percent","239","units","0","v87984852","3.8","","..","","","2"
"2013","St. John's, Newfoundland and Labrador [10001]","2021A003510001","Percent change in youth crime severity index","Percent","239","units","0","v87984852","3.8","","..","","","2"
"2014","St. John's, Newfoundland and Labrador [10001]","2021A003510001","Percent change in youth crime severity index","Percent","239","units","0","v87984852","3.8","","..","","","2"
"2015","St. John's, Newfoundland and Labrador [10001]","2021A003510001","Percent change in youth crime severity index","Percent","239","units","0","v87984852","3.8","","..","","","2"
"2016","St. John's, Newfoundland and Labrador [10001]","2021A003510001","Percent change in youth crime severity index","Percent","239","units","0","v87984852","3.8","","..","","","2"
"2017","St. John's, Newfoundland and Labrador [10001]","2021A003510001","Percent change in youth crime severity index","Percent","239","units","0","v87984852","3.8","","..","","","2"
"2018","St. John's, Newfoundland and Labrador [10001]","2021A003510001","Percent change in youth crime severity index","Percent","239","units","0","v87984852","3.8","","..","","","2"
"2019","St. John's, Newfoundland and Labrador [10001]","2021A003510001","Percent change in youth crime severity index","Percent","239","units","0","v87984852","3.8","","..","","","2"
"2020","St. John's, Newfoundland and Labrador [10001]","2021A003510001","Percent change in youth crime severity index","Percent","239","units","0","v87984852","3.8","","..","","","2"
"2021","St. John's, Newfoundland and Labrador [10001]","2021A003510001","Percent change in youth crime severity index","Percent","239","units","0","v87984852","3.8","","..","","","2"
"2010","St. John's, Newfoundland and Labrador [10001]","2021A003510001","Youth violent crime severity index","Index","160","units","0","v53079664","3.9","0.00","","","","2"
"2011","St. John's, Newfoundland and Labrador [10001]","2021A003510001","Youth violent crime severity index","Index","160","units","0","v53079664","3.9","","..","","","2"
"2012","St. John's, Newfoundland and Labrador [10001]","2021A003510001","Youth violent crime severity index","Index","160","units","0","v53079664","3.9","","..","","","2"
"2013","St. John's, Newfoundland and Labrador [10001]","2021A003510001","Youth violent crime severity index","Index","160","units","0","v53079664","3.9","","..","","","2"
"2014","St. John's, Newfoundland and Labrador [10001]","2021A003510001","Youth violent crime severity index","Index","160","units","0","v53079664","3.9","","..","","","2"
"2015","St. John's, Newfoundland and Labrador [10001]","2021A003510001","Youth violent crime severity index","Index","160","units","0","v53079664","3.9","","..","","","2"
"2016","St. John's, Newfoundland and Labrador [10001]","2021A003510001","Youth violent crime severity index","Index","160","units","0","v53079664","3.9","","..","","","2"
"2017","St. John's, Newfoundland and Labrador [10001]","2021A003510001","Youth violent crime severity index","Index","160","units","0","v53079664","3.9","","..","","","2"
"2018","St. John's, Newfoundland and Labrador [10001]","2021A003510001","Youth violent crime severity index","Index","160","units","0","v53079664","3.9","","..","","","2"
"2019","St. John's, Newfoundland and Labrador [10001]","2021A003510001","Youth violent crime severity index","Index","160","units","0","v53079664","3.9","","..","","","2"
"2020","St. John's, Newfoundland and Labrador [10001]","2021A003510001","Youth violent crime severity index","Index","160","units","0","v53079664","3.9","","..","","","2"
"2021","St. John's, Newfoundland and Labrador [10001]","2021A003510001","Youth violent crime severity index","Index","160","units","0","v53079664","3.9","","..","","","2"
"2010","St. John's, Newfoundland and Labrador [10001]","2021A003510001","Percent change in youth violent crime severity index","Percent","239","units","0","v87984853","3.10","0.00","","","","2"
"2011","St. John's, Newfoundland and Labrador [10001]","2021A003510001","Percent change in youth violent crime severity index","Percent","239","units","0","v87984853","3.10","","..","","","2"
"2012","St. John's, Newfoundland and Labrador [10001]","2021A003510001","Percent change in youth violent crime severity index","Percent","239","units","0","v87984853","3.10","","..","","","2"
"2013","St. John's, Newfoundland and Labrador [10001]","2021A003510001","Percent change in youth violent crime severity index","Percent","239","units","0","v87984853","3.10","","..","","","2"
"2014","St. John's, Newfoundland and Labrador [10001]","2021A003510001","Percent change in youth violent crime severity index","Percent","239","units","0","v87984853","3.10","","..","","","2"
"2015","St. John's, Newfoundland and Labrador [10001]","2021A003510001","Percent change in youth violent crime severity index","Percent","239","units","0","v87984853","3.10","","..","","","2"
"2016","St. John's, Newfoundland and Labrador [10001]","2021A003510001","Percent change in youth violent crime severity index","Percent","239","units","0","v87984853","3.10","","..","","","2"
"2017","St. John's, Newfoundland and Labrador [10001]","2021A003510001","Percent change in youth violent crime severity index","Percent","239","units","0","v87984853","3.10","","..","","","2"
"2018","St. John's, Newfoundland and Labrador [10001]","2021A003510001","Percent change in youth violent crime severity index","Percent","239","units","0","v87984853","3.10","","..","","","2"
"2019","St. John's, Newfoundland and Labrador [10001]","2021A003510001","Percent change in youth violent crime severity index","Percent","239","units","0","v87984853","3.10","","..","","","2"
"2020","St. John's, Newfoundland and Labrador [10001]","2021A003510001","Percent change in youth violent crime severity index","Percent","239","units","0","v87984853","3.10","","..","","","2"
"2021","St. John's, Newfoundland and Labrador [10001]","2021A003510001","Percent change in youth violent crime severity index","Percent","239","units","0","v87984853","3.10","","..","","","2"
"2010","St. John's, Newfoundland and Labrador [10001]","2021A003510001","Youth non-violent crime severity index","Index","160","units","0","v53079656","3.11","0.00","","","","2"
"2011","St. John's, Newfoundland and Labrador [10001]","2021A003510001","Youth non-violent crime severity index","Index","160","units","0","v53079656","3.11","","..","","","2"
"2012","St. John's, Newfoundland and Labrador [10001]","2021A003510001","Youth non-violent crime severity index","Index","160","units","0","v53079656","3.11","","..","","","2"
"2013","St. John's, Newfoundland and Labrador [10001]","2021A003510001","Youth non-violent crime severity index","Index","160","units","0","v53079656","3.11","","..","","","2"
"2014","St. John's, Newfoundland and Labrador [10001]","2021A003510001","Youth non-violent crime severity index","Index","160","units","0","v53079656","3.11","","..","","","2"
"2015","St. John's, Newfoundland and Labrador [10001]","2021A003510001","Youth non-violent crime severity index","Index","160","units","0","v53079656","3.11","","..","","","2"
"2016","St. John's, Newfoundland and Labrador [10001]","2021A003510001","Youth non-violent crime severity index","Index","160","units","0","v53079656","3.11","","..","","","2"
"2017","St. John's, Newfoundland and Labrador [10001]","2021A003510001","Youth non-violent crime severity index","Index","160","units","0","v53079656","3.11","","..","","","2"
"2018","St. John's, Newfoundland and Labrador [10001]","2021A003510001","Youth non-violent crime severity index","Index","160","units","0","v53079656","3.11","","..","","","2"
"2019","St. John's, Newfoundland and Labrador [10001]","2021A003510001","Youth non-violent crime severity index","Index","160","units","0","v53079656","3.11","","..","","","2"
"2020","St. John's, Newfoundland and Labrador [10001]","2021A003510001","Youth non-violent crime severity index","Index","160","units","0","v53079656","3.11","","..","","","2"
"2021","St. John's, Newfoundland and Labrador [10001]","2021A003510001","Youth non-violent crime severity index","Index","160","units","0","v53079656","3.11","","..","","","2"
"2010","St. John's, Newfoundland and Labrador [10001]","2021A003510001","Percent change in youth non-violent crime severity index","Percent","239","units","0","v87984854","3.12","0.00","","","","2"
"2011","St. John's, Newfoundland and Labrador [10001]","2021A003510001","Percent change in youth non-violent crime severity index","Percent","239","units","0","v87984854","3.12","","..","","","2"
"2012","St. John's, Newfoundland and Labrador [10001]","2021A003510001","Percent change in youth non-violent crime severity index","Percent","239","units","0","v87984854","3.12","","..","","","2"
"2013","St. John's, Newfoundland and Labrador [10001]","2021A003510001","Percent change in youth non-violent crime severity index","Percent","239","units","0","v87984854","3.12","","..","","","2"
"2014","St. John's, Newfoundland and Labrador [10001]","2021A003510001","Percent change in youth non-violent crime severity index","Percent","239","units","0","v87984854","3.12","","..","","","2"
"2015","St. John's, Newfoundland and Labrador [10001]","2021A003510001","Percent change in youth non-violent crime severity index","Percent","239","units","0","v87984854","3.12","","..","","","2"
"2016","St. John's, Newfoundland and Labrador [10001]","2021A003510001","Percent change in youth non-violent crime severity index","Percent","239","units","0","v87984854","3.12","","..","","","2"
"2017","St. John's, Newfoundland and Labrador [10001]","2021A003510001","Percent change in youth non-violent crime severity index","Percent","239","units","0","v87984854","3.12","","..","","","2"
"2018","St. John's, Newfoundland and Labrador [10001]","2021A003510001","Percent change in youth non-violent crime severity index","Percent","239","units","0","v87984854","3.12","","..","","","2"
"2019","St. John's, Newfoundland and Labrador [10001]","2021A003510001","Percent change in youth non-violent crime severity index","Percent","239","units","0","v87984854","3.12","","..","","","2"
"2020","St. John's, Newfoundland and Labrador [10001]","2021A003510001","Percent change in youth non-violent crime severity index","Percent","239","units","0","v87984854","3.12","","..","","","2"
"2021","St. John's, Newfoundland and Labrador [10001]","2021A003510001","Percent change in youth non-violent crime severity index","Percent","239","units","0","v87984854","3.12","","..","","","2"
"2010","St. John's, Newfoundland and Labrador [10001]","2021A003510001","Weighted clearance rate","Number","223","units","0","v53079657","3.13","24.24","","","","2"
"2011","St. John's, Newfoundland and Labrador [10001]","2021A003510001","Weighted clearance rate","Number","223","units","0","v53079657","3.13","26.55","","","","2"
"2012","St. John's, Newfoundland and Labrador [10001]","2021A003510001","Weighted clearance rate","Number","223","units","0","v53079657","3.13","26.53","","","","2"
"2013","St. John's, Newfoundland and Labrador [10001]","2021A003510001","Weighted clearance rate","Number","223","units","0","v53079657","3.13","29.13","","","","2"
"2014","St. John's, Newfoundland and Labrador [10001]","2021A003510001","Weighted clearance rate","Number","223","units","0","v53079657","3.13","29.83","","","","2"
"2015","St. John's, Newfoundland and Labrador [10001]","2021A003510001","Weighted clearance rate","Number","223","units","0","v53079657","3.13","29.26","","","","2"
"2016","St. John's, Newfoundland and Labrador [10001]","2021A003510001","Weighted clearance rate","Number","223","units","0","v53079657","3.13","30.68","","","","2"
"2017","St. John's, Newfoundland and Labrador [10001]","2021A003510001","Weighted clearance rate","Number","223","units","0","v53079657","3.13","32.91","","","","2"
"2018","St. John's, Newfoundland and Labrador [10001]","2021A003510001","Weighted clearance rate","Number","223","units","0","v53079657","3.13","29.28","","","","2"
"2019","St. John's, Newfoundland and Labrador [10001]","2021A003510001","Weighted clearance rate","Number","223","units","0","v53079657","3.13","28.59","","","","2"
"2020","St. John's, Newfoundland and Labrador [10001]","2021A003510001","Weighted clearance rate","Number","223","units","0","v53079657","3.13","25.59","","","","2"
"2021","St. John's, Newfoundland and Labrador [10001]","2021A003510001","Weighted clearance rate","Number","223","units","0","v53079657","3.13","26.26","","","","2"
"2010","St. John's, Newfoundland and Labrador [10001]","2021A003510001","Percent change in weighted clearance rate","Percent","239","units","0","v53079658","3.14","2.67","","","","2"
"2011","St. John's, Newfoundland and Labrador [10001]","2021A003510001","Percent change in weighted clearance rate","Percent","239","units","0","v53079658","3.14","9.53","","","","2"
"2012","St. John's, Newfoundland and Labrador [10001]","2021A003510001","Percent change in weighted clearance rate","Percent","239","units","0","v53079658","3.14","-0.08","","","","2"
"2013","St. John's, Newfoundland and Labrador [10001]","2021A003510001","Percent change in weighted clearance rate","Percent","239","units","0","v53079658","3.14","9.80","","","","2"
"2014","St. John's, Newfoundland and Labrador [10001]","2021A003510001","Percent change in weighted clearance rate","Percent","239","units","0","v53079658","3.14","2.40","","","","2"
"2015","St. John's, Newfoundland and Labrador [10001]","2021A003510001","Percent change in weighted clearance rate","Percent","239","units","0","v53079658","3.14","-1.91","","","","2"
"2016","St. John's, Newfoundland and Labrador [10001]","2021A003510001","Percent change in weighted clearance rate","Percent","239","units","0","v53079658","3.14","4.85","","","","2"
"2017","St. John's, Newfoundland and Labrador [10001]","2021A003510001","Percent change in weighted clearance rate","Percent","239","units","0","v53079658","3.14","7.27","","","","2"
"2018","St. John's, Newfoundland and Labrador [10001]","2021A003510001","Percent change in weighted clearance rate","Percent","239","units","0","v53079658","3.14","-11.03","","","","2"
"2019","St. John's, Newfoundland and Labrador [10001]","2021A003510001","Percent change in weighted clearance rate","Percent","239","units","0","v53079658","3.14","-2.36","","","","2"
"2020","St. John's, Newfoundland and Labrador [10001]","2021A003510001","Percent change in weighted clearance rate","Percent","239","units","0","v53079658","3.14","-10.49","","","","2"
"2021","St. John's, Newfoundland and Labrador [10001]","2021A003510001","Percent change in weighted clearance rate","Percent","239","units","0","v53079658","3.14","2.62","","","","2"
"2010","St. John's, Newfoundland and Labrador [10001]","2021A003510001","Violent weighted clearance rate","Number","223","units","0","v53079659","3.15","40.52","","","","2"
"2011","St. John's, Newfoundland and Labrador [10001]","2021A003510001","Violent weighted clearance rate","Number","223","units","0","v53079659","3.15","48.95","","","","2"
"2012","St. John's, Newfoundland and Labrador [10001]","2021A003510001","Violent weighted clearance rate","Number","223","units","0","v53079659","3.15","45.16","","","","2"
"2013","St. John's, Newfoundland and Labrador [10001]","2021A003510001","Violent weighted clearance rate","Number","223","units","0","v53079659","3.15","48.80","","","","2"
"2014","St. John's, Newfoundland and Labrador [10001]","2021A003510001","Violent weighted clearance rate","Number","223","units","0","v53079659","3.15","52.20","","","","2"
"2015","St. John's, Newfoundland and Labrador [10001]","2021A003510001","Violent weighted clearance rate","Number","223","units","0","v53079659","3.15","45.49","","","","2"
"2016","St. John's, Newfoundland and Labrador [10001]","2021A003510001","Violent weighted clearance rate","Number","223","units","0","v53079659","3.15","45.39","","","","2"
"2017","St. John's, Newfoundland and Labrador [10001]","2021A003510001","Violent weighted clearance rate","Number","223","units","0","v53079659","3.15","45.42","","","","2"
"2018","St. John's, Newfoundland and Labrador [10001]","2021A003510001","Violent weighted clearance rate","Number","223","units","0","v53079659","3.15","41.26","","","","2"
"2019","St. John's, Newfoundland and Labrador [10001]","2021A003510001","Violent weighted clearance rate","Number","223","units","0","v53079659","3.15","35.03","","","","2"
"2020","St. John's, Newfoundland and Labrador [10001]","2021A003510001","Violent weighted clearance rate","Number","223","units","0","v53079659","3.15","33.91","","","","2"
"2021","St. John's, Newfoundland and Labrador [10001]","2021A003510001","Violent weighted clearance rate","Number","223","units","0","v53079659","3.15","37.64","","","","2"
"2010","St. John's, Newfoundland and Labrador [10001]","2021A003510001","Percent change in violent weighted clearance rate","Percent","239","units","0","v53079660","3.16","0.97","","","","2"
"2011","St. John's, Newfoundland and Labrador [10001]","2021A003510001","Percent change in violent weighted clearance rate","Percent","239","units","0","v53079660","3.16","20.80","","","","2"
"2012","St. John's, Newfoundland and Labrador [10001]","2021A003510001","Percent change in violent weighted clearance rate","Percent","239","units","0","v53079660","3.16","-7.74","","","","2"
"2013","St. John's, Newfoundland and Labrador [10001]","2021A003510001","Percent change in violent weighted clearance rate","Percent","239","units","0","v53079660","3.16","8.06","","","","2"
"2014","St. John's, Newfoundland and Labrador [10001]","2021A003510001","Percent change in violent weighted clearance rate","Percent","239","units","0","v53079660","3.16","6.97","","","","2"
"2015","St. John's, Newfoundland and Labrador [10001]","2021A003510001","Percent change in violent weighted clearance rate","Percent","239","units","0","v53079660","3.16","-12.85","","","","2"
"2016","St. John's, Newfoundland and Labrador [10001]","2021A003510001","Percent change in violent weighted clearance rate","Percent","239","units","0","v53079660","3.16","-0.22","","","","2"
"2017","St. John's, Newfoundland and Labrador [10001]","2021A003510001","Percent change in violent weighted clearance rate","Percent","239","units","0","v53079660","3.16","0.07","","","","2"
"2018","St. John's, Newfoundland and Labrador [10001]","2021A003510001","Percent change in violent weighted clearance rate","Percent","239","units","0","v53079660","3.16","-9.16","","","","2"
"2019","St. John's, Newfoundland and Labrador [10001]","2021A003510001","Percent change in violent weighted clearance rate","Percent","239","units","0","v53079660","3.16","-15.10","","","","2"
"2020","St. John's, Newfoundland and Labrador [10001]","2021A003510001","Percent change in violent weighted clearance rate","Percent","239","units","0","v53079660","3.16","-3.20","","","","2"
"2021","St. John's, Newfoundland and Labrador [10001]","2021A003510001","Percent change in violent weighted clearance rate","Percent","239","units","0","v53079660","3.16","11.00","","","","2"
"2010","St. John's, Newfoundland and Labrador [10001]","2021A003510001","Non-violent weighted clearance rate","Number","223","units","0","v53079661","3.17","18.91","","","","2"
"2011","St. John's, Newfoundland and Labrador [10001]","2021A003510001","Non-violent weighted clearance rate","Number","223","units","0","v53079661","3.17","20.24","","","","2"
"2012","St. John's, Newfoundland and Labrador [10001]","2021A003510001","Non-violent weighted clearance rate","Number","223","units","0","v53079661","3.17","20.68","","","","2"
"2013","St. John's, Newfoundland and Labrador [10001]","2021A003510001","Non-violent weighted clearance rate","Number","223","units","0","v53079661","3.17","21.82","","","","2"
"2014","St. John's, Newfoundland and Labrador [10001]","2021A003510001","Non-violent weighted clearance rate","Number","223","units","0","v53079661","3.17","22.59","","","","2"
"2015","St. John's, Newfoundland and Labrador [10001]","2021A003510001","Non-violent weighted clearance rate","Number","223","units","0","v53079661","3.17","22.66","","","","2"
"2016","St. John's, Newfoundland and Labrador [10001]","2021A003510001","Non-violent weighted clearance rate","Number","223","units","0","v53079661","3.17","24.39","","","","2"
"2017","St. John's, Newfoundland and Labrador [10001]","2021A003510001","Non-violent weighted clearance rate","Number","223","units","0","v53079661","3.17","26.60","","","","2"
"2018","St. John's, Newfoundland and Labrador [10001]","2021A003510001","Non-violent weighted clearance rate","Number","223","units","0","v53079661","3.17","23.84","","","","2"
"2019","St. John's, Newfoundland and Labrador [10001]","2021A003510001","Non-violent weighted clearance rate","Number","223","units","0","v53079661","3.17","25.75","","","","2"
"2020","St. John's, Newfoundland and Labrador [10001]","2021A003510001","Non-violent weighted clearance rate","Number","223","units","0","v53079661","3.17","21.26","","","","2"
"2021","St. John's, Newfoundland and Labrador [10001]","2021A003510001","Non-violent weighted clearance rate","Number","223","units","0","v53079661","3.17","19.19","","","","2"
"2010","St. John's, Newfoundland and Labrador [10001]","2021A003510001","Percent change in non-violent weighted clearance rate","Percent","239","units","0","v53079662","3.18","-1.20","","","","2"
"2011","St. John's, Newfoundland and Labrador [10001]","2021A003510001","Percent change in non-violent weighted clearance rate","Percent","239","units","0","v53079662","3.18","7.03","","","","2"
"2012","St. John's, Newfoundland and Labrador [10001]","2021A003510001","Percent change in non-violent weighted clearance rate","Percent","239","units","0","v53079662","3.18","2.17","","","","2"
"2013","St. John's, Newfoundland and Labrador [10001]","2021A003510001","Percent change in non-violent weighted clearance rate","Percent","239","units","0","v53079662","3.18","5.51","","","","2"
"2014","St. John's, Newfoundland and Labrador [10001]","2021A003510001","Percent change in non-violent weighted clearance rate","Percent","239","units","0","v53079662","3.18","3.53","","","","2"
"2015","St. John's, Newfoundland and Labrador [10001]","2021A003510001","Percent change in non-violent weighted clearance rate","Percent","239","units","0","v53079662","3.18","0.31","","","","2"
"2016","St. John's, Newfoundland and Labrador [10001]","2021A003510001","Percent change in non-violent weighted clearance rate","Percent","239","units","0","v53079662","3.18","7.63","","","","2"
"2017","St. John's, Newfoundland and Labrador [10001]","2021A003510001","Percent change in non-violent weighted clearance rate","Percent","239","units","0","v53079662","3.18","9.06","","","","2"
"2018","St. John's, Newfoundland and Labrador [10001]","2021A003510001","Percent change in non-violent weighted clearance rate","Percent","239","units","0","v53079662","3.18","-10.38","","","","2"
"2019","St. John's, Newfoundland and Labrador [10001]","2021A003510001","Percent change in non-violent weighted clearance rate","Percent","239","units","0","v53079662","3.18","8.01","","","","2"
"2020","St. John's, Newfoundland and Labrador [10001]","2021A003510001","Percent change in non-violent weighted clearance rate","Percent","239","units","0","v53079662","3.18","-17.44","","","","2"
"2021","St. John's, Newfoundland and Labrador [10001]","2021A003510001","Percent change in non-violent weighted clearance rate","Percent","239","units","0","v53079662","3.18","-9.74","","","","2"


