﻿"REF_DATE","GEO","DGUID","Statistics","UOM","UOM_ID","SCALAR_FACTOR","SCALAR_ID","VECTOR","COORDINATE","VALUE","STATUS","SYMBOL","TERMINATED","DECIMALS"
"2010","Newfoundland and Labrador [10]","2016A000210","Crime severity index","Index","160","units","0","v44312467","2.1","78.65","","","","2"
"2011","Newfoundland and Labrador [10]","2016A000210","Crime severity index","Index","160","units","0","v44312467","2.1","71.85","","","","2"
"2012","Newfoundland and Labrador [10]","2016A000210","Crime severity index","Index","160","units","0","v44312467","2.1","68.00","","","","2"
"2013","Newfoundland and Labrador [10]","2016A000210","Crime severity index","Index","160","units","0","v44312467","2.1","68.47","","","","2"
"2014","Newfoundland and Labrador [10]","2016A000210","Crime severity index","Index","160","units","0","v44312467","2.1","62.36","","","","2"
"2015","Newfoundland and Labrador [10]","2016A000210","Crime severity index","Index","160","units","0","v44312467","2.1","65.78","","","","2"
"2016","Newfoundland and Labrador [10]","2016A000210","Crime severity index","Index","160","units","0","v44312467","2.1","69.55","","","","2"
"2017","Newfoundland and Labrador [10]","2016A000210","Crime severity index","Index","160","units","0","v44312467","2.1","63.52","","","","2"
"2018","Newfoundland and Labrador [10]","2016A000210","Crime severity index","Index","160","units","0","v44312467","2.1","64.85","","","","2"
"2019","Newfoundland and Labrador [10]","2016A000210","Crime severity index","Index","160","units","0","v44312467","2.1","71.91","","","","2"
"2020","Newfoundland and Labrador [10]","2016A000210","Crime severity index","Index","160","units","0","v44312467","2.1","69.56","","","","2"
"2021","Newfoundland and Labrador [10]","2016A000210","Crime severity index","Index","160","units","0","v44312467","2.1","75.50","","","","2"
"2010","Newfoundland and Labrador [10]","2016A000210","Percent change in crime severity index","Percent","239","units","0","v44312468","2.2","10.06","","","","2"
"2011","Newfoundland and Labrador [10]","2016A000210","Percent change in crime severity index","Percent","239","units","0","v44312468","2.2","-8.65","","","","2"
"2012","Newfoundland and Labrador [10]","2016A000210","Percent change in crime severity index","Percent","239","units","0","v44312468","2.2","-5.36","","","","2"
"2013","Newfoundland and Labrador [10]","2016A000210","Percent change in crime severity index","Percent","239","units","0","v44312468","2.2","0.69","","","","2"
"2014","Newfoundland and Labrador [10]","2016A000210","Percent change in crime severity index","Percent","239","units","0","v44312468","2.2","-8.92","","","","2"
"2015","Newfoundland and Labrador [10]","2016A000210","Percent change in crime severity index","Percent","239","units","0","v44312468","2.2","5.48","","","","2"
"2016","Newfoundland and Labrador [10]","2016A000210","Percent change in crime severity index","Percent","239","units","0","v44312468","2.2","5.73","","","","2"
"2017","Newfoundland and Labrador [10]","2016A000210","Percent change in crime severity index","Percent","239","units","0","v44312468","2.2","-8.67","","","","2"
"2018","Newfoundland and Labrador [10]","2016A000210","Percent change in crime severity index","Percent","239","units","0","v44312468","2.2","2.09","","","","2"
"2019","Newfoundland and Labrador [10]","2016A000210","Percent change in crime severity index","Percent","239","units","0","v44312468","2.2","10.89","","","","2"
"2020","Newfoundland and Labrador [10]","2016A000210","Percent change in crime severity index","Percent","239","units","0","v44312468","2.2","-3.27","","","","2"
"2021","Newfoundland and Labrador [10]","2016A000210","Percent change in crime severity index","Percent","239","units","0","v44312468","2.2","8.54","","","","2"
"2010","Newfoundland and Labrador [10]","2016A000210","Violent crime severity index","Index","160","units","0","v44312469","2.3","69.25","","","","2"
"2011","Newfoundland and Labrador [10]","2016A000210","Violent crime severity index","Index","160","units","0","v44312469","2.3","60.67","","","","2"
"2012","Newfoundland and Labrador [10]","2016A000210","Violent crime severity index","Index","160","units","0","v44312469","2.3","64.34","","","","2"
"2013","Newfoundland and Labrador [10]","2016A000210","Violent crime severity index","Index","160","units","0","v44312469","2.3","65.97","","","","2"
"2014","Newfoundland and Labrador [10]","2016A000210","Violent crime severity index","Index","160","units","0","v44312469","2.3","58.02","","","","2"
"2015","Newfoundland and Labrador [10]","2016A000210","Violent crime severity index","Index","160","units","0","v44312469","2.3","67.02","","","","2"
"2016","Newfoundland and Labrador [10]","2016A000210","Violent crime severity index","Index","160","units","0","v44312469","2.3","73.58","","","","2"
"2017","Newfoundland and Labrador [10]","2016A000210","Violent crime severity index","Index","160","units","0","v44312469","2.3","70.54","","","","2"
"2018","Newfoundland and Labrador [10]","2016A000210","Violent crime severity index","Index","160","units","0","v44312469","2.3","71.74","","","","2"
"2019","Newfoundland and Labrador [10]","2016A000210","Violent crime severity index","Index","160","units","0","v44312469","2.3","79.79","","","","2"
"2020","Newfoundland and Labrador [10]","2016A000210","Violent crime severity index","Index","160","units","0","v44312469","2.3","81.78","","","","2"
"2021","Newfoundland and Labrador [10]","2016A000210","Violent crime severity index","Index","160","units","0","v44312469","2.3","97.31","","","","2"
"2010","Newfoundland and Labrador [10]","2016A000210","Percent change in violent crime severity index","Percent","239","units","0","v44312470","2.4","13.77","","","","2"
"2011","Newfoundland and Labrador [10]","2016A000210","Percent change in violent crime severity index","Percent","239","units","0","v44312470","2.4","-12.39","","","","2"
"2012","Newfoundland and Labrador [10]","2016A000210","Percent change in violent crime severity index","Percent","239","units","0","v44312470","2.4","6.05","","","","2"
"2013","Newfoundland and Labrador [10]","2016A000210","Percent change in violent crime severity index","Percent","239","units","0","v44312470","2.4","2.53","","","","2"
"2014","Newfoundland and Labrador [10]","2016A000210","Percent change in violent crime severity index","Percent","239","units","0","v44312470","2.4","-12.05","","","","2"
"2015","Newfoundland and Labrador [10]","2016A000210","Percent change in violent crime severity index","Percent","239","units","0","v44312470","2.4","15.51","","","","2"
"2016","Newfoundland and Labrador [10]","2016A000210","Percent change in violent crime severity index","Percent","239","units","0","v44312470","2.4","9.79","","","","2"
"2017","Newfoundland and Labrador [10]","2016A000210","Percent change in violent crime severity index","Percent","239","units","0","v44312470","2.4","-4.13","","","","2"
"2018","Newfoundland and Labrador [10]","2016A000210","Percent change in violent crime severity index","Percent","239","units","0","v44312470","2.4","1.70","","","","2"
"2019","Newfoundland and Labrador [10]","2016A000210","Percent change in violent crime severity index","Percent","239","units","0","v44312470","2.4","11.22","","","","2"
"2020","Newfoundland and Labrador [10]","2016A000210","Percent change in violent crime severity index","Percent","239","units","0","v44312470","2.4","2.49","","","","2"
"2021","Newfoundland and Labrador [10]","2016A000210","Percent change in violent crime severity index","Percent","239","units","0","v44312470","2.4","18.99","","","","2"
"2010","Newfoundland and Labrador [10]","2016A000210","Non-violent crime severity index","Index","160","units","0","v44312471","2.5","82.26","","","","2"
"2011","Newfoundland and Labrador [10]","2016A000210","Non-violent crime severity index","Index","160","units","0","v44312471","2.5","75.77","","","","2"
"2012","Newfoundland and Labrador [10]","2016A000210","Non-violent crime severity index","Index","160","units","0","v44312471","2.5","69.20","","","","2"
"2013","Newfoundland and Labrador [10]","2016A000210","Non-violent crime severity index","Index","160","units","0","v44312471","2.5","69.24","","","","2"
"2014","Newfoundland and Labrador [10]","2016A000210","Non-violent crime severity index","Index","160","units","0","v44312471","2.5","63.81","","","","2"
"2015","Newfoundland and Labrador [10]","2016A000210","Non-violent crime severity index","Index","160","units","0","v44312471","2.5","65.19","","","","2"
"2016","Newfoundland and Labrador [10]","2016A000210","Non-violent crime severity index","Index","160","units","0","v44312471","2.5","67.94","","","","2"
"2017","Newfoundland and Labrador [10]","2016A000210","Non-violent crime severity index","Index","160","units","0","v44312471","2.5","60.85","","","","2"
"2018","Newfoundland and Labrador [10]","2016A000210","Non-violent crime severity index","Index","160","units","0","v44312471","2.5","62.22","","","","2"
"2019","Newfoundland and Labrador [10]","2016A000210","Non-violent crime severity index","Index","160","units","0","v44312471","2.5","68.91","","","","2"
"2020","Newfoundland and Labrador [10]","2016A000210","Non-violent crime severity index","Index","160","units","0","v44312471","2.5","65.00","","","","2"
"2021","Newfoundland and Labrador [10]","2016A000210","Non-violent crime severity index","Index","160","units","0","v44312471","2.5","67.48","","","","2"
"2010","Newfoundland and Labrador [10]","2016A000210","Percent change in non-violent crime severity index","Percent","239","units","0","v44312472","2.6","8.91","","","","2"
"2011","Newfoundland and Labrador [10]","2016A000210","Percent change in non-violent crime severity index","Percent","239","units","0","v44312472","2.6","-7.89","","","","2"
"2012","Newfoundland and Labrador [10]","2016A000210","Percent change in non-violent crime severity index","Percent","239","units","0","v44312472","2.6","-8.67","","","","2"
"2013","Newfoundland and Labrador [10]","2016A000210","Percent change in non-violent crime severity index","Percent","239","units","0","v44312472","2.6","0.06","","","","2"
"2014","Newfoundland and Labrador [10]","2016A000210","Percent change in non-violent crime severity index","Percent","239","units","0","v44312472","2.6","-7.84","","","","2"
"2015","Newfoundland and Labrador [10]","2016A000210","Percent change in non-violent crime severity index","Percent","239","units","0","v44312472","2.6","2.16","","","","2"
"2016","Newfoundland and Labrador [10]","2016A000210","Percent change in non-violent crime severity index","Percent","239","units","0","v44312472","2.6","4.22","","","","2"
"2017","Newfoundland and Labrador [10]","2016A000210","Percent change in non-violent crime severity index","Percent","239","units","0","v44312472","2.6","-10.44","","","","2"
"2018","Newfoundland and Labrador [10]","2016A000210","Percent change in non-violent crime severity index","Percent","239","units","0","v44312472","2.6","2.25","","","","2"
"2019","Newfoundland and Labrador [10]","2016A000210","Percent change in non-violent crime severity index","Percent","239","units","0","v44312472","2.6","10.75","","","","2"
"2020","Newfoundland and Labrador [10]","2016A000210","Percent change in non-violent crime severity index","Percent","239","units","0","v44312472","2.6","-5.67","","","","2"
"2021","Newfoundland and Labrador [10]","2016A000210","Percent change in non-violent crime severity index","Percent","239","units","0","v44312472","2.6","3.82","","","","2"
"2010","Newfoundland and Labrador [10]","2016A000210","Youth crime severity index","Index","160","units","0","v53079560","2.7","77.94","","","","2"
"2011","Newfoundland and Labrador [10]","2016A000210","Youth crime severity index","Index","160","units","0","v53079560","2.7","71.77","","","","2"
"2012","Newfoundland and Labrador [10]","2016A000210","Youth crime severity index","Index","160","units","0","v53079560","2.7","65.42","","","","2"
"2013","Newfoundland and Labrador [10]","2016A000210","Youth crime severity index","Index","160","units","0","v53079560","2.7","64.32","","","","2"
"2014","Newfoundland and Labrador [10]","2016A000210","Youth crime severity index","Index","160","units","0","v53079560","2.7","57.32","","","","2"
"2015","Newfoundland and Labrador [10]","2016A000210","Youth crime severity index","Index","160","units","0","v53079560","2.7","59.62","","","","2"
"2016","Newfoundland and Labrador [10]","2016A000210","Youth crime severity index","Index","160","units","0","v53079560","2.7","60.66","","","","2"
"2017","Newfoundland and Labrador [10]","2016A000210","Youth crime severity index","Index","160","units","0","v53079560","2.7","65.67","","","","2"
"2018","Newfoundland and Labrador [10]","2016A000210","Youth crime severity index","Index","160","units","0","v53079560","2.7","55.64","","","","2"
"2019","Newfoundland and Labrador [10]","2016A000210","Youth crime severity index","Index","160","units","0","v53079560","2.7","46.49","","","","2"
"2020","Newfoundland and Labrador [10]","2016A000210","Youth crime severity index","Index","160","units","0","v53079560","2.7","36.93","","","","2"
"2021","Newfoundland and Labrador [10]","2016A000210","Youth crime severity index","Index","160","units","0","v53079560","2.7","31.77","","","","2"
"2010","Newfoundland and Labrador [10]","2016A000210","Percent change in youth crime severity index","Percent","239","units","0","v53079561","2.8","-9.39","","","","2"
"2011","Newfoundland and Labrador [10]","2016A000210","Percent change in youth crime severity index","Percent","239","units","0","v53079561","2.8","-7.92","","","","2"
"2012","Newfoundland and Labrador [10]","2016A000210","Percent change in youth crime severity index","Percent","239","units","0","v53079561","2.8","-8.85","","","","2"
"2013","Newfoundland and Labrador [10]","2016A000210","Percent change in youth crime severity index","Percent","239","units","0","v53079561","2.8","-1.68","","","","2"
"2014","Newfoundland and Labrador [10]","2016A000210","Percent change in youth crime severity index","Percent","239","units","0","v53079561","2.8","-10.88","","","","2"
"2015","Newfoundland and Labrador [10]","2016A000210","Percent change in youth crime severity index","Percent","239","units","0","v53079561","2.8","4.01","","","","2"
"2016","Newfoundland and Labrador [10]","2016A000210","Percent change in youth crime severity index","Percent","239","units","0","v53079561","2.8","1.74","","","","2"
"2017","Newfoundland and Labrador [10]","2016A000210","Percent change in youth crime severity index","Percent","239","units","0","v53079561","2.8","8.26","","","","2"
"2018","Newfoundland and Labrador [10]","2016A000210","Percent change in youth crime severity index","Percent","239","units","0","v53079561","2.8","-15.27","","","","2"
"2019","Newfoundland and Labrador [10]","2016A000210","Percent change in youth crime severity index","Percent","239","units","0","v53079561","2.8","-16.45","","","","2"
"2020","Newfoundland and Labrador [10]","2016A000210","Percent change in youth crime severity index","Percent","239","units","0","v53079561","2.8","-20.56","","","","2"
"2021","Newfoundland and Labrador [10]","2016A000210","Percent change in youth crime severity index","Percent","239","units","0","v53079561","2.8","-13.97","","","","2"
"2010","Newfoundland and Labrador [10]","2016A000210","Youth violent crime severity index","Index","160","units","0","v53079562","2.9","55.26","","","","2"
"2011","Newfoundland and Labrador [10]","2016A000210","Youth violent crime severity index","Index","160","units","0","v53079562","2.9","47.80","","","","2"
"2012","Newfoundland and Labrador [10]","2016A000210","Youth violent crime severity index","Index","160","units","0","v53079562","2.9","49.56","","","","2"
"2013","Newfoundland and Labrador [10]","2016A000210","Youth violent crime severity index","Index","160","units","0","v53079562","2.9","50.47","","","","2"
"2014","Newfoundland and Labrador [10]","2016A000210","Youth violent crime severity index","Index","160","units","0","v53079562","2.9","49.20","","","","2"
"2015","Newfoundland and Labrador [10]","2016A000210","Youth violent crime severity index","Index","160","units","0","v53079562","2.9","50.24","","","","2"
"2016","Newfoundland and Labrador [10]","2016A000210","Youth violent crime severity index","Index","160","units","0","v53079562","2.9","52.31","","","","2"
"2017","Newfoundland and Labrador [10]","2016A000210","Youth violent crime severity index","Index","160","units","0","v53079562","2.9","58.36","","","","2"
"2018","Newfoundland and Labrador [10]","2016A000210","Youth violent crime severity index","Index","160","units","0","v53079562","2.9","57.78","","","","2"
"2019","Newfoundland and Labrador [10]","2016A000210","Youth violent crime severity index","Index","160","units","0","v53079562","2.9","49.01","","","","2"
"2020","Newfoundland and Labrador [10]","2016A000210","Youth violent crime severity index","Index","160","units","0","v53079562","2.9","50.66","","","","2"
"2021","Newfoundland and Labrador [10]","2016A000210","Youth violent crime severity index","Index","160","units","0","v53079562","2.9","40.92","","","","2"
"2010","Newfoundland and Labrador [10]","2016A000210","Percent change in youth violent crime severity index","Percent","239","units","0","v53079921","2.10","3.25","","","","2"
"2011","Newfoundland and Labrador [10]","2016A000210","Percent change in youth violent crime severity index","Percent","239","units","0","v53079921","2.10","-13.50","","","","2"
"2012","Newfoundland and Labrador [10]","2016A000210","Percent change in youth violent crime severity index","Percent","239","units","0","v53079921","2.10","3.68","","","","2"
"2013","Newfoundland and Labrador [10]","2016A000210","Percent change in youth violent crime severity index","Percent","239","units","0","v53079921","2.10","1.84","","","","2"
"2014","Newfoundland and Labrador [10]","2016A000210","Percent change in youth violent crime severity index","Percent","239","units","0","v53079921","2.10","-2.52","","","","2"
"2015","Newfoundland and Labrador [10]","2016A000210","Percent change in youth violent crime severity index","Percent","239","units","0","v53079921","2.10","2.11","","","","2"
"2016","Newfoundland and Labrador [10]","2016A000210","Percent change in youth violent crime severity index","Percent","239","units","0","v53079921","2.10","4.12","","","","2"
"2017","Newfoundland and Labrador [10]","2016A000210","Percent change in youth violent crime severity index","Percent","239","units","0","v53079921","2.10","11.57","","","","2"
"2018","Newfoundland and Labrador [10]","2016A000210","Percent change in youth violent crime severity index","Percent","239","units","0","v53079921","2.10","-0.99","","","","2"
"2019","Newfoundland and Labrador [10]","2016A000210","Percent change in youth violent crime severity index","Percent","239","units","0","v53079921","2.10","-15.18","","","","2"
"2020","Newfoundland and Labrador [10]","2016A000210","Percent change in youth violent crime severity index","Percent","239","units","0","v53079921","2.10","3.37","","","","2"
"2021","Newfoundland and Labrador [10]","2016A000210","Percent change in youth violent crime severity index","Percent","239","units","0","v53079921","2.10","-19.23","","","","2"
"2010","Newfoundland and Labrador [10]","2016A000210","Youth non-violent crime severity index","Index","160","units","0","v53079552","2.11","95.21","","","","2"
"2011","Newfoundland and Labrador [10]","2016A000210","Youth non-violent crime severity index","Index","160","units","0","v53079552","2.11","88.44","","","","2"
"2012","Newfoundland and Labrador [10]","2016A000210","Youth non-violent crime severity index","Index","160","units","0","v53079552","2.11","76.37","","","","2"
"2013","Newfoundland and Labrador [10]","2016A000210","Youth non-violent crime severity index","Index","160","units","0","v53079552","2.11","73.84","","","","2"
"2014","Newfoundland and Labrador [10]","2016A000210","Youth non-violent crime severity index","Index","160","units","0","v53079552","2.11","62.83","","","","2"
"2015","Newfoundland and Labrador [10]","2016A000210","Youth non-violent crime severity index","Index","160","units","0","v53079552","2.11","66.00","","","","2"
"2016","Newfoundland and Labrador [10]","2016A000210","Youth non-violent crime severity index","Index","160","units","0","v53079552","2.11","65.80","","","","2"
"2017","Newfoundland and Labrador [10]","2016A000210","Youth non-violent crime severity index","Index","160","units","0","v53079552","2.11","70.06","","","","2"
"2018","Newfoundland and Labrador [10]","2016A000210","Youth non-violent crime severity index","Index","160","units","0","v53079552","2.11","53.67","","","","2"
"2019","Newfoundland and Labrador [10]","2016A000210","Youth non-violent crime severity index","Index","160","units","0","v53079552","2.11","44.35","","","","2"
"2020","Newfoundland and Labrador [10]","2016A000210","Youth non-violent crime severity index","Index","160","units","0","v53079552","2.11","27.22","","","","2"
"2021","Newfoundland and Labrador [10]","2016A000210","Youth non-violent crime severity index","Index","160","units","0","v53079552","2.11","25.24","","","","2"
"2010","Newfoundland and Labrador [10]","2016A000210","Percent change in youth non-violent crime severity index","Percent","239","units","0","v53079553","2.12","-14.05","","","","2"
"2011","Newfoundland and Labrador [10]","2016A000210","Percent change in youth non-violent crime severity index","Percent","239","units","0","v53079553","2.12","-7.11","","","","2"
"2012","Newfoundland and Labrador [10]","2016A000210","Percent change in youth non-violent crime severity index","Percent","239","units","0","v53079553","2.12","-13.65","","","","2"
"2013","Newfoundland and Labrador [10]","2016A000210","Percent change in youth non-violent crime severity index","Percent","239","units","0","v53079553","2.12","-3.31","","","","2"
"2014","Newfoundland and Labrador [10]","2016A000210","Percent change in youth non-violent crime severity index","Percent","239","units","0","v53079553","2.12","-14.91","","","","2"
"2015","Newfoundland and Labrador [10]","2016A000210","Percent change in youth non-violent crime severity index","Percent","239","units","0","v53079553","2.12","5.05","","","","2"
"2016","Newfoundland and Labrador [10]","2016A000210","Percent change in youth non-violent crime severity index","Percent","239","units","0","v53079553","2.12","-0.30","","","","2"
"2017","Newfoundland and Labrador [10]","2016A000210","Percent change in youth non-violent crime severity index","Percent","239","units","0","v53079553","2.12","6.47","","","","2"
"2018","Newfoundland and Labrador [10]","2016A000210","Percent change in youth non-violent crime severity index","Percent","239","units","0","v53079553","2.12","-23.39","","","","2"
"2019","Newfoundland and Labrador [10]","2016A000210","Percent change in youth non-violent crime severity index","Percent","239","units","0","v53079553","2.12","-17.37","","","","2"
"2020","Newfoundland and Labrador [10]","2016A000210","Percent change in youth non-violent crime severity index","Percent","239","units","0","v53079553","2.12","-38.62","","","","2"
"2021","Newfoundland and Labrador [10]","2016A000210","Percent change in youth non-violent crime severity index","Percent","239","units","0","v53079553","2.12","-7.27","","","","2"
"2010","Newfoundland and Labrador [10]","2016A000210","Weighted clearance rate","Number","223","units","0","v53079554","2.13","35.32","","","","2"
"2011","Newfoundland and Labrador [10]","2016A000210","Weighted clearance rate","Number","223","units","0","v53079554","2.13","35.18","","","","2"
"2012","Newfoundland and Labrador [10]","2016A000210","Weighted clearance rate","Number","223","units","0","v53079554","2.13","34.64","","","","2"
"2013","Newfoundland and Labrador [10]","2016A000210","Weighted clearance rate","Number","223","units","0","v53079554","2.13","36.59","","","","2"
"2014","Newfoundland and Labrador [10]","2016A000210","Weighted clearance rate","Number","223","units","0","v53079554","2.13","35.85","","","","2"
"2015","Newfoundland and Labrador [10]","2016A000210","Weighted clearance rate","Number","223","units","0","v53079554","2.13","33.63","","","","2"
"2016","Newfoundland and Labrador [10]","2016A000210","Weighted clearance rate","Number","223","units","0","v53079554","2.13","35.62","","","","2"
"2017","Newfoundland and Labrador [10]","2016A000210","Weighted clearance rate","Number","223","units","0","v53079554","2.13","37.08","","","","2"
"2018","Newfoundland and Labrador [10]","2016A000210","Weighted clearance rate","Number","223","units","0","v53079554","2.13","35.93","","","","2"
"2019","Newfoundland and Labrador [10]","2016A000210","Weighted clearance rate","Number","223","units","0","v53079554","2.13","30.19","","","","2"
"2020","Newfoundland and Labrador [10]","2016A000210","Weighted clearance rate","Number","223","units","0","v53079554","2.13","29.07","","","","2"
"2021","Newfoundland and Labrador [10]","2016A000210","Weighted clearance rate","Number","223","units","0","v53079554","2.13","28.10","","","","2"
"2010","Newfoundland and Labrador [10]","2016A000210","Percent change in weighted clearance rate","Percent","239","units","0","v53079555","2.14","-6.71","","","","2"
"2011","Newfoundland and Labrador [10]","2016A000210","Percent change in weighted clearance rate","Percent","239","units","0","v53079555","2.14","-0.40","","","","2"
"2012","Newfoundland and Labrador [10]","2016A000210","Percent change in weighted clearance rate","Percent","239","units","0","v53079555","2.14","-1.53","","","","2"
"2013","Newfoundland and Labrador [10]","2016A000210","Percent change in weighted clearance rate","Percent","239","units","0","v53079555","2.14","5.63","","","","2"
"2014","Newfoundland and Labrador [10]","2016A000210","Percent change in weighted clearance rate","Percent","239","units","0","v53079555","2.14","-2.02","","","","2"
"2015","Newfoundland and Labrador [10]","2016A000210","Percent change in weighted clearance rate","Percent","239","units","0","v53079555","2.14","-6.19","","","","2"
"2016","Newfoundland and Labrador [10]","2016A000210","Percent change in weighted clearance rate","Percent","239","units","0","v53079555","2.14","5.92","","","","2"
"2017","Newfoundland and Labrador [10]","2016A000210","Percent change in weighted clearance rate","Percent","239","units","0","v53079555","2.14","4.10","","","","2"
"2018","Newfoundland and Labrador [10]","2016A000210","Percent change in weighted clearance rate","Percent","239","units","0","v53079555","2.14","-3.10","","","","2"
"2019","Newfoundland and Labrador [10]","2016A000210","Percent change in weighted clearance rate","Percent","239","units","0","v53079555","2.14","-15.98","","","","2"
"2020","Newfoundland and Labrador [10]","2016A000210","Percent change in weighted clearance rate","Percent","239","units","0","v53079555","2.14","-3.71","","","","2"
"2021","Newfoundland and Labrador [10]","2016A000210","Percent change in weighted clearance rate","Percent","239","units","0","v53079555","2.14","-3.34","","","","2"
"2010","Newfoundland and Labrador [10]","2016A000210","Violent weighted clearance rate","Number","223","units","0","v53079556","2.15","60.58","","","","2"
"2011","Newfoundland and Labrador [10]","2016A000210","Violent weighted clearance rate","Number","223","units","0","v53079556","2.15","61.12","","","","2"
"2012","Newfoundland and Labrador [10]","2016A000210","Violent weighted clearance rate","Number","223","units","0","v53079556","2.15","56.95","","","","2"
"2013","Newfoundland and Labrador [10]","2016A000210","Violent weighted clearance rate","Number","223","units","0","v53079556","2.15","62.38","","","","2"
"2014","Newfoundland and Labrador [10]","2016A000210","Violent weighted clearance rate","Number","223","units","0","v53079556","2.15","58.97","","","","2"
"2015","Newfoundland and Labrador [10]","2016A000210","Violent weighted clearance rate","Number","223","units","0","v53079556","2.15","55.48","","","","2"
"2016","Newfoundland and Labrador [10]","2016A000210","Violent weighted clearance rate","Number","223","units","0","v53079556","2.15","56.08","","","","2"
"2017","Newfoundland and Labrador [10]","2016A000210","Violent weighted clearance rate","Number","223","units","0","v53079556","2.15","56.24","","","","2"
"2018","Newfoundland and Labrador [10]","2016A000210","Violent weighted clearance rate","Number","223","units","0","v53079556","2.15","54.51","","","","2"
"2019","Newfoundland and Labrador [10]","2016A000210","Violent weighted clearance rate","Number","223","units","0","v53079556","2.15","45.34","","","","2"
"2020","Newfoundland and Labrador [10]","2016A000210","Violent weighted clearance rate","Number","223","units","0","v53079556","2.15","45.42","","","","2"
"2021","Newfoundland and Labrador [10]","2016A000210","Violent weighted clearance rate","Number","223","units","0","v53079556","2.15","45.41","","","","2"
"2010","Newfoundland and Labrador [10]","2016A000210","Percent change in violent weighted clearance rate","Percent","239","units","0","v53079557","2.16","-3.54","","","","2"
"2011","Newfoundland and Labrador [10]","2016A000210","Percent change in violent weighted clearance rate","Percent","239","units","0","v53079557","2.16","0.89","","","","2"
"2012","Newfoundland and Labrador [10]","2016A000210","Percent change in violent weighted clearance rate","Percent","239","units","0","v53079557","2.16","-6.82","","","","2"
"2013","Newfoundland and Labrador [10]","2016A000210","Percent change in violent weighted clearance rate","Percent","239","units","0","v53079557","2.16","9.53","","","","2"
"2014","Newfoundland and Labrador [10]","2016A000210","Percent change in violent weighted clearance rate","Percent","239","units","0","v53079557","2.16","-5.47","","","","2"
"2015","Newfoundland and Labrador [10]","2016A000210","Percent change in violent weighted clearance rate","Percent","239","units","0","v53079557","2.16","-5.92","","","","2"
"2016","Newfoundland and Labrador [10]","2016A000210","Percent change in violent weighted clearance rate","Percent","239","units","0","v53079557","2.16","1.08","","","","2"
"2017","Newfoundland and Labrador [10]","2016A000210","Percent change in violent weighted clearance rate","Percent","239","units","0","v53079557","2.16","0.29","","","","2"
"2018","Newfoundland and Labrador [10]","2016A000210","Percent change in violent weighted clearance rate","Percent","239","units","0","v53079557","2.16","-3.08","","","","2"
"2019","Newfoundland and Labrador [10]","2016A000210","Percent change in violent weighted clearance rate","Percent","239","units","0","v53079557","2.16","-16.82","","","","2"
"2020","Newfoundland and Labrador [10]","2016A000210","Percent change in violent weighted clearance rate","Percent","239","units","0","v53079557","2.16","0.18","","","","2"
"2021","Newfoundland and Labrador [10]","2016A000210","Percent change in violent weighted clearance rate","Percent","239","units","0","v53079557","2.16","-0.02","","","","2"
"2010","Newfoundland and Labrador [10]","2016A000210","Non-violent weighted clearance rate","Number","223","units","0","v53079558","2.17","27.14","","","","2"
"2011","Newfoundland and Labrador [10]","2016A000210","Non-violent weighted clearance rate","Number","223","units","0","v53079558","2.17","27.62","","","","2"
"2012","Newfoundland and Labrador [10]","2016A000210","Non-violent weighted clearance rate","Number","223","units","0","v53079558","2.17","27.09","","","","2"
"2013","Newfoundland and Labrador [10]","2016A000210","Non-violent weighted clearance rate","Number","223","units","0","v53079558","2.17","27.65","","","","2"
"2014","Newfoundland and Labrador [10]","2016A000210","Non-violent weighted clearance rate","Number","223","units","0","v53079558","2.17","28.20","","","","2"
"2015","Newfoundland and Labrador [10]","2016A000210","Non-violent weighted clearance rate","Number","223","units","0","v53079558","2.17","25.45","","","","2"
"2016","Newfoundland and Labrador [10]","2016A000210","Non-violent weighted clearance rate","Number","223","units","0","v53079558","2.17","27.65","","","","2"
"2017","Newfoundland and Labrador [10]","2016A000210","Non-violent weighted clearance rate","Number","223","units","0","v53079558","2.17","29.09","","","","2"
"2018","Newfoundland and Labrador [10]","2016A000210","Non-violent weighted clearance rate","Number","223","units","0","v53079558","2.17","28.22","","","","2"
"2019","Newfoundland and Labrador [10]","2016A000210","Non-violent weighted clearance rate","Number","223","units","0","v53079558","2.17","23.88","","","","2"
"2020","Newfoundland and Labrador [10]","2016A000210","Non-violent weighted clearance rate","Number","223","units","0","v53079558","2.17","21.66","","","","2"
"2021","Newfoundland and Labrador [10]","2016A000210","Non-violent weighted clearance rate","Number","223","units","0","v53079558","2.17","19.12","","","","2"
"2010","Newfoundland and Labrador [10]","2016A000210","Percent change in non-violent weighted clearance rate","Percent","239","units","0","v53079559","2.18","-9.95","","","","2"
"2011","Newfoundland and Labrador [10]","2016A000210","Percent change in non-violent weighted clearance rate","Percent","239","units","0","v53079559","2.18","1.77","","","","2"
"2012","Newfoundland and Labrador [10]","2016A000210","Percent change in non-violent weighted clearance rate","Percent","239","units","0","v53079559","2.18","-1.92","","","","2"
"2013","Newfoundland and Labrador [10]","2016A000210","Percent change in non-violent weighted clearance rate","Percent","239","units","0","v53079559","2.18","2.07","","","","2"
"2014","Newfoundland and Labrador [10]","2016A000210","Percent change in non-violent weighted clearance rate","Percent","239","units","0","v53079559","2.18","1.99","","","","2"
"2015","Newfoundland and Labrador [10]","2016A000210","Percent change in non-violent weighted clearance rate","Percent","239","units","0","v53079559","2.18","-9.75","","","","2"
"2016","Newfoundland and Labrador [10]","2016A000210","Percent change in non-violent weighted clearance rate","Percent","239","units","0","v53079559","2.18","8.64","","","","2"
"2017","Newfoundland and Labrador [10]","2016A000210","Percent change in non-violent weighted clearance rate","Percent","239","units","0","v53079559","2.18","5.21","","","","2"
"2018","Newfoundland and Labrador [10]","2016A000210","Percent change in non-violent weighted clearance rate","Percent","239","units","0","v53079559","2.18","-2.99","","","","2"
"2019","Newfoundland and Labrador [10]","2016A000210","Percent change in non-violent weighted clearance rate","Percent","239","units","0","v53079559","2.18","-15.38","","","","2"
"2020","Newfoundland and Labrador [10]","2016A000210","Percent change in non-violent weighted clearance rate","Percent","239","units","0","v53079559","2.18","-9.30","","","","2"
"2021","Newfoundland and Labrador [10]","2016A000210","Percent change in non-violent weighted clearance rate","Percent","239","units","0","v53079559","2.18","-11.73","","","","2"


