﻿"REF_DATE","GEO","DGUID","Statistics","UOM","UOM_ID","SCALAR_FACTOR","SCALAR_ID","VECTOR","COORDINATE","VALUE","STATUS","SYMBOL","TERMINATED","DECIMALS"
"2010","Moncton, New Brunswick [13305]","2021A003513305","Crime severity index","Index","160","units","0","v52117746","43.1","71.64","","","","2"
"2011","Moncton, New Brunswick [13305]","2021A003513305","Crime severity index","Index","160","units","0","v52117746","43.1","68.15","","","","2"
"2012","Moncton, New Brunswick [13305]","2021A003513305","Crime severity index","Index","160","units","0","v52117746","43.1","78.12","","","","2"
"2013","Moncton, New Brunswick [13305]","2021A003513305","Crime severity index","Index","160","units","0","v52117746","43.1","66.91","","","","2"
"2014","Moncton, New Brunswick [13305]","2021A003513305","Crime severity index","Index","160","units","0","v52117746","43.1","65.38","","","","2"
"2015","Moncton, New Brunswick [13305]","2021A003513305","Crime severity index","Index","160","units","0","v52117746","43.1","78.66","","","","2"
"2016","Moncton, New Brunswick [13305]","2021A003513305","Crime severity index","Index","160","units","0","v52117746","43.1","74.71","","","","2"
"2017","Moncton, New Brunswick [13305]","2021A003513305","Crime severity index","Index","160","units","0","v52117746","43.1","86.51","","","","2"
"2018","Moncton, New Brunswick [13305]","2021A003513305","Crime severity index","Index","160","units","0","v52117746","43.1","100.58","","","","2"
"2019","Moncton, New Brunswick [13305]","2021A003513305","Crime severity index","Index","160","units","0","v52117746","43.1","109.69","","","","2"
"2020","Moncton, New Brunswick [13305]","2021A003513305","Crime severity index","Index","160","units","0","v52117746","43.1","103.90","","","","2"
"2021","Moncton, New Brunswick [13305]","2021A003513305","Crime severity index","Index","160","units","0","v52117746","43.1","113.37","","","","2"
"2010","Moncton, New Brunswick [13305]","2021A003513305","Percent change in crime severity index","Percent","239","units","0","v52117747","43.2","-4.63","","","","2"
"2011","Moncton, New Brunswick [13305]","2021A003513305","Percent change in crime severity index","Percent","239","units","0","v52117747","43.2","-4.87","","","","2"
"2012","Moncton, New Brunswick [13305]","2021A003513305","Percent change in crime severity index","Percent","239","units","0","v52117747","43.2","14.63","","","","2"
"2013","Moncton, New Brunswick [13305]","2021A003513305","Percent change in crime severity index","Percent","239","units","0","v52117747","43.2","-14.35","","","","2"
"2014","Moncton, New Brunswick [13305]","2021A003513305","Percent change in crime severity index","Percent","239","units","0","v52117747","43.2","-2.29","","","","2"
"2015","Moncton, New Brunswick [13305]","2021A003513305","Percent change in crime severity index","Percent","239","units","0","v52117747","43.2","20.31","","","","2"
"2016","Moncton, New Brunswick [13305]","2021A003513305","Percent change in crime severity index","Percent","239","units","0","v52117747","43.2","-5.02","","","","2"
"2017","Moncton, New Brunswick [13305]","2021A003513305","Percent change in crime severity index","Percent","239","units","0","v52117747","43.2","15.79","","","","2"
"2018","Moncton, New Brunswick [13305]","2021A003513305","Percent change in crime severity index","Percent","239","units","0","v52117747","43.2","16.26","","","","2"
"2019","Moncton, New Brunswick [13305]","2021A003513305","Percent change in crime severity index","Percent","239","units","0","v52117747","43.2","9.06","","","","2"
"2020","Moncton, New Brunswick [13305]","2021A003513305","Percent change in crime severity index","Percent","239","units","0","v52117747","43.2","-5.28","","","","2"
"2021","Moncton, New Brunswick [13305]","2021A003513305","Percent change in crime severity index","Percent","239","units","0","v52117747","43.2","9.11","","","","2"
"2010","Moncton, New Brunswick [13305]","2021A003513305","Violent crime severity index","Index","160","units","0","v52117748","43.3","73.05","","","","2"
"2011","Moncton, New Brunswick [13305]","2021A003513305","Violent crime severity index","Index","160","units","0","v52117748","43.3","71.19","","","","2"
"2012","Moncton, New Brunswick [13305]","2021A003513305","Violent crime severity index","Index","160","units","0","v52117748","43.3","72.23","","","","2"
"2013","Moncton, New Brunswick [13305]","2021A003513305","Violent crime severity index","Index","160","units","0","v52117748","43.3","68.35","","","","2"
"2014","Moncton, New Brunswick [13305]","2021A003513305","Violent crime severity index","Index","160","units","0","v52117748","43.3","75.44","","","","2"
"2015","Moncton, New Brunswick [13305]","2021A003513305","Violent crime severity index","Index","160","units","0","v52117748","43.3","74.34","","","","2"
"2016","Moncton, New Brunswick [13305]","2021A003513305","Violent crime severity index","Index","160","units","0","v52117748","43.3","76.74","","","","2"
"2017","Moncton, New Brunswick [13305]","2021A003513305","Violent crime severity index","Index","160","units","0","v52117748","43.3","73.59","","","","2"
"2018","Moncton, New Brunswick [13305]","2021A003513305","Violent crime severity index","Index","160","units","0","v52117748","43.3","90.53","","","","2"
"2019","Moncton, New Brunswick [13305]","2021A003513305","Violent crime severity index","Index","160","units","0","v52117748","43.3","109.29","","","","2"
"2020","Moncton, New Brunswick [13305]","2021A003513305","Violent crime severity index","Index","160","units","0","v52117748","43.3","81.28","","","","2"
"2021","Moncton, New Brunswick [13305]","2021A003513305","Violent crime severity index","Index","160","units","0","v52117748","43.3","97.95","","","","2"
"2010","Moncton, New Brunswick [13305]","2021A003513305","Percent change in violent crime severity index","Percent","239","units","0","v52117749","43.4","-8.08","","","","2"
"2011","Moncton, New Brunswick [13305]","2021A003513305","Percent change in violent crime severity index","Percent","239","units","0","v52117749","43.4","-2.55","","","","2"
"2012","Moncton, New Brunswick [13305]","2021A003513305","Percent change in violent crime severity index","Percent","239","units","0","v52117749","43.4","1.46","","","","2"
"2013","Moncton, New Brunswick [13305]","2021A003513305","Percent change in violent crime severity index","Percent","239","units","0","v52117749","43.4","-5.37","","","","2"
"2014","Moncton, New Brunswick [13305]","2021A003513305","Percent change in violent crime severity index","Percent","239","units","0","v52117749","43.4","10.37","","","","2"
"2015","Moncton, New Brunswick [13305]","2021A003513305","Percent change in violent crime severity index","Percent","239","units","0","v52117749","43.4","-1.46","","","","2"
"2016","Moncton, New Brunswick [13305]","2021A003513305","Percent change in violent crime severity index","Percent","239","units","0","v52117749","43.4","3.23","","","","2"
"2017","Moncton, New Brunswick [13305]","2021A003513305","Percent change in violent crime severity index","Percent","239","units","0","v52117749","43.4","-4.10","","","","2"
"2018","Moncton, New Brunswick [13305]","2021A003513305","Percent change in violent crime severity index","Percent","239","units","0","v52117749","43.4","23.02","","","","2"
"2019","Moncton, New Brunswick [13305]","2021A003513305","Percent change in violent crime severity index","Percent","239","units","0","v52117749","43.4","20.72","","","","2"
"2020","Moncton, New Brunswick [13305]","2021A003513305","Percent change in violent crime severity index","Percent","239","units","0","v52117749","43.4","-25.63","","","","2"
"2021","Moncton, New Brunswick [13305]","2021A003513305","Percent change in violent crime severity index","Percent","239","units","0","v52117749","43.4","20.51","","","","2"
"2010","Moncton, New Brunswick [13305]","2021A003513305","Non-violent crime severity index","Index","160","units","0","v52117750","43.5","71.10","","","","2"
"2011","Moncton, New Brunswick [13305]","2021A003513305","Non-violent crime severity index","Index","160","units","0","v52117750","43.5","66.90","","","","2"
"2012","Moncton, New Brunswick [13305]","2021A003513305","Non-violent crime severity index","Index","160","units","0","v52117750","43.5","80.10","","","","2"
"2013","Moncton, New Brunswick [13305]","2021A003513305","Non-violent crime severity index","Index","160","units","0","v52117750","43.5","66.25","","","","2"
"2014","Moncton, New Brunswick [13305]","2021A003513305","Non-violent crime severity index","Index","160","units","0","v52117750","43.5","61.58","","","","2"
"2015","Moncton, New Brunswick [13305]","2021A003513305","Non-violent crime severity index","Index","160","units","0","v52117750","43.5","80.07","","","","2"
"2016","Moncton, New Brunswick [13305]","2021A003513305","Non-violent crime severity index","Index","160","units","0","v52117750","43.5","73.81","","","","2"
"2017","Moncton, New Brunswick [13305]","2021A003513305","Non-violent crime severity index","Index","160","units","0","v52117750","43.5","90.95","","","","2"
"2018","Moncton, New Brunswick [13305]","2021A003513305","Non-violent crime severity index","Index","160","units","0","v52117750","43.5","103.96","","","","2"
"2019","Moncton, New Brunswick [13305]","2021A003513305","Non-violent crime severity index","Index","160","units","0","v52117750","43.5","109.57","","","","2"
"2020","Moncton, New Brunswick [13305]","2021A003513305","Non-violent crime severity index","Index","160","units","0","v52117750","43.5","111.79","","","","2"
"2021","Moncton, New Brunswick [13305]","2021A003513305","Non-violent crime severity index","Index","160","units","0","v52117750","43.5","118.65","","","","2"
"2010","Moncton, New Brunswick [13305]","2021A003513305","Percent change in non-violent crime severity index","Percent","239","units","0","v52117751","43.6","-3.19","","","","2"
"2011","Moncton, New Brunswick [13305]","2021A003513305","Percent change in non-violent crime severity index","Percent","239","units","0","v52117751","43.6","-5.91","","","","2"
"2012","Moncton, New Brunswick [13305]","2021A003513305","Percent change in non-violent crime severity index","Percent","239","units","0","v52117751","43.6","19.73","","","","2"
"2013","Moncton, New Brunswick [13305]","2021A003513305","Percent change in non-violent crime severity index","Percent","239","units","0","v52117751","43.6","-17.29","","","","2"
"2014","Moncton, New Brunswick [13305]","2021A003513305","Percent change in non-violent crime severity index","Percent","239","units","0","v52117751","43.6","-7.05","","","","2"
"2015","Moncton, New Brunswick [13305]","2021A003513305","Percent change in non-violent crime severity index","Percent","239","units","0","v52117751","43.6","30.03","","","","2"
"2016","Moncton, New Brunswick [13305]","2021A003513305","Percent change in non-violent crime severity index","Percent","239","units","0","v52117751","43.6","-7.82","","","","2"
"2017","Moncton, New Brunswick [13305]","2021A003513305","Percent change in non-violent crime severity index","Percent","239","units","0","v52117751","43.6","23.22","","","","2"
"2018","Moncton, New Brunswick [13305]","2021A003513305","Percent change in non-violent crime severity index","Percent","239","units","0","v52117751","43.6","14.30","","","","2"
"2019","Moncton, New Brunswick [13305]","2021A003513305","Percent change in non-violent crime severity index","Percent","239","units","0","v52117751","43.6","5.40","","","","2"
"2020","Moncton, New Brunswick [13305]","2021A003513305","Percent change in non-violent crime severity index","Percent","239","units","0","v52117751","43.6","2.03","","","","2"
"2021","Moncton, New Brunswick [13305]","2021A003513305","Percent change in non-violent crime severity index","Percent","239","units","0","v52117751","43.6","6.14","","","","2"
"2010","Moncton, New Brunswick [13305]","2021A003513305","Youth crime severity index","Index","160","units","0","v53079819","43.7","0.00","","","","2"
"2011","Moncton, New Brunswick [13305]","2021A003513305","Youth crime severity index","Index","160","units","0","v53079819","43.7","","..","","","2"
"2012","Moncton, New Brunswick [13305]","2021A003513305","Youth crime severity index","Index","160","units","0","v53079819","43.7","","..","","","2"
"2013","Moncton, New Brunswick [13305]","2021A003513305","Youth crime severity index","Index","160","units","0","v53079819","43.7","","..","","","2"
"2014","Moncton, New Brunswick [13305]","2021A003513305","Youth crime severity index","Index","160","units","0","v53079819","43.7","","..","","","2"
"2015","Moncton, New Brunswick [13305]","2021A003513305","Youth crime severity index","Index","160","units","0","v53079819","43.7","","..","","","2"
"2016","Moncton, New Brunswick [13305]","2021A003513305","Youth crime severity index","Index","160","units","0","v53079819","43.7","","..","","","2"
"2017","Moncton, New Brunswick [13305]","2021A003513305","Youth crime severity index","Index","160","units","0","v53079819","43.7","","..","","","2"
"2018","Moncton, New Brunswick [13305]","2021A003513305","Youth crime severity index","Index","160","units","0","v53079819","43.7","","..","","","2"
"2019","Moncton, New Brunswick [13305]","2021A003513305","Youth crime severity index","Index","160","units","0","v53079819","43.7","","..","","","2"
"2020","Moncton, New Brunswick [13305]","2021A003513305","Youth crime severity index","Index","160","units","0","v53079819","43.7","","..","","","2"
"2021","Moncton, New Brunswick [13305]","2021A003513305","Youth crime severity index","Index","160","units","0","v53079819","43.7","","..","","","2"
"2010","Moncton, New Brunswick [13305]","2021A003513305","Percent change in youth crime severity index","Percent","239","units","0","v87984858","43.8","0.00","","","","2"
"2011","Moncton, New Brunswick [13305]","2021A003513305","Percent change in youth crime severity index","Percent","239","units","0","v87984858","43.8","","..","","","2"
"2012","Moncton, New Brunswick [13305]","2021A003513305","Percent change in youth crime severity index","Percent","239","units","0","v87984858","43.8","","..","","","2"
"2013","Moncton, New Brunswick [13305]","2021A003513305","Percent change in youth crime severity index","Percent","239","units","0","v87984858","43.8","","..","","","2"
"2014","Moncton, New Brunswick [13305]","2021A003513305","Percent change in youth crime severity index","Percent","239","units","0","v87984858","43.8","","..","","","2"
"2015","Moncton, New Brunswick [13305]","2021A003513305","Percent change in youth crime severity index","Percent","239","units","0","v87984858","43.8","","..","","","2"
"2016","Moncton, New Brunswick [13305]","2021A003513305","Percent change in youth crime severity index","Percent","239","units","0","v87984858","43.8","","..","","","2"
"2017","Moncton, New Brunswick [13305]","2021A003513305","Percent change in youth crime severity index","Percent","239","units","0","v87984858","43.8","","..","","","2"
"2018","Moncton, New Brunswick [13305]","2021A003513305","Percent change in youth crime severity index","Percent","239","units","0","v87984858","43.8","","..","","","2"
"2019","Moncton, New Brunswick [13305]","2021A003513305","Percent change in youth crime severity index","Percent","239","units","0","v87984858","43.8","","..","","","2"
"2020","Moncton, New Brunswick [13305]","2021A003513305","Percent change in youth crime severity index","Percent","239","units","0","v87984858","43.8","","..","","","2"
"2021","Moncton, New Brunswick [13305]","2021A003513305","Percent change in youth crime severity index","Percent","239","units","0","v87984858","43.8","","..","","","2"
"2010","Moncton, New Brunswick [13305]","2021A003513305","Youth violent crime severity index","Index","160","units","0","v53079820","43.9","0.00","","","","2"
"2011","Moncton, New Brunswick [13305]","2021A003513305","Youth violent crime severity index","Index","160","units","0","v53079820","43.9","","..","","","2"
"2012","Moncton, New Brunswick [13305]","2021A003513305","Youth violent crime severity index","Index","160","units","0","v53079820","43.9","","..","","","2"
"2013","Moncton, New Brunswick [13305]","2021A003513305","Youth violent crime severity index","Index","160","units","0","v53079820","43.9","","..","","","2"
"2014","Moncton, New Brunswick [13305]","2021A003513305","Youth violent crime severity index","Index","160","units","0","v53079820","43.9","","..","","","2"
"2015","Moncton, New Brunswick [13305]","2021A003513305","Youth violent crime severity index","Index","160","units","0","v53079820","43.9","","..","","","2"
"2016","Moncton, New Brunswick [13305]","2021A003513305","Youth violent crime severity index","Index","160","units","0","v53079820","43.9","","..","","","2"
"2017","Moncton, New Brunswick [13305]","2021A003513305","Youth violent crime severity index","Index","160","units","0","v53079820","43.9","","..","","","2"
"2018","Moncton, New Brunswick [13305]","2021A003513305","Youth violent crime severity index","Index","160","units","0","v53079820","43.9","","..","","","2"
"2019","Moncton, New Brunswick [13305]","2021A003513305","Youth violent crime severity index","Index","160","units","0","v53079820","43.9","","..","","","2"
"2020","Moncton, New Brunswick [13305]","2021A003513305","Youth violent crime severity index","Index","160","units","0","v53079820","43.9","","..","","","2"
"2021","Moncton, New Brunswick [13305]","2021A003513305","Youth violent crime severity index","Index","160","units","0","v53079820","43.9","","..","","","2"
"2010","Moncton, New Brunswick [13305]","2021A003513305","Percent change in youth violent crime severity index","Percent","239","units","0","v87984859","43.10","0.00","","","","2"
"2011","Moncton, New Brunswick [13305]","2021A003513305","Percent change in youth violent crime severity index","Percent","239","units","0","v87984859","43.10","","..","","","2"
"2012","Moncton, New Brunswick [13305]","2021A003513305","Percent change in youth violent crime severity index","Percent","239","units","0","v87984859","43.10","","..","","","2"
"2013","Moncton, New Brunswick [13305]","2021A003513305","Percent change in youth violent crime severity index","Percent","239","units","0","v87984859","43.10","","..","","","2"
"2014","Moncton, New Brunswick [13305]","2021A003513305","Percent change in youth violent crime severity index","Percent","239","units","0","v87984859","43.10","","..","","","2"
"2015","Moncton, New Brunswick [13305]","2021A003513305","Percent change in youth violent crime severity index","Percent","239","units","0","v87984859","43.10","","..","","","2"
"2016","Moncton, New Brunswick [13305]","2021A003513305","Percent change in youth violent crime severity index","Percent","239","units","0","v87984859","43.10","","..","","","2"
"2017","Moncton, New Brunswick [13305]","2021A003513305","Percent change in youth violent crime severity index","Percent","239","units","0","v87984859","43.10","","..","","","2"
"2018","Moncton, New Brunswick [13305]","2021A003513305","Percent change in youth violent crime severity index","Percent","239","units","0","v87984859","43.10","","..","","","2"
"2019","Moncton, New Brunswick [13305]","2021A003513305","Percent change in youth violent crime severity index","Percent","239","units","0","v87984859","43.10","","..","","","2"
"2020","Moncton, New Brunswick [13305]","2021A003513305","Percent change in youth violent crime severity index","Percent","239","units","0","v87984859","43.10","","..","","","2"
"2021","Moncton, New Brunswick [13305]","2021A003513305","Percent change in youth violent crime severity index","Percent","239","units","0","v87984859","43.10","","..","","","2"
"2010","Moncton, New Brunswick [13305]","2021A003513305","Youth non-violent crime severity index","Index","160","units","0","v53079812","43.11","0.00","","","","2"
"2011","Moncton, New Brunswick [13305]","2021A003513305","Youth non-violent crime severity index","Index","160","units","0","v53079812","43.11","","..","","","2"
"2012","Moncton, New Brunswick [13305]","2021A003513305","Youth non-violent crime severity index","Index","160","units","0","v53079812","43.11","","..","","","2"
"2013","Moncton, New Brunswick [13305]","2021A003513305","Youth non-violent crime severity index","Index","160","units","0","v53079812","43.11","","..","","","2"
"2014","Moncton, New Brunswick [13305]","2021A003513305","Youth non-violent crime severity index","Index","160","units","0","v53079812","43.11","","..","","","2"
"2015","Moncton, New Brunswick [13305]","2021A003513305","Youth non-violent crime severity index","Index","160","units","0","v53079812","43.11","","..","","","2"
"2016","Moncton, New Brunswick [13305]","2021A003513305","Youth non-violent crime severity index","Index","160","units","0","v53079812","43.11","","..","","","2"
"2017","Moncton, New Brunswick [13305]","2021A003513305","Youth non-violent crime severity index","Index","160","units","0","v53079812","43.11","","..","","","2"
"2018","Moncton, New Brunswick [13305]","2021A003513305","Youth non-violent crime severity index","Index","160","units","0","v53079812","43.11","","..","","","2"
"2019","Moncton, New Brunswick [13305]","2021A003513305","Youth non-violent crime severity index","Index","160","units","0","v53079812","43.11","","..","","","2"
"2020","Moncton, New Brunswick [13305]","2021A003513305","Youth non-violent crime severity index","Index","160","units","0","v53079812","43.11","","..","","","2"
"2021","Moncton, New Brunswick [13305]","2021A003513305","Youth non-violent crime severity index","Index","160","units","0","v53079812","43.11","","..","","","2"
"2010","Moncton, New Brunswick [13305]","2021A003513305","Percent change in youth non-violent crime severity index","Percent","239","units","0","v87984860","43.12","0.00","","","","2"
"2011","Moncton, New Brunswick [13305]","2021A003513305","Percent change in youth non-violent crime severity index","Percent","239","units","0","v87984860","43.12","","..","","","2"
"2012","Moncton, New Brunswick [13305]","2021A003513305","Percent change in youth non-violent crime severity index","Percent","239","units","0","v87984860","43.12","","..","","","2"
"2013","Moncton, New Brunswick [13305]","2021A003513305","Percent change in youth non-violent crime severity index","Percent","239","units","0","v87984860","43.12","","..","","","2"
"2014","Moncton, New Brunswick [13305]","2021A003513305","Percent change in youth non-violent crime severity index","Percent","239","units","0","v87984860","43.12","","..","","","2"
"2015","Moncton, New Brunswick [13305]","2021A003513305","Percent change in youth non-violent crime severity index","Percent","239","units","0","v87984860","43.12","","..","","","2"
"2016","Moncton, New Brunswick [13305]","2021A003513305","Percent change in youth non-violent crime severity index","Percent","239","units","0","v87984860","43.12","","..","","","2"
"2017","Moncton, New Brunswick [13305]","2021A003513305","Percent change in youth non-violent crime severity index","Percent","239","units","0","v87984860","43.12","","..","","","2"
"2018","Moncton, New Brunswick [13305]","2021A003513305","Percent change in youth non-violent crime severity index","Percent","239","units","0","v87984860","43.12","","..","","","2"
"2019","Moncton, New Brunswick [13305]","2021A003513305","Percent change in youth non-violent crime severity index","Percent","239","units","0","v87984860","43.12","","..","","","2"
"2020","Moncton, New Brunswick [13305]","2021A003513305","Percent change in youth non-violent crime severity index","Percent","239","units","0","v87984860","43.12","","..","","","2"
"2021","Moncton, New Brunswick [13305]","2021A003513305","Percent change in youth non-violent crime severity index","Percent","239","units","0","v87984860","43.12","","..","","","2"
"2010","Moncton, New Brunswick [13305]","2021A003513305","Weighted clearance rate","Number","223","units","0","v53079813","43.13","46.99","","","","2"
"2011","Moncton, New Brunswick [13305]","2021A003513305","Weighted clearance rate","Number","223","units","0","v53079813","43.13","41.82","","","","2"
"2012","Moncton, New Brunswick [13305]","2021A003513305","Weighted clearance rate","Number","223","units","0","v53079813","43.13","35.03","","","","2"
"2013","Moncton, New Brunswick [13305]","2021A003513305","Weighted clearance rate","Number","223","units","0","v53079813","43.13","34.87","","","","2"
"2014","Moncton, New Brunswick [13305]","2021A003513305","Weighted clearance rate","Number","223","units","0","v53079813","43.13","37.68","","","","2"
"2015","Moncton, New Brunswick [13305]","2021A003513305","Weighted clearance rate","Number","223","units","0","v53079813","43.13","30.18","","","","2"
"2016","Moncton, New Brunswick [13305]","2021A003513305","Weighted clearance rate","Number","223","units","0","v53079813","43.13","36.56","","","","2"
"2017","Moncton, New Brunswick [13305]","2021A003513305","Weighted clearance rate","Number","223","units","0","v53079813","43.13","28.75","","","","2"
"2018","Moncton, New Brunswick [13305]","2021A003513305","Weighted clearance rate","Number","223","units","0","v53079813","43.13","24.44","","","","2"
"2019","Moncton, New Brunswick [13305]","2021A003513305","Weighted clearance rate","Number","223","units","0","v53079813","43.13","26.94","","","","2"
"2020","Moncton, New Brunswick [13305]","2021A003513305","Weighted clearance rate","Number","223","units","0","v53079813","43.13","22.93","","","","2"
"2021","Moncton, New Brunswick [13305]","2021A003513305","Weighted clearance rate","Number","223","units","0","v53079813","43.13","22.51","","","","2"
"2010","Moncton, New Brunswick [13305]","2021A003513305","Percent change in weighted clearance rate","Percent","239","units","0","v53079814","43.14","7.16","","","","2"
"2011","Moncton, New Brunswick [13305]","2021A003513305","Percent change in weighted clearance rate","Percent","239","units","0","v53079814","43.14","-11.00","","","","2"
"2012","Moncton, New Brunswick [13305]","2021A003513305","Percent change in weighted clearance rate","Percent","239","units","0","v53079814","43.14","-16.24","","","","2"
"2013","Moncton, New Brunswick [13305]","2021A003513305","Percent change in weighted clearance rate","Percent","239","units","0","v53079814","43.14","-0.46","","","","2"
"2014","Moncton, New Brunswick [13305]","2021A003513305","Percent change in weighted clearance rate","Percent","239","units","0","v53079814","43.14","8.06","","","","2"
"2015","Moncton, New Brunswick [13305]","2021A003513305","Percent change in weighted clearance rate","Percent","239","units","0","v53079814","43.14","-19.90","","","","2"
"2016","Moncton, New Brunswick [13305]","2021A003513305","Percent change in weighted clearance rate","Percent","239","units","0","v53079814","43.14","21.14","","","","2"
"2017","Moncton, New Brunswick [13305]","2021A003513305","Percent change in weighted clearance rate","Percent","239","units","0","v53079814","43.14","-21.36","","","","2"
"2018","Moncton, New Brunswick [13305]","2021A003513305","Percent change in weighted clearance rate","Percent","239","units","0","v53079814","43.14","-14.99","","","","2"
"2019","Moncton, New Brunswick [13305]","2021A003513305","Percent change in weighted clearance rate","Percent","239","units","0","v53079814","43.14","10.23","","","","2"
"2020","Moncton, New Brunswick [13305]","2021A003513305","Percent change in weighted clearance rate","Percent","239","units","0","v53079814","43.14","-14.88","","","","2"
"2021","Moncton, New Brunswick [13305]","2021A003513305","Percent change in weighted clearance rate","Percent","239","units","0","v53079814","43.14","-1.83","","","","2"
"2010","Moncton, New Brunswick [13305]","2021A003513305","Violent weighted clearance rate","Number","223","units","0","v53079815","43.15","80.01","","","","2"
"2011","Moncton, New Brunswick [13305]","2021A003513305","Violent weighted clearance rate","Number","223","units","0","v53079815","43.15","69.11","","","","2"
"2012","Moncton, New Brunswick [13305]","2021A003513305","Violent weighted clearance rate","Number","223","units","0","v53079815","43.15","58.72","","","","2"
"2013","Moncton, New Brunswick [13305]","2021A003513305","Violent weighted clearance rate","Number","223","units","0","v53079815","43.15","55.50","","","","2"
"2014","Moncton, New Brunswick [13305]","2021A003513305","Violent weighted clearance rate","Number","223","units","0","v53079815","43.15","64.15","","","","2"
"2015","Moncton, New Brunswick [13305]","2021A003513305","Violent weighted clearance rate","Number","223","units","0","v53079815","43.15","59.98","","","","2"
"2016","Moncton, New Brunswick [13305]","2021A003513305","Violent weighted clearance rate","Number","223","units","0","v53079815","43.15","59.63","","","","2"
"2017","Moncton, New Brunswick [13305]","2021A003513305","Violent weighted clearance rate","Number","223","units","0","v53079815","43.15","55.31","","","","2"
"2018","Moncton, New Brunswick [13305]","2021A003513305","Violent weighted clearance rate","Number","223","units","0","v53079815","43.15","48.38","","","","2"
"2019","Moncton, New Brunswick [13305]","2021A003513305","Violent weighted clearance rate","Number","223","units","0","v53079815","43.15","48.54","","","","2"
"2020","Moncton, New Brunswick [13305]","2021A003513305","Violent weighted clearance rate","Number","223","units","0","v53079815","43.15","49.45","","","","2"
"2021","Moncton, New Brunswick [13305]","2021A003513305","Violent weighted clearance rate","Number","223","units","0","v53079815","43.15","48.23","","","","2"
"2010","Moncton, New Brunswick [13305]","2021A003513305","Percent change in violent weighted clearance rate","Percent","239","units","0","v53079816","43.16","13.96","","","","2"
"2011","Moncton, New Brunswick [13305]","2021A003513305","Percent change in violent weighted clearance rate","Percent","239","units","0","v53079816","43.16","-13.62","","","","2"
"2012","Moncton, New Brunswick [13305]","2021A003513305","Percent change in violent weighted clearance rate","Percent","239","units","0","v53079816","43.16","-15.03","","","","2"
"2013","Moncton, New Brunswick [13305]","2021A003513305","Percent change in violent weighted clearance rate","Percent","239","units","0","v53079816","43.16","-5.48","","","","2"
"2014","Moncton, New Brunswick [13305]","2021A003513305","Percent change in violent weighted clearance rate","Percent","239","units","0","v53079816","43.16","15.59","","","","2"
"2015","Moncton, New Brunswick [13305]","2021A003513305","Percent change in violent weighted clearance rate","Percent","239","units","0","v53079816","43.16","-6.50","","","","2"
"2016","Moncton, New Brunswick [13305]","2021A003513305","Percent change in violent weighted clearance rate","Percent","239","units","0","v53079816","43.16","-0.58","","","","2"
"2017","Moncton, New Brunswick [13305]","2021A003513305","Percent change in violent weighted clearance rate","Percent","239","units","0","v53079816","43.16","-7.24","","","","2"
"2018","Moncton, New Brunswick [13305]","2021A003513305","Percent change in violent weighted clearance rate","Percent","239","units","0","v53079816","43.16","-12.53","","","","2"
"2019","Moncton, New Brunswick [13305]","2021A003513305","Percent change in violent weighted clearance rate","Percent","239","units","0","v53079816","43.16","0.33","","","","2"
"2020","Moncton, New Brunswick [13305]","2021A003513305","Percent change in violent weighted clearance rate","Percent","239","units","0","v53079816","43.16","1.87","","","","2"
"2021","Moncton, New Brunswick [13305]","2021A003513305","Percent change in violent weighted clearance rate","Percent","239","units","0","v53079816","43.16","-2.47","","","","2"
"2010","Moncton, New Brunswick [13305]","2021A003513305","Non-violent weighted clearance rate","Number","223","units","0","v53079817","43.17","33.95","","","","2"
"2011","Moncton, New Brunswick [13305]","2021A003513305","Non-violent weighted clearance rate","Number","223","units","0","v53079817","43.17","31.26","","","","2"
"2012","Moncton, New Brunswick [13305]","2021A003513305","Non-violent weighted clearance rate","Number","223","units","0","v53079817","43.17","27.26","","","","2"
"2013","Moncton, New Brunswick [13305]","2021A003513305","Non-violent weighted clearance rate","Number","223","units","0","v53079817","43.17","27.13","","","","2"
"2014","Moncton, New Brunswick [13305]","2021A003513305","Non-violent weighted clearance rate","Number","223","units","0","v53079817","43.17","25.88","","","","2"
"2015","Moncton, New Brunswick [13305]","2021A003513305","Non-violent weighted clearance rate","Number","223","units","0","v53079817","43.17","20.11","","","","2"
"2016","Moncton, New Brunswick [13305]","2021A003513305","Non-violent weighted clearance rate","Number","223","units","0","v53079817","43.17","27.93","","","","2"
"2017","Moncton, New Brunswick [13305]","2021A003513305","Non-violent weighted clearance rate","Number","223","units","0","v53079817","43.17","21.02","","","","2"
"2018","Moncton, New Brunswick [13305]","2021A003513305","Non-violent weighted clearance rate","Number","223","units","0","v53079817","43.17","16.94","","","","2"
"2019","Moncton, New Brunswick [13305]","2021A003513305","Non-violent weighted clearance rate","Number","223","units","0","v53079817","43.17","19.19","","","","2"
"2020","Moncton, New Brunswick [13305]","2021A003513305","Non-violent weighted clearance rate","Number","223","units","0","v53079817","43.17","16.00","","","","2"
"2021","Moncton, New Brunswick [13305]","2021A003513305","Non-violent weighted clearance rate","Number","223","units","0","v53079817","43.17","14.88","","","","2"
"2010","Moncton, New Brunswick [13305]","2021A003513305","Percent change in non-violent weighted clearance rate","Percent","239","units","0","v53079818","43.18","3.22","","","","2"
"2011","Moncton, New Brunswick [13305]","2021A003513305","Percent change in non-violent weighted clearance rate","Percent","239","units","0","v53079818","43.18","-7.92","","","","2"
"2012","Moncton, New Brunswick [13305]","2021A003513305","Percent change in non-violent weighted clearance rate","Percent","239","units","0","v53079818","43.18","-12.80","","","","2"
"2013","Moncton, New Brunswick [13305]","2021A003513305","Percent change in non-violent weighted clearance rate","Percent","239","units","0","v53079818","43.18","-0.48","","","","2"
"2014","Moncton, New Brunswick [13305]","2021A003513305","Percent change in non-violent weighted clearance rate","Percent","239","units","0","v53079818","43.18","-4.61","","","","2"
"2015","Moncton, New Brunswick [13305]","2021A003513305","Percent change in non-violent weighted clearance rate","Percent","239","units","0","v53079818","43.18","-22.30","","","","2"
"2016","Moncton, New Brunswick [13305]","2021A003513305","Percent change in non-violent weighted clearance rate","Percent","239","units","0","v53079818","43.18","38.89","","","","2"
"2017","Moncton, New Brunswick [13305]","2021A003513305","Percent change in non-violent weighted clearance rate","Percent","239","units","0","v53079818","43.18","-24.74","","","","2"
"2018","Moncton, New Brunswick [13305]","2021A003513305","Percent change in non-violent weighted clearance rate","Percent","239","units","0","v53079818","43.18","-19.41","","","","2"
"2019","Moncton, New Brunswick [13305]","2021A003513305","Percent change in non-violent weighted clearance rate","Percent","239","units","0","v53079818","43.18","13.28","","","","2"
"2020","Moncton, New Brunswick [13305]","2021A003513305","Percent change in non-violent weighted clearance rate","Percent","239","units","0","v53079818","43.18","-16.62","","","","2"
"2021","Moncton, New Brunswick [13305]","2021A003513305","Percent change in non-violent weighted clearance rate","Percent","239","units","0","v53079818","43.18","-7.00","","","","2"


