﻿"REF_DATE","GEO","DGUID","Statistics","UOM","UOM_ID","SCALAR_FACTOR","SCALAR_ID","VECTOR","COORDINATE","VALUE","STATUS","SYMBOL","TERMINATED","DECIMALS"
"2010","Saguenay, Quebec [24408]","2021A003524408","Crime severity index","Index","160","units","0","v44312515","10.1","72.68","","","","2"
"2011","Saguenay, Quebec [24408]","2021A003524408","Crime severity index","Index","160","units","0","v44312515","10.1","73.01","","","","2"
"2012","Saguenay, Quebec [24408]","2021A003524408","Crime severity index","Index","160","units","0","v44312515","10.1","70.94","","","","2"
"2013","Saguenay, Quebec [24408]","2021A003524408","Crime severity index","Index","160","units","0","v44312515","10.1","58.96","","","","2"
"2014","Saguenay, Quebec [24408]","2021A003524408","Crime severity index","Index","160","units","0","v44312515","10.1","55.15","","","","2"
"2015","Saguenay, Quebec [24408]","2021A003524408","Crime severity index","Index","160","units","0","v44312515","10.1","53.59","","","","2"
"2016","Saguenay, Quebec [24408]","2021A003524408","Crime severity index","Index","160","units","0","v44312515","10.1","56.02","","","","2"
"2017","Saguenay, Quebec [24408]","2021A003524408","Crime severity index","Index","160","units","0","v44312515","10.1","54.97","","","","2"
"2018","Saguenay, Quebec [24408]","2021A003524408","Crime severity index","Index","160","units","0","v44312515","10.1","48.57","","","","2"
"2019","Saguenay, Quebec [24408]","2021A003524408","Crime severity index","Index","160","units","0","v44312515","10.1","47.56","","","","2"
"2020","Saguenay, Quebec [24408]","2021A003524408","Crime severity index","Index","160","units","0","v44312515","10.1","43.89","","","","2"
"2021","Saguenay, Quebec [24408]","2021A003524408","Crime severity index","Index","160","units","0","v44312515","10.1","50.00","","","","2"
"2010","Saguenay, Quebec [24408]","2021A003524408","Percent change in crime severity index","Percent","239","units","0","v44312516","10.2","-4.33","","","","2"
"2011","Saguenay, Quebec [24408]","2021A003524408","Percent change in crime severity index","Percent","239","units","0","v44312516","10.2","0.45","","","","2"
"2012","Saguenay, Quebec [24408]","2021A003524408","Percent change in crime severity index","Percent","239","units","0","v44312516","10.2","-2.84","","","","2"
"2013","Saguenay, Quebec [24408]","2021A003524408","Percent change in crime severity index","Percent","239","units","0","v44312516","10.2","-16.89","","","","2"
"2014","Saguenay, Quebec [24408]","2021A003524408","Percent change in crime severity index","Percent","239","units","0","v44312516","10.2","-6.46","","","","2"
"2015","Saguenay, Quebec [24408]","2021A003524408","Percent change in crime severity index","Percent","239","units","0","v44312516","10.2","-2.83","","","","2"
"2016","Saguenay, Quebec [24408]","2021A003524408","Percent change in crime severity index","Percent","239","units","0","v44312516","10.2","4.53","","","","2"
"2017","Saguenay, Quebec [24408]","2021A003524408","Percent change in crime severity index","Percent","239","units","0","v44312516","10.2","-1.87","","","","2"
"2018","Saguenay, Quebec [24408]","2021A003524408","Percent change in crime severity index","Percent","239","units","0","v44312516","10.2","-11.64","","","","2"
"2019","Saguenay, Quebec [24408]","2021A003524408","Percent change in crime severity index","Percent","239","units","0","v44312516","10.2","-2.08","","","","2"
"2020","Saguenay, Quebec [24408]","2021A003524408","Percent change in crime severity index","Percent","239","units","0","v44312516","10.2","-7.72","","","","2"
"2021","Saguenay, Quebec [24408]","2021A003524408","Percent change in crime severity index","Percent","239","units","0","v44312516","10.2","13.92","","","","2"
"2010","Saguenay, Quebec [24408]","2021A003524408","Violent crime severity index","Index","160","units","0","v44312517","10.3","57.79","","","","2"
"2011","Saguenay, Quebec [24408]","2021A003524408","Violent crime severity index","Index","160","units","0","v44312517","10.3","59.98","","","","2"
"2012","Saguenay, Quebec [24408]","2021A003524408","Violent crime severity index","Index","160","units","0","v44312517","10.3","72.75","","","","2"
"2013","Saguenay, Quebec [24408]","2021A003524408","Violent crime severity index","Index","160","units","0","v44312517","10.3","54.52","","","","2"
"2014","Saguenay, Quebec [24408]","2021A003524408","Violent crime severity index","Index","160","units","0","v44312517","10.3","59.42","","","","2"
"2015","Saguenay, Quebec [24408]","2021A003524408","Violent crime severity index","Index","160","units","0","v44312517","10.3","61.10","","","","2"
"2016","Saguenay, Quebec [24408]","2021A003524408","Violent crime severity index","Index","160","units","0","v44312517","10.3","67.51","","","","2"
"2017","Saguenay, Quebec [24408]","2021A003524408","Violent crime severity index","Index","160","units","0","v44312517","10.3","59.27","","","","2"
"2018","Saguenay, Quebec [24408]","2021A003524408","Violent crime severity index","Index","160","units","0","v44312517","10.3","63.51","","","","2"
"2019","Saguenay, Quebec [24408]","2021A003524408","Violent crime severity index","Index","160","units","0","v44312517","10.3","64.23","","","","2"
"2020","Saguenay, Quebec [24408]","2021A003524408","Violent crime severity index","Index","160","units","0","v44312517","10.3","61.12","","","","2"
"2021","Saguenay, Quebec [24408]","2021A003524408","Violent crime severity index","Index","160","units","0","v44312517","10.3","81.64","","","","2"
"2010","Saguenay, Quebec [24408]","2021A003524408","Percent change in violent crime severity index","Percent","239","units","0","v44312518","10.4","-19.00","","","","2"
"2011","Saguenay, Quebec [24408]","2021A003524408","Percent change in violent crime severity index","Percent","239","units","0","v44312518","10.4","3.79","","","","2"
"2012","Saguenay, Quebec [24408]","2021A003524408","Percent change in violent crime severity index","Percent","239","units","0","v44312518","10.4","21.29","","","","2"
"2013","Saguenay, Quebec [24408]","2021A003524408","Percent change in violent crime severity index","Percent","239","units","0","v44312518","10.4","-25.06","","","","2"
"2014","Saguenay, Quebec [24408]","2021A003524408","Percent change in violent crime severity index","Percent","239","units","0","v44312518","10.4","8.99","","","","2"
"2015","Saguenay, Quebec [24408]","2021A003524408","Percent change in violent crime severity index","Percent","239","units","0","v44312518","10.4","2.83","","","","2"
"2016","Saguenay, Quebec [24408]","2021A003524408","Percent change in violent crime severity index","Percent","239","units","0","v44312518","10.4","10.49","","","","2"
"2017","Saguenay, Quebec [24408]","2021A003524408","Percent change in violent crime severity index","Percent","239","units","0","v44312518","10.4","-12.21","","","","2"
"2018","Saguenay, Quebec [24408]","2021A003524408","Percent change in violent crime severity index","Percent","239","units","0","v44312518","10.4","7.15","","","","2"
"2019","Saguenay, Quebec [24408]","2021A003524408","Percent change in violent crime severity index","Percent","239","units","0","v44312518","10.4","1.13","","","","2"
"2020","Saguenay, Quebec [24408]","2021A003524408","Percent change in violent crime severity index","Percent","239","units","0","v44312518","10.4","-4.84","","","","2"
"2021","Saguenay, Quebec [24408]","2021A003524408","Percent change in violent crime severity index","Percent","239","units","0","v44312518","10.4","33.57","","","","2"
"2010","Saguenay, Quebec [24408]","2021A003524408","Non-violent crime severity index","Index","160","units","0","v44312519","10.5","78.40","","","","2"
"2011","Saguenay, Quebec [24408]","2021A003524408","Non-violent crime severity index","Index","160","units","0","v44312519","10.5","77.60","","","","2"
"2012","Saguenay, Quebec [24408]","2021A003524408","Non-violent crime severity index","Index","160","units","0","v44312519","10.5","70.13","","","","2"
"2013","Saguenay, Quebec [24408]","2021A003524408","Non-violent crime severity index","Index","160","units","0","v44312519","10.5","60.45","","","","2"
"2014","Saguenay, Quebec [24408]","2021A003524408","Non-violent crime severity index","Index","160","units","0","v44312519","10.5","53.49","","","","2"
"2015","Saguenay, Quebec [24408]","2021A003524408","Non-violent crime severity index","Index","160","units","0","v44312519","10.5","50.75","","","","2"
"2016","Saguenay, Quebec [24408]","2021A003524408","Non-violent crime severity index","Index","160","units","0","v44312519","10.5","51.76","","","","2"
"2017","Saguenay, Quebec [24408]","2021A003524408","Non-violent crime severity index","Index","160","units","0","v44312519","10.5","53.30","","","","2"
"2018","Saguenay, Quebec [24408]","2021A003524408","Non-violent crime severity index","Index","160","units","0","v44312519","10.5","43.09","","","","2"
"2019","Saguenay, Quebec [24408]","2021A003524408","Non-violent crime severity index","Index","160","units","0","v44312519","10.5","41.45","","","","2"
"2020","Saguenay, Quebec [24408]","2021A003524408","Non-violent crime severity index","Index","160","units","0","v44312519","10.5","37.59","","","","2"
"2021","Saguenay, Quebec [24408]","2021A003524408","Non-violent crime severity index","Index","160","units","0","v44312519","10.5","38.50","","","","2"
"2010","Saguenay, Quebec [24408]","2021A003524408","Percent change in non-violent crime severity index","Percent","239","units","0","v44312520","10.6","0.84","","","","2"
"2011","Saguenay, Quebec [24408]","2021A003524408","Percent change in non-violent crime severity index","Percent","239","units","0","v44312520","10.6","-1.02","","","","2"
"2012","Saguenay, Quebec [24408]","2021A003524408","Percent change in non-violent crime severity index","Percent","239","units","0","v44312520","10.6","-9.63","","","","2"
"2013","Saguenay, Quebec [24408]","2021A003524408","Percent change in non-violent crime severity index","Percent","239","units","0","v44312520","10.6","-13.80","","","","2"
"2014","Saguenay, Quebec [24408]","2021A003524408","Percent change in non-violent crime severity index","Percent","239","units","0","v44312520","10.6","-11.51","","","","2"
"2015","Saguenay, Quebec [24408]","2021A003524408","Percent change in non-violent crime severity index","Percent","239","units","0","v44312520","10.6","-5.12","","","","2"
"2016","Saguenay, Quebec [24408]","2021A003524408","Percent change in non-violent crime severity index","Percent","239","units","0","v44312520","10.6","1.99","","","","2"
"2017","Saguenay, Quebec [24408]","2021A003524408","Percent change in non-violent crime severity index","Percent","239","units","0","v44312520","10.6","2.98","","","","2"
"2018","Saguenay, Quebec [24408]","2021A003524408","Percent change in non-violent crime severity index","Percent","239","units","0","v44312520","10.6","-19.16","","","","2"
"2019","Saguenay, Quebec [24408]","2021A003524408","Percent change in non-violent crime severity index","Percent","239","units","0","v44312520","10.6","-3.81","","","","2"
"2020","Saguenay, Quebec [24408]","2021A003524408","Percent change in non-violent crime severity index","Percent","239","units","0","v44312520","10.6","-9.31","","","","2"
"2021","Saguenay, Quebec [24408]","2021A003524408","Percent change in non-violent crime severity index","Percent","239","units","0","v44312520","10.6","2.42","","","","2"
"2010","Saguenay, Quebec [24408]","2021A003524408","Youth crime severity index","Index","160","units","0","v53079465","10.7","0.00","","","","2"
"2011","Saguenay, Quebec [24408]","2021A003524408","Youth crime severity index","Index","160","units","0","v53079465","10.7","","..","","","2"
"2012","Saguenay, Quebec [24408]","2021A003524408","Youth crime severity index","Index","160","units","0","v53079465","10.7","","..","","","2"
"2013","Saguenay, Quebec [24408]","2021A003524408","Youth crime severity index","Index","160","units","0","v53079465","10.7","","..","","","2"
"2014","Saguenay, Quebec [24408]","2021A003524408","Youth crime severity index","Index","160","units","0","v53079465","10.7","","..","","","2"
"2015","Saguenay, Quebec [24408]","2021A003524408","Youth crime severity index","Index","160","units","0","v53079465","10.7","","..","","","2"
"2016","Saguenay, Quebec [24408]","2021A003524408","Youth crime severity index","Index","160","units","0","v53079465","10.7","","..","","","2"
"2017","Saguenay, Quebec [24408]","2021A003524408","Youth crime severity index","Index","160","units","0","v53079465","10.7","","..","","","2"
"2018","Saguenay, Quebec [24408]","2021A003524408","Youth crime severity index","Index","160","units","0","v53079465","10.7","","..","","","2"
"2019","Saguenay, Quebec [24408]","2021A003524408","Youth crime severity index","Index","160","units","0","v53079465","10.7","","..","","","2"
"2020","Saguenay, Quebec [24408]","2021A003524408","Youth crime severity index","Index","160","units","0","v53079465","10.7","","..","","","2"
"2021","Saguenay, Quebec [24408]","2021A003524408","Youth crime severity index","Index","160","units","0","v53079465","10.7","","..","","","2"
"2010","Saguenay, Quebec [24408]","2021A003524408","Percent change in youth crime severity index","Percent","239","units","0","v87984864","10.8","0.00","","","","2"
"2011","Saguenay, Quebec [24408]","2021A003524408","Percent change in youth crime severity index","Percent","239","units","0","v87984864","10.8","","..","","","2"
"2012","Saguenay, Quebec [24408]","2021A003524408","Percent change in youth crime severity index","Percent","239","units","0","v87984864","10.8","","..","","","2"
"2013","Saguenay, Quebec [24408]","2021A003524408","Percent change in youth crime severity index","Percent","239","units","0","v87984864","10.8","","..","","","2"
"2014","Saguenay, Quebec [24408]","2021A003524408","Percent change in youth crime severity index","Percent","239","units","0","v87984864","10.8","","..","","","2"
"2015","Saguenay, Quebec [24408]","2021A003524408","Percent change in youth crime severity index","Percent","239","units","0","v87984864","10.8","","..","","","2"
"2016","Saguenay, Quebec [24408]","2021A003524408","Percent change in youth crime severity index","Percent","239","units","0","v87984864","10.8","","..","","","2"
"2017","Saguenay, Quebec [24408]","2021A003524408","Percent change in youth crime severity index","Percent","239","units","0","v87984864","10.8","","..","","","2"
"2018","Saguenay, Quebec [24408]","2021A003524408","Percent change in youth crime severity index","Percent","239","units","0","v87984864","10.8","","..","","","2"
"2019","Saguenay, Quebec [24408]","2021A003524408","Percent change in youth crime severity index","Percent","239","units","0","v87984864","10.8","","..","","","2"
"2020","Saguenay, Quebec [24408]","2021A003524408","Percent change in youth crime severity index","Percent","239","units","0","v87984864","10.8","","..","","","2"
"2021","Saguenay, Quebec [24408]","2021A003524408","Percent change in youth crime severity index","Percent","239","units","0","v87984864","10.8","","..","","","2"
"2010","Saguenay, Quebec [24408]","2021A003524408","Youth violent crime severity index","Index","160","units","0","v53079466","10.9","0.00","","","","2"
"2011","Saguenay, Quebec [24408]","2021A003524408","Youth violent crime severity index","Index","160","units","0","v53079466","10.9","","..","","","2"
"2012","Saguenay, Quebec [24408]","2021A003524408","Youth violent crime severity index","Index","160","units","0","v53079466","10.9","","..","","","2"
"2013","Saguenay, Quebec [24408]","2021A003524408","Youth violent crime severity index","Index","160","units","0","v53079466","10.9","","..","","","2"
"2014","Saguenay, Quebec [24408]","2021A003524408","Youth violent crime severity index","Index","160","units","0","v53079466","10.9","","..","","","2"
"2015","Saguenay, Quebec [24408]","2021A003524408","Youth violent crime severity index","Index","160","units","0","v53079466","10.9","","..","","","2"
"2016","Saguenay, Quebec [24408]","2021A003524408","Youth violent crime severity index","Index","160","units","0","v53079466","10.9","","..","","","2"
"2017","Saguenay, Quebec [24408]","2021A003524408","Youth violent crime severity index","Index","160","units","0","v53079466","10.9","","..","","","2"
"2018","Saguenay, Quebec [24408]","2021A003524408","Youth violent crime severity index","Index","160","units","0","v53079466","10.9","","..","","","2"
"2019","Saguenay, Quebec [24408]","2021A003524408","Youth violent crime severity index","Index","160","units","0","v53079466","10.9","","..","","","2"
"2020","Saguenay, Quebec [24408]","2021A003524408","Youth violent crime severity index","Index","160","units","0","v53079466","10.9","","..","","","2"
"2021","Saguenay, Quebec [24408]","2021A003524408","Youth violent crime severity index","Index","160","units","0","v53079466","10.9","","..","","","2"
"2010","Saguenay, Quebec [24408]","2021A003524408","Percent change in youth violent crime severity index","Percent","239","units","0","v87984865","10.10","0.00","","","","2"
"2011","Saguenay, Quebec [24408]","2021A003524408","Percent change in youth violent crime severity index","Percent","239","units","0","v87984865","10.10","","..","","","2"
"2012","Saguenay, Quebec [24408]","2021A003524408","Percent change in youth violent crime severity index","Percent","239","units","0","v87984865","10.10","","..","","","2"
"2013","Saguenay, Quebec [24408]","2021A003524408","Percent change in youth violent crime severity index","Percent","239","units","0","v87984865","10.10","","..","","","2"
"2014","Saguenay, Quebec [24408]","2021A003524408","Percent change in youth violent crime severity index","Percent","239","units","0","v87984865","10.10","","..","","","2"
"2015","Saguenay, Quebec [24408]","2021A003524408","Percent change in youth violent crime severity index","Percent","239","units","0","v87984865","10.10","","..","","","2"
"2016","Saguenay, Quebec [24408]","2021A003524408","Percent change in youth violent crime severity index","Percent","239","units","0","v87984865","10.10","","..","","","2"
"2017","Saguenay, Quebec [24408]","2021A003524408","Percent change in youth violent crime severity index","Percent","239","units","0","v87984865","10.10","","..","","","2"
"2018","Saguenay, Quebec [24408]","2021A003524408","Percent change in youth violent crime severity index","Percent","239","units","0","v87984865","10.10","","..","","","2"
"2019","Saguenay, Quebec [24408]","2021A003524408","Percent change in youth violent crime severity index","Percent","239","units","0","v87984865","10.10","","..","","","2"
"2020","Saguenay, Quebec [24408]","2021A003524408","Percent change in youth violent crime severity index","Percent","239","units","0","v87984865","10.10","","..","","","2"
"2021","Saguenay, Quebec [24408]","2021A003524408","Percent change in youth violent crime severity index","Percent","239","units","0","v87984865","10.10","","..","","","2"
"2010","Saguenay, Quebec [24408]","2021A003524408","Youth non-violent crime severity index","Index","160","units","0","v53079458","10.11","0.00","","","","2"
"2011","Saguenay, Quebec [24408]","2021A003524408","Youth non-violent crime severity index","Index","160","units","0","v53079458","10.11","","..","","","2"
"2012","Saguenay, Quebec [24408]","2021A003524408","Youth non-violent crime severity index","Index","160","units","0","v53079458","10.11","","..","","","2"
"2013","Saguenay, Quebec [24408]","2021A003524408","Youth non-violent crime severity index","Index","160","units","0","v53079458","10.11","","..","","","2"
"2014","Saguenay, Quebec [24408]","2021A003524408","Youth non-violent crime severity index","Index","160","units","0","v53079458","10.11","","..","","","2"
"2015","Saguenay, Quebec [24408]","2021A003524408","Youth non-violent crime severity index","Index","160","units","0","v53079458","10.11","","..","","","2"
"2016","Saguenay, Quebec [24408]","2021A003524408","Youth non-violent crime severity index","Index","160","units","0","v53079458","10.11","","..","","","2"
"2017","Saguenay, Quebec [24408]","2021A003524408","Youth non-violent crime severity index","Index","160","units","0","v53079458","10.11","","..","","","2"
"2018","Saguenay, Quebec [24408]","2021A003524408","Youth non-violent crime severity index","Index","160","units","0","v53079458","10.11","","..","","","2"
"2019","Saguenay, Quebec [24408]","2021A003524408","Youth non-violent crime severity index","Index","160","units","0","v53079458","10.11","","..","","","2"
"2020","Saguenay, Quebec [24408]","2021A003524408","Youth non-violent crime severity index","Index","160","units","0","v53079458","10.11","","..","","","2"
"2021","Saguenay, Quebec [24408]","2021A003524408","Youth non-violent crime severity index","Index","160","units","0","v53079458","10.11","","..","","","2"
"2010","Saguenay, Quebec [24408]","2021A003524408","Percent change in youth non-violent crime severity index","Percent","239","units","0","v87984866","10.12","0.00","","","","2"
"2011","Saguenay, Quebec [24408]","2021A003524408","Percent change in youth non-violent crime severity index","Percent","239","units","0","v87984866","10.12","","..","","","2"
"2012","Saguenay, Quebec [24408]","2021A003524408","Percent change in youth non-violent crime severity index","Percent","239","units","0","v87984866","10.12","","..","","","2"
"2013","Saguenay, Quebec [24408]","2021A003524408","Percent change in youth non-violent crime severity index","Percent","239","units","0","v87984866","10.12","","..","","","2"
"2014","Saguenay, Quebec [24408]","2021A003524408","Percent change in youth non-violent crime severity index","Percent","239","units","0","v87984866","10.12","","..","","","2"
"2015","Saguenay, Quebec [24408]","2021A003524408","Percent change in youth non-violent crime severity index","Percent","239","units","0","v87984866","10.12","","..","","","2"
"2016","Saguenay, Quebec [24408]","2021A003524408","Percent change in youth non-violent crime severity index","Percent","239","units","0","v87984866","10.12","","..","","","2"
"2017","Saguenay, Quebec [24408]","2021A003524408","Percent change in youth non-violent crime severity index","Percent","239","units","0","v87984866","10.12","","..","","","2"
"2018","Saguenay, Quebec [24408]","2021A003524408","Percent change in youth non-violent crime severity index","Percent","239","units","0","v87984866","10.12","","..","","","2"
"2019","Saguenay, Quebec [24408]","2021A003524408","Percent change in youth non-violent crime severity index","Percent","239","units","0","v87984866","10.12","","..","","","2"
"2020","Saguenay, Quebec [24408]","2021A003524408","Percent change in youth non-violent crime severity index","Percent","239","units","0","v87984866","10.12","","..","","","2"
"2021","Saguenay, Quebec [24408]","2021A003524408","Percent change in youth non-violent crime severity index","Percent","239","units","0","v87984866","10.12","","..","","","2"
"2010","Saguenay, Quebec [24408]","2021A003524408","Weighted clearance rate","Number","223","units","0","v53079459","10.13","35.30","","","","2"
"2011","Saguenay, Quebec [24408]","2021A003524408","Weighted clearance rate","Number","223","units","0","v53079459","10.13","34.19","","","","2"
"2012","Saguenay, Quebec [24408]","2021A003524408","Weighted clearance rate","Number","223","units","0","v53079459","10.13","38.57","","","","2"
"2013","Saguenay, Quebec [24408]","2021A003524408","Weighted clearance rate","Number","223","units","0","v53079459","10.13","40.53","","","","2"
"2014","Saguenay, Quebec [24408]","2021A003524408","Weighted clearance rate","Number","223","units","0","v53079459","10.13","42.64","","","","2"
"2015","Saguenay, Quebec [24408]","2021A003524408","Weighted clearance rate","Number","223","units","0","v53079459","10.13","40.76","","","","2"
"2016","Saguenay, Quebec [24408]","2021A003524408","Weighted clearance rate","Number","223","units","0","v53079459","10.13","40.94","","","","2"
"2017","Saguenay, Quebec [24408]","2021A003524408","Weighted clearance rate","Number","223","units","0","v53079459","10.13","40.02","","","","2"
"2018","Saguenay, Quebec [24408]","2021A003524408","Weighted clearance rate","Number","223","units","0","v53079459","10.13","48.36","","","","2"
"2019","Saguenay, Quebec [24408]","2021A003524408","Weighted clearance rate","Number","223","units","0","v53079459","10.13","52.22","","","","2"
"2020","Saguenay, Quebec [24408]","2021A003524408","Weighted clearance rate","Number","223","units","0","v53079459","10.13","50.43","","","","2"
"2021","Saguenay, Quebec [24408]","2021A003524408","Weighted clearance rate","Number","223","units","0","v53079459","10.13","49.28","","","","2"
"2010","Saguenay, Quebec [24408]","2021A003524408","Percent change in weighted clearance rate","Percent","239","units","0","v53079460","10.14","-9.18","","","","2"
"2011","Saguenay, Quebec [24408]","2021A003524408","Percent change in weighted clearance rate","Percent","239","units","0","v53079460","10.14","-3.14","","","","2"
"2012","Saguenay, Quebec [24408]","2021A003524408","Percent change in weighted clearance rate","Percent","239","units","0","v53079460","10.14","12.81","","","","2"
"2013","Saguenay, Quebec [24408]","2021A003524408","Percent change in weighted clearance rate","Percent","239","units","0","v53079460","10.14","5.08","","","","2"
"2014","Saguenay, Quebec [24408]","2021A003524408","Percent change in weighted clearance rate","Percent","239","units","0","v53079460","10.14","5.21","","","","2"
"2015","Saguenay, Quebec [24408]","2021A003524408","Percent change in weighted clearance rate","Percent","239","units","0","v53079460","10.14","-4.41","","","","2"
"2016","Saguenay, Quebec [24408]","2021A003524408","Percent change in weighted clearance rate","Percent","239","units","0","v53079460","10.14","0.44","","","","2"
"2017","Saguenay, Quebec [24408]","2021A003524408","Percent change in weighted clearance rate","Percent","239","units","0","v53079460","10.14","-2.25","","","","2"
"2018","Saguenay, Quebec [24408]","2021A003524408","Percent change in weighted clearance rate","Percent","239","units","0","v53079460","10.14","20.84","","","","2"
"2019","Saguenay, Quebec [24408]","2021A003524408","Percent change in weighted clearance rate","Percent","239","units","0","v53079460","10.14","7.98","","","","2"
"2020","Saguenay, Quebec [24408]","2021A003524408","Percent change in weighted clearance rate","Percent","239","units","0","v53079460","10.14","-3.43","","","","2"
"2021","Saguenay, Quebec [24408]","2021A003524408","Percent change in weighted clearance rate","Percent","239","units","0","v53079460","10.14","-2.28","","","","2"
"2010","Saguenay, Quebec [24408]","2021A003524408","Violent weighted clearance rate","Number","223","units","0","v53079461","10.15","70.74","","","","2"
"2011","Saguenay, Quebec [24408]","2021A003524408","Violent weighted clearance rate","Number","223","units","0","v53079461","10.15","69.84","","","","2"
"2012","Saguenay, Quebec [24408]","2021A003524408","Violent weighted clearance rate","Number","223","units","0","v53079461","10.15","66.69","","","","2"
"2013","Saguenay, Quebec [24408]","2021A003524408","Violent weighted clearance rate","Number","223","units","0","v53079461","10.15","71.65","","","","2"
"2014","Saguenay, Quebec [24408]","2021A003524408","Violent weighted clearance rate","Number","223","units","0","v53079461","10.15","72.37","","","","2"
"2015","Saguenay, Quebec [24408]","2021A003524408","Violent weighted clearance rate","Number","223","units","0","v53079461","10.15","66.27","","","","2"
"2016","Saguenay, Quebec [24408]","2021A003524408","Violent weighted clearance rate","Number","223","units","0","v53079461","10.15","68.58","","","","2"
"2017","Saguenay, Quebec [24408]","2021A003524408","Violent weighted clearance rate","Number","223","units","0","v53079461","10.15","68.06","","","","2"
"2018","Saguenay, Quebec [24408]","2021A003524408","Violent weighted clearance rate","Number","223","units","0","v53079461","10.15","75.83","","","","2"
"2019","Saguenay, Quebec [24408]","2021A003524408","Violent weighted clearance rate","Number","223","units","0","v53079461","10.15","71.65","","","","2"
"2020","Saguenay, Quebec [24408]","2021A003524408","Violent weighted clearance rate","Number","223","units","0","v53079461","10.15","74.33","","","","2"
"2021","Saguenay, Quebec [24408]","2021A003524408","Violent weighted clearance rate","Number","223","units","0","v53079461","10.15","64.66","","","","2"
"2010","Saguenay, Quebec [24408]","2021A003524408","Percent change in violent weighted clearance rate","Percent","239","units","0","v53079462","10.16","-7.83","","","","2"
"2011","Saguenay, Quebec [24408]","2021A003524408","Percent change in violent weighted clearance rate","Percent","239","units","0","v53079462","10.16","-1.27","","","","2"
"2012","Saguenay, Quebec [24408]","2021A003524408","Percent change in violent weighted clearance rate","Percent","239","units","0","v53079462","10.16","-4.51","","","","2"
"2013","Saguenay, Quebec [24408]","2021A003524408","Percent change in violent weighted clearance rate","Percent","239","units","0","v53079462","10.16","7.44","","","","2"
"2014","Saguenay, Quebec [24408]","2021A003524408","Percent change in violent weighted clearance rate","Percent","239","units","0","v53079462","10.16","1.00","","","","2"
"2015","Saguenay, Quebec [24408]","2021A003524408","Percent change in violent weighted clearance rate","Percent","239","units","0","v53079462","10.16","-8.43","","","","2"
"2016","Saguenay, Quebec [24408]","2021A003524408","Percent change in violent weighted clearance rate","Percent","239","units","0","v53079462","10.16","3.49","","","","2"
"2017","Saguenay, Quebec [24408]","2021A003524408","Percent change in violent weighted clearance rate","Percent","239","units","0","v53079462","10.16","-0.76","","","","2"
"2018","Saguenay, Quebec [24408]","2021A003524408","Percent change in violent weighted clearance rate","Percent","239","units","0","v53079462","10.16","11.42","","","","2"
"2019","Saguenay, Quebec [24408]","2021A003524408","Percent change in violent weighted clearance rate","Percent","239","units","0","v53079462","10.16","-5.51","","","","2"
"2020","Saguenay, Quebec [24408]","2021A003524408","Percent change in violent weighted clearance rate","Percent","239","units","0","v53079462","10.16","3.74","","","","2"
"2021","Saguenay, Quebec [24408]","2021A003524408","Percent change in violent weighted clearance rate","Percent","239","units","0","v53079462","10.16","-13.01","","","","2"
"2010","Saguenay, Quebec [24408]","2021A003524408","Non-violent weighted clearance rate","Number","223","units","0","v53079463","10.17","25.26","","","","2"
"2011","Saguenay, Quebec [24408]","2021A003524408","Non-violent weighted clearance rate","Number","223","units","0","v53079463","10.17","24.17","","","","2"
"2012","Saguenay, Quebec [24408]","2021A003524408","Non-violent weighted clearance rate","Number","223","units","0","v53079463","10.17","27.96","","","","2"
"2013","Saguenay, Quebec [24408]","2021A003524408","Non-violent weighted clearance rate","Number","223","units","0","v53079463","10.17","30.32","","","","2"
"2014","Saguenay, Quebec [24408]","2021A003524408","Non-violent weighted clearance rate","Number","223","units","0","v53079463","10.17","30.62","","","","2"
"2015","Saguenay, Quebec [24408]","2021A003524408","Non-violent weighted clearance rate","Number","223","units","0","v53079463","10.17","29.59","","","","2"
"2016","Saguenay, Quebec [24408]","2021A003524408","Non-violent weighted clearance rate","Number","223","units","0","v53079463","10.17","27.98","","","","2"
"2017","Saguenay, Quebec [24408]","2021A003524408","Non-violent weighted clearance rate","Number","223","units","0","v53079463","10.17","28.81","","","","2"
"2018","Saguenay, Quebec [24408]","2021A003524408","Non-violent weighted clearance rate","Number","223","units","0","v53079463","10.17","33.79","","","","2"
"2019","Saguenay, Quebec [24408]","2021A003524408","Non-violent weighted clearance rate","Number","223","units","0","v53079463","10.17","41.39","","","","2"
"2020","Saguenay, Quebec [24408]","2021A003524408","Non-violent weighted clearance rate","Number","223","units","0","v53079463","10.17","36.45","","","","2"
"2021","Saguenay, Quebec [24408]","2021A003524408","Non-violent weighted clearance rate","Number","223","units","0","v53079463","10.17","37.55","","","","2"
"2010","Saguenay, Quebec [24408]","2021A003524408","Percent change in non-violent weighted clearance rate","Percent","239","units","0","v53079464","10.18","-0.98","","","","2"
"2011","Saguenay, Quebec [24408]","2021A003524408","Percent change in non-violent weighted clearance rate","Percent","239","units","0","v53079464","10.18","-4.32","","","","2"
"2012","Saguenay, Quebec [24408]","2021A003524408","Percent change in non-violent weighted clearance rate","Percent","239","units","0","v53079464","10.18","15.68","","","","2"
"2013","Saguenay, Quebec [24408]","2021A003524408","Percent change in non-violent weighted clearance rate","Percent","239","units","0","v53079464","10.18","8.44","","","","2"
"2014","Saguenay, Quebec [24408]","2021A003524408","Percent change in non-violent weighted clearance rate","Percent","239","units","0","v53079464","10.18","0.99","","","","2"
"2015","Saguenay, Quebec [24408]","2021A003524408","Percent change in non-violent weighted clearance rate","Percent","239","units","0","v53079464","10.18","-3.36","","","","2"
"2016","Saguenay, Quebec [24408]","2021A003524408","Percent change in non-violent weighted clearance rate","Percent","239","units","0","v53079464","10.18","-5.44","","","","2"
"2017","Saguenay, Quebec [24408]","2021A003524408","Percent change in non-violent weighted clearance rate","Percent","239","units","0","v53079464","10.18","2.97","","","","2"
"2018","Saguenay, Quebec [24408]","2021A003524408","Percent change in non-violent weighted clearance rate","Percent","239","units","0","v53079464","10.18","17.29","","","","2"
"2019","Saguenay, Quebec [24408]","2021A003524408","Percent change in non-violent weighted clearance rate","Percent","239","units","0","v53079464","10.18","22.49","","","","2"
"2020","Saguenay, Quebec [24408]","2021A003524408","Percent change in non-violent weighted clearance rate","Percent","239","units","0","v53079464","10.18","-11.94","","","","2"
"2021","Saguenay, Quebec [24408]","2021A003524408","Percent change in non-violent weighted clearance rate","Percent","239","units","0","v53079464","10.18","3.02","","","","2"


