﻿"REF_DATE","GEO","DGUID","Statistics","UOM","UOM_ID","SCALAR_FACTOR","SCALAR_ID","VECTOR","COORDINATE","VALUE","STATUS","SYMBOL","TERMINATED","DECIMALS"
"2010","Saint John, New Brunswick [13310]","2021A003513310","Crime severity index","Index","160","units","0","v44312503","8.1","79.60","","","","2"
"2011","Saint John, New Brunswick [13310]","2021A003513310","Crime severity index","Index","160","units","0","v44312503","8.1","69.07","","","","2"
"2012","Saint John, New Brunswick [13310]","2021A003513310","Crime severity index","Index","160","units","0","v44312503","8.1","66.76","","","","2"
"2013","Saint John, New Brunswick [13310]","2021A003513310","Crime severity index","Index","160","units","0","v44312503","8.1","60.83","","","","2"
"2014","Saint John, New Brunswick [13310]","2021A003513310","Crime severity index","Index","160","units","0","v44312503","8.1","55.47","","","","2"
"2015","Saint John, New Brunswick [13310]","2021A003513310","Crime severity index","Index","160","units","0","v44312503","8.1","55.66","","","","2"
"2016","Saint John, New Brunswick [13310]","2021A003513310","Crime severity index","Index","160","units","0","v44312503","8.1","54.91","","","","2"
"2017","Saint John, New Brunswick [13310]","2021A003513310","Crime severity index","Index","160","units","0","v44312503","8.1","56.77","","","","2"
"2018","Saint John, New Brunswick [13310]","2021A003513310","Crime severity index","Index","160","units","0","v44312503","8.1","57.04","","","","2"
"2019","Saint John, New Brunswick [13310]","2021A003513310","Crime severity index","Index","160","units","0","v44312503","8.1","56.95","","","","2"
"2020","Saint John, New Brunswick [13310]","2021A003513310","Crime severity index","Index","160","units","0","v44312503","8.1","52.02","","","","2"
"2021","Saint John, New Brunswick [13310]","2021A003513310","Crime severity index","Index","160","units","0","v44312503","8.1","51.10","","","","2"
"2010","Saint John, New Brunswick [13310]","2021A003513310","Percent change in crime severity index","Percent","239","units","0","v44312504","8.2","-1.46","","","","2"
"2011","Saint John, New Brunswick [13310]","2021A003513310","Percent change in crime severity index","Percent","239","units","0","v44312504","8.2","-13.23","","","","2"
"2012","Saint John, New Brunswick [13310]","2021A003513310","Percent change in crime severity index","Percent","239","units","0","v44312504","8.2","-3.34","","","","2"
"2013","Saint John, New Brunswick [13310]","2021A003513310","Percent change in crime severity index","Percent","239","units","0","v44312504","8.2","-8.88","","","","2"
"2014","Saint John, New Brunswick [13310]","2021A003513310","Percent change in crime severity index","Percent","239","units","0","v44312504","8.2","-8.81","","","","2"
"2015","Saint John, New Brunswick [13310]","2021A003513310","Percent change in crime severity index","Percent","239","units","0","v44312504","8.2","0.34","","","","2"
"2016","Saint John, New Brunswick [13310]","2021A003513310","Percent change in crime severity index","Percent","239","units","0","v44312504","8.2","-1.35","","","","2"
"2017","Saint John, New Brunswick [13310]","2021A003513310","Percent change in crime severity index","Percent","239","units","0","v44312504","8.2","3.39","","","","2"
"2018","Saint John, New Brunswick [13310]","2021A003513310","Percent change in crime severity index","Percent","239","units","0","v44312504","8.2","0.48","","","","2"
"2019","Saint John, New Brunswick [13310]","2021A003513310","Percent change in crime severity index","Percent","239","units","0","v44312504","8.2","-0.16","","","","2"
"2020","Saint John, New Brunswick [13310]","2021A003513310","Percent change in crime severity index","Percent","239","units","0","v44312504","8.2","-8.66","","","","2"
"2021","Saint John, New Brunswick [13310]","2021A003513310","Percent change in crime severity index","Percent","239","units","0","v44312504","8.2","-1.77","","","","2"
"2010","Saint John, New Brunswick [13310]","2021A003513310","Violent crime severity index","Index","160","units","0","v44312505","8.3","82.77","","","","2"
"2011","Saint John, New Brunswick [13310]","2021A003513310","Violent crime severity index","Index","160","units","0","v44312505","8.3","76.47","","","","2"
"2012","Saint John, New Brunswick [13310]","2021A003513310","Violent crime severity index","Index","160","units","0","v44312505","8.3","67.46","","","","2"
"2013","Saint John, New Brunswick [13310]","2021A003513310","Violent crime severity index","Index","160","units","0","v44312505","8.3","55.82","","","","2"
"2014","Saint John, New Brunswick [13310]","2021A003513310","Violent crime severity index","Index","160","units","0","v44312505","8.3","61.21","","","","2"
"2015","Saint John, New Brunswick [13310]","2021A003513310","Violent crime severity index","Index","160","units","0","v44312505","8.3","65.43","","","","2"
"2016","Saint John, New Brunswick [13310]","2021A003513310","Violent crime severity index","Index","160","units","0","v44312505","8.3","74.46","","","","2"
"2017","Saint John, New Brunswick [13310]","2021A003513310","Violent crime severity index","Index","160","units","0","v44312505","8.3","73.32","","","","2"
"2018","Saint John, New Brunswick [13310]","2021A003513310","Violent crime severity index","Index","160","units","0","v44312505","8.3","70.81","","","","2"
"2019","Saint John, New Brunswick [13310]","2021A003513310","Violent crime severity index","Index","160","units","0","v44312505","8.3","74.99","","","","2"
"2020","Saint John, New Brunswick [13310]","2021A003513310","Violent crime severity index","Index","160","units","0","v44312505","8.3","69.82","","","","2"
"2021","Saint John, New Brunswick [13310]","2021A003513310","Violent crime severity index","Index","160","units","0","v44312505","8.3","53.76","","","","2"
"2010","Saint John, New Brunswick [13310]","2021A003513310","Percent change in violent crime severity index","Percent","239","units","0","v44312506","8.4","3.84","","","","2"
"2011","Saint John, New Brunswick [13310]","2021A003513310","Percent change in violent crime severity index","Percent","239","units","0","v44312506","8.4","-7.61","","","","2"
"2012","Saint John, New Brunswick [13310]","2021A003513310","Percent change in violent crime severity index","Percent","239","units","0","v44312506","8.4","-11.78","","","","2"
"2013","Saint John, New Brunswick [13310]","2021A003513310","Percent change in violent crime severity index","Percent","239","units","0","v44312506","8.4","-17.25","","","","2"
"2014","Saint John, New Brunswick [13310]","2021A003513310","Percent change in violent crime severity index","Percent","239","units","0","v44312506","8.4","9.66","","","","2"
"2015","Saint John, New Brunswick [13310]","2021A003513310","Percent change in violent crime severity index","Percent","239","units","0","v44312506","8.4","6.89","","","","2"
"2016","Saint John, New Brunswick [13310]","2021A003513310","Percent change in violent crime severity index","Percent","239","units","0","v44312506","8.4","13.80","","","","2"
"2017","Saint John, New Brunswick [13310]","2021A003513310","Percent change in violent crime severity index","Percent","239","units","0","v44312506","8.4","-1.53","","","","2"
"2018","Saint John, New Brunswick [13310]","2021A003513310","Percent change in violent crime severity index","Percent","239","units","0","v44312506","8.4","-3.42","","","","2"
"2019","Saint John, New Brunswick [13310]","2021A003513310","Percent change in violent crime severity index","Percent","239","units","0","v44312506","8.4","5.90","","","","2"
"2020","Saint John, New Brunswick [13310]","2021A003513310","Percent change in violent crime severity index","Percent","239","units","0","v44312506","8.4","-6.89","","","","2"
"2021","Saint John, New Brunswick [13310]","2021A003513310","Percent change in violent crime severity index","Percent","239","units","0","v44312506","8.4","-23.00","","","","2"
"2010","Saint John, New Brunswick [13310]","2021A003513310","Non-violent crime severity index","Index","160","units","0","v44312507","8.5","78.38","","","","2"
"2011","Saint John, New Brunswick [13310]","2021A003513310","Non-violent crime severity index","Index","160","units","0","v44312507","8.5","66.23","","","","2"
"2012","Saint John, New Brunswick [13310]","2021A003513310","Non-violent crime severity index","Index","160","units","0","v44312507","8.5","66.37","","","","2"
"2013","Saint John, New Brunswick [13310]","2021A003513310","Non-violent crime severity index","Index","160","units","0","v44312507","8.5","62.53","","","","2"
"2014","Saint John, New Brunswick [13310]","2021A003513310","Non-violent crime severity index","Index","160","units","0","v44312507","8.5","53.27","","","","2"
"2015","Saint John, New Brunswick [13310]","2021A003513310","Non-violent crime severity index","Index","160","units","0","v44312507","8.5","51.98","","","","2"
"2016","Saint John, New Brunswick [13310]","2021A003513310","Non-violent crime severity index","Index","160","units","0","v44312507","8.5","47.75","","","","2"
"2017","Saint John, New Brunswick [13310]","2021A003513310","Non-violent crime severity index","Index","160","units","0","v44312507","8.5","50.69","","","","2"
"2018","Saint John, New Brunswick [13310]","2021A003513310","Non-violent crime severity index","Index","160","units","0","v44312507","8.5","51.95","","","","2"
"2019","Saint John, New Brunswick [13310]","2021A003513310","Non-violent crime severity index","Index","160","units","0","v44312507","8.5","50.33","","","","2"
"2020","Saint John, New Brunswick [13310]","2021A003513310","Non-violent crime severity index","Index","160","units","0","v44312507","8.5","45.50","","","","2"
"2021","Saint John, New Brunswick [13310]","2021A003513310","Non-violent crime severity index","Index","160","units","0","v44312507","8.5","50.02","","","","2"
"2010","Saint John, New Brunswick [13310]","2021A003513310","Percent change in non-violent crime severity index","Percent","239","units","0","v44312508","8.6","-3.46","","","","2"
"2011","Saint John, New Brunswick [13310]","2021A003513310","Percent change in non-violent crime severity index","Percent","239","units","0","v44312508","8.6","-15.50","","","","2"
"2012","Saint John, New Brunswick [13310]","2021A003513310","Percent change in non-violent crime severity index","Percent","239","units","0","v44312508","8.6","0.21","","","","2"
"2013","Saint John, New Brunswick [13310]","2021A003513310","Percent change in non-violent crime severity index","Percent","239","units","0","v44312508","8.6","-5.79","","","","2"
"2014","Saint John, New Brunswick [13310]","2021A003513310","Percent change in non-violent crime severity index","Percent","239","units","0","v44312508","8.6","-14.81","","","","2"
"2015","Saint John, New Brunswick [13310]","2021A003513310","Percent change in non-violent crime severity index","Percent","239","units","0","v44312508","8.6","-2.42","","","","2"
"2016","Saint John, New Brunswick [13310]","2021A003513310","Percent change in non-violent crime severity index","Percent","239","units","0","v44312508","8.6","-8.14","","","","2"
"2017","Saint John, New Brunswick [13310]","2021A003513310","Percent change in non-violent crime severity index","Percent","239","units","0","v44312508","8.6","6.16","","","","2"
"2018","Saint John, New Brunswick [13310]","2021A003513310","Percent change in non-violent crime severity index","Percent","239","units","0","v44312508","8.6","2.49","","","","2"
"2019","Saint John, New Brunswick [13310]","2021A003513310","Percent change in non-violent crime severity index","Percent","239","units","0","v44312508","8.6","-3.12","","","","2"
"2020","Saint John, New Brunswick [13310]","2021A003513310","Percent change in non-violent crime severity index","Percent","239","units","0","v44312508","8.6","-9.60","","","","2"
"2021","Saint John, New Brunswick [13310]","2021A003513310","Percent change in non-violent crime severity index","Percent","239","units","0","v44312508","8.6","9.93","","","","2"
"2010","Saint John, New Brunswick [13310]","2021A003513310","Youth crime severity index","Index","160","units","0","v53079906","8.7","0.00","","","","2"
"2011","Saint John, New Brunswick [13310]","2021A003513310","Youth crime severity index","Index","160","units","0","v53079906","8.7","","..","","","2"
"2012","Saint John, New Brunswick [13310]","2021A003513310","Youth crime severity index","Index","160","units","0","v53079906","8.7","","..","","","2"
"2013","Saint John, New Brunswick [13310]","2021A003513310","Youth crime severity index","Index","160","units","0","v53079906","8.7","","..","","","2"
"2014","Saint John, New Brunswick [13310]","2021A003513310","Youth crime severity index","Index","160","units","0","v53079906","8.7","","..","","","2"
"2015","Saint John, New Brunswick [13310]","2021A003513310","Youth crime severity index","Index","160","units","0","v53079906","8.7","","..","","","2"
"2016","Saint John, New Brunswick [13310]","2021A003513310","Youth crime severity index","Index","160","units","0","v53079906","8.7","","..","","","2"
"2017","Saint John, New Brunswick [13310]","2021A003513310","Youth crime severity index","Index","160","units","0","v53079906","8.7","","..","","","2"
"2018","Saint John, New Brunswick [13310]","2021A003513310","Youth crime severity index","Index","160","units","0","v53079906","8.7","","..","","","2"
"2019","Saint John, New Brunswick [13310]","2021A003513310","Youth crime severity index","Index","160","units","0","v53079906","8.7","","..","","","2"
"2020","Saint John, New Brunswick [13310]","2021A003513310","Youth crime severity index","Index","160","units","0","v53079906","8.7","","..","","","2"
"2021","Saint John, New Brunswick [13310]","2021A003513310","Youth crime severity index","Index","160","units","0","v53079906","8.7","","..","","","2"
"2010","Saint John, New Brunswick [13310]","2021A003513310","Percent change in youth crime severity index","Percent","239","units","0","v87984861","8.8","0.00","","","","2"
"2011","Saint John, New Brunswick [13310]","2021A003513310","Percent change in youth crime severity index","Percent","239","units","0","v87984861","8.8","","..","","","2"
"2012","Saint John, New Brunswick [13310]","2021A003513310","Percent change in youth crime severity index","Percent","239","units","0","v87984861","8.8","","..","","","2"
"2013","Saint John, New Brunswick [13310]","2021A003513310","Percent change in youth crime severity index","Percent","239","units","0","v87984861","8.8","","..","","","2"
"2014","Saint John, New Brunswick [13310]","2021A003513310","Percent change in youth crime severity index","Percent","239","units","0","v87984861","8.8","","..","","","2"
"2015","Saint John, New Brunswick [13310]","2021A003513310","Percent change in youth crime severity index","Percent","239","units","0","v87984861","8.8","","..","","","2"
"2016","Saint John, New Brunswick [13310]","2021A003513310","Percent change in youth crime severity index","Percent","239","units","0","v87984861","8.8","","..","","","2"
"2017","Saint John, New Brunswick [13310]","2021A003513310","Percent change in youth crime severity index","Percent","239","units","0","v87984861","8.8","","..","","","2"
"2018","Saint John, New Brunswick [13310]","2021A003513310","Percent change in youth crime severity index","Percent","239","units","0","v87984861","8.8","","..","","","2"
"2019","Saint John, New Brunswick [13310]","2021A003513310","Percent change in youth crime severity index","Percent","239","units","0","v87984861","8.8","","..","","","2"
"2020","Saint John, New Brunswick [13310]","2021A003513310","Percent change in youth crime severity index","Percent","239","units","0","v87984861","8.8","","..","","","2"
"2021","Saint John, New Brunswick [13310]","2021A003513310","Percent change in youth crime severity index","Percent","239","units","0","v87984861","8.8","","..","","","2"
"2010","Saint John, New Brunswick [13310]","2021A003513310","Youth violent crime severity index","Index","160","units","0","v53079907","8.9","0.00","","","","2"
"2011","Saint John, New Brunswick [13310]","2021A003513310","Youth violent crime severity index","Index","160","units","0","v53079907","8.9","","..","","","2"
"2012","Saint John, New Brunswick [13310]","2021A003513310","Youth violent crime severity index","Index","160","units","0","v53079907","8.9","","..","","","2"
"2013","Saint John, New Brunswick [13310]","2021A003513310","Youth violent crime severity index","Index","160","units","0","v53079907","8.9","","..","","","2"
"2014","Saint John, New Brunswick [13310]","2021A003513310","Youth violent crime severity index","Index","160","units","0","v53079907","8.9","","..","","","2"
"2015","Saint John, New Brunswick [13310]","2021A003513310","Youth violent crime severity index","Index","160","units","0","v53079907","8.9","","..","","","2"
"2016","Saint John, New Brunswick [13310]","2021A003513310","Youth violent crime severity index","Index","160","units","0","v53079907","8.9","","..","","","2"
"2017","Saint John, New Brunswick [13310]","2021A003513310","Youth violent crime severity index","Index","160","units","0","v53079907","8.9","","..","","","2"
"2018","Saint John, New Brunswick [13310]","2021A003513310","Youth violent crime severity index","Index","160","units","0","v53079907","8.9","","..","","","2"
"2019","Saint John, New Brunswick [13310]","2021A003513310","Youth violent crime severity index","Index","160","units","0","v53079907","8.9","","..","","","2"
"2020","Saint John, New Brunswick [13310]","2021A003513310","Youth violent crime severity index","Index","160","units","0","v53079907","8.9","","..","","","2"
"2021","Saint John, New Brunswick [13310]","2021A003513310","Youth violent crime severity index","Index","160","units","0","v53079907","8.9","","..","","","2"
"2010","Saint John, New Brunswick [13310]","2021A003513310","Percent change in youth violent crime severity index","Percent","239","units","0","v87984862","8.10","0.00","","","","2"
"2011","Saint John, New Brunswick [13310]","2021A003513310","Percent change in youth violent crime severity index","Percent","239","units","0","v87984862","8.10","","..","","","2"
"2012","Saint John, New Brunswick [13310]","2021A003513310","Percent change in youth violent crime severity index","Percent","239","units","0","v87984862","8.10","","..","","","2"
"2013","Saint John, New Brunswick [13310]","2021A003513310","Percent change in youth violent crime severity index","Percent","239","units","0","v87984862","8.10","","..","","","2"
"2014","Saint John, New Brunswick [13310]","2021A003513310","Percent change in youth violent crime severity index","Percent","239","units","0","v87984862","8.10","","..","","","2"
"2015","Saint John, New Brunswick [13310]","2021A003513310","Percent change in youth violent crime severity index","Percent","239","units","0","v87984862","8.10","","..","","","2"
"2016","Saint John, New Brunswick [13310]","2021A003513310","Percent change in youth violent crime severity index","Percent","239","units","0","v87984862","8.10","","..","","","2"
"2017","Saint John, New Brunswick [13310]","2021A003513310","Percent change in youth violent crime severity index","Percent","239","units","0","v87984862","8.10","","..","","","2"
"2018","Saint John, New Brunswick [13310]","2021A003513310","Percent change in youth violent crime severity index","Percent","239","units","0","v87984862","8.10","","..","","","2"
"2019","Saint John, New Brunswick [13310]","2021A003513310","Percent change in youth violent crime severity index","Percent","239","units","0","v87984862","8.10","","..","","","2"
"2020","Saint John, New Brunswick [13310]","2021A003513310","Percent change in youth violent crime severity index","Percent","239","units","0","v87984862","8.10","","..","","","2"
"2021","Saint John, New Brunswick [13310]","2021A003513310","Percent change in youth violent crime severity index","Percent","239","units","0","v87984862","8.10","","..","","","2"
"2010","Saint John, New Brunswick [13310]","2021A003513310","Youth non-violent crime severity index","Index","160","units","0","v53079899","8.11","0.00","","","","2"
"2011","Saint John, New Brunswick [13310]","2021A003513310","Youth non-violent crime severity index","Index","160","units","0","v53079899","8.11","","..","","","2"
"2012","Saint John, New Brunswick [13310]","2021A003513310","Youth non-violent crime severity index","Index","160","units","0","v53079899","8.11","","..","","","2"
"2013","Saint John, New Brunswick [13310]","2021A003513310","Youth non-violent crime severity index","Index","160","units","0","v53079899","8.11","","..","","","2"
"2014","Saint John, New Brunswick [13310]","2021A003513310","Youth non-violent crime severity index","Index","160","units","0","v53079899","8.11","","..","","","2"
"2015","Saint John, New Brunswick [13310]","2021A003513310","Youth non-violent crime severity index","Index","160","units","0","v53079899","8.11","","..","","","2"
"2016","Saint John, New Brunswick [13310]","2021A003513310","Youth non-violent crime severity index","Index","160","units","0","v53079899","8.11","","..","","","2"
"2017","Saint John, New Brunswick [13310]","2021A003513310","Youth non-violent crime severity index","Index","160","units","0","v53079899","8.11","","..","","","2"
"2018","Saint John, New Brunswick [13310]","2021A003513310","Youth non-violent crime severity index","Index","160","units","0","v53079899","8.11","","..","","","2"
"2019","Saint John, New Brunswick [13310]","2021A003513310","Youth non-violent crime severity index","Index","160","units","0","v53079899","8.11","","..","","","2"
"2020","Saint John, New Brunswick [13310]","2021A003513310","Youth non-violent crime severity index","Index","160","units","0","v53079899","8.11","","..","","","2"
"2021","Saint John, New Brunswick [13310]","2021A003513310","Youth non-violent crime severity index","Index","160","units","0","v53079899","8.11","","..","","","2"
"2010","Saint John, New Brunswick [13310]","2021A003513310","Percent change in youth non-violent crime severity index","Percent","239","units","0","v87984863","8.12","0.00","","","","2"
"2011","Saint John, New Brunswick [13310]","2021A003513310","Percent change in youth non-violent crime severity index","Percent","239","units","0","v87984863","8.12","","..","","","2"
"2012","Saint John, New Brunswick [13310]","2021A003513310","Percent change in youth non-violent crime severity index","Percent","239","units","0","v87984863","8.12","","..","","","2"
"2013","Saint John, New Brunswick [13310]","2021A003513310","Percent change in youth non-violent crime severity index","Percent","239","units","0","v87984863","8.12","","..","","","2"
"2014","Saint John, New Brunswick [13310]","2021A003513310","Percent change in youth non-violent crime severity index","Percent","239","units","0","v87984863","8.12","","..","","","2"
"2015","Saint John, New Brunswick [13310]","2021A003513310","Percent change in youth non-violent crime severity index","Percent","239","units","0","v87984863","8.12","","..","","","2"
"2016","Saint John, New Brunswick [13310]","2021A003513310","Percent change in youth non-violent crime severity index","Percent","239","units","0","v87984863","8.12","","..","","","2"
"2017","Saint John, New Brunswick [13310]","2021A003513310","Percent change in youth non-violent crime severity index","Percent","239","units","0","v87984863","8.12","","..","","","2"
"2018","Saint John, New Brunswick [13310]","2021A003513310","Percent change in youth non-violent crime severity index","Percent","239","units","0","v87984863","8.12","","..","","","2"
"2019","Saint John, New Brunswick [13310]","2021A003513310","Percent change in youth non-violent crime severity index","Percent","239","units","0","v87984863","8.12","","..","","","2"
"2020","Saint John, New Brunswick [13310]","2021A003513310","Percent change in youth non-violent crime severity index","Percent","239","units","0","v87984863","8.12","","..","","","2"
"2021","Saint John, New Brunswick [13310]","2021A003513310","Percent change in youth non-violent crime severity index","Percent","239","units","0","v87984863","8.12","","..","","","2"
"2010","Saint John, New Brunswick [13310]","2021A003513310","Weighted clearance rate","Number","223","units","0","v53079900","8.13","46.31","","","","2"
"2011","Saint John, New Brunswick [13310]","2021A003513310","Weighted clearance rate","Number","223","units","0","v53079900","8.13","46.69","","","","2"
"2012","Saint John, New Brunswick [13310]","2021A003513310","Weighted clearance rate","Number","223","units","0","v53079900","8.13","48.40","","","","2"
"2013","Saint John, New Brunswick [13310]","2021A003513310","Weighted clearance rate","Number","223","units","0","v53079900","8.13","51.51","","","","2"
"2014","Saint John, New Brunswick [13310]","2021A003513310","Weighted clearance rate","Number","223","units","0","v53079900","8.13","54.45","","","","2"
"2015","Saint John, New Brunswick [13310]","2021A003513310","Weighted clearance rate","Number","223","units","0","v53079900","8.13","51.08","","","","2"
"2016","Saint John, New Brunswick [13310]","2021A003513310","Weighted clearance rate","Number","223","units","0","v53079900","8.13","55.10","","","","2"
"2017","Saint John, New Brunswick [13310]","2021A003513310","Weighted clearance rate","Number","223","units","0","v53079900","8.13","58.52","","","","2"
"2018","Saint John, New Brunswick [13310]","2021A003513310","Weighted clearance rate","Number","223","units","0","v53079900","8.13","53.98","","","","2"
"2019","Saint John, New Brunswick [13310]","2021A003513310","Weighted clearance rate","Number","223","units","0","v53079900","8.13","53.03","","","","2"
"2020","Saint John, New Brunswick [13310]","2021A003513310","Weighted clearance rate","Number","223","units","0","v53079900","8.13","49.17","","","","2"
"2021","Saint John, New Brunswick [13310]","2021A003513310","Weighted clearance rate","Number","223","units","0","v53079900","8.13","41.11","","","","2"
"2010","Saint John, New Brunswick [13310]","2021A003513310","Percent change in weighted clearance rate","Percent","239","units","0","v53079901","8.14","2.73","","","","2"
"2011","Saint John, New Brunswick [13310]","2021A003513310","Percent change in weighted clearance rate","Percent","239","units","0","v53079901","8.14","0.82","","","","2"
"2012","Saint John, New Brunswick [13310]","2021A003513310","Percent change in weighted clearance rate","Percent","239","units","0","v53079901","8.14","3.66","","","","2"
"2013","Saint John, New Brunswick [13310]","2021A003513310","Percent change in weighted clearance rate","Percent","239","units","0","v53079901","8.14","6.43","","","","2"
"2014","Saint John, New Brunswick [13310]","2021A003513310","Percent change in weighted clearance rate","Percent","239","units","0","v53079901","8.14","5.71","","","","2"
"2015","Saint John, New Brunswick [13310]","2021A003513310","Percent change in weighted clearance rate","Percent","239","units","0","v53079901","8.14","-6.19","","","","2"
"2016","Saint John, New Brunswick [13310]","2021A003513310","Percent change in weighted clearance rate","Percent","239","units","0","v53079901","8.14","7.87","","","","2"
"2017","Saint John, New Brunswick [13310]","2021A003513310","Percent change in weighted clearance rate","Percent","239","units","0","v53079901","8.14","6.21","","","","2"
"2018","Saint John, New Brunswick [13310]","2021A003513310","Percent change in weighted clearance rate","Percent","239","units","0","v53079901","8.14","-7.76","","","","2"
"2019","Saint John, New Brunswick [13310]","2021A003513310","Percent change in weighted clearance rate","Percent","239","units","0","v53079901","8.14","-1.76","","","","2"
"2020","Saint John, New Brunswick [13310]","2021A003513310","Percent change in weighted clearance rate","Percent","239","units","0","v53079901","8.14","-7.28","","","","2"
"2021","Saint John, New Brunswick [13310]","2021A003513310","Percent change in weighted clearance rate","Percent","239","units","0","v53079901","8.14","-16.39","","","","2"
"2010","Saint John, New Brunswick [13310]","2021A003513310","Violent weighted clearance rate","Number","223","units","0","v53079902","8.15","67.29","","","","2"
"2011","Saint John, New Brunswick [13310]","2021A003513310","Violent weighted clearance rate","Number","223","units","0","v53079902","8.15","64.94","","","","2"
"2012","Saint John, New Brunswick [13310]","2021A003513310","Violent weighted clearance rate","Number","223","units","0","v53079902","8.15","70.04","","","","2"
"2013","Saint John, New Brunswick [13310]","2021A003513310","Violent weighted clearance rate","Number","223","units","0","v53079902","8.15","78.48","","","","2"
"2014","Saint John, New Brunswick [13310]","2021A003513310","Violent weighted clearance rate","Number","223","units","0","v53079902","8.15","72.98","","","","2"
"2015","Saint John, New Brunswick [13310]","2021A003513310","Violent weighted clearance rate","Number","223","units","0","v53079902","8.15","68.17","","","","2"
"2016","Saint John, New Brunswick [13310]","2021A003513310","Violent weighted clearance rate","Number","223","units","0","v53079902","8.15","71.97","","","","2"
"2017","Saint John, New Brunswick [13310]","2021A003513310","Violent weighted clearance rate","Number","223","units","0","v53079902","8.15","79.63","","","","2"
"2018","Saint John, New Brunswick [13310]","2021A003513310","Violent weighted clearance rate","Number","223","units","0","v53079902","8.15","66.34","","","","2"
"2019","Saint John, New Brunswick [13310]","2021A003513310","Violent weighted clearance rate","Number","223","units","0","v53079902","8.15","71.82","","","","2"
"2020","Saint John, New Brunswick [13310]","2021A003513310","Violent weighted clearance rate","Number","223","units","0","v53079902","8.15","67.53","","","","2"
"2021","Saint John, New Brunswick [13310]","2021A003513310","Violent weighted clearance rate","Number","223","units","0","v53079902","8.15","65.29","","","","2"
"2010","Saint John, New Brunswick [13310]","2021A003513310","Percent change in violent weighted clearance rate","Percent","239","units","0","v53079903","8.16","14.95","","","","2"
"2011","Saint John, New Brunswick [13310]","2021A003513310","Percent change in violent weighted clearance rate","Percent","239","units","0","v53079903","8.16","-3.49","","","","2"
"2012","Saint John, New Brunswick [13310]","2021A003513310","Percent change in violent weighted clearance rate","Percent","239","units","0","v53079903","8.16","7.85","","","","2"
"2013","Saint John, New Brunswick [13310]","2021A003513310","Percent change in violent weighted clearance rate","Percent","239","units","0","v53079903","8.16","12.05","","","","2"
"2014","Saint John, New Brunswick [13310]","2021A003513310","Percent change in violent weighted clearance rate","Percent","239","units","0","v53079903","8.16","-7.01","","","","2"
"2015","Saint John, New Brunswick [13310]","2021A003513310","Percent change in violent weighted clearance rate","Percent","239","units","0","v53079903","8.16","-6.59","","","","2"
"2016","Saint John, New Brunswick [13310]","2021A003513310","Percent change in violent weighted clearance rate","Percent","239","units","0","v53079903","8.16","5.57","","","","2"
"2017","Saint John, New Brunswick [13310]","2021A003513310","Percent change in violent weighted clearance rate","Percent","239","units","0","v53079903","8.16","10.64","","","","2"
"2018","Saint John, New Brunswick [13310]","2021A003513310","Percent change in violent weighted clearance rate","Percent","239","units","0","v53079903","8.16","-16.69","","","","2"
"2019","Saint John, New Brunswick [13310]","2021A003513310","Percent change in violent weighted clearance rate","Percent","239","units","0","v53079903","8.16","8.26","","","","2"
"2020","Saint John, New Brunswick [13310]","2021A003513310","Percent change in violent weighted clearance rate","Percent","239","units","0","v53079903","8.16","-5.97","","","","2"
"2021","Saint John, New Brunswick [13310]","2021A003513310","Percent change in violent weighted clearance rate","Percent","239","units","0","v53079903","8.16","-3.32","","","","2"
"2010","Saint John, New Brunswick [13310]","2021A003513310","Non-violent weighted clearance rate","Number","223","units","0","v53079904","8.17","37.79","","","","2"
"2011","Saint John, New Brunswick [13310]","2021A003513310","Non-violent weighted clearance rate","Number","223","units","0","v53079904","8.17","39.02","","","","2"
"2012","Saint John, New Brunswick [13310]","2021A003513310","Non-violent weighted clearance rate","Number","223","units","0","v53079904","8.17","40.40","","","","2"
"2013","Saint John, New Brunswick [13310]","2021A003513310","Non-violent weighted clearance rate","Number","223","units","0","v53079904","8.17","42.74","","","","2"
"2014","Saint John, New Brunswick [13310]","2021A003513310","Non-violent weighted clearance rate","Number","223","units","0","v53079904","8.17","46.70","","","","2"
"2015","Saint John, New Brunswick [13310]","2021A003513310","Non-violent weighted clearance rate","Number","223","units","0","v53079904","8.17","43.25","","","","2"
"2016","Saint John, New Brunswick [13310]","2021A003513310","Non-violent weighted clearance rate","Number","223","units","0","v53079904","8.17","45.64","","","","2"
"2017","Saint John, New Brunswick [13310]","2021A003513310","Non-violent weighted clearance rate","Number","223","units","0","v53079904","8.17","47.54","","","","2"
"2018","Saint John, New Brunswick [13310]","2021A003513310","Non-violent weighted clearance rate","Number","223","units","0","v53079904","8.17","47.92","","","","2"
"2019","Saint John, New Brunswick [13310]","2021A003513310","Non-violent weighted clearance rate","Number","223","units","0","v53079904","8.17","42.96","","","","2"
"2020","Saint John, New Brunswick [13310]","2021A003513310","Non-violent weighted clearance rate","Number","223","units","0","v53079904","8.17","39.04","","","","2"
"2021","Saint John, New Brunswick [13310]","2021A003513310","Non-violent weighted clearance rate","Number","223","units","0","v53079904","8.17","31.76","","","","2"
"2010","Saint John, New Brunswick [13310]","2021A003513310","Percent change in non-violent weighted clearance rate","Percent","239","units","0","v53079905","8.18","-5.53","","","","2"
"2011","Saint John, New Brunswick [13310]","2021A003513310","Percent change in non-violent weighted clearance rate","Percent","239","units","0","v53079905","8.18","3.25","","","","2"
"2012","Saint John, New Brunswick [13310]","2021A003513310","Percent change in non-violent weighted clearance rate","Percent","239","units","0","v53079905","8.18","3.54","","","","2"
"2013","Saint John, New Brunswick [13310]","2021A003513310","Percent change in non-violent weighted clearance rate","Percent","239","units","0","v53079905","8.18","5.79","","","","2"
"2014","Saint John, New Brunswick [13310]","2021A003513310","Percent change in non-violent weighted clearance rate","Percent","239","units","0","v53079905","8.18","9.27","","","","2"
"2015","Saint John, New Brunswick [13310]","2021A003513310","Percent change in non-violent weighted clearance rate","Percent","239","units","0","v53079905","8.18","-7.39","","","","2"
"2016","Saint John, New Brunswick [13310]","2021A003513310","Percent change in non-violent weighted clearance rate","Percent","239","units","0","v53079905","8.18","5.53","","","","2"
"2017","Saint John, New Brunswick [13310]","2021A003513310","Percent change in non-violent weighted clearance rate","Percent","239","units","0","v53079905","8.18","4.16","","","","2"
"2018","Saint John, New Brunswick [13310]","2021A003513310","Percent change in non-violent weighted clearance rate","Percent","239","units","0","v53079905","8.18","0.80","","","","2"
"2019","Saint John, New Brunswick [13310]","2021A003513310","Percent change in non-violent weighted clearance rate","Percent","239","units","0","v53079905","8.18","-10.35","","","","2"
"2020","Saint John, New Brunswick [13310]","2021A003513310","Percent change in non-violent weighted clearance rate","Percent","239","units","0","v53079905","8.18","-9.12","","","","2"
"2021","Saint John, New Brunswick [13310]","2021A003513310","Percent change in non-violent weighted clearance rate","Percent","239","units","0","v53079905","8.18","-18.65","","","","2"


