﻿"REF_DATE","GEO","DGUID","Statistics","UOM","UOM_ID","SCALAR_FACTOR","SCALAR_ID","VECTOR","COORDINATE","VALUE","STATUS","SYMBOL","TERMINATED","DECIMALS"
"2010","Ontario [35]","2016A000235","Crime severity index","Index","160","units","0","v44312551","16.1","65.58","","","","2"
"2011","Ontario [35]","2016A000235","Crime severity index","Index","160","units","0","v44312551","16.1","61.17","","","","2"
"2012","Ontario [35]","2016A000235","Crime severity index","Index","160","units","0","v44312551","16.1","59.04","","","","2"
"2013","Ontario [35]","2016A000235","Crime severity index","Index","160","units","0","v44312551","16.1","52.58","","","","2"
"2014","Ontario [35]","2016A000235","Crime severity index","Index","160","units","0","v44312551","16.1","49.93","","","","2"
"2015","Ontario [35]","2016A000235","Crime severity index","Index","160","units","0","v44312551","16.1","51.05","","","","2"
"2016","Ontario [35]","2016A000235","Crime severity index","Index","160","units","0","v44312551","16.1","53.29","","","","2"
"2017","Ontario [35]","2016A000235","Crime severity index","Index","160","units","0","v44312551","16.1","56.35","","","","2"
"2018","Ontario [35]","2016A000235","Crime severity index","Index","160","units","0","v44312551","16.1","60.40","","","","2"
"2019","Ontario [35]","2016A000235","Crime severity index","Index","160","units","0","v44312551","16.1","60.99","","","","2"
"2020","Ontario [35]","2016A000235","Crime severity index","Index","160","units","0","v44312551","16.1","55.47","","","","2"
"2021","Ontario [35]","2016A000235","Crime severity index","Index","160","units","0","v44312551","16.1","56.21","","","","2"
"2010","Ontario [35]","2016A000235","Percent change in crime severity index","Percent","239","units","0","v44312552","16.2","-5.37","","","","2"
"2011","Ontario [35]","2016A000235","Percent change in crime severity index","Percent","239","units","0","v44312552","16.2","-6.72","","","","2"
"2012","Ontario [35]","2016A000235","Percent change in crime severity index","Percent","239","units","0","v44312552","16.2","-3.48","","","","2"
"2013","Ontario [35]","2016A000235","Percent change in crime severity index","Percent","239","units","0","v44312552","16.2","-10.94","","","","2"
"2014","Ontario [35]","2016A000235","Percent change in crime severity index","Percent","239","units","0","v44312552","16.2","-5.04","","","","2"
"2015","Ontario [35]","2016A000235","Percent change in crime severity index","Percent","239","units","0","v44312552","16.2","2.24","","","","2"
"2016","Ontario [35]","2016A000235","Percent change in crime severity index","Percent","239","units","0","v44312552","16.2","4.39","","","","2"
"2017","Ontario [35]","2016A000235","Percent change in crime severity index","Percent","239","units","0","v44312552","16.2","5.74","","","","2"
"2018","Ontario [35]","2016A000235","Percent change in crime severity index","Percent","239","units","0","v44312552","16.2","7.19","","","","2"
"2019","Ontario [35]","2016A000235","Percent change in crime severity index","Percent","239","units","0","v44312552","16.2","0.98","","","","2"
"2020","Ontario [35]","2016A000235","Percent change in crime severity index","Percent","239","units","0","v44312552","16.2","-9.05","","","","2"
"2021","Ontario [35]","2016A000235","Percent change in crime severity index","Percent","239","units","0","v44312552","16.2","1.33","","","","2"
"2010","Ontario [35]","2016A000235","Violent crime severity index","Index","160","units","0","v44312553","16.3","77.89","","","","2"
"2011","Ontario [35]","2016A000235","Violent crime severity index","Index","160","units","0","v44312553","16.3","72.71","","","","2"
"2012","Ontario [35]","2016A000235","Violent crime severity index","Index","160","units","0","v44312553","16.3","70.03","","","","2"
"2013","Ontario [35]","2016A000235","Violent crime severity index","Index","160","units","0","v44312553","16.3","61.91","","","","2"
"2014","Ontario [35]","2016A000235","Violent crime severity index","Index","160","units","0","v44312553","16.3","57.86","","","","2"
"2015","Ontario [35]","2016A000235","Violent crime severity index","Index","160","units","0","v44312553","16.3","59.98","","","","2"
"2016","Ontario [35]","2016A000235","Violent crime severity index","Index","160","units","0","v44312553","16.3","64.60","","","","2"
"2017","Ontario [35]","2016A000235","Violent crime severity index","Index","160","units","0","v44312553","16.3","69.83","","","","2"
"2018","Ontario [35]","2016A000235","Violent crime severity index","Index","160","units","0","v44312553","16.3","74.51","","","","2"
"2019","Ontario [35]","2016A000235","Violent crime severity index","Index","160","units","0","v44312553","16.3","75.41","","","","2"
"2020","Ontario [35]","2016A000235","Violent crime severity index","Index","160","units","0","v44312553","16.3","69.58","","","","2"
"2021","Ontario [35]","2016A000235","Violent crime severity index","Index","160","units","0","v44312553","16.3","72.15","","","","2"
"2010","Ontario [35]","2016A000235","Percent change in violent crime severity index","Percent","239","units","0","v44312554","16.4","-4.88","","","","2"
"2011","Ontario [35]","2016A000235","Percent change in violent crime severity index","Percent","239","units","0","v44312554","16.4","-6.65","","","","2"
"2012","Ontario [35]","2016A000235","Percent change in violent crime severity index","Percent","239","units","0","v44312554","16.4","-3.69","","","","2"
"2013","Ontario [35]","2016A000235","Percent change in violent crime severity index","Percent","239","units","0","v44312554","16.4","-11.60","","","","2"
"2014","Ontario [35]","2016A000235","Percent change in violent crime severity index","Percent","239","units","0","v44312554","16.4","-6.54","","","","2"
"2015","Ontario [35]","2016A000235","Percent change in violent crime severity index","Percent","239","units","0","v44312554","16.4","3.66","","","","2"
"2016","Ontario [35]","2016A000235","Percent change in violent crime severity index","Percent","239","units","0","v44312554","16.4","7.70","","","","2"
"2017","Ontario [35]","2016A000235","Percent change in violent crime severity index","Percent","239","units","0","v44312554","16.4","8.10","","","","2"
"2018","Ontario [35]","2016A000235","Percent change in violent crime severity index","Percent","239","units","0","v44312554","16.4","6.70","","","","2"
"2019","Ontario [35]","2016A000235","Percent change in violent crime severity index","Percent","239","units","0","v44312554","16.4","1.21","","","","2"
"2020","Ontario [35]","2016A000235","Percent change in violent crime severity index","Percent","239","units","0","v44312554","16.4","-7.73","","","","2"
"2021","Ontario [35]","2016A000235","Percent change in violent crime severity index","Percent","239","units","0","v44312554","16.4","3.69","","","","2"
"2010","Ontario [35]","2016A000235","Non-violent crime severity index","Index","160","units","0","v44312555","16.5","60.85","","","","2"
"2011","Ontario [35]","2016A000235","Non-violent crime severity index","Index","160","units","0","v44312555","16.5","56.84","","","","2"
"2012","Ontario [35]","2016A000235","Non-violent crime severity index","Index","160","units","0","v44312555","16.5","54.92","","","","2"
"2013","Ontario [35]","2016A000235","Non-violent crime severity index","Index","160","units","0","v44312555","16.5","49.07","","","","2"
"2014","Ontario [35]","2016A000235","Non-violent crime severity index","Index","160","units","0","v44312555","16.5","46.94","","","","2"
"2015","Ontario [35]","2016A000235","Non-violent crime severity index","Index","160","units","0","v44312555","16.5","47.69","","","","2"
"2016","Ontario [35]","2016A000235","Non-violent crime severity index","Index","160","units","0","v44312555","16.5","49.10","","","","2"
"2017","Ontario [35]","2016A000235","Non-violent crime severity index","Index","160","units","0","v44312555","16.5","51.37","","","","2"
"2018","Ontario [35]","2016A000235","Non-violent crime severity index","Index","160","units","0","v44312555","16.5","55.18","","","","2"
"2019","Ontario [35]","2016A000235","Non-violent crime severity index","Index","160","units","0","v44312555","16.5","55.66","","","","2"
"2020","Ontario [35]","2016A000235","Non-violent crime severity index","Index","160","units","0","v44312555","16.5","50.27","","","","2"
"2021","Ontario [35]","2016A000235","Non-violent crime severity index","Index","160","units","0","v44312555","16.5","50.35","","","","2"
"2010","Ontario [35]","2016A000235","Percent change in non-violent crime severity index","Percent","239","units","0","v44312556","16.6","-5.60","","","","2"
"2011","Ontario [35]","2016A000235","Percent change in non-violent crime severity index","Percent","239","units","0","v44312556","16.6","-6.59","","","","2"
"2012","Ontario [35]","2016A000235","Percent change in non-violent crime severity index","Percent","239","units","0","v44312556","16.6","-3.38","","","","2"
"2013","Ontario [35]","2016A000235","Percent change in non-violent crime severity index","Percent","239","units","0","v44312556","16.6","-10.65","","","","2"
"2014","Ontario [35]","2016A000235","Percent change in non-violent crime severity index","Percent","239","units","0","v44312556","16.6","-4.34","","","","2"
"2015","Ontario [35]","2016A000235","Percent change in non-violent crime severity index","Percent","239","units","0","v44312556","16.6","1.60","","","","2"
"2016","Ontario [35]","2016A000235","Percent change in non-violent crime severity index","Percent","239","units","0","v44312556","16.6","2.96","","","","2"
"2017","Ontario [35]","2016A000235","Percent change in non-violent crime severity index","Percent","239","units","0","v44312556","16.6","4.62","","","","2"
"2018","Ontario [35]","2016A000235","Percent change in non-violent crime severity index","Percent","239","units","0","v44312556","16.6","7.42","","","","2"
"2019","Ontario [35]","2016A000235","Percent change in non-violent crime severity index","Percent","239","units","0","v44312556","16.6","0.87","","","","2"
"2020","Ontario [35]","2016A000235","Percent change in non-violent crime severity index","Percent","239","units","0","v44312556","16.6","-9.68","","","","2"
"2021","Ontario [35]","2016A000235","Percent change in non-violent crime severity index","Percent","239","units","0","v44312556","16.6","0.16","","","","2"
"2010","Ontario [35]","2016A000235","Youth crime severity index","Index","160","units","0","v53079521","16.7","80.99","","","","2"
"2011","Ontario [35]","2016A000235","Youth crime severity index","Index","160","units","0","v53079521","16.7","73.84","","","","2"
"2012","Ontario [35]","2016A000235","Youth crime severity index","Index","160","units","0","v53079521","16.7","67.42","","","","2"
"2013","Ontario [35]","2016A000235","Youth crime severity index","Index","160","units","0","v53079521","16.7","53.55","","","","2"
"2014","Ontario [35]","2016A000235","Youth crime severity index","Index","160","units","0","v53079521","16.7","50.77","","","","2"
"2015","Ontario [35]","2016A000235","Youth crime severity index","Index","160","units","0","v53079521","16.7","49.70","","","","2"
"2016","Ontario [35]","2016A000235","Youth crime severity index","Index","160","units","0","v53079521","16.7","51.06","","","","2"
"2017","Ontario [35]","2016A000235","Youth crime severity index","Index","160","units","0","v53079521","16.7","57.34","","","","2"
"2018","Ontario [35]","2016A000235","Youth crime severity index","Index","160","units","0","v53079521","16.7","51.03","","","","2"
"2019","Ontario [35]","2016A000235","Youth crime severity index","Index","160","units","0","v53079521","16.7","48.30","","","","2"
"2020","Ontario [35]","2016A000235","Youth crime severity index","Index","160","units","0","v53079521","16.7","37.33","","","","2"
"2021","Ontario [35]","2016A000235","Youth crime severity index","Index","160","units","0","v53079521","16.7","31.87","","","","2"
"2010","Ontario [35]","2016A000235","Percent change in youth crime severity index","Percent","239","units","0","v53079522","16.8","-7.49","","","","2"
"2011","Ontario [35]","2016A000235","Percent change in youth crime severity index","Percent","239","units","0","v53079522","16.8","-8.83","","","","2"
"2012","Ontario [35]","2016A000235","Percent change in youth crime severity index","Percent","239","units","0","v53079522","16.8","-8.69","","","","2"
"2013","Ontario [35]","2016A000235","Percent change in youth crime severity index","Percent","239","units","0","v53079522","16.8","-20.57","","","","2"
"2014","Ontario [35]","2016A000235","Percent change in youth crime severity index","Percent","239","units","0","v53079522","16.8","-5.19","","","","2"
"2015","Ontario [35]","2016A000235","Percent change in youth crime severity index","Percent","239","units","0","v53079522","16.8","-2.11","","","","2"
"2016","Ontario [35]","2016A000235","Percent change in youth crime severity index","Percent","239","units","0","v53079522","16.8","2.74","","","","2"
"2017","Ontario [35]","2016A000235","Percent change in youth crime severity index","Percent","239","units","0","v53079522","16.8","12.30","","","","2"
"2018","Ontario [35]","2016A000235","Percent change in youth crime severity index","Percent","239","units","0","v53079522","16.8","-11.00","","","","2"
"2019","Ontario [35]","2016A000235","Percent change in youth crime severity index","Percent","239","units","0","v53079522","16.8","-5.35","","","","2"
"2020","Ontario [35]","2016A000235","Percent change in youth crime severity index","Percent","239","units","0","v53079522","16.8","-22.71","","","","2"
"2021","Ontario [35]","2016A000235","Percent change in youth crime severity index","Percent","239","units","0","v53079522","16.8","-14.63","","","","2"
"2010","Ontario [35]","2016A000235","Youth violent crime severity index","Index","160","units","0","v53079523","16.9","93.61","","","","2"
"2011","Ontario [35]","2016A000235","Youth violent crime severity index","Index","160","units","0","v53079523","16.9","89.61","","","","2"
"2012","Ontario [35]","2016A000235","Youth violent crime severity index","Index","160","units","0","v53079523","16.9","81.44","","","","2"
"2013","Ontario [35]","2016A000235","Youth violent crime severity index","Index","160","units","0","v53079523","16.9","65.02","","","","2"
"2014","Ontario [35]","2016A000235","Youth violent crime severity index","Index","160","units","0","v53079523","16.9","60.23","","","","2"
"2015","Ontario [35]","2016A000235","Youth violent crime severity index","Index","160","units","0","v53079523","16.9","59.44","","","","2"
"2016","Ontario [35]","2016A000235","Youth violent crime severity index","Index","160","units","0","v53079523","16.9","66.85","","","","2"
"2017","Ontario [35]","2016A000235","Youth violent crime severity index","Index","160","units","0","v53079523","16.9","83.21","","","","2"
"2018","Ontario [35]","2016A000235","Youth violent crime severity index","Index","160","units","0","v53079523","16.9","77.42","","","","2"
"2019","Ontario [35]","2016A000235","Youth violent crime severity index","Index","160","units","0","v53079523","16.9","75.78","","","","2"
"2020","Ontario [35]","2016A000235","Youth violent crime severity index","Index","160","units","0","v53079523","16.9","62.53","","","","2"
"2021","Ontario [35]","2016A000235","Youth violent crime severity index","Index","160","units","0","v53079523","16.9","51.98","","","","2"
"2010","Ontario [35]","2016A000235","Percent change in youth violent crime severity index","Percent","239","units","0","v53079926","16.10","-4.34","","","","2"
"2011","Ontario [35]","2016A000235","Percent change in youth violent crime severity index","Percent","239","units","0","v53079926","16.10","-4.27","","","","2"
"2012","Ontario [35]","2016A000235","Percent change in youth violent crime severity index","Percent","239","units","0","v53079926","16.10","-9.12","","","","2"
"2013","Ontario [35]","2016A000235","Percent change in youth violent crime severity index","Percent","239","units","0","v53079926","16.10","-20.16","","","","2"
"2014","Ontario [35]","2016A000235","Percent change in youth violent crime severity index","Percent","239","units","0","v53079926","16.10","-7.37","","","","2"
"2015","Ontario [35]","2016A000235","Percent change in youth violent crime severity index","Percent","239","units","0","v53079926","16.10","-1.31","","","","2"
"2016","Ontario [35]","2016A000235","Percent change in youth violent crime severity index","Percent","239","units","0","v53079926","16.10","12.47","","","","2"
"2017","Ontario [35]","2016A000235","Percent change in youth violent crime severity index","Percent","239","units","0","v53079926","16.10","24.47","","","","2"
"2018","Ontario [35]","2016A000235","Percent change in youth violent crime severity index","Percent","239","units","0","v53079926","16.10","-6.96","","","","2"
"2019","Ontario [35]","2016A000235","Percent change in youth violent crime severity index","Percent","239","units","0","v53079926","16.10","-2.12","","","","2"
"2020","Ontario [35]","2016A000235","Percent change in youth violent crime severity index","Percent","239","units","0","v53079926","16.10","-17.48","","","","2"
"2021","Ontario [35]","2016A000235","Percent change in youth violent crime severity index","Percent","239","units","0","v53079926","16.10","-16.87","","","","2"
"2010","Ontario [35]","2016A000235","Youth non-violent crime severity index","Index","160","units","0","v53079513","16.11","71.39","","","","2"
"2011","Ontario [35]","2016A000235","Youth non-violent crime severity index","Index","160","units","0","v53079513","16.11","62.34","","","","2"
"2012","Ontario [35]","2016A000235","Youth non-violent crime severity index","Index","160","units","0","v53079513","16.11","57.20","","","","2"
"2013","Ontario [35]","2016A000235","Youth non-violent crime severity index","Index","160","units","0","v53079513","16.11","45.20","","","","2"
"2014","Ontario [35]","2016A000235","Youth non-violent crime severity index","Index","160","units","0","v53079513","16.11","43.85","","","","2"
"2015","Ontario [35]","2016A000235","Youth non-violent crime severity index","Index","160","units","0","v53079513","16.11","42.58","","","","2"
"2016","Ontario [35]","2016A000235","Youth non-violent crime severity index","Index","160","units","0","v53079513","16.11","39.82","","","","2"
"2017","Ontario [35]","2016A000235","Youth non-violent crime severity index","Index","160","units","0","v53079513","16.11","39.16","","","","2"
"2018","Ontario [35]","2016A000235","Youth non-violent crime severity index","Index","160","units","0","v53079513","16.11","32.55","","","","2"
"2019","Ontario [35]","2016A000235","Youth non-violent crime severity index","Index","160","units","0","v53079513","16.11","29.12","","","","2"
"2020","Ontario [35]","2016A000235","Youth non-violent crime severity index","Index","160","units","0","v53079513","16.11","19.80","","","","2"
"2021","Ontario [35]","2016A000235","Youth non-violent crime severity index","Index","160","units","0","v53079513","16.11","17.86","","","","2"
"2010","Ontario [35]","2016A000235","Percent change in youth non-violent crime severity index","Percent","239","units","0","v53079514","16.12","-10.43","","","","2"
"2011","Ontario [35]","2016A000235","Percent change in youth non-violent crime severity index","Percent","239","units","0","v53079514","16.12","-12.68","","","","2"
"2012","Ontario [35]","2016A000235","Percent change in youth non-violent crime severity index","Percent","239","units","0","v53079514","16.12","-8.25","","","","2"
"2013","Ontario [35]","2016A000235","Percent change in youth non-violent crime severity index","Percent","239","units","0","v53079514","16.12","-20.98","","","","2"
"2014","Ontario [35]","2016A000235","Percent change in youth non-violent crime severity index","Percent","239","units","0","v53079514","16.12","-2.99","","","","2"
"2015","Ontario [35]","2016A000235","Percent change in youth non-violent crime severity index","Percent","239","units","0","v53079514","16.12","-2.90","","","","2"
"2016","Ontario [35]","2016A000235","Percent change in youth non-violent crime severity index","Percent","239","units","0","v53079514","16.12","-6.48","","","","2"
"2017","Ontario [35]","2016A000235","Percent change in youth non-violent crime severity index","Percent","239","units","0","v53079514","16.12","-1.66","","","","2"
"2018","Ontario [35]","2016A000235","Percent change in youth non-violent crime severity index","Percent","239","units","0","v53079514","16.12","-16.88","","","","2"
"2019","Ontario [35]","2016A000235","Percent change in youth non-violent crime severity index","Percent","239","units","0","v53079514","16.12","-10.54","","","","2"
"2020","Ontario [35]","2016A000235","Percent change in youth non-violent crime severity index","Percent","239","units","0","v53079514","16.12","-32.01","","","","2"
"2021","Ontario [35]","2016A000235","Percent change in youth non-violent crime severity index","Percent","239","units","0","v53079514","16.12","-9.80","","","","2"
"2010","Ontario [35]","2016A000235","Weighted clearance rate","Number","223","units","0","v53079515","16.13","42.26","","","","2"
"2011","Ontario [35]","2016A000235","Weighted clearance rate","Number","223","units","0","v53079515","16.13","43.02","","","","2"
"2012","Ontario [35]","2016A000235","Weighted clearance rate","Number","223","units","0","v53079515","16.13","43.34","","","","2"
"2013","Ontario [35]","2016A000235","Weighted clearance rate","Number","223","units","0","v53079515","16.13","43.71","","","","2"
"2014","Ontario [35]","2016A000235","Weighted clearance rate","Number","223","units","0","v53079515","16.13","43.12","","","","2"
"2015","Ontario [35]","2016A000235","Weighted clearance rate","Number","223","units","0","v53079515","16.13","43.08","","","","2"
"2016","Ontario [35]","2016A000235","Weighted clearance rate","Number","223","units","0","v53079515","16.13","42.64","","","","2"
"2017","Ontario [35]","2016A000235","Weighted clearance rate","Number","223","units","0","v53079515","16.13","42.55","","","","2"
"2018","Ontario [35]","2016A000235","Weighted clearance rate","Number","223","units","0","v53079515","16.13","41.03","","","","2"
"2019","Ontario [35]","2016A000235","Weighted clearance rate","Number","223","units","0","v53079515","16.13","40.12","","","","2"
"2020","Ontario [35]","2016A000235","Weighted clearance rate","Number","223","units","0","v53079515","16.13","40.47","","","","2"
"2021","Ontario [35]","2016A000235","Weighted clearance rate","Number","223","units","0","v53079515","16.13","39.52","","","","2"
"2010","Ontario [35]","2016A000235","Percent change in weighted clearance rate","Percent","239","units","0","v53079516","16.14","0.55","","","","2"
"2011","Ontario [35]","2016A000235","Percent change in weighted clearance rate","Percent","239","units","0","v53079516","16.14","1.80","","","","2"
"2012","Ontario [35]","2016A000235","Percent change in weighted clearance rate","Percent","239","units","0","v53079516","16.14","0.74","","","","2"
"2013","Ontario [35]","2016A000235","Percent change in weighted clearance rate","Percent","239","units","0","v53079516","16.14","0.85","","","","2"
"2014","Ontario [35]","2016A000235","Percent change in weighted clearance rate","Percent","239","units","0","v53079516","16.14","-1.35","","","","2"
"2015","Ontario [35]","2016A000235","Percent change in weighted clearance rate","Percent","239","units","0","v53079516","16.14","-0.09","","","","2"
"2016","Ontario [35]","2016A000235","Percent change in weighted clearance rate","Percent","239","units","0","v53079516","16.14","-1.02","","","","2"
"2017","Ontario [35]","2016A000235","Percent change in weighted clearance rate","Percent","239","units","0","v53079516","16.14","-0.21","","","","2"
"2018","Ontario [35]","2016A000235","Percent change in weighted clearance rate","Percent","239","units","0","v53079516","16.14","-3.57","","","","2"
"2019","Ontario [35]","2016A000235","Percent change in weighted clearance rate","Percent","239","units","0","v53079516","16.14","-2.22","","","","2"
"2020","Ontario [35]","2016A000235","Percent change in weighted clearance rate","Percent","239","units","0","v53079516","16.14","0.87","","","","2"
"2021","Ontario [35]","2016A000235","Percent change in weighted clearance rate","Percent","239","units","0","v53079516","16.14","-2.35","","","","2"
"2010","Ontario [35]","2016A000235","Violent weighted clearance rate","Number","223","units","0","v53079517","16.15","60.40","","","","2"
"2011","Ontario [35]","2016A000235","Violent weighted clearance rate","Number","223","units","0","v53079517","16.15","62.07","","","","2"
"2012","Ontario [35]","2016A000235","Violent weighted clearance rate","Number","223","units","0","v53079517","16.15","63.17","","","","2"
"2013","Ontario [35]","2016A000235","Violent weighted clearance rate","Number","223","units","0","v53079517","16.15","63.52","","","","2"
"2014","Ontario [35]","2016A000235","Violent weighted clearance rate","Number","223","units","0","v53079517","16.15","63.43","","","","2"
"2015","Ontario [35]","2016A000235","Violent weighted clearance rate","Number","223","units","0","v53079517","16.15","63.71","","","","2"
"2016","Ontario [35]","2016A000235","Violent weighted clearance rate","Number","223","units","0","v53079517","16.15","63.42","","","","2"
"2017","Ontario [35]","2016A000235","Violent weighted clearance rate","Number","223","units","0","v53079517","16.15","63.36","","","","2"
"2018","Ontario [35]","2016A000235","Violent weighted clearance rate","Number","223","units","0","v53079517","16.15","62.01","","","","2"
"2019","Ontario [35]","2016A000235","Violent weighted clearance rate","Number","223","units","0","v53079517","16.15","60.32","","","","2"
"2020","Ontario [35]","2016A000235","Violent weighted clearance rate","Number","223","units","0","v53079517","16.15","61.77","","","","2"
"2021","Ontario [35]","2016A000235","Violent weighted clearance rate","Number","223","units","0","v53079517","16.15","60.86","","","","2"
"2010","Ontario [35]","2016A000235","Percent change in violent weighted clearance rate","Percent","239","units","0","v53079518","16.16","-1.55","","","","2"
"2011","Ontario [35]","2016A000235","Percent change in violent weighted clearance rate","Percent","239","units","0","v53079518","16.16","2.76","","","","2"
"2012","Ontario [35]","2016A000235","Percent change in violent weighted clearance rate","Percent","239","units","0","v53079518","16.16","1.77","","","","2"
"2013","Ontario [35]","2016A000235","Percent change in violent weighted clearance rate","Percent","239","units","0","v53079518","16.16","0.55","","","","2"
"2014","Ontario [35]","2016A000235","Percent change in violent weighted clearance rate","Percent","239","units","0","v53079518","16.16","-0.14","","","","2"
"2015","Ontario [35]","2016A000235","Percent change in violent weighted clearance rate","Percent","239","units","0","v53079518","16.16","0.44","","","","2"
"2016","Ontario [35]","2016A000235","Percent change in violent weighted clearance rate","Percent","239","units","0","v53079518","16.16","-0.46","","","","2"
"2017","Ontario [35]","2016A000235","Percent change in violent weighted clearance rate","Percent","239","units","0","v53079518","16.16","-0.09","","","","2"
"2018","Ontario [35]","2016A000235","Percent change in violent weighted clearance rate","Percent","239","units","0","v53079518","16.16","-2.13","","","","2"
"2019","Ontario [35]","2016A000235","Percent change in violent weighted clearance rate","Percent","239","units","0","v53079518","16.16","-2.73","","","","2"
"2020","Ontario [35]","2016A000235","Percent change in violent weighted clearance rate","Percent","239","units","0","v53079518","16.16","2.40","","","","2"
"2021","Ontario [35]","2016A000235","Percent change in violent weighted clearance rate","Percent","239","units","0","v53079518","16.16","-1.47","","","","2"
"2010","Ontario [35]","2016A000235","Non-violent weighted clearance rate","Number","223","units","0","v53079519","16.17","33.33","","","","2"
"2011","Ontario [35]","2016A000235","Non-violent weighted clearance rate","Number","223","units","0","v53079519","16.17","34.16","","","","2"
"2012","Ontario [35]","2016A000235","Non-violent weighted clearance rate","Number","223","units","0","v53079519","16.17","34.14","","","","2"
"2013","Ontario [35]","2016A000235","Non-violent weighted clearance rate","Number","223","units","0","v53079519","16.17","34.61","","","","2"
"2014","Ontario [35]","2016A000235","Non-violent weighted clearance rate","Number","223","units","0","v53079519","16.17","34.01","","","","2"
"2015","Ontario [35]","2016A000235","Non-violent weighted clearance rate","Number","223","units","0","v53079519","16.17","33.64","","","","2"
"2016","Ontario [35]","2016A000235","Non-violent weighted clearance rate","Number","223","units","0","v53079519","16.17","32.80","","","","2"
"2017","Ontario [35]","2016A000235","Non-violent weighted clearance rate","Number","223","units","0","v53079519","16.17","32.37","","","","2"
"2018","Ontario [35]","2016A000235","Non-violent weighted clearance rate","Number","223","units","0","v53079519","16.17","30.84","","","","2"
"2019","Ontario [35]","2016A000235","Non-violent weighted clearance rate","Number","223","units","0","v53079519","16.17","30.27","","","","2"
"2020","Ontario [35]","2016A000235","Non-violent weighted clearance rate","Number","223","units","0","v53079519","16.17","29.87","","","","2"
"2021","Ontario [35]","2016A000235","Non-violent weighted clearance rate","Number","223","units","0","v53079519","16.17","28.52","","","","2"
"2010","Ontario [35]","2016A000235","Percent change in non-violent weighted clearance rate","Percent","239","units","0","v53079520","16.18","2.27","","","","2"
"2011","Ontario [35]","2016A000235","Percent change in non-violent weighted clearance rate","Percent","239","units","0","v53079520","16.18","2.49","","","","2"
"2012","Ontario [35]","2016A000235","Percent change in non-violent weighted clearance rate","Percent","239","units","0","v53079520","16.18","-0.06","","","","2"
"2013","Ontario [35]","2016A000235","Percent change in non-violent weighted clearance rate","Percent","239","units","0","v53079520","16.18","1.38","","","","2"
"2014","Ontario [35]","2016A000235","Percent change in non-violent weighted clearance rate","Percent","239","units","0","v53079520","16.18","-1.73","","","","2"
"2015","Ontario [35]","2016A000235","Percent change in non-violent weighted clearance rate","Percent","239","units","0","v53079520","16.18","-1.09","","","","2"
"2016","Ontario [35]","2016A000235","Percent change in non-violent weighted clearance rate","Percent","239","units","0","v53079520","16.18","-2.50","","","","2"
"2017","Ontario [35]","2016A000235","Percent change in non-violent weighted clearance rate","Percent","239","units","0","v53079520","16.18","-1.31","","","","2"
"2018","Ontario [35]","2016A000235","Percent change in non-violent weighted clearance rate","Percent","239","units","0","v53079520","16.18","-4.73","","","","2"
"2019","Ontario [35]","2016A000235","Percent change in non-violent weighted clearance rate","Percent","239","units","0","v53079520","16.18","-1.85","","","","2"
"2020","Ontario [35]","2016A000235","Percent change in non-violent weighted clearance rate","Percent","239","units","0","v53079520","16.18","-1.32","","","","2"
"2021","Ontario [35]","2016A000235","Percent change in non-violent weighted clearance rate","Percent","239","units","0","v53079520","16.18","-4.52","","","","2"


