﻿"REF_DATE","GEO","DGUID","Statistics","UOM","UOM_ID","SCALAR_FACTOR","SCALAR_ID","VECTOR","COORDINATE","VALUE","STATUS","SYMBOL","TERMINATED","DECIMALS"
"2010","Kelowna, British Columbia [59915]","2021A003559915","Crime severity index","Index","160","units","0","v52117776","48.1","112.45","","","","2"
"2011","Kelowna, British Columbia [59915]","2021A003559915","Crime severity index","Index","160","units","0","v52117776","48.1","98.34","","","","2"
"2012","Kelowna, British Columbia [59915]","2021A003559915","Crime severity index","Index","160","units","0","v52117776","48.1","104.61","","","","2"
"2013","Kelowna, British Columbia [59915]","2021A003559915","Crime severity index","Index","160","units","0","v52117776","48.1","87.63","","","","2"
"2014","Kelowna, British Columbia [59915]","2021A003559915","Crime severity index","Index","160","units","0","v52117776","48.1","88.60","","","","2"
"2015","Kelowna, British Columbia [59915]","2021A003559915","Crime severity index","Index","160","units","0","v52117776","48.1","98.60","","","","2"
"2016","Kelowna, British Columbia [59915]","2021A003559915","Crime severity index","Index","160","units","0","v52117776","48.1","98.34","","","","2"
"2017","Kelowna, British Columbia [59915]","2021A003559915","Crime severity index","Index","160","units","0","v52117776","48.1","95.19","","","","2"
"2018","Kelowna, British Columbia [59915]","2021A003559915","Crime severity index","Index","160","units","0","v52117776","48.1","100.79","","","","2"
"2019","Kelowna, British Columbia [59915]","2021A003559915","Crime severity index","Index","160","units","0","v52117776","48.1","121.16","","","","2"
"2020","Kelowna, British Columbia [59915]","2021A003559915","Crime severity index","Index","160","units","0","v52117776","48.1","115.37","","","","2"
"2021","Kelowna, British Columbia [59915]","2021A003559915","Crime severity index","Index","160","units","0","v52117776","48.1","122.29","","","","2"
"2010","Kelowna, British Columbia [59915]","2021A003559915","Percent change in crime severity index","Percent","239","units","0","v52117777","48.2","-7.68","","","","2"
"2011","Kelowna, British Columbia [59915]","2021A003559915","Percent change in crime severity index","Percent","239","units","0","v52117777","48.2","-12.55","","","","2"
"2012","Kelowna, British Columbia [59915]","2021A003559915","Percent change in crime severity index","Percent","239","units","0","v52117777","48.2","6.38","","","","2"
"2013","Kelowna, British Columbia [59915]","2021A003559915","Percent change in crime severity index","Percent","239","units","0","v52117777","48.2","-16.23","","","","2"
"2014","Kelowna, British Columbia [59915]","2021A003559915","Percent change in crime severity index","Percent","239","units","0","v52117777","48.2","1.11","","","","2"
"2015","Kelowna, British Columbia [59915]","2021A003559915","Percent change in crime severity index","Percent","239","units","0","v52117777","48.2","11.29","","","","2"
"2016","Kelowna, British Columbia [59915]","2021A003559915","Percent change in crime severity index","Percent","239","units","0","v52117777","48.2","-0.26","","","","2"
"2017","Kelowna, British Columbia [59915]","2021A003559915","Percent change in crime severity index","Percent","239","units","0","v52117777","48.2","-3.20","","","","2"
"2018","Kelowna, British Columbia [59915]","2021A003559915","Percent change in crime severity index","Percent","239","units","0","v52117777","48.2","5.88","","","","2"
"2019","Kelowna, British Columbia [59915]","2021A003559915","Percent change in crime severity index","Percent","239","units","0","v52117777","48.2","20.21","","","","2"
"2020","Kelowna, British Columbia [59915]","2021A003559915","Percent change in crime severity index","Percent","239","units","0","v52117777","48.2","-4.78","","","","2"
"2021","Kelowna, British Columbia [59915]","2021A003559915","Percent change in crime severity index","Percent","239","units","0","v52117777","48.2","6.00","","","","2"
"2010","Kelowna, British Columbia [59915]","2021A003559915","Violent crime severity index","Index","160","units","0","v52117778","48.3","95.88","","","","2"
"2011","Kelowna, British Columbia [59915]","2021A003559915","Violent crime severity index","Index","160","units","0","v52117778","48.3","86.57","","","","2"
"2012","Kelowna, British Columbia [59915]","2021A003559915","Violent crime severity index","Index","160","units","0","v52117778","48.3","85.65","","","","2"
"2013","Kelowna, British Columbia [59915]","2021A003559915","Violent crime severity index","Index","160","units","0","v52117778","48.3","63.27","","","","2"
"2014","Kelowna, British Columbia [59915]","2021A003559915","Violent crime severity index","Index","160","units","0","v52117778","48.3","59.30","","","","2"
"2015","Kelowna, British Columbia [59915]","2021A003559915","Violent crime severity index","Index","160","units","0","v52117778","48.3","72.12","","","","2"
"2016","Kelowna, British Columbia [59915]","2021A003559915","Violent crime severity index","Index","160","units","0","v52117778","48.3","63.20","","","","2"
"2017","Kelowna, British Columbia [59915]","2021A003559915","Violent crime severity index","Index","160","units","0","v52117778","48.3","59.50","","","","2"
"2018","Kelowna, British Columbia [59915]","2021A003559915","Violent crime severity index","Index","160","units","0","v52117778","48.3","49.76","","","","2"
"2019","Kelowna, British Columbia [59915]","2021A003559915","Violent crime severity index","Index","160","units","0","v52117778","48.3","83.16","","","","2"
"2020","Kelowna, British Columbia [59915]","2021A003559915","Violent crime severity index","Index","160","units","0","v52117778","48.3","96.79","","","","2"
"2021","Kelowna, British Columbia [59915]","2021A003559915","Violent crime severity index","Index","160","units","0","v52117778","48.3","110.76","","","","2"
"2010","Kelowna, British Columbia [59915]","2021A003559915","Percent change in violent crime severity index","Percent","239","units","0","v52117779","48.4","-8.26","","","","2"
"2011","Kelowna, British Columbia [59915]","2021A003559915","Percent change in violent crime severity index","Percent","239","units","0","v52117779","48.4","-9.71","","","","2"
"2012","Kelowna, British Columbia [59915]","2021A003559915","Percent change in violent crime severity index","Percent","239","units","0","v52117779","48.4","-1.06","","","","2"
"2013","Kelowna, British Columbia [59915]","2021A003559915","Percent change in violent crime severity index","Percent","239","units","0","v52117779","48.4","-26.13","","","","2"
"2014","Kelowna, British Columbia [59915]","2021A003559915","Percent change in violent crime severity index","Percent","239","units","0","v52117779","48.4","-6.27","","","","2"
"2015","Kelowna, British Columbia [59915]","2021A003559915","Percent change in violent crime severity index","Percent","239","units","0","v52117779","48.4","21.62","","","","2"
"2016","Kelowna, British Columbia [59915]","2021A003559915","Percent change in violent crime severity index","Percent","239","units","0","v52117779","48.4","-12.37","","","","2"
"2017","Kelowna, British Columbia [59915]","2021A003559915","Percent change in violent crime severity index","Percent","239","units","0","v52117779","48.4","-5.85","","","","2"
"2018","Kelowna, British Columbia [59915]","2021A003559915","Percent change in violent crime severity index","Percent","239","units","0","v52117779","48.4","-16.37","","","","2"
"2019","Kelowna, British Columbia [59915]","2021A003559915","Percent change in violent crime severity index","Percent","239","units","0","v52117779","48.4","67.12","","","","2"
"2020","Kelowna, British Columbia [59915]","2021A003559915","Percent change in violent crime severity index","Percent","239","units","0","v52117779","48.4","16.39","","","","2"
"2021","Kelowna, British Columbia [59915]","2021A003559915","Percent change in violent crime severity index","Percent","239","units","0","v52117779","48.4","14.43","","","","2"
"2010","Kelowna, British Columbia [59915]","2021A003559915","Non-violent crime severity index","Index","160","units","0","v52117780","48.5","118.82","","","","2"
"2011","Kelowna, British Columbia [59915]","2021A003559915","Non-violent crime severity index","Index","160","units","0","v52117780","48.5","102.41","","","","2"
"2012","Kelowna, British Columbia [59915]","2021A003559915","Non-violent crime severity index","Index","160","units","0","v52117780","48.5","111.29","","","","2"
"2013","Kelowna, British Columbia [59915]","2021A003559915","Non-violent crime severity index","Index","160","units","0","v52117780","48.5","96.31","","","","2"
"2014","Kelowna, British Columbia [59915]","2021A003559915","Non-violent crime severity index","Index","160","units","0","v52117780","48.5","99.08","","","","2"
"2015","Kelowna, British Columbia [59915]","2021A003559915","Non-violent crime severity index","Index","160","units","0","v52117780","48.5","108.03","","","","2"
"2016","Kelowna, British Columbia [59915]","2021A003559915","Non-violent crime severity index","Index","160","units","0","v52117780","48.5","110.74","","","","2"
"2017","Kelowna, British Columbia [59915]","2021A003559915","Non-violent crime severity index","Index","160","units","0","v52117780","48.5","107.80","","","","2"
"2018","Kelowna, British Columbia [59915]","2021A003559915","Non-violent crime severity index","Index","160","units","0","v52117780","48.5","118.90","","","","2"
"2019","Kelowna, British Columbia [59915]","2021A003559915","Non-violent crime severity index","Index","160","units","0","v52117780","48.5","134.55","","","","2"
"2020","Kelowna, British Columbia [59915]","2021A003559915","Non-violent crime severity index","Index","160","units","0","v52117780","48.5","121.78","","","","2"
"2021","Kelowna, British Columbia [59915]","2021A003559915","Non-violent crime severity index","Index","160","units","0","v52117780","48.5","126.15","","","","2"
"2010","Kelowna, British Columbia [59915]","2021A003559915","Percent change in non-violent crime severity index","Percent","239","units","0","v52117781","48.6","-7.50","","","","2"
"2011","Kelowna, British Columbia [59915]","2021A003559915","Percent change in non-violent crime severity index","Percent","239","units","0","v52117781","48.6","-13.81","","","","2"
"2012","Kelowna, British Columbia [59915]","2021A003559915","Percent change in non-violent crime severity index","Percent","239","units","0","v52117781","48.6","8.67","","","","2"
"2013","Kelowna, British Columbia [59915]","2021A003559915","Percent change in non-violent crime severity index","Percent","239","units","0","v52117781","48.6","-13.46","","","","2"
"2014","Kelowna, British Columbia [59915]","2021A003559915","Percent change in non-violent crime severity index","Percent","239","units","0","v52117781","48.6","2.88","","","","2"
"2015","Kelowna, British Columbia [59915]","2021A003559915","Percent change in non-violent crime severity index","Percent","239","units","0","v52117781","48.6","9.03","","","","2"
"2016","Kelowna, British Columbia [59915]","2021A003559915","Percent change in non-violent crime severity index","Percent","239","units","0","v52117781","48.6","2.51","","","","2"
"2017","Kelowna, British Columbia [59915]","2021A003559915","Percent change in non-violent crime severity index","Percent","239","units","0","v52117781","48.6","-2.65","","","","2"
"2018","Kelowna, British Columbia [59915]","2021A003559915","Percent change in non-violent crime severity index","Percent","239","units","0","v52117781","48.6","10.30","","","","2"
"2019","Kelowna, British Columbia [59915]","2021A003559915","Percent change in non-violent crime severity index","Percent","239","units","0","v52117781","48.6","13.16","","","","2"
"2020","Kelowna, British Columbia [59915]","2021A003559915","Percent change in non-violent crime severity index","Percent","239","units","0","v52117781","48.6","-9.49","","","","2"
"2021","Kelowna, British Columbia [59915]","2021A003559915","Percent change in non-violent crime severity index","Percent","239","units","0","v52117781","48.6","3.59","","","","2"
"2010","Kelowna, British Columbia [59915]","2021A003559915","Youth crime severity index","Index","160","units","0","v53079864","48.7","0.00","","","","2"
"2011","Kelowna, British Columbia [59915]","2021A003559915","Youth crime severity index","Index","160","units","0","v53079864","48.7","","..","","","2"
"2012","Kelowna, British Columbia [59915]","2021A003559915","Youth crime severity index","Index","160","units","0","v53079864","48.7","","..","","","2"
"2013","Kelowna, British Columbia [59915]","2021A003559915","Youth crime severity index","Index","160","units","0","v53079864","48.7","","..","","","2"
"2014","Kelowna, British Columbia [59915]","2021A003559915","Youth crime severity index","Index","160","units","0","v53079864","48.7","","..","","","2"
"2015","Kelowna, British Columbia [59915]","2021A003559915","Youth crime severity index","Index","160","units","0","v53079864","48.7","","..","","","2"
"2016","Kelowna, British Columbia [59915]","2021A003559915","Youth crime severity index","Index","160","units","0","v53079864","48.7","","..","","","2"
"2017","Kelowna, British Columbia [59915]","2021A003559915","Youth crime severity index","Index","160","units","0","v53079864","48.7","","..","","","2"
"2018","Kelowna, British Columbia [59915]","2021A003559915","Youth crime severity index","Index","160","units","0","v53079864","48.7","","..","","","2"
"2019","Kelowna, British Columbia [59915]","2021A003559915","Youth crime severity index","Index","160","units","0","v53079864","48.7","","..","","","2"
"2020","Kelowna, British Columbia [59915]","2021A003559915","Youth crime severity index","Index","160","units","0","v53079864","48.7","","..","","","2"
"2021","Kelowna, British Columbia [59915]","2021A003559915","Youth crime severity index","Index","160","units","0","v53079864","48.7","","..","","","2"
"2010","Kelowna, British Columbia [59915]","2021A003559915","Percent change in youth crime severity index","Percent","239","units","0","v87984942","48.8","0.00","","","","2"
"2011","Kelowna, British Columbia [59915]","2021A003559915","Percent change in youth crime severity index","Percent","239","units","0","v87984942","48.8","","..","","","2"
"2012","Kelowna, British Columbia [59915]","2021A003559915","Percent change in youth crime severity index","Percent","239","units","0","v87984942","48.8","","..","","","2"
"2013","Kelowna, British Columbia [59915]","2021A003559915","Percent change in youth crime severity index","Percent","239","units","0","v87984942","48.8","","..","","","2"
"2014","Kelowna, British Columbia [59915]","2021A003559915","Percent change in youth crime severity index","Percent","239","units","0","v87984942","48.8","","..","","","2"
"2015","Kelowna, British Columbia [59915]","2021A003559915","Percent change in youth crime severity index","Percent","239","units","0","v87984942","48.8","","..","","","2"
"2016","Kelowna, British Columbia [59915]","2021A003559915","Percent change in youth crime severity index","Percent","239","units","0","v87984942","48.8","","..","","","2"
"2017","Kelowna, British Columbia [59915]","2021A003559915","Percent change in youth crime severity index","Percent","239","units","0","v87984942","48.8","","..","","","2"
"2018","Kelowna, British Columbia [59915]","2021A003559915","Percent change in youth crime severity index","Percent","239","units","0","v87984942","48.8","","..","","","2"
"2019","Kelowna, British Columbia [59915]","2021A003559915","Percent change in youth crime severity index","Percent","239","units","0","v87984942","48.8","","..","","","2"
"2020","Kelowna, British Columbia [59915]","2021A003559915","Percent change in youth crime severity index","Percent","239","units","0","v87984942","48.8","","..","","","2"
"2021","Kelowna, British Columbia [59915]","2021A003559915","Percent change in youth crime severity index","Percent","239","units","0","v87984942","48.8","","..","","","2"
"2010","Kelowna, British Columbia [59915]","2021A003559915","Youth violent crime severity index","Index","160","units","0","v53079865","48.9","0.00","","","","2"
"2011","Kelowna, British Columbia [59915]","2021A003559915","Youth violent crime severity index","Index","160","units","0","v53079865","48.9","","..","","","2"
"2012","Kelowna, British Columbia [59915]","2021A003559915","Youth violent crime severity index","Index","160","units","0","v53079865","48.9","","..","","","2"
"2013","Kelowna, British Columbia [59915]","2021A003559915","Youth violent crime severity index","Index","160","units","0","v53079865","48.9","","..","","","2"
"2014","Kelowna, British Columbia [59915]","2021A003559915","Youth violent crime severity index","Index","160","units","0","v53079865","48.9","","..","","","2"
"2015","Kelowna, British Columbia [59915]","2021A003559915","Youth violent crime severity index","Index","160","units","0","v53079865","48.9","","..","","","2"
"2016","Kelowna, British Columbia [59915]","2021A003559915","Youth violent crime severity index","Index","160","units","0","v53079865","48.9","","..","","","2"
"2017","Kelowna, British Columbia [59915]","2021A003559915","Youth violent crime severity index","Index","160","units","0","v53079865","48.9","","..","","","2"
"2018","Kelowna, British Columbia [59915]","2021A003559915","Youth violent crime severity index","Index","160","units","0","v53079865","48.9","","..","","","2"
"2019","Kelowna, British Columbia [59915]","2021A003559915","Youth violent crime severity index","Index","160","units","0","v53079865","48.9","","..","","","2"
"2020","Kelowna, British Columbia [59915]","2021A003559915","Youth violent crime severity index","Index","160","units","0","v53079865","48.9","","..","","","2"
"2021","Kelowna, British Columbia [59915]","2021A003559915","Youth violent crime severity index","Index","160","units","0","v53079865","48.9","","..","","","2"
"2010","Kelowna, British Columbia [59915]","2021A003559915","Percent change in youth violent crime severity index","Percent","239","units","0","v87984943","48.10","0.00","","","","2"
"2011","Kelowna, British Columbia [59915]","2021A003559915","Percent change in youth violent crime severity index","Percent","239","units","0","v87984943","48.10","","..","","","2"
"2012","Kelowna, British Columbia [59915]","2021A003559915","Percent change in youth violent crime severity index","Percent","239","units","0","v87984943","48.10","","..","","","2"
"2013","Kelowna, British Columbia [59915]","2021A003559915","Percent change in youth violent crime severity index","Percent","239","units","0","v87984943","48.10","","..","","","2"
"2014","Kelowna, British Columbia [59915]","2021A003559915","Percent change in youth violent crime severity index","Percent","239","units","0","v87984943","48.10","","..","","","2"
"2015","Kelowna, British Columbia [59915]","2021A003559915","Percent change in youth violent crime severity index","Percent","239","units","0","v87984943","48.10","","..","","","2"
"2016","Kelowna, British Columbia [59915]","2021A003559915","Percent change in youth violent crime severity index","Percent","239","units","0","v87984943","48.10","","..","","","2"
"2017","Kelowna, British Columbia [59915]","2021A003559915","Percent change in youth violent crime severity index","Percent","239","units","0","v87984943","48.10","","..","","","2"
"2018","Kelowna, British Columbia [59915]","2021A003559915","Percent change in youth violent crime severity index","Percent","239","units","0","v87984943","48.10","","..","","","2"
"2019","Kelowna, British Columbia [59915]","2021A003559915","Percent change in youth violent crime severity index","Percent","239","units","0","v87984943","48.10","","..","","","2"
"2020","Kelowna, British Columbia [59915]","2021A003559915","Percent change in youth violent crime severity index","Percent","239","units","0","v87984943","48.10","","..","","","2"
"2021","Kelowna, British Columbia [59915]","2021A003559915","Percent change in youth violent crime severity index","Percent","239","units","0","v87984943","48.10","","..","","","2"
"2010","Kelowna, British Columbia [59915]","2021A003559915","Youth non-violent crime severity index","Index","160","units","0","v53079857","48.11","0.00","","","","2"
"2011","Kelowna, British Columbia [59915]","2021A003559915","Youth non-violent crime severity index","Index","160","units","0","v53079857","48.11","","..","","","2"
"2012","Kelowna, British Columbia [59915]","2021A003559915","Youth non-violent crime severity index","Index","160","units","0","v53079857","48.11","","..","","","2"
"2013","Kelowna, British Columbia [59915]","2021A003559915","Youth non-violent crime severity index","Index","160","units","0","v53079857","48.11","","..","","","2"
"2014","Kelowna, British Columbia [59915]","2021A003559915","Youth non-violent crime severity index","Index","160","units","0","v53079857","48.11","","..","","","2"
"2015","Kelowna, British Columbia [59915]","2021A003559915","Youth non-violent crime severity index","Index","160","units","0","v53079857","48.11","","..","","","2"
"2016","Kelowna, British Columbia [59915]","2021A003559915","Youth non-violent crime severity index","Index","160","units","0","v53079857","48.11","","..","","","2"
"2017","Kelowna, British Columbia [59915]","2021A003559915","Youth non-violent crime severity index","Index","160","units","0","v53079857","48.11","","..","","","2"
"2018","Kelowna, British Columbia [59915]","2021A003559915","Youth non-violent crime severity index","Index","160","units","0","v53079857","48.11","","..","","","2"
"2019","Kelowna, British Columbia [59915]","2021A003559915","Youth non-violent crime severity index","Index","160","units","0","v53079857","48.11","","..","","","2"
"2020","Kelowna, British Columbia [59915]","2021A003559915","Youth non-violent crime severity index","Index","160","units","0","v53079857","48.11","","..","","","2"
"2021","Kelowna, British Columbia [59915]","2021A003559915","Youth non-violent crime severity index","Index","160","units","0","v53079857","48.11","","..","","","2"
"2010","Kelowna, British Columbia [59915]","2021A003559915","Percent change in youth non-violent crime severity index","Percent","239","units","0","v87984944","48.12","0.00","","","","2"
"2011","Kelowna, British Columbia [59915]","2021A003559915","Percent change in youth non-violent crime severity index","Percent","239","units","0","v87984944","48.12","","..","","","2"
"2012","Kelowna, British Columbia [59915]","2021A003559915","Percent change in youth non-violent crime severity index","Percent","239","units","0","v87984944","48.12","","..","","","2"
"2013","Kelowna, British Columbia [59915]","2021A003559915","Percent change in youth non-violent crime severity index","Percent","239","units","0","v87984944","48.12","","..","","","2"
"2014","Kelowna, British Columbia [59915]","2021A003559915","Percent change in youth non-violent crime severity index","Percent","239","units","0","v87984944","48.12","","..","","","2"
"2015","Kelowna, British Columbia [59915]","2021A003559915","Percent change in youth non-violent crime severity index","Percent","239","units","0","v87984944","48.12","","..","","","2"
"2016","Kelowna, British Columbia [59915]","2021A003559915","Percent change in youth non-violent crime severity index","Percent","239","units","0","v87984944","48.12","","..","","","2"
"2017","Kelowna, British Columbia [59915]","2021A003559915","Percent change in youth non-violent crime severity index","Percent","239","units","0","v87984944","48.12","","..","","","2"
"2018","Kelowna, British Columbia [59915]","2021A003559915","Percent change in youth non-violent crime severity index","Percent","239","units","0","v87984944","48.12","","..","","","2"
"2019","Kelowna, British Columbia [59915]","2021A003559915","Percent change in youth non-violent crime severity index","Percent","239","units","0","v87984944","48.12","","..","","","2"
"2020","Kelowna, British Columbia [59915]","2021A003559915","Percent change in youth non-violent crime severity index","Percent","239","units","0","v87984944","48.12","","..","","","2"
"2021","Kelowna, British Columbia [59915]","2021A003559915","Percent change in youth non-violent crime severity index","Percent","239","units","0","v87984944","48.12","","..","","","2"
"2010","Kelowna, British Columbia [59915]","2021A003559915","Weighted clearance rate","Number","223","units","0","v53079858","48.13","35.20","","","","2"
"2011","Kelowna, British Columbia [59915]","2021A003559915","Weighted clearance rate","Number","223","units","0","v53079858","48.13","34.12","","","","2"
"2012","Kelowna, British Columbia [59915]","2021A003559915","Weighted clearance rate","Number","223","units","0","v53079858","48.13","29.89","","","","2"
"2013","Kelowna, British Columbia [59915]","2021A003559915","Weighted clearance rate","Number","223","units","0","v53079858","48.13","32.42","","","","2"
"2014","Kelowna, British Columbia [59915]","2021A003559915","Weighted clearance rate","Number","223","units","0","v53079858","48.13","32.72","","","","2"
"2015","Kelowna, British Columbia [59915]","2021A003559915","Weighted clearance rate","Number","223","units","0","v53079858","48.13","30.88","","","","2"
"2016","Kelowna, British Columbia [59915]","2021A003559915","Weighted clearance rate","Number","223","units","0","v53079858","48.13","34.39","","","","2"
"2017","Kelowna, British Columbia [59915]","2021A003559915","Weighted clearance rate","Number","223","units","0","v53079858","48.13","31.64","","","","2"
"2018","Kelowna, British Columbia [59915]","2021A003559915","Weighted clearance rate","Number","223","units","0","v53079858","48.13","31.73","","","","2"
"2019","Kelowna, British Columbia [59915]","2021A003559915","Weighted clearance rate","Number","223","units","0","v53079858","48.13","26.14","","","","2"
"2020","Kelowna, British Columbia [59915]","2021A003559915","Weighted clearance rate","Number","223","units","0","v53079858","48.13","25.80","","","","2"
"2021","Kelowna, British Columbia [59915]","2021A003559915","Weighted clearance rate","Number","223","units","0","v53079858","48.13","23.83","","","","2"
"2010","Kelowna, British Columbia [59915]","2021A003559915","Percent change in weighted clearance rate","Percent","239","units","0","v53079859","48.14","9.08","","","","2"
"2011","Kelowna, British Columbia [59915]","2021A003559915","Percent change in weighted clearance rate","Percent","239","units","0","v53079859","48.14","-3.07","","","","2"
"2012","Kelowna, British Columbia [59915]","2021A003559915","Percent change in weighted clearance rate","Percent","239","units","0","v53079859","48.14","-12.40","","","","2"
"2013","Kelowna, British Columbia [59915]","2021A003559915","Percent change in weighted clearance rate","Percent","239","units","0","v53079859","48.14","8.46","","","","2"
"2014","Kelowna, British Columbia [59915]","2021A003559915","Percent change in weighted clearance rate","Percent","239","units","0","v53079859","48.14","0.93","","","","2"
"2015","Kelowna, British Columbia [59915]","2021A003559915","Percent change in weighted clearance rate","Percent","239","units","0","v53079859","48.14","-5.62","","","","2"
"2016","Kelowna, British Columbia [59915]","2021A003559915","Percent change in weighted clearance rate","Percent","239","units","0","v53079859","48.14","11.37","","","","2"
"2017","Kelowna, British Columbia [59915]","2021A003559915","Percent change in weighted clearance rate","Percent","239","units","0","v53079859","48.14","-8.00","","","","2"
"2018","Kelowna, British Columbia [59915]","2021A003559915","Percent change in weighted clearance rate","Percent","239","units","0","v53079859","48.14","0.28","","","","2"
"2019","Kelowna, British Columbia [59915]","2021A003559915","Percent change in weighted clearance rate","Percent","239","units","0","v53079859","48.14","-17.62","","","","2"
"2020","Kelowna, British Columbia [59915]","2021A003559915","Percent change in weighted clearance rate","Percent","239","units","0","v53079859","48.14","-1.30","","","","2"
"2021","Kelowna, British Columbia [59915]","2021A003559915","Percent change in weighted clearance rate","Percent","239","units","0","v53079859","48.14","-7.64","","","","2"
"2010","Kelowna, British Columbia [59915]","2021A003559915","Violent weighted clearance rate","Number","223","units","0","v53079860","48.15","61.60","","","","2"
"2011","Kelowna, British Columbia [59915]","2021A003559915","Violent weighted clearance rate","Number","223","units","0","v53079860","48.15","52.40","","","","2"
"2012","Kelowna, British Columbia [59915]","2021A003559915","Violent weighted clearance rate","Number","223","units","0","v53079860","48.15","58.61","","","","2"
"2013","Kelowna, British Columbia [59915]","2021A003559915","Violent weighted clearance rate","Number","223","units","0","v53079860","48.15","53.06","","","","2"
"2014","Kelowna, British Columbia [59915]","2021A003559915","Violent weighted clearance rate","Number","223","units","0","v53079860","48.15","60.74","","","","2"
"2015","Kelowna, British Columbia [59915]","2021A003559915","Violent weighted clearance rate","Number","223","units","0","v53079860","48.15","52.61","","","","2"
"2016","Kelowna, British Columbia [59915]","2021A003559915","Violent weighted clearance rate","Number","223","units","0","v53079860","48.15","64.06","","","","2"
"2017","Kelowna, British Columbia [59915]","2021A003559915","Violent weighted clearance rate","Number","223","units","0","v53079860","48.15","55.53","","","","2"
"2018","Kelowna, British Columbia [59915]","2021A003559915","Violent weighted clearance rate","Number","223","units","0","v53079860","48.15","59.76","","","","2"
"2019","Kelowna, British Columbia [59915]","2021A003559915","Violent weighted clearance rate","Number","223","units","0","v53079860","48.15","44.05","","","","2"
"2020","Kelowna, British Columbia [59915]","2021A003559915","Violent weighted clearance rate","Number","223","units","0","v53079860","48.15","37.08","","","","2"
"2021","Kelowna, British Columbia [59915]","2021A003559915","Violent weighted clearance rate","Number","223","units","0","v53079860","48.15","42.05","","","","2"
"2010","Kelowna, British Columbia [59915]","2021A003559915","Percent change in violent weighted clearance rate","Percent","239","units","0","v53079861","48.16","6.04","","","","2"
"2011","Kelowna, British Columbia [59915]","2021A003559915","Percent change in violent weighted clearance rate","Percent","239","units","0","v53079861","48.16","-14.94","","","","2"
"2012","Kelowna, British Columbia [59915]","2021A003559915","Percent change in violent weighted clearance rate","Percent","239","units","0","v53079861","48.16","11.85","","","","2"
"2013","Kelowna, British Columbia [59915]","2021A003559915","Percent change in violent weighted clearance rate","Percent","239","units","0","v53079861","48.16","-9.47","","","","2"
"2014","Kelowna, British Columbia [59915]","2021A003559915","Percent change in violent weighted clearance rate","Percent","239","units","0","v53079861","48.16","14.47","","","","2"
"2015","Kelowna, British Columbia [59915]","2021A003559915","Percent change in violent weighted clearance rate","Percent","239","units","0","v53079861","48.16","-13.38","","","","2"
"2016","Kelowna, British Columbia [59915]","2021A003559915","Percent change in violent weighted clearance rate","Percent","239","units","0","v53079861","48.16","21.76","","","","2"
"2017","Kelowna, British Columbia [59915]","2021A003559915","Percent change in violent weighted clearance rate","Percent","239","units","0","v53079861","48.16","-13.32","","","","2"
"2018","Kelowna, British Columbia [59915]","2021A003559915","Percent change in violent weighted clearance rate","Percent","239","units","0","v53079861","48.16","7.62","","","","2"
"2019","Kelowna, British Columbia [59915]","2021A003559915","Percent change in violent weighted clearance rate","Percent","239","units","0","v53079861","48.16","-26.29","","","","2"
"2020","Kelowna, British Columbia [59915]","2021A003559915","Percent change in violent weighted clearance rate","Percent","239","units","0","v53079861","48.16","-15.82","","","","2"
"2021","Kelowna, British Columbia [59915]","2021A003559915","Percent change in violent weighted clearance rate","Percent","239","units","0","v53079861","48.16","13.40","","","","2"
"2010","Kelowna, British Columbia [59915]","2021A003559915","Non-violent weighted clearance rate","Number","223","units","0","v53079862","48.17","27.00","","","","2"
"2011","Kelowna, British Columbia [59915]","2021A003559915","Non-violent weighted clearance rate","Number","223","units","0","v53079862","48.17","28.50","","","","2"
"2012","Kelowna, British Columbia [59915]","2021A003559915","Non-violent weighted clearance rate","Number","223","units","0","v53079862","48.17","21.84","","","","2"
"2013","Kelowna, British Columbia [59915]","2021A003559915","Non-violent weighted clearance rate","Number","223","units","0","v53079862","48.17","27.48","","","","2"
"2014","Kelowna, British Columbia [59915]","2021A003559915","Non-violent weighted clearance rate","Number","223","units","0","v53079862","48.17","26.62","","","","2"
"2015","Kelowna, British Columbia [59915]","2021A003559915","Non-violent weighted clearance rate","Number","223","units","0","v53079862","48.17","25.60","","","","2"
"2016","Kelowna, British Columbia [59915]","2021A003559915","Non-violent weighted clearance rate","Number","223","units","0","v53079862","48.17","28.31","","","","2"
"2017","Kelowna, British Columbia [59915]","2021A003559915","Non-violent weighted clearance rate","Number","223","units","0","v53079862","48.17","26.90","","","","2"
"2018","Kelowna, British Columbia [59915]","2021A003559915","Non-violent weighted clearance rate","Number","223","units","0","v53079862","48.17","27.51","","","","2"
"2019","Kelowna, British Columbia [59915]","2021A003559915","Non-violent weighted clearance rate","Number","223","units","0","v53079862","48.17","22.15","","","","2"
"2020","Kelowna, British Columbia [59915]","2021A003559915","Non-violent weighted clearance rate","Number","223","units","0","v53079862","48.17","22.57","","","","2"
"2021","Kelowna, British Columbia [59915]","2021A003559915","Non-violent weighted clearance rate","Number","223","units","0","v53079862","48.17","18.07","","","","2"
"2010","Kelowna, British Columbia [59915]","2021A003559915","Percent change in non-violent weighted clearance rate","Percent","239","units","0","v53079863","48.18","11.62","","","","2"
"2011","Kelowna, British Columbia [59915]","2021A003559915","Percent change in non-violent weighted clearance rate","Percent","239","units","0","v53079863","48.18","5.56","","","","2"
"2012","Kelowna, British Columbia [59915]","2021A003559915","Percent change in non-violent weighted clearance rate","Percent","239","units","0","v53079863","48.18","-23.37","","","","2"
"2013","Kelowna, British Columbia [59915]","2021A003559915","Percent change in non-violent weighted clearance rate","Percent","239","units","0","v53079863","48.18","25.82","","","","2"
"2014","Kelowna, British Columbia [59915]","2021A003559915","Percent change in non-violent weighted clearance rate","Percent","239","units","0","v53079863","48.18","-3.13","","","","2"
"2015","Kelowna, British Columbia [59915]","2021A003559915","Percent change in non-violent weighted clearance rate","Percent","239","units","0","v53079863","48.18","-3.83","","","","2"
"2016","Kelowna, British Columbia [59915]","2021A003559915","Percent change in non-violent weighted clearance rate","Percent","239","units","0","v53079863","48.18","10.59","","","","2"
"2017","Kelowna, British Columbia [59915]","2021A003559915","Percent change in non-violent weighted clearance rate","Percent","239","units","0","v53079863","48.18","-4.98","","","","2"
"2018","Kelowna, British Columbia [59915]","2021A003559915","Percent change in non-violent weighted clearance rate","Percent","239","units","0","v53079863","48.18","2.27","","","","2"
"2019","Kelowna, British Columbia [59915]","2021A003559915","Percent change in non-violent weighted clearance rate","Percent","239","units","0","v53079863","48.18","-19.48","","","","2"
"2020","Kelowna, British Columbia [59915]","2021A003559915","Percent change in non-violent weighted clearance rate","Percent","239","units","0","v53079863","48.18","1.90","","","","2"
"2021","Kelowna, British Columbia [59915]","2021A003559915","Percent change in non-violent weighted clearance rate","Percent","239","units","0","v53079863","48.18","-19.94","","","","2"


