﻿"REF_DATE","GEO","DGUID","Statistics","UOM","UOM_ID","SCALAR_FACTOR","SCALAR_ID","VECTOR","COORDINATE","VALUE","STATUS","SYMBOL","TERMINATED","DECIMALS"
"2011","Belleville, Ontario [35522]","2021A003535522","Crime severity index","Index","160","units","0","v1064948737","49.1","","..","","","2"
"2012","Belleville, Ontario [35522]","2021A003535522","Crime severity index","Index","160","units","0","v1064948737","49.1","","..","","","2"
"2013","Belleville, Ontario [35522]","2021A003535522","Crime severity index","Index","160","units","0","v1064948737","49.1","","..","","","2"
"2014","Belleville, Ontario [35522]","2021A003535522","Crime severity index","Index","160","units","0","v1064948737","49.1","","..","","","2"
"2015","Belleville, Ontario [35522]","2021A003535522","Crime severity index","Index","160","units","0","v1064948737","49.1","","..","","","2"
"2016","Belleville, Ontario [35522]","2021A003535522","Crime severity index","Index","160","units","0","v1064948737","49.1","55.10","","","","2"
"2017","Belleville, Ontario [35522]","2021A003535522","Crime severity index","Index","160","units","0","v1064948737","49.1","76.90","","","","2"
"2018","Belleville, Ontario [35522]","2021A003535522","Crime severity index","Index","160","units","0","v1064948737","49.1","62.21","","","","2"
"2019","Belleville, Ontario [35522]","2021A003535522","Crime severity index","Index","160","units","0","v1064948737","49.1","70.68","","","","2"
"2020","Belleville, Ontario [35522]","2021A003535522","Crime severity index","Index","160","units","0","v1064948737","49.1","63.99","","","","2"
"2021","Belleville, Ontario [35522]","2021A003535522","Crime severity index","Index","160","units","0","v1064948737","49.1","69.33","","","","2"
"2011","Belleville, Ontario [35522]","2021A003535522","Percent change in crime severity index","Percent","239","units","0","v1064948738","49.2","","..","","","2"
"2012","Belleville, Ontario [35522]","2021A003535522","Percent change in crime severity index","Percent","239","units","0","v1064948738","49.2","","..","","","2"
"2013","Belleville, Ontario [35522]","2021A003535522","Percent change in crime severity index","Percent","239","units","0","v1064948738","49.2","","..","","","2"
"2014","Belleville, Ontario [35522]","2021A003535522","Percent change in crime severity index","Percent","239","units","0","v1064948738","49.2","","..","","","2"
"2015","Belleville, Ontario [35522]","2021A003535522","Percent change in crime severity index","Percent","239","units","0","v1064948738","49.2","","..","","","2"
"2016","Belleville, Ontario [35522]","2021A003535522","Percent change in crime severity index","Percent","239","units","0","v1064948738","49.2","","..","","","2"
"2017","Belleville, Ontario [35522]","2021A003535522","Percent change in crime severity index","Percent","239","units","0","v1064948738","49.2","39.56","","","","2"
"2018","Belleville, Ontario [35522]","2021A003535522","Percent change in crime severity index","Percent","239","units","0","v1064948738","49.2","-19.10","","","","2"
"2019","Belleville, Ontario [35522]","2021A003535522","Percent change in crime severity index","Percent","239","units","0","v1064948738","49.2","13.62","","","","2"
"2020","Belleville, Ontario [35522]","2021A003535522","Percent change in crime severity index","Percent","239","units","0","v1064948738","49.2","-9.47","","","","2"
"2021","Belleville, Ontario [35522]","2021A003535522","Percent change in crime severity index","Percent","239","units","0","v1064948738","49.2","8.35","","","","2"
"2011","Belleville, Ontario [35522]","2021A003535522","Violent crime severity index","Index","160","units","0","v1064948739","49.3","","..","","","2"
"2012","Belleville, Ontario [35522]","2021A003535522","Violent crime severity index","Index","160","units","0","v1064948739","49.3","","..","","","2"
"2013","Belleville, Ontario [35522]","2021A003535522","Violent crime severity index","Index","160","units","0","v1064948739","49.3","","..","","","2"
"2014","Belleville, Ontario [35522]","2021A003535522","Violent crime severity index","Index","160","units","0","v1064948739","49.3","","..","","","2"
"2015","Belleville, Ontario [35522]","2021A003535522","Violent crime severity index","Index","160","units","0","v1064948739","49.3","","..","","","2"
"2016","Belleville, Ontario [35522]","2021A003535522","Violent crime severity index","Index","160","units","0","v1064948739","49.3","57.39","","","","2"
"2017","Belleville, Ontario [35522]","2021A003535522","Violent crime severity index","Index","160","units","0","v1064948739","49.3","119.38","","","","2"
"2018","Belleville, Ontario [35522]","2021A003535522","Violent crime severity index","Index","160","units","0","v1064948739","49.3","71.94","","","","2"
"2019","Belleville, Ontario [35522]","2021A003535522","Violent crime severity index","Index","160","units","0","v1064948739","49.3","92.63","","","","2"
"2020","Belleville, Ontario [35522]","2021A003535522","Violent crime severity index","Index","160","units","0","v1064948739","49.3","71.64","","","","2"
"2021","Belleville, Ontario [35522]","2021A003535522","Violent crime severity index","Index","160","units","0","v1064948739","49.3","83.84","","","","2"
"2011","Belleville, Ontario [35522]","2021A003535522","Percent change in violent crime severity index","Percent","239","units","0","v1064948740","49.4","","..","","","2"
"2012","Belleville, Ontario [35522]","2021A003535522","Percent change in violent crime severity index","Percent","239","units","0","v1064948740","49.4","","..","","","2"
"2013","Belleville, Ontario [35522]","2021A003535522","Percent change in violent crime severity index","Percent","239","units","0","v1064948740","49.4","","..","","","2"
"2014","Belleville, Ontario [35522]","2021A003535522","Percent change in violent crime severity index","Percent","239","units","0","v1064948740","49.4","","..","","","2"
"2015","Belleville, Ontario [35522]","2021A003535522","Percent change in violent crime severity index","Percent","239","units","0","v1064948740","49.4","","..","","","2"
"2016","Belleville, Ontario [35522]","2021A003535522","Percent change in violent crime severity index","Percent","239","units","0","v1064948740","49.4","","..","","","2"
"2017","Belleville, Ontario [35522]","2021A003535522","Percent change in violent crime severity index","Percent","239","units","0","v1064948740","49.4","108.02","","","","2"
"2018","Belleville, Ontario [35522]","2021A003535522","Percent change in violent crime severity index","Percent","239","units","0","v1064948740","49.4","-39.74","","","","2"
"2019","Belleville, Ontario [35522]","2021A003535522","Percent change in violent crime severity index","Percent","239","units","0","v1064948740","49.4","28.76","","","","2"
"2020","Belleville, Ontario [35522]","2021A003535522","Percent change in violent crime severity index","Percent","239","units","0","v1064948740","49.4","-22.66","","","","2"
"2021","Belleville, Ontario [35522]","2021A003535522","Percent change in violent crime severity index","Percent","239","units","0","v1064948740","49.4","17.03","","","","2"
"2011","Belleville, Ontario [35522]","2021A003535522","Non-violent crime severity index","Index","160","units","0","v1064948741","49.5","","..","","","2"
"2012","Belleville, Ontario [35522]","2021A003535522","Non-violent crime severity index","Index","160","units","0","v1064948741","49.5","","..","","","2"
"2013","Belleville, Ontario [35522]","2021A003535522","Non-violent crime severity index","Index","160","units","0","v1064948741","49.5","","..","","","2"
"2014","Belleville, Ontario [35522]","2021A003535522","Non-violent crime severity index","Index","160","units","0","v1064948741","49.5","","..","","","2"
"2015","Belleville, Ontario [35522]","2021A003535522","Non-violent crime severity index","Index","160","units","0","v1064948741","49.5","","..","","","2"
"2016","Belleville, Ontario [35522]","2021A003535522","Non-violent crime severity index","Index","160","units","0","v1064948741","49.5","54.14","","","","2"
"2017","Belleville, Ontario [35522]","2021A003535522","Non-violent crime severity index","Index","160","units","0","v1064948741","49.5","61.44","","","","2"
"2018","Belleville, Ontario [35522]","2021A003535522","Non-violent crime severity index","Index","160","units","0","v1064948741","49.5","58.57","","","","2"
"2019","Belleville, Ontario [35522]","2021A003535522","Non-violent crime severity index","Index","160","units","0","v1064948741","49.5","62.62","","","","2"
"2020","Belleville, Ontario [35522]","2021A003535522","Non-violent crime severity index","Index","160","units","0","v1064948741","49.5","61.09","","","","2"
"2021","Belleville, Ontario [35522]","2021A003535522","Non-violent crime severity index","Index","160","units","0","v1064948741","49.5","63.95","","","","2"
"2011","Belleville, Ontario [35522]","2021A003535522","Percent change in non-violent crime severity index","Percent","239","units","0","v1064948742","49.6","","..","","","2"
"2012","Belleville, Ontario [35522]","2021A003535522","Percent change in non-violent crime severity index","Percent","239","units","0","v1064948742","49.6","","..","","","2"
"2013","Belleville, Ontario [35522]","2021A003535522","Percent change in non-violent crime severity index","Percent","239","units","0","v1064948742","49.6","","..","","","2"
"2014","Belleville, Ontario [35522]","2021A003535522","Percent change in non-violent crime severity index","Percent","239","units","0","v1064948742","49.6","","..","","","2"
"2015","Belleville, Ontario [35522]","2021A003535522","Percent change in non-violent crime severity index","Percent","239","units","0","v1064948742","49.6","","..","","","2"
"2016","Belleville, Ontario [35522]","2021A003535522","Percent change in non-violent crime severity index","Percent","239","units","0","v1064948742","49.6","","..","","","2"
"2017","Belleville, Ontario [35522]","2021A003535522","Percent change in non-violent crime severity index","Percent","239","units","0","v1064948742","49.6","13.48","","","","2"
"2018","Belleville, Ontario [35522]","2021A003535522","Percent change in non-violent crime severity index","Percent","239","units","0","v1064948742","49.6","-4.67","","","","2"
"2019","Belleville, Ontario [35522]","2021A003535522","Percent change in non-violent crime severity index","Percent","239","units","0","v1064948742","49.6","6.91","","","","2"
"2020","Belleville, Ontario [35522]","2021A003535522","Percent change in non-violent crime severity index","Percent","239","units","0","v1064948742","49.6","-2.44","","","","2"
"2021","Belleville, Ontario [35522]","2021A003535522","Percent change in non-violent crime severity index","Percent","239","units","0","v1064948742","49.6","4.68","","","","2"
"2011","Belleville, Ontario [35522]","2021A003535522","Youth crime severity index","Index","160","units","0","v1064948743","49.7","","..","","","2"
"2012","Belleville, Ontario [35522]","2021A003535522","Youth crime severity index","Index","160","units","0","v1064948743","49.7","","..","","","2"
"2013","Belleville, Ontario [35522]","2021A003535522","Youth crime severity index","Index","160","units","0","v1064948743","49.7","","..","","","2"
"2014","Belleville, Ontario [35522]","2021A003535522","Youth crime severity index","Index","160","units","0","v1064948743","49.7","","..","","","2"
"2015","Belleville, Ontario [35522]","2021A003535522","Youth crime severity index","Index","160","units","0","v1064948743","49.7","","..","","","2"
"2016","Belleville, Ontario [35522]","2021A003535522","Youth crime severity index","Index","160","units","0","v1064948743","49.7","","..","","","2"
"2017","Belleville, Ontario [35522]","2021A003535522","Youth crime severity index","Index","160","units","0","v1064948743","49.7","","..","","","2"
"2018","Belleville, Ontario [35522]","2021A003535522","Youth crime severity index","Index","160","units","0","v1064948743","49.7","","..","","","2"
"2019","Belleville, Ontario [35522]","2021A003535522","Youth crime severity index","Index","160","units","0","v1064948743","49.7","","..","","","2"
"2020","Belleville, Ontario [35522]","2021A003535522","Youth crime severity index","Index","160","units","0","v1064948743","49.7","","..","","","2"
"2021","Belleville, Ontario [35522]","2021A003535522","Youth crime severity index","Index","160","units","0","v1064948743","49.7","","..","","","2"
"2011","Belleville, Ontario [35522]","2021A003535522","Percent change in youth crime severity index","Percent","239","units","0","v1064948744","49.8","","..","","","2"
"2012","Belleville, Ontario [35522]","2021A003535522","Percent change in youth crime severity index","Percent","239","units","0","v1064948744","49.8","","..","","","2"
"2013","Belleville, Ontario [35522]","2021A003535522","Percent change in youth crime severity index","Percent","239","units","0","v1064948744","49.8","","..","","","2"
"2014","Belleville, Ontario [35522]","2021A003535522","Percent change in youth crime severity index","Percent","239","units","0","v1064948744","49.8","","..","","","2"
"2015","Belleville, Ontario [35522]","2021A003535522","Percent change in youth crime severity index","Percent","239","units","0","v1064948744","49.8","","..","","","2"
"2016","Belleville, Ontario [35522]","2021A003535522","Percent change in youth crime severity index","Percent","239","units","0","v1064948744","49.8","","..","","","2"
"2017","Belleville, Ontario [35522]","2021A003535522","Percent change in youth crime severity index","Percent","239","units","0","v1064948744","49.8","","..","","","2"
"2018","Belleville, Ontario [35522]","2021A003535522","Percent change in youth crime severity index","Percent","239","units","0","v1064948744","49.8","","..","","","2"
"2019","Belleville, Ontario [35522]","2021A003535522","Percent change in youth crime severity index","Percent","239","units","0","v1064948744","49.8","","..","","","2"
"2020","Belleville, Ontario [35522]","2021A003535522","Percent change in youth crime severity index","Percent","239","units","0","v1064948744","49.8","","..","","","2"
"2021","Belleville, Ontario [35522]","2021A003535522","Percent change in youth crime severity index","Percent","239","units","0","v1064948744","49.8","","..","","","2"
"2011","Belleville, Ontario [35522]","2021A003535522","Youth violent crime severity index","Index","160","units","0","v1064948745","49.9","","..","","","2"
"2012","Belleville, Ontario [35522]","2021A003535522","Youth violent crime severity index","Index","160","units","0","v1064948745","49.9","","..","","","2"
"2013","Belleville, Ontario [35522]","2021A003535522","Youth violent crime severity index","Index","160","units","0","v1064948745","49.9","","..","","","2"
"2014","Belleville, Ontario [35522]","2021A003535522","Youth violent crime severity index","Index","160","units","0","v1064948745","49.9","","..","","","2"
"2015","Belleville, Ontario [35522]","2021A003535522","Youth violent crime severity index","Index","160","units","0","v1064948745","49.9","","..","","","2"
"2016","Belleville, Ontario [35522]","2021A003535522","Youth violent crime severity index","Index","160","units","0","v1064948745","49.9","","..","","","2"
"2017","Belleville, Ontario [35522]","2021A003535522","Youth violent crime severity index","Index","160","units","0","v1064948745","49.9","","..","","","2"
"2018","Belleville, Ontario [35522]","2021A003535522","Youth violent crime severity index","Index","160","units","0","v1064948745","49.9","","..","","","2"
"2019","Belleville, Ontario [35522]","2021A003535522","Youth violent crime severity index","Index","160","units","0","v1064948745","49.9","","..","","","2"
"2020","Belleville, Ontario [35522]","2021A003535522","Youth violent crime severity index","Index","160","units","0","v1064948745","49.9","","..","","","2"
"2021","Belleville, Ontario [35522]","2021A003535522","Youth violent crime severity index","Index","160","units","0","v1064948745","49.9","","..","","","2"
"2011","Belleville, Ontario [35522]","2021A003535522","Percent change in youth violent crime severity index","Percent","239","units","0","v1064948746","49.10","","..","","","2"
"2012","Belleville, Ontario [35522]","2021A003535522","Percent change in youth violent crime severity index","Percent","239","units","0","v1064948746","49.10","","..","","","2"
"2013","Belleville, Ontario [35522]","2021A003535522","Percent change in youth violent crime severity index","Percent","239","units","0","v1064948746","49.10","","..","","","2"
"2014","Belleville, Ontario [35522]","2021A003535522","Percent change in youth violent crime severity index","Percent","239","units","0","v1064948746","49.10","","..","","","2"
"2015","Belleville, Ontario [35522]","2021A003535522","Percent change in youth violent crime severity index","Percent","239","units","0","v1064948746","49.10","","..","","","2"
"2016","Belleville, Ontario [35522]","2021A003535522","Percent change in youth violent crime severity index","Percent","239","units","0","v1064948746","49.10","","..","","","2"
"2017","Belleville, Ontario [35522]","2021A003535522","Percent change in youth violent crime severity index","Percent","239","units","0","v1064948746","49.10","","..","","","2"
"2018","Belleville, Ontario [35522]","2021A003535522","Percent change in youth violent crime severity index","Percent","239","units","0","v1064948746","49.10","","..","","","2"
"2019","Belleville, Ontario [35522]","2021A003535522","Percent change in youth violent crime severity index","Percent","239","units","0","v1064948746","49.10","","..","","","2"
"2020","Belleville, Ontario [35522]","2021A003535522","Percent change in youth violent crime severity index","Percent","239","units","0","v1064948746","49.10","","..","","","2"
"2021","Belleville, Ontario [35522]","2021A003535522","Percent change in youth violent crime severity index","Percent","239","units","0","v1064948746","49.10","","..","","","2"
"2011","Belleville, Ontario [35522]","2021A003535522","Youth non-violent crime severity index","Index","160","units","0","v1064948747","49.11","","..","","","2"
"2012","Belleville, Ontario [35522]","2021A003535522","Youth non-violent crime severity index","Index","160","units","0","v1064948747","49.11","","..","","","2"
"2013","Belleville, Ontario [35522]","2021A003535522","Youth non-violent crime severity index","Index","160","units","0","v1064948747","49.11","","..","","","2"
"2014","Belleville, Ontario [35522]","2021A003535522","Youth non-violent crime severity index","Index","160","units","0","v1064948747","49.11","","..","","","2"
"2015","Belleville, Ontario [35522]","2021A003535522","Youth non-violent crime severity index","Index","160","units","0","v1064948747","49.11","","..","","","2"
"2016","Belleville, Ontario [35522]","2021A003535522","Youth non-violent crime severity index","Index","160","units","0","v1064948747","49.11","","..","","","2"
"2017","Belleville, Ontario [35522]","2021A003535522","Youth non-violent crime severity index","Index","160","units","0","v1064948747","49.11","","..","","","2"
"2018","Belleville, Ontario [35522]","2021A003535522","Youth non-violent crime severity index","Index","160","units","0","v1064948747","49.11","","..","","","2"
"2019","Belleville, Ontario [35522]","2021A003535522","Youth non-violent crime severity index","Index","160","units","0","v1064948747","49.11","","..","","","2"
"2020","Belleville, Ontario [35522]","2021A003535522","Youth non-violent crime severity index","Index","160","units","0","v1064948747","49.11","","..","","","2"
"2021","Belleville, Ontario [35522]","2021A003535522","Youth non-violent crime severity index","Index","160","units","0","v1064948747","49.11","","..","","","2"
"2011","Belleville, Ontario [35522]","2021A003535522","Percent change in youth non-violent crime severity index","Percent","239","units","0","v1064948748","49.12","","..","","","2"
"2012","Belleville, Ontario [35522]","2021A003535522","Percent change in youth non-violent crime severity index","Percent","239","units","0","v1064948748","49.12","","..","","","2"
"2013","Belleville, Ontario [35522]","2021A003535522","Percent change in youth non-violent crime severity index","Percent","239","units","0","v1064948748","49.12","","..","","","2"
"2014","Belleville, Ontario [35522]","2021A003535522","Percent change in youth non-violent crime severity index","Percent","239","units","0","v1064948748","49.12","","..","","","2"
"2015","Belleville, Ontario [35522]","2021A003535522","Percent change in youth non-violent crime severity index","Percent","239","units","0","v1064948748","49.12","","..","","","2"
"2016","Belleville, Ontario [35522]","2021A003535522","Percent change in youth non-violent crime severity index","Percent","239","units","0","v1064948748","49.12","","..","","","2"
"2017","Belleville, Ontario [35522]","2021A003535522","Percent change in youth non-violent crime severity index","Percent","239","units","0","v1064948748","49.12","","..","","","2"
"2018","Belleville, Ontario [35522]","2021A003535522","Percent change in youth non-violent crime severity index","Percent","239","units","0","v1064948748","49.12","","..","","","2"
"2019","Belleville, Ontario [35522]","2021A003535522","Percent change in youth non-violent crime severity index","Percent","239","units","0","v1064948748","49.12","","..","","","2"
"2020","Belleville, Ontario [35522]","2021A003535522","Percent change in youth non-violent crime severity index","Percent","239","units","0","v1064948748","49.12","","..","","","2"
"2021","Belleville, Ontario [35522]","2021A003535522","Percent change in youth non-violent crime severity index","Percent","239","units","0","v1064948748","49.12","","..","","","2"
"2011","Belleville, Ontario [35522]","2021A003535522","Weighted clearance rate","Number","223","units","0","v1064948749","49.13","","..","","","2"
"2012","Belleville, Ontario [35522]","2021A003535522","Weighted clearance rate","Number","223","units","0","v1064948749","49.13","","..","","","2"
"2013","Belleville, Ontario [35522]","2021A003535522","Weighted clearance rate","Number","223","units","0","v1064948749","49.13","","..","","","2"
"2014","Belleville, Ontario [35522]","2021A003535522","Weighted clearance rate","Number","223","units","0","v1064948749","49.13","","..","","","2"
"2015","Belleville, Ontario [35522]","2021A003535522","Weighted clearance rate","Number","223","units","0","v1064948749","49.13","","..","","","2"
"2016","Belleville, Ontario [35522]","2021A003535522","Weighted clearance rate","Number","223","units","0","v1064948749","49.13","46.43","","","","2"
"2017","Belleville, Ontario [35522]","2021A003535522","Weighted clearance rate","Number","223","units","0","v1064948749","49.13","57.44","","","","2"
"2018","Belleville, Ontario [35522]","2021A003535522","Weighted clearance rate","Number","223","units","0","v1064948749","49.13","50.48","","","","2"
"2019","Belleville, Ontario [35522]","2021A003535522","Weighted clearance rate","Number","223","units","0","v1064948749","49.13","49.05","","","","2"
"2020","Belleville, Ontario [35522]","2021A003535522","Weighted clearance rate","Number","223","units","0","v1064948749","49.13","50.33","","","","2"
"2021","Belleville, Ontario [35522]","2021A003535522","Weighted clearance rate","Number","223","units","0","v1064948749","49.13","47.61","","","","2"
"2011","Belleville, Ontario [35522]","2021A003535522","Percent change in weighted clearance rate","Percent","239","units","0","v1064948750","49.14","","..","","","2"
"2012","Belleville, Ontario [35522]","2021A003535522","Percent change in weighted clearance rate","Percent","239","units","0","v1064948750","49.14","","..","","","2"
"2013","Belleville, Ontario [35522]","2021A003535522","Percent change in weighted clearance rate","Percent","239","units","0","v1064948750","49.14","","..","","","2"
"2014","Belleville, Ontario [35522]","2021A003535522","Percent change in weighted clearance rate","Percent","239","units","0","v1064948750","49.14","","..","","","2"
"2015","Belleville, Ontario [35522]","2021A003535522","Percent change in weighted clearance rate","Percent","239","units","0","v1064948750","49.14","","..","","","2"
"2016","Belleville, Ontario [35522]","2021A003535522","Percent change in weighted clearance rate","Percent","239","units","0","v1064948750","49.14","","..","","","2"
"2017","Belleville, Ontario [35522]","2021A003535522","Percent change in weighted clearance rate","Percent","239","units","0","v1064948750","49.14","23.71","","","","2"
"2018","Belleville, Ontario [35522]","2021A003535522","Percent change in weighted clearance rate","Percent","239","units","0","v1064948750","49.14","-12.12","","","","2"
"2019","Belleville, Ontario [35522]","2021A003535522","Percent change in weighted clearance rate","Percent","239","units","0","v1064948750","49.14","-2.83","","","","2"
"2020","Belleville, Ontario [35522]","2021A003535522","Percent change in weighted clearance rate","Percent","239","units","0","v1064948750","49.14","2.61","","","","2"
"2021","Belleville, Ontario [35522]","2021A003535522","Percent change in weighted clearance rate","Percent","239","units","0","v1064948750","49.14","-5.40","","","","2"
"2011","Belleville, Ontario [35522]","2021A003535522","Violent weighted clearance rate","Number","223","units","0","v1064948751","49.15","","..","","","2"
"2012","Belleville, Ontario [35522]","2021A003535522","Violent weighted clearance rate","Number","223","units","0","v1064948751","49.15","","..","","","2"
"2013","Belleville, Ontario [35522]","2021A003535522","Violent weighted clearance rate","Number","223","units","0","v1064948751","49.15","","..","","","2"
"2014","Belleville, Ontario [35522]","2021A003535522","Violent weighted clearance rate","Number","223","units","0","v1064948751","49.15","","..","","","2"
"2015","Belleville, Ontario [35522]","2021A003535522","Violent weighted clearance rate","Number","223","units","0","v1064948751","49.15","","..","","","2"
"2016","Belleville, Ontario [35522]","2021A003535522","Violent weighted clearance rate","Number","223","units","0","v1064948751","49.15","77.74","","","","2"
"2017","Belleville, Ontario [35522]","2021A003535522","Violent weighted clearance rate","Number","223","units","0","v1064948751","49.15","87.16","","","","2"
"2018","Belleville, Ontario [35522]","2021A003535522","Violent weighted clearance rate","Number","223","units","0","v1064948751","49.15","76.46","","","","2"
"2019","Belleville, Ontario [35522]","2021A003535522","Violent weighted clearance rate","Number","223","units","0","v1064948751","49.15","74.27","","","","2"
"2020","Belleville, Ontario [35522]","2021A003535522","Violent weighted clearance rate","Number","223","units","0","v1064948751","49.15","76.78","","","","2"
"2021","Belleville, Ontario [35522]","2021A003535522","Violent weighted clearance rate","Number","223","units","0","v1064948751","49.15","65.18","","","","2"
"2011","Belleville, Ontario [35522]","2021A003535522","Percent change in violent weighted clearance rate","Percent","239","units","0","v1064948752","49.16","","..","","","2"
"2012","Belleville, Ontario [35522]","2021A003535522","Percent change in violent weighted clearance rate","Percent","239","units","0","v1064948752","49.16","","..","","","2"
"2013","Belleville, Ontario [35522]","2021A003535522","Percent change in violent weighted clearance rate","Percent","239","units","0","v1064948752","49.16","","..","","","2"
"2014","Belleville, Ontario [35522]","2021A003535522","Percent change in violent weighted clearance rate","Percent","239","units","0","v1064948752","49.16","","..","","","2"
"2015","Belleville, Ontario [35522]","2021A003535522","Percent change in violent weighted clearance rate","Percent","239","units","0","v1064948752","49.16","","..","","","2"
"2016","Belleville, Ontario [35522]","2021A003535522","Percent change in violent weighted clearance rate","Percent","239","units","0","v1064948752","49.16","","..","","","2"
"2017","Belleville, Ontario [35522]","2021A003535522","Percent change in violent weighted clearance rate","Percent","239","units","0","v1064948752","49.16","12.12","","","","2"
"2018","Belleville, Ontario [35522]","2021A003535522","Percent change in violent weighted clearance rate","Percent","239","units","0","v1064948752","49.16","-12.28","","","","2"
"2019","Belleville, Ontario [35522]","2021A003535522","Percent change in violent weighted clearance rate","Percent","239","units","0","v1064948752","49.16","-2.86","","","","2"
"2020","Belleville, Ontario [35522]","2021A003535522","Percent change in violent weighted clearance rate","Percent","239","units","0","v1064948752","49.16","3.38","","","","2"
"2021","Belleville, Ontario [35522]","2021A003535522","Percent change in violent weighted clearance rate","Percent","239","units","0","v1064948752","49.16","-15.11","","","","2"
"2011","Belleville, Ontario [35522]","2021A003535522","Non-violent weighted clearance rate","Number","223","units","0","v1064948753","49.17","","..","","","2"
"2012","Belleville, Ontario [35522]","2021A003535522","Non-violent weighted clearance rate","Number","223","units","0","v1064948753","49.17","","..","","","2"
"2013","Belleville, Ontario [35522]","2021A003535522","Non-violent weighted clearance rate","Number","223","units","0","v1064948753","49.17","","..","","","2"
"2014","Belleville, Ontario [35522]","2021A003535522","Non-violent weighted clearance rate","Number","223","units","0","v1064948753","49.17","","..","","","2"
"2015","Belleville, Ontario [35522]","2021A003535522","Non-violent weighted clearance rate","Number","223","units","0","v1064948753","49.17","","..","","","2"
"2016","Belleville, Ontario [35522]","2021A003535522","Non-violent weighted clearance rate","Number","223","units","0","v1064948753","49.17","34.49","","","","2"
"2017","Belleville, Ontario [35522]","2021A003535522","Non-violent weighted clearance rate","Number","223","units","0","v1064948753","49.17","36.67","","","","2"
"2018","Belleville, Ontario [35522]","2021A003535522","Non-violent weighted clearance rate","Number","223","units","0","v1064948753","49.17","39.00","","","","2"
"2019","Belleville, Ontario [35522]","2021A003535522","Non-violent weighted clearance rate","Number","223","units","0","v1064948753","49.17","35.63","","","","2"
"2020","Belleville, Ontario [35522]","2021A003535522","Non-violent weighted clearance rate","Number","223","units","0","v1064948753","49.17","39.18","","","","2"
"2021","Belleville, Ontario [35522]","2021A003535522","Non-violent weighted clearance rate","Number","223","units","0","v1064948753","49.17","39.33","","","","2"
"2011","Belleville, Ontario [35522]","2021A003535522","Percent change in non-violent weighted clearance rate","Percent","239","units","0","v1064948754","49.18","","..","","","2"
"2012","Belleville, Ontario [35522]","2021A003535522","Percent change in non-violent weighted clearance rate","Percent","239","units","0","v1064948754","49.18","","..","","","2"
"2013","Belleville, Ontario [35522]","2021A003535522","Percent change in non-violent weighted clearance rate","Percent","239","units","0","v1064948754","49.18","","..","","","2"
"2014","Belleville, Ontario [35522]","2021A003535522","Percent change in non-violent weighted clearance rate","Percent","239","units","0","v1064948754","49.18","","..","","","2"
"2015","Belleville, Ontario [35522]","2021A003535522","Percent change in non-violent weighted clearance rate","Percent","239","units","0","v1064948754","49.18","","..","","","2"
"2016","Belleville, Ontario [35522]","2021A003535522","Percent change in non-violent weighted clearance rate","Percent","239","units","0","v1064948754","49.18","","..","","","2"
"2017","Belleville, Ontario [35522]","2021A003535522","Percent change in non-violent weighted clearance rate","Percent","239","units","0","v1064948754","49.18","6.32","","","","2"
"2018","Belleville, Ontario [35522]","2021A003535522","Percent change in non-violent weighted clearance rate","Percent","239","units","0","v1064948754","49.18","6.35","","","","2"
"2019","Belleville, Ontario [35522]","2021A003535522","Percent change in non-violent weighted clearance rate","Percent","239","units","0","v1064948754","49.18","-8.64","","","","2"
"2020","Belleville, Ontario [35522]","2021A003535522","Percent change in non-violent weighted clearance rate","Percent","239","units","0","v1064948754","49.18","9.96","","","","2"
"2021","Belleville, Ontario [35522]","2021A003535522","Percent change in non-violent weighted clearance rate","Percent","239","units","0","v1064948754","49.18","0.38","","","","2"


