﻿"REF_DATE","GEO","DGUID","Statistics","UOM","UOM_ID","SCALAR_FACTOR","SCALAR_ID","VECTOR","COORDINATE","VALUE","STATUS","SYMBOL","TERMINATED","DECIMALS"
"2010","Canada","2016A000011124","Crime severity index","Index","160","units","0","v44312461","1.1","82.94","","","","2"
"2011","Canada","2016A000011124","Crime severity index","Index","160","units","0","v44312461","1.1","77.61","","","","2"
"2012","Canada","2016A000011124","Crime severity index","Index","160","units","0","v44312461","1.1","75.51","","","","2"
"2013","Canada","2016A000011124","Crime severity index","Index","160","units","0","v44312461","1.1","68.92","","","","2"
"2014","Canada","2016A000011124","Crime severity index","Index","160","units","0","v44312461","1.1","66.90","","","","2"
"2015","Canada","2016A000011124","Crime severity index","Index","160","units","0","v44312461","1.1","70.39","","","","2"
"2016","Canada","2016A000011124","Crime severity index","Index","160","units","0","v44312461","1.1","72.01","","","","2"
"2017","Canada","2016A000011124","Crime severity index","Index","160","units","0","v44312461","1.1","73.60","","","","2"
"2018","Canada","2016A000011124","Crime severity index","Index","160","units","0","v44312461","1.1","75.61","","","","2"
"2019","Canada","2016A000011124","Crime severity index","Index","160","units","0","v44312461","1.1","79.75","","","","2"
"2020","Canada","2016A000011124","Crime severity index","Index","160","units","0","v44312461","1.1","73.90","","","","2"
"2021","Canada","2016A000011124","Crime severity index","Index","160","units","0","v44312461","1.1","73.68","","","","2"
"2010","Canada","2016A000011124","Percent change in crime severity index","Percent","239","units","0","v44312462","1.2","-5.50","","","","2"
"2011","Canada","2016A000011124","Percent change in crime severity index","Percent","239","units","0","v44312462","1.2","-6.43","","","","2"
"2012","Canada","2016A000011124","Percent change in crime severity index","Percent","239","units","0","v44312462","1.2","-2.71","","","","2"
"2013","Canada","2016A000011124","Percent change in crime severity index","Percent","239","units","0","v44312462","1.2","-8.73","","","","2"
"2014","Canada","2016A000011124","Percent change in crime severity index","Percent","239","units","0","v44312462","1.2","-2.93","","","","2"
"2015","Canada","2016A000011124","Percent change in crime severity index","Percent","239","units","0","v44312462","1.2","5.22","","","","2"
"2016","Canada","2016A000011124","Percent change in crime severity index","Percent","239","units","0","v44312462","1.2","2.30","","","","2"
"2017","Canada","2016A000011124","Percent change in crime severity index","Percent","239","units","0","v44312462","1.2","2.21","","","","2"
"2018","Canada","2016A000011124","Percent change in crime severity index","Percent","239","units","0","v44312462","1.2","2.73","","","","2"
"2019","Canada","2016A000011124","Percent change in crime severity index","Percent","239","units","0","v44312462","1.2","5.48","","","","2"
"2020","Canada","2016A000011124","Percent change in crime severity index","Percent","239","units","0","v44312462","1.2","-7.34","","","","2"
"2021","Canada","2016A000011124","Percent change in crime severity index","Percent","239","units","0","v44312462","1.2","-0.30","","","","2"
"2010","Canada","2016A000011124","Violent crime severity index","Index","160","units","0","v44312463","1.3","89.22","","","","2"
"2011","Canada","2016A000011124","Violent crime severity index","Index","160","units","0","v44312463","1.3","85.72","","","","2"
"2012","Canada","2016A000011124","Violent crime severity index","Index","160","units","0","v44312463","1.3","81.95","","","","2"
"2013","Canada","2016A000011124","Violent crime severity index","Index","160","units","0","v44312463","1.3","74.02","","","","2"
"2014","Canada","2016A000011124","Violent crime severity index","Index","160","units","0","v44312463","1.3","70.71","","","","2"
"2015","Canada","2016A000011124","Violent crime severity index","Index","160","units","0","v44312463","1.3","75.34","","","","2"
"2016","Canada","2016A000011124","Violent crime severity index","Index","160","units","0","v44312463","1.3","76.88","","","","2"
"2017","Canada","2016A000011124","Violent crime severity index","Index","160","units","0","v44312463","1.3","81.27","","","","2"
"2018","Canada","2016A000011124","Violent crime severity index","Index","160","units","0","v44312463","1.3","83.55","","","","2"
"2019","Canada","2016A000011124","Violent crime severity index","Index","160","units","0","v44312463","1.3","90.28","","","","2"
"2020","Canada","2016A000011124","Violent crime severity index","Index","160","units","0","v44312463","1.3","87.97","","","","2"
"2021","Canada","2016A000011124","Violent crime severity index","Index","160","units","0","v44312463","1.3","92.50","","","","2"
"2010","Canada","2016A000011124","Percent change in violent crime severity index","Percent","239","units","0","v44312464","1.4","-5.38","","","","2"
"2011","Canada","2016A000011124","Percent change in violent crime severity index","Percent","239","units","0","v44312464","1.4","-3.92","","","","2"
"2012","Canada","2016A000011124","Percent change in violent crime severity index","Percent","239","units","0","v44312464","1.4","-4.40","","","","2"
"2013","Canada","2016A000011124","Percent change in violent crime severity index","Percent","239","units","0","v44312464","1.4","-9.68","","","","2"
"2014","Canada","2016A000011124","Percent change in violent crime severity index","Percent","239","units","0","v44312464","1.4","-4.47","","","","2"
"2015","Canada","2016A000011124","Percent change in violent crime severity index","Percent","239","units","0","v44312464","1.4","6.55","","","","2"
"2016","Canada","2016A000011124","Percent change in violent crime severity index","Percent","239","units","0","v44312464","1.4","2.04","","","","2"
"2017","Canada","2016A000011124","Percent change in violent crime severity index","Percent","239","units","0","v44312464","1.4","5.71","","","","2"
"2018","Canada","2016A000011124","Percent change in violent crime severity index","Percent","239","units","0","v44312464","1.4","2.81","","","","2"
"2019","Canada","2016A000011124","Percent change in violent crime severity index","Percent","239","units","0","v44312464","1.4","8.06","","","","2"
"2020","Canada","2016A000011124","Percent change in violent crime severity index","Percent","239","units","0","v44312464","1.4","-2.56","","","","2"
"2021","Canada","2016A000011124","Percent change in violent crime severity index","Percent","239","units","0","v44312464","1.4","5.15","","","","2"
"2010","Canada","2016A000011124","Non-violent crime severity index","Index","160","units","0","v44312465","1.5","80.53","","","","2"
"2011","Canada","2016A000011124","Non-violent crime severity index","Index","160","units","0","v44312465","1.5","74.50","","","","2"
"2012","Canada","2016A000011124","Non-violent crime severity index","Index","160","units","0","v44312465","1.5","73.01","","","","2"
"2013","Canada","2016A000011124","Non-violent crime severity index","Index","160","units","0","v44312465","1.5","66.92","","","","2"
"2014","Canada","2016A000011124","Non-violent crime severity index","Index","160","units","0","v44312465","1.5","65.38","","","","2"
"2015","Canada","2016A000011124","Non-violent crime severity index","Index","160","units","0","v44312465","1.5","68.44","","","","2"
"2016","Canada","2016A000011124","Non-violent crime severity index","Index","160","units","0","v44312465","1.5","70.10","","","","2"
"2017","Canada","2016A000011124","Non-violent crime severity index","Index","160","units","0","v44312465","1.5","70.66","","","","2"
"2018","Canada","2016A000011124","Non-violent crime severity index","Index","160","units","0","v44312465","1.5","72.58","","","","2"
"2019","Canada","2016A000011124","Non-violent crime severity index","Index","160","units","0","v44312465","1.5","75.78","","","","2"
"2020","Canada","2016A000011124","Non-violent crime severity index","Index","160","units","0","v44312465","1.5","68.66","","","","2"
"2021","Canada","2016A000011124","Non-violent crime severity index","Index","160","units","0","v44312465","1.5","66.73","","","","2"
"2010","Canada","2016A000011124","Percent change in non-violent crime severity index","Percent","239","units","0","v44312466","1.6","-5.55","","","","2"
"2011","Canada","2016A000011124","Percent change in non-violent crime severity index","Percent","239","units","0","v44312466","1.6","-7.49","","","","2"
"2012","Canada","2016A000011124","Percent change in non-violent crime severity index","Percent","239","units","0","v44312466","1.6","-2.00","","","","2"
"2013","Canada","2016A000011124","Percent change in non-violent crime severity index","Percent","239","units","0","v44312466","1.6","-8.34","","","","2"
"2014","Canada","2016A000011124","Percent change in non-violent crime severity index","Percent","239","units","0","v44312466","1.6","-2.30","","","","2"
"2015","Canada","2016A000011124","Percent change in non-violent crime severity index","Percent","239","units","0","v44312466","1.6","4.68","","","","2"
"2016","Canada","2016A000011124","Percent change in non-violent crime severity index","Percent","239","units","0","v44312466","1.6","2.43","","","","2"
"2017","Canada","2016A000011124","Percent change in non-violent crime severity index","Percent","239","units","0","v44312466","1.6","0.80","","","","2"
"2018","Canada","2016A000011124","Percent change in non-violent crime severity index","Percent","239","units","0","v44312466","1.6","2.72","","","","2"
"2019","Canada","2016A000011124","Percent change in non-violent crime severity index","Percent","239","units","0","v44312466","1.6","4.41","","","","2"
"2020","Canada","2016A000011124","Percent change in non-violent crime severity index","Percent","239","units","0","v44312466","1.6","-9.40","","","","2"
"2021","Canada","2016A000011124","Percent change in non-violent crime severity index","Percent","239","units","0","v44312466","1.6","-2.81","","","","2"
"2010","Canada","2016A000011124","Youth crime severity index","Index","160","units","0","v53079455","1.7","90.01","","","","2"
"2011","Canada","2016A000011124","Youth crime severity index","Index","160","units","0","v53079455","1.7","81.72","","","","2"
"2012","Canada","2016A000011124","Youth crime severity index","Index","160","units","0","v53079455","1.7","77.42","","","","2"
"2013","Canada","2016A000011124","Youth crime severity index","Index","160","units","0","v53079455","1.7","66.16","","","","2"
"2014","Canada","2016A000011124","Youth crime severity index","Index","160","units","0","v53079455","1.7","60.62","","","","2"
"2015","Canada","2016A000011124","Youth crime severity index","Index","160","units","0","v53079455","1.7","60.42","","","","2"
"2016","Canada","2016A000011124","Youth crime severity index","Index","160","units","0","v53079455","1.7","59.89","","","","2"
"2017","Canada","2016A000011124","Youth crime severity index","Index","160","units","0","v53079455","1.7","62.68","","","","2"
"2018","Canada","2016A000011124","Youth crime severity index","Index","160","units","0","v53079455","1.7","56.58","","","","2"
"2019","Canada","2016A000011124","Youth crime severity index","Index","160","units","0","v53079455","1.7","55.10","","","","2"
"2020","Canada","2016A000011124","Youth crime severity index","Index","160","units","0","v53079455","1.7","42.99","","","","2"
"2021","Canada","2016A000011124","Youth crime severity index","Index","160","units","0","v53079455","1.7","40.96","","","","2"
"2010","Canada","2016A000011124","Percent change in youth crime severity index","Percent","239","units","0","v53079456","1.8","-5.80","","","","2"
"2011","Canada","2016A000011124","Percent change in youth crime severity index","Percent","239","units","0","v53079456","1.8","-9.21","","","","2"
"2012","Canada","2016A000011124","Percent change in youth crime severity index","Percent","239","units","0","v53079456","1.8","-5.26","","","","2"
"2013","Canada","2016A000011124","Percent change in youth crime severity index","Percent","239","units","0","v53079456","1.8","-14.54","","","","2"
"2014","Canada","2016A000011124","Percent change in youth crime severity index","Percent","239","units","0","v53079456","1.8","-8.37","","","","2"
"2015","Canada","2016A000011124","Percent change in youth crime severity index","Percent","239","units","0","v53079456","1.8","-0.33","","","","2"
"2016","Canada","2016A000011124","Percent change in youth crime severity index","Percent","239","units","0","v53079456","1.8","-0.88","","","","2"
"2017","Canada","2016A000011124","Percent change in youth crime severity index","Percent","239","units","0","v53079456","1.8","4.66","","","","2"
"2018","Canada","2016A000011124","Percent change in youth crime severity index","Percent","239","units","0","v53079456","1.8","-9.73","","","","2"
"2019","Canada","2016A000011124","Percent change in youth crime severity index","Percent","239","units","0","v53079456","1.8","-2.62","","","","2"
"2020","Canada","2016A000011124","Percent change in youth crime severity index","Percent","239","units","0","v53079456","1.8","-21.98","","","","2"
"2021","Canada","2016A000011124","Percent change in youth crime severity index","Percent","239","units","0","v53079456","1.8","-4.72","","","","2"
"2010","Canada","2016A000011124","Youth violent crime severity index","Index","160","units","0","v53079457","1.9","93.24","","","","2"
"2011","Canada","2016A000011124","Youth violent crime severity index","Index","160","units","0","v53079457","1.9","87.47","","","","2"
"2012","Canada","2016A000011124","Youth violent crime severity index","Index","160","units","0","v53079457","1.9","82.34","","","","2"
"2013","Canada","2016A000011124","Youth violent crime severity index","Index","160","units","0","v53079457","1.9","71.23","","","","2"
"2014","Canada","2016A000011124","Youth violent crime severity index","Index","160","units","0","v53079457","1.9","64.84","","","","2"
"2015","Canada","2016A000011124","Youth violent crime severity index","Index","160","units","0","v53079457","1.9","66.39","","","","2"
"2016","Canada","2016A000011124","Youth violent crime severity index","Index","160","units","0","v53079457","1.9","70.93","","","","2"
"2017","Canada","2016A000011124","Youth violent crime severity index","Index","160","units","0","v53079457","1.9","80.51","","","","2"
"2018","Canada","2016A000011124","Youth violent crime severity index","Index","160","units","0","v53079457","1.9","77.04","","","","2"
"2019","Canada","2016A000011124","Youth violent crime severity index","Index","160","units","0","v53079457","1.9","79.82","","","","2"
"2020","Canada","2016A000011124","Youth violent crime severity index","Index","160","units","0","v53079457","1.9","66.88","","","","2"
"2021","Canada","2016A000011124","Youth violent crime severity index","Index","160","units","0","v53079457","1.9","64.20","","","","2"
"2010","Canada","2016A000011124","Percent change in youth violent crime severity index","Percent","239","units","0","v53079920","1.10","-3.57","","","","2"
"2011","Canada","2016A000011124","Percent change in youth violent crime severity index","Percent","239","units","0","v53079920","1.10","-6.19","","","","2"
"2012","Canada","2016A000011124","Percent change in youth violent crime severity index","Percent","239","units","0","v53079920","1.10","-5.86","","","","2"
"2013","Canada","2016A000011124","Percent change in youth violent crime severity index","Percent","239","units","0","v53079920","1.10","-13.49","","","","2"
"2014","Canada","2016A000011124","Percent change in youth violent crime severity index","Percent","239","units","0","v53079920","1.10","-8.97","","","","2"
"2015","Canada","2016A000011124","Percent change in youth violent crime severity index","Percent","239","units","0","v53079920","1.10","2.39","","","","2"
"2016","Canada","2016A000011124","Percent change in youth violent crime severity index","Percent","239","units","0","v53079920","1.10","6.84","","","","2"
"2017","Canada","2016A000011124","Percent change in youth violent crime severity index","Percent","239","units","0","v53079920","1.10","13.51","","","","2"
"2018","Canada","2016A000011124","Percent change in youth violent crime severity index","Percent","239","units","0","v53079920","1.10","-4.31","","","","2"
"2019","Canada","2016A000011124","Percent change in youth violent crime severity index","Percent","239","units","0","v53079920","1.10","3.61","","","","2"
"2020","Canada","2016A000011124","Percent change in youth violent crime severity index","Percent","239","units","0","v53079920","1.10","-16.21","","","","2"
"2021","Canada","2016A000011124","Percent change in youth violent crime severity index","Percent","239","units","0","v53079920","1.10","-4.01","","","","2"
"2010","Canada","2016A000011124","Youth non-violent crime severity index","Index","160","units","0","v53079447","1.11","87.56","","","","2"
"2011","Canada","2016A000011124","Youth non-violent crime severity index","Index","160","units","0","v53079447","1.11","77.29","","","","2"
"2012","Canada","2016A000011124","Youth non-violent crime severity index","Index","160","units","0","v53079447","1.11","73.59","","","","2"
"2013","Canada","2016A000011124","Youth non-violent crime severity index","Index","160","units","0","v53079447","1.11","62.27","","","","2"
"2014","Canada","2016A000011124","Youth non-violent crime severity index","Index","160","units","0","v53079447","1.11","57.37","","","","2"
"2015","Canada","2016A000011124","Youth non-violent crime severity index","Index","160","units","0","v53079447","1.11","55.93","","","","2"
"2016","Canada","2016A000011124","Youth non-violent crime severity index","Index","160","units","0","v53079447","1.11","51.80","","","","2"
"2017","Canada","2016A000011124","Youth non-violent crime severity index","Index","160","units","0","v53079447","1.11","49.93","","","","2"
"2018","Canada","2016A000011124","Youth non-violent crime severity index","Index","160","units","0","v53079447","1.11","42.10","","","","2"
"2019","Canada","2016A000011124","Youth non-violent crime severity index","Index","160","units","0","v53079447","1.11","37.72","","","","2"
"2020","Canada","2016A000011124","Youth non-violent crime severity index","Index","160","units","0","v53079447","1.11","26.30","","","","2"
"2021","Canada","2016A000011124","Youth non-violent crime severity index","Index","160","units","0","v53079447","1.11","24.72","","","","2"
"2010","Canada","2016A000011124","Percent change in youth non-violent crime severity index","Percent","239","units","0","v53079448","1.12","-7.52","","","","2"
"2011","Canada","2016A000011124","Percent change in youth non-violent crime severity index","Percent","239","units","0","v53079448","1.12","-11.73","","","","2"
"2012","Canada","2016A000011124","Percent change in youth non-violent crime severity index","Percent","239","units","0","v53079448","1.12","-4.79","","","","2"
"2013","Canada","2016A000011124","Percent change in youth non-violent crime severity index","Percent","239","units","0","v53079448","1.12","-15.38","","","","2"
"2014","Canada","2016A000011124","Percent change in youth non-violent crime severity index","Percent","239","units","0","v53079448","1.12","-7.87","","","","2"
"2015","Canada","2016A000011124","Percent change in youth non-violent crime severity index","Percent","239","units","0","v53079448","1.12","-2.51","","","","2"
"2016","Canada","2016A000011124","Percent change in youth non-violent crime severity index","Percent","239","units","0","v53079448","1.12","-7.38","","","","2"
"2017","Canada","2016A000011124","Percent change in youth non-violent crime severity index","Percent","239","units","0","v53079448","1.12","-3.61","","","","2"
"2018","Canada","2016A000011124","Percent change in youth non-violent crime severity index","Percent","239","units","0","v53079448","1.12","-15.68","","","","2"
"2019","Canada","2016A000011124","Percent change in youth non-violent crime severity index","Percent","239","units","0","v53079448","1.12","-10.40","","","","2"
"2020","Canada","2016A000011124","Percent change in youth non-violent crime severity index","Percent","239","units","0","v53079448","1.12","-30.28","","","","2"
"2021","Canada","2016A000011124","Percent change in youth non-violent crime severity index","Percent","239","units","0","v53079448","1.12","-6.01","","","","2"
"2010","Canada","2016A000011124","Weighted clearance rate","Number","223","units","0","v53079449","1.13","39.65","","","","2"
"2011","Canada","2016A000011124","Weighted clearance rate","Number","223","units","0","v53079449","1.13","40.34","","","","2"
"2012","Canada","2016A000011124","Weighted clearance rate","Number","223","units","0","v53079449","1.13","40.59","","","","2"
"2013","Canada","2016A000011124","Weighted clearance rate","Number","223","units","0","v53079449","1.13","41.00","","","","2"
"2014","Canada","2016A000011124","Weighted clearance rate","Number","223","units","0","v53079449","1.13","40.47","","","","2"
"2015","Canada","2016A000011124","Weighted clearance rate","Number","223","units","0","v53079449","1.13","39.35","","","","2"
"2016","Canada","2016A000011124","Weighted clearance rate","Number","223","units","0","v53079449","1.13","39.55","","","","2"
"2017","Canada","2016A000011124","Weighted clearance rate","Number","223","units","0","v53079449","1.13","39.88","","","","2"
"2018","Canada","2016A000011124","Weighted clearance rate","Number","223","units","0","v53079449","1.13","38.65","","","","2"
"2019","Canada","2016A000011124","Weighted clearance rate","Number","223","units","0","v53079449","1.13","37.02","","","","2"
"2020","Canada","2016A000011124","Weighted clearance rate","Number","223","units","0","v53079449","1.13","37.36","","","","2"
"2021","Canada","2016A000011124","Weighted clearance rate","Number","223","units","0","v53079449","1.13","35.78","","","","2"
"2010","Canada","2016A000011124","Percent change in weighted clearance rate","Percent","239","units","0","v53079450","1.14","2.59","","","","2"
"2011","Canada","2016A000011124","Percent change in weighted clearance rate","Percent","239","units","0","v53079450","1.14","1.74","","","","2"
"2012","Canada","2016A000011124","Percent change in weighted clearance rate","Percent","239","units","0","v53079450","1.14","0.62","","","","2"
"2013","Canada","2016A000011124","Percent change in weighted clearance rate","Percent","239","units","0","v53079450","1.14","1.01","","","","2"
"2014","Canada","2016A000011124","Percent change in weighted clearance rate","Percent","239","units","0","v53079450","1.14","-1.29","","","","2"
"2015","Canada","2016A000011124","Percent change in weighted clearance rate","Percent","239","units","0","v53079450","1.14","-2.77","","","","2"
"2016","Canada","2016A000011124","Percent change in weighted clearance rate","Percent","239","units","0","v53079450","1.14","0.51","","","","2"
"2017","Canada","2016A000011124","Percent change in weighted clearance rate","Percent","239","units","0","v53079450","1.14","0.83","","","","2"
"2018","Canada","2016A000011124","Percent change in weighted clearance rate","Percent","239","units","0","v53079450","1.14","-3.08","","","","2"
"2019","Canada","2016A000011124","Percent change in weighted clearance rate","Percent","239","units","0","v53079450","1.14","-4.22","","","","2"
"2020","Canada","2016A000011124","Percent change in weighted clearance rate","Percent","239","units","0","v53079450","1.14","0.92","","","","2"
"2021","Canada","2016A000011124","Percent change in weighted clearance rate","Percent","239","units","0","v53079450","1.14","-4.23","","","","2"
"2010","Canada","2016A000011124","Violent weighted clearance rate","Number","223","units","0","v53079451","1.15","60.56","","","","2"
"2011","Canada","2016A000011124","Violent weighted clearance rate","Number","223","units","0","v53079451","1.15","60.99","","","","2"
"2012","Canada","2016A000011124","Violent weighted clearance rate","Number","223","units","0","v53079451","1.15","62.32","","","","2"
"2013","Canada","2016A000011124","Violent weighted clearance rate","Number","223","units","0","v53079451","1.15","63.12","","","","2"
"2014","Canada","2016A000011124","Violent weighted clearance rate","Number","223","units","0","v53079451","1.15","64.14","","","","2"
"2015","Canada","2016A000011124","Violent weighted clearance rate","Number","223","units","0","v53079451","1.15","62.72","","","","2"
"2016","Canada","2016A000011124","Violent weighted clearance rate","Number","223","units","0","v53079451","1.15","63.48","","","","2"
"2017","Canada","2016A000011124","Violent weighted clearance rate","Number","223","units","0","v53079451","1.15","63.68","","","","2"
"2018","Canada","2016A000011124","Violent weighted clearance rate","Number","223","units","0","v53079451","1.15","61.52","","","","2"
"2019","Canada","2016A000011124","Violent weighted clearance rate","Number","223","units","0","v53079451","1.15","58.23","","","","2"
"2020","Canada","2016A000011124","Violent weighted clearance rate","Number","223","units","0","v53079451","1.15","58.74","","","","2"
"2021","Canada","2016A000011124","Violent weighted clearance rate","Number","223","units","0","v53079451","1.15","55.76","","","","2"
"2010","Canada","2016A000011124","Percent change in violent weighted clearance rate","Percent","239","units","0","v53079452","1.16","1.53","","","","2"
"2011","Canada","2016A000011124","Percent change in violent weighted clearance rate","Percent","239","units","0","v53079452","1.16","0.71","","","","2"
"2012","Canada","2016A000011124","Percent change in violent weighted clearance rate","Percent","239","units","0","v53079452","1.16","2.18","","","","2"
"2013","Canada","2016A000011124","Percent change in violent weighted clearance rate","Percent","239","units","0","v53079452","1.16","1.28","","","","2"
"2014","Canada","2016A000011124","Percent change in violent weighted clearance rate","Percent","239","units","0","v53079452","1.16","1.62","","","","2"
"2015","Canada","2016A000011124","Percent change in violent weighted clearance rate","Percent","239","units","0","v53079452","1.16","-2.21","","","","2"
"2016","Canada","2016A000011124","Percent change in violent weighted clearance rate","Percent","239","units","0","v53079452","1.16","1.21","","","","2"
"2017","Canada","2016A000011124","Percent change in violent weighted clearance rate","Percent","239","units","0","v53079452","1.16","0.32","","","","2"
"2018","Canada","2016A000011124","Percent change in violent weighted clearance rate","Percent","239","units","0","v53079452","1.16","-3.39","","","","2"
"2019","Canada","2016A000011124","Percent change in violent weighted clearance rate","Percent","239","units","0","v53079452","1.16","-5.35","","","","2"
"2020","Canada","2016A000011124","Percent change in violent weighted clearance rate","Percent","239","units","0","v53079452","1.16","0.88","","","","2"
"2021","Canada","2016A000011124","Percent change in violent weighted clearance rate","Percent","239","units","0","v53079452","1.16","-5.07","","","","2"
"2010","Canada","2016A000011124","Non-violent weighted clearance rate","Number","223","units","0","v53079453","1.17","30.74","","","","2"
"2011","Canada","2016A000011124","Non-violent weighted clearance rate","Number","223","units","0","v53079453","1.17","31.69","","","","2"
"2012","Canada","2016A000011124","Non-violent weighted clearance rate","Number","223","units","0","v53079453","1.17","31.71","","","","2"
"2013","Canada","2016A000011124","Non-violent weighted clearance rate","Number","223","units","0","v53079453","1.17","32.10","","","","2"
"2014","Canada","2016A000011124","Non-violent weighted clearance rate","Number","223","units","0","v53079453","1.17","31.16","","","","2"
"2015","Canada","2016A000011124","Non-violent weighted clearance rate","Number","223","units","0","v53079453","1.17","29.99","","","","2"
"2016","Canada","2016A000011124","Non-violent weighted clearance rate","Number","223","units","0","v53079453","1.17","30.12","","","","2"
"2017","Canada","2016A000011124","Non-violent weighted clearance rate","Number","223","units","0","v53079453","1.17","30.04","","","","2"
"2018","Canada","2016A000011124","Non-violent weighted clearance rate","Number","223","units","0","v53079453","1.17","29.19","","","","2"
"2019","Canada","2016A000011124","Non-violent weighted clearance rate","Number","223","units","0","v53079453","1.17","27.93","","","","2"
"2020","Canada","2016A000011124","Non-violent weighted clearance rate","Number","223","units","0","v53079453","1.17","27.51","","","","2"
"2021","Canada","2016A000011124","Non-violent weighted clearance rate","Number","223","units","0","v53079453","1.17","25.81","","","","2"
"2010","Canada","2016A000011124","Percent change in non-violent weighted clearance rate","Percent","239","units","0","v53079454","1.18","3.43","","","","2"
"2011","Canada","2016A000011124","Percent change in non-violent weighted clearance rate","Percent","239","units","0","v53079454","1.18","3.09","","","","2"
"2012","Canada","2016A000011124","Percent change in non-violent weighted clearance rate","Percent","239","units","0","v53079454","1.18","0.06","","","","2"
"2013","Canada","2016A000011124","Percent change in non-violent weighted clearance rate","Percent","239","units","0","v53079454","1.18","1.23","","","","2"
"2014","Canada","2016A000011124","Percent change in non-violent weighted clearance rate","Percent","239","units","0","v53079454","1.18","-2.93","","","","2"
"2015","Canada","2016A000011124","Percent change in non-violent weighted clearance rate","Percent","239","units","0","v53079454","1.18","-3.75","","","","2"
"2016","Canada","2016A000011124","Percent change in non-violent weighted clearance rate","Percent","239","units","0","v53079454","1.18","0.43","","","","2"
"2017","Canada","2016A000011124","Percent change in non-violent weighted clearance rate","Percent","239","units","0","v53079454","1.18","-0.27","","","","2"
"2018","Canada","2016A000011124","Percent change in non-violent weighted clearance rate","Percent","239","units","0","v53079454","1.18","-2.83","","","","2"
"2019","Canada","2016A000011124","Percent change in non-violent weighted clearance rate","Percent","239","units","0","v53079454","1.18","-4.32","","","","2"
"2020","Canada","2016A000011124","Percent change in non-violent weighted clearance rate","Percent","239","units","0","v53079454","1.18","-1.50","","","","2"
"2021","Canada","2016A000011124","Percent change in non-violent weighted clearance rate","Percent","239","units","0","v53079454","1.18","-6.18","","","","2"


