﻿"REF_DATE","GEO","DGUID","Statistics","UOM","UOM_ID","SCALAR_FACTOR","SCALAR_ID","VECTOR","COORDINATE","VALUE","STATUS","SYMBOL","TERMINATED","DECIMALS"
"2010","Abbotsford-Mission, British Columbia [59932]","2021A003559932","Crime severity index","Index","160","units","0","v44312689","39.1","100.81","","","","2"
"2011","Abbotsford-Mission, British Columbia [59932]","2021A003559932","Crime severity index","Index","160","units","0","v44312689","39.1","90.33","","","","2"
"2012","Abbotsford-Mission, British Columbia [59932]","2021A003559932","Crime severity index","Index","160","units","0","v44312689","39.1","84.60","","","","2"
"2013","Abbotsford-Mission, British Columbia [59932]","2021A003559932","Crime severity index","Index","160","units","0","v44312689","39.1","79.74","","","","2"
"2014","Abbotsford-Mission, British Columbia [59932]","2021A003559932","Crime severity index","Index","160","units","0","v44312689","39.1","84.45","","","","2"
"2015","Abbotsford-Mission, British Columbia [59932]","2021A003559932","Crime severity index","Index","160","units","0","v44312689","39.1","95.96","","","","2"
"2016","Abbotsford-Mission, British Columbia [59932]","2021A003559932","Crime severity index","Index","160","units","0","v44312689","39.1","89.93","","","","2"
"2017","Abbotsford-Mission, British Columbia [59932]","2021A003559932","Crime severity index","Index","160","units","0","v44312689","39.1","87.99","","","","2"
"2018","Abbotsford-Mission, British Columbia [59932]","2021A003559932","Crime severity index","Index","160","units","0","v44312689","39.1","89.34","","","","2"
"2019","Abbotsford-Mission, British Columbia [59932]","2021A003559932","Crime severity index","Index","160","units","0","v44312689","39.1","86.37","","","","2"
"2020","Abbotsford-Mission, British Columbia [59932]","2021A003559932","Crime severity index","Index","160","units","0","v44312689","39.1","77.23","","","","2"
"2021","Abbotsford-Mission, British Columbia [59932]","2021A003559932","Crime severity index","Index","160","units","0","v44312689","39.1","78.24","","","","2"
"2010","Abbotsford-Mission, British Columbia [59932]","2021A003559932","Percent change in crime severity index","Percent","239","units","0","v44312690","39.2","-10.15","","","","2"
"2011","Abbotsford-Mission, British Columbia [59932]","2021A003559932","Percent change in crime severity index","Percent","239","units","0","v44312690","39.2","-10.40","","","","2"
"2012","Abbotsford-Mission, British Columbia [59932]","2021A003559932","Percent change in crime severity index","Percent","239","units","0","v44312690","39.2","-6.34","","","","2"
"2013","Abbotsford-Mission, British Columbia [59932]","2021A003559932","Percent change in crime severity index","Percent","239","units","0","v44312690","39.2","-5.74","","","","2"
"2014","Abbotsford-Mission, British Columbia [59932]","2021A003559932","Percent change in crime severity index","Percent","239","units","0","v44312690","39.2","5.91","","","","2"
"2015","Abbotsford-Mission, British Columbia [59932]","2021A003559932","Percent change in crime severity index","Percent","239","units","0","v44312690","39.2","13.63","","","","2"
"2016","Abbotsford-Mission, British Columbia [59932]","2021A003559932","Percent change in crime severity index","Percent","239","units","0","v44312690","39.2","-6.28","","","","2"
"2017","Abbotsford-Mission, British Columbia [59932]","2021A003559932","Percent change in crime severity index","Percent","239","units","0","v44312690","39.2","-2.16","","","","2"
"2018","Abbotsford-Mission, British Columbia [59932]","2021A003559932","Percent change in crime severity index","Percent","239","units","0","v44312690","39.2","1.53","","","","2"
"2019","Abbotsford-Mission, British Columbia [59932]","2021A003559932","Percent change in crime severity index","Percent","239","units","0","v44312690","39.2","-3.32","","","","2"
"2020","Abbotsford-Mission, British Columbia [59932]","2021A003559932","Percent change in crime severity index","Percent","239","units","0","v44312690","39.2","-10.58","","","","2"
"2021","Abbotsford-Mission, British Columbia [59932]","2021A003559932","Percent change in crime severity index","Percent","239","units","0","v44312690","39.2","1.31","","","","2"
"2010","Abbotsford-Mission, British Columbia [59932]","2021A003559932","Violent crime severity index","Index","160","units","0","v44312691","39.3","90.58","","","","2"
"2011","Abbotsford-Mission, British Columbia [59932]","2021A003559932","Violent crime severity index","Index","160","units","0","v44312691","39.3","75.04","","","","2"
"2012","Abbotsford-Mission, British Columbia [59932]","2021A003559932","Violent crime severity index","Index","160","units","0","v44312691","39.3","81.05","","","","2"
"2013","Abbotsford-Mission, British Columbia [59932]","2021A003559932","Violent crime severity index","Index","160","units","0","v44312691","39.3","69.27","","","","2"
"2014","Abbotsford-Mission, British Columbia [59932]","2021A003559932","Violent crime severity index","Index","160","units","0","v44312691","39.3","79.46","","","","2"
"2015","Abbotsford-Mission, British Columbia [59932]","2021A003559932","Violent crime severity index","Index","160","units","0","v44312691","39.3","89.36","","","","2"
"2016","Abbotsford-Mission, British Columbia [59932]","2021A003559932","Violent crime severity index","Index","160","units","0","v44312691","39.3","81.14","","","","2"
"2017","Abbotsford-Mission, British Columbia [59932]","2021A003559932","Violent crime severity index","Index","160","units","0","v44312691","39.3","86.62","","","","2"
"2018","Abbotsford-Mission, British Columbia [59932]","2021A003559932","Violent crime severity index","Index","160","units","0","v44312691","39.3","80.07","","","","2"
"2019","Abbotsford-Mission, British Columbia [59932]","2021A003559932","Violent crime severity index","Index","160","units","0","v44312691","39.3","78.07","","","","2"
"2020","Abbotsford-Mission, British Columbia [59932]","2021A003559932","Violent crime severity index","Index","160","units","0","v44312691","39.3","86.83","","","","2"
"2021","Abbotsford-Mission, British Columbia [59932]","2021A003559932","Violent crime severity index","Index","160","units","0","v44312691","39.3","85.80","","","","2"
"2010","Abbotsford-Mission, British Columbia [59932]","2021A003559932","Percent change in violent crime severity index","Percent","239","units","0","v44312692","39.4","-24.16","","","","2"
"2011","Abbotsford-Mission, British Columbia [59932]","2021A003559932","Percent change in violent crime severity index","Percent","239","units","0","v44312692","39.4","-17.16","","","","2"
"2012","Abbotsford-Mission, British Columbia [59932]","2021A003559932","Percent change in violent crime severity index","Percent","239","units","0","v44312692","39.4","8.01","","","","2"
"2013","Abbotsford-Mission, British Columbia [59932]","2021A003559932","Percent change in violent crime severity index","Percent","239","units","0","v44312692","39.4","-14.53","","","","2"
"2014","Abbotsford-Mission, British Columbia [59932]","2021A003559932","Percent change in violent crime severity index","Percent","239","units","0","v44312692","39.4","14.71","","","","2"
"2015","Abbotsford-Mission, British Columbia [59932]","2021A003559932","Percent change in violent crime severity index","Percent","239","units","0","v44312692","39.4","12.46","","","","2"
"2016","Abbotsford-Mission, British Columbia [59932]","2021A003559932","Percent change in violent crime severity index","Percent","239","units","0","v44312692","39.4","-9.20","","","","2"
"2017","Abbotsford-Mission, British Columbia [59932]","2021A003559932","Percent change in violent crime severity index","Percent","239","units","0","v44312692","39.4","6.75","","","","2"
"2018","Abbotsford-Mission, British Columbia [59932]","2021A003559932","Percent change in violent crime severity index","Percent","239","units","0","v44312692","39.4","-7.56","","","","2"
"2019","Abbotsford-Mission, British Columbia [59932]","2021A003559932","Percent change in violent crime severity index","Percent","239","units","0","v44312692","39.4","-2.50","","","","2"
"2020","Abbotsford-Mission, British Columbia [59932]","2021A003559932","Percent change in violent crime severity index","Percent","239","units","0","v44312692","39.4","11.22","","","","2"
"2021","Abbotsford-Mission, British Columbia [59932]","2021A003559932","Percent change in violent crime severity index","Percent","239","units","0","v44312692","39.4","-1.19","","","","2"
"2010","Abbotsford-Mission, British Columbia [59932]","2021A003559932","Non-violent crime severity index","Index","160","units","0","v44312693","39.5","104.75","","","","2"
"2011","Abbotsford-Mission, British Columbia [59932]","2021A003559932","Non-violent crime severity index","Index","160","units","0","v44312693","39.5","95.71","","","","2"
"2012","Abbotsford-Mission, British Columbia [59932]","2021A003559932","Non-violent crime severity index","Index","160","units","0","v44312693","39.5","85.72","","","","2"
"2013","Abbotsford-Mission, British Columbia [59932]","2021A003559932","Non-violent crime severity index","Index","160","units","0","v44312693","39.5","83.38","","","","2"
"2014","Abbotsford-Mission, British Columbia [59932]","2021A003559932","Non-violent crime severity index","Index","160","units","0","v44312693","39.5","86.09","","","","2"
"2015","Abbotsford-Mission, British Columbia [59932]","2021A003559932","Non-violent crime severity index","Index","160","units","0","v44312693","39.5","98.16","","","","2"
"2016","Abbotsford-Mission, British Columbia [59932]","2021A003559932","Non-violent crime severity index","Index","160","units","0","v44312693","39.5","92.87","","","","2"
"2017","Abbotsford-Mission, British Columbia [59932]","2021A003559932","Non-violent crime severity index","Index","160","units","0","v44312693","39.5","88.28","","","","2"
"2018","Abbotsford-Mission, British Columbia [59932]","2021A003559932","Non-violent crime severity index","Index","160","units","0","v44312693","39.5","92.46","","","","2"
"2019","Abbotsford-Mission, British Columbia [59932]","2021A003559932","Non-violent crime severity index","Index","160","units","0","v44312693","39.5","89.16","","","","2"
"2020","Abbotsford-Mission, British Columbia [59932]","2021A003559932","Non-violent crime severity index","Index","160","units","0","v44312693","39.5","73.59","","","","2"
"2021","Abbotsford-Mission, British Columbia [59932]","2021A003559932","Non-violent crime severity index","Index","160","units","0","v44312693","39.5","75.34","","","","2"
"2010","Abbotsford-Mission, British Columbia [59932]","2021A003559932","Percent change in non-violent crime severity index","Percent","239","units","0","v44312694","39.6","-4.27","","","","2"
"2011","Abbotsford-Mission, British Columbia [59932]","2021A003559932","Percent change in non-violent crime severity index","Percent","239","units","0","v44312694","39.6","-8.63","","","","2"
"2012","Abbotsford-Mission, British Columbia [59932]","2021A003559932","Percent change in non-violent crime severity index","Percent","239","units","0","v44312694","39.6","-10.44","","","","2"
"2013","Abbotsford-Mission, British Columbia [59932]","2021A003559932","Percent change in non-violent crime severity index","Percent","239","units","0","v44312694","39.6","-2.73","","","","2"
"2014","Abbotsford-Mission, British Columbia [59932]","2021A003559932","Percent change in non-violent crime severity index","Percent","239","units","0","v44312694","39.6","3.25","","","","2"
"2015","Abbotsford-Mission, British Columbia [59932]","2021A003559932","Percent change in non-violent crime severity index","Percent","239","units","0","v44312694","39.6","14.02","","","","2"
"2016","Abbotsford-Mission, British Columbia [59932]","2021A003559932","Percent change in non-violent crime severity index","Percent","239","units","0","v44312694","39.6","-5.39","","","","2"
"2017","Abbotsford-Mission, British Columbia [59932]","2021A003559932","Percent change in non-violent crime severity index","Percent","239","units","0","v44312694","39.6","-4.94","","","","2"
"2018","Abbotsford-Mission, British Columbia [59932]","2021A003559932","Percent change in non-violent crime severity index","Percent","239","units","0","v44312694","39.6","4.73","","","","2"
"2019","Abbotsford-Mission, British Columbia [59932]","2021A003559932","Percent change in non-violent crime severity index","Percent","239","units","0","v44312694","39.6","-3.57","","","","2"
"2020","Abbotsford-Mission, British Columbia [59932]","2021A003559932","Percent change in non-violent crime severity index","Percent","239","units","0","v44312694","39.6","-17.46","","","","2"
"2021","Abbotsford-Mission, British Columbia [59932]","2021A003559932","Percent change in non-violent crime severity index","Percent","239","units","0","v44312694","39.6","2.38","","","","2"
"2010","Abbotsford-Mission, British Columbia [59932]","2021A003559932","Youth crime severity index","Index","160","units","0","v53079762","39.7","0.00","","","","2"
"2011","Abbotsford-Mission, British Columbia [59932]","2021A003559932","Youth crime severity index","Index","160","units","0","v53079762","39.7","","..","","","2"
"2012","Abbotsford-Mission, British Columbia [59932]","2021A003559932","Youth crime severity index","Index","160","units","0","v53079762","39.7","","..","","","2"
"2013","Abbotsford-Mission, British Columbia [59932]","2021A003559932","Youth crime severity index","Index","160","units","0","v53079762","39.7","","..","","","2"
"2014","Abbotsford-Mission, British Columbia [59932]","2021A003559932","Youth crime severity index","Index","160","units","0","v53079762","39.7","","..","","","2"
"2015","Abbotsford-Mission, British Columbia [59932]","2021A003559932","Youth crime severity index","Index","160","units","0","v53079762","39.7","","..","","","2"
"2016","Abbotsford-Mission, British Columbia [59932]","2021A003559932","Youth crime severity index","Index","160","units","0","v53079762","39.7","","..","","","2"
"2017","Abbotsford-Mission, British Columbia [59932]","2021A003559932","Youth crime severity index","Index","160","units","0","v53079762","39.7","","..","","","2"
"2018","Abbotsford-Mission, British Columbia [59932]","2021A003559932","Youth crime severity index","Index","160","units","0","v53079762","39.7","","..","","","2"
"2019","Abbotsford-Mission, British Columbia [59932]","2021A003559932","Youth crime severity index","Index","160","units","0","v53079762","39.7","","..","","","2"
"2020","Abbotsford-Mission, British Columbia [59932]","2021A003559932","Youth crime severity index","Index","160","units","0","v53079762","39.7","","..","","","2"
"2021","Abbotsford-Mission, British Columbia [59932]","2021A003559932","Youth crime severity index","Index","160","units","0","v53079762","39.7","","..","","","2"
"2010","Abbotsford-Mission, British Columbia [59932]","2021A003559932","Percent change in youth crime severity index","Percent","239","units","0","v87984945","39.8","0.00","","","","2"
"2011","Abbotsford-Mission, British Columbia [59932]","2021A003559932","Percent change in youth crime severity index","Percent","239","units","0","v87984945","39.8","","..","","","2"
"2012","Abbotsford-Mission, British Columbia [59932]","2021A003559932","Percent change in youth crime severity index","Percent","239","units","0","v87984945","39.8","","..","","","2"
"2013","Abbotsford-Mission, British Columbia [59932]","2021A003559932","Percent change in youth crime severity index","Percent","239","units","0","v87984945","39.8","","..","","","2"
"2014","Abbotsford-Mission, British Columbia [59932]","2021A003559932","Percent change in youth crime severity index","Percent","239","units","0","v87984945","39.8","","..","","","2"
"2015","Abbotsford-Mission, British Columbia [59932]","2021A003559932","Percent change in youth crime severity index","Percent","239","units","0","v87984945","39.8","","..","","","2"
"2016","Abbotsford-Mission, British Columbia [59932]","2021A003559932","Percent change in youth crime severity index","Percent","239","units","0","v87984945","39.8","","..","","","2"
"2017","Abbotsford-Mission, British Columbia [59932]","2021A003559932","Percent change in youth crime severity index","Percent","239","units","0","v87984945","39.8","","..","","","2"
"2018","Abbotsford-Mission, British Columbia [59932]","2021A003559932","Percent change in youth crime severity index","Percent","239","units","0","v87984945","39.8","","..","","","2"
"2019","Abbotsford-Mission, British Columbia [59932]","2021A003559932","Percent change in youth crime severity index","Percent","239","units","0","v87984945","39.8","","..","","","2"
"2020","Abbotsford-Mission, British Columbia [59932]","2021A003559932","Percent change in youth crime severity index","Percent","239","units","0","v87984945","39.8","","..","","","2"
"2021","Abbotsford-Mission, British Columbia [59932]","2021A003559932","Percent change in youth crime severity index","Percent","239","units","0","v87984945","39.8","","..","","","2"
"2010","Abbotsford-Mission, British Columbia [59932]","2021A003559932","Youth violent crime severity index","Index","160","units","0","v53079763","39.9","0.00","","","","2"
"2011","Abbotsford-Mission, British Columbia [59932]","2021A003559932","Youth violent crime severity index","Index","160","units","0","v53079763","39.9","","..","","","2"
"2012","Abbotsford-Mission, British Columbia [59932]","2021A003559932","Youth violent crime severity index","Index","160","units","0","v53079763","39.9","","..","","","2"
"2013","Abbotsford-Mission, British Columbia [59932]","2021A003559932","Youth violent crime severity index","Index","160","units","0","v53079763","39.9","","..","","","2"
"2014","Abbotsford-Mission, British Columbia [59932]","2021A003559932","Youth violent crime severity index","Index","160","units","0","v53079763","39.9","","..","","","2"
"2015","Abbotsford-Mission, British Columbia [59932]","2021A003559932","Youth violent crime severity index","Index","160","units","0","v53079763","39.9","","..","","","2"
"2016","Abbotsford-Mission, British Columbia [59932]","2021A003559932","Youth violent crime severity index","Index","160","units","0","v53079763","39.9","","..","","","2"
"2017","Abbotsford-Mission, British Columbia [59932]","2021A003559932","Youth violent crime severity index","Index","160","units","0","v53079763","39.9","","..","","","2"
"2018","Abbotsford-Mission, British Columbia [59932]","2021A003559932","Youth violent crime severity index","Index","160","units","0","v53079763","39.9","","..","","","2"
"2019","Abbotsford-Mission, British Columbia [59932]","2021A003559932","Youth violent crime severity index","Index","160","units","0","v53079763","39.9","","..","","","2"
"2020","Abbotsford-Mission, British Columbia [59932]","2021A003559932","Youth violent crime severity index","Index","160","units","0","v53079763","39.9","","..","","","2"
"2021","Abbotsford-Mission, British Columbia [59932]","2021A003559932","Youth violent crime severity index","Index","160","units","0","v53079763","39.9","","..","","","2"
"2010","Abbotsford-Mission, British Columbia [59932]","2021A003559932","Percent change in youth violent crime severity index","Percent","239","units","0","v87984946","39.10","0.00","","","","2"
"2011","Abbotsford-Mission, British Columbia [59932]","2021A003559932","Percent change in youth violent crime severity index","Percent","239","units","0","v87984946","39.10","","..","","","2"
"2012","Abbotsford-Mission, British Columbia [59932]","2021A003559932","Percent change in youth violent crime severity index","Percent","239","units","0","v87984946","39.10","","..","","","2"
"2013","Abbotsford-Mission, British Columbia [59932]","2021A003559932","Percent change in youth violent crime severity index","Percent","239","units","0","v87984946","39.10","","..","","","2"
"2014","Abbotsford-Mission, British Columbia [59932]","2021A003559932","Percent change in youth violent crime severity index","Percent","239","units","0","v87984946","39.10","","..","","","2"
"2015","Abbotsford-Mission, British Columbia [59932]","2021A003559932","Percent change in youth violent crime severity index","Percent","239","units","0","v87984946","39.10","","..","","","2"
"2016","Abbotsford-Mission, British Columbia [59932]","2021A003559932","Percent change in youth violent crime severity index","Percent","239","units","0","v87984946","39.10","","..","","","2"
"2017","Abbotsford-Mission, British Columbia [59932]","2021A003559932","Percent change in youth violent crime severity index","Percent","239","units","0","v87984946","39.10","","..","","","2"
"2018","Abbotsford-Mission, British Columbia [59932]","2021A003559932","Percent change in youth violent crime severity index","Percent","239","units","0","v87984946","39.10","","..","","","2"
"2019","Abbotsford-Mission, British Columbia [59932]","2021A003559932","Percent change in youth violent crime severity index","Percent","239","units","0","v87984946","39.10","","..","","","2"
"2020","Abbotsford-Mission, British Columbia [59932]","2021A003559932","Percent change in youth violent crime severity index","Percent","239","units","0","v87984946","39.10","","..","","","2"
"2021","Abbotsford-Mission, British Columbia [59932]","2021A003559932","Percent change in youth violent crime severity index","Percent","239","units","0","v87984946","39.10","","..","","","2"
"2010","Abbotsford-Mission, British Columbia [59932]","2021A003559932","Youth non-violent crime severity index","Index","160","units","0","v53079755","39.11","0.00","","","","2"
"2011","Abbotsford-Mission, British Columbia [59932]","2021A003559932","Youth non-violent crime severity index","Index","160","units","0","v53079755","39.11","","..","","","2"
"2012","Abbotsford-Mission, British Columbia [59932]","2021A003559932","Youth non-violent crime severity index","Index","160","units","0","v53079755","39.11","","..","","","2"
"2013","Abbotsford-Mission, British Columbia [59932]","2021A003559932","Youth non-violent crime severity index","Index","160","units","0","v53079755","39.11","","..","","","2"
"2014","Abbotsford-Mission, British Columbia [59932]","2021A003559932","Youth non-violent crime severity index","Index","160","units","0","v53079755","39.11","","..","","","2"
"2015","Abbotsford-Mission, British Columbia [59932]","2021A003559932","Youth non-violent crime severity index","Index","160","units","0","v53079755","39.11","","..","","","2"
"2016","Abbotsford-Mission, British Columbia [59932]","2021A003559932","Youth non-violent crime severity index","Index","160","units","0","v53079755","39.11","","..","","","2"
"2017","Abbotsford-Mission, British Columbia [59932]","2021A003559932","Youth non-violent crime severity index","Index","160","units","0","v53079755","39.11","","..","","","2"
"2018","Abbotsford-Mission, British Columbia [59932]","2021A003559932","Youth non-violent crime severity index","Index","160","units","0","v53079755","39.11","","..","","","2"
"2019","Abbotsford-Mission, British Columbia [59932]","2021A003559932","Youth non-violent crime severity index","Index","160","units","0","v53079755","39.11","","..","","","2"
"2020","Abbotsford-Mission, British Columbia [59932]","2021A003559932","Youth non-violent crime severity index","Index","160","units","0","v53079755","39.11","","..","","","2"
"2021","Abbotsford-Mission, British Columbia [59932]","2021A003559932","Youth non-violent crime severity index","Index","160","units","0","v53079755","39.11","","..","","","2"
"2010","Abbotsford-Mission, British Columbia [59932]","2021A003559932","Percent change in youth non-violent crime severity index","Percent","239","units","0","v87984947","39.12","0.00","","","","2"
"2011","Abbotsford-Mission, British Columbia [59932]","2021A003559932","Percent change in youth non-violent crime severity index","Percent","239","units","0","v87984947","39.12","","..","","","2"
"2012","Abbotsford-Mission, British Columbia [59932]","2021A003559932","Percent change in youth non-violent crime severity index","Percent","239","units","0","v87984947","39.12","","..","","","2"
"2013","Abbotsford-Mission, British Columbia [59932]","2021A003559932","Percent change in youth non-violent crime severity index","Percent","239","units","0","v87984947","39.12","","..","","","2"
"2014","Abbotsford-Mission, British Columbia [59932]","2021A003559932","Percent change in youth non-violent crime severity index","Percent","239","units","0","v87984947","39.12","","..","","","2"
"2015","Abbotsford-Mission, British Columbia [59932]","2021A003559932","Percent change in youth non-violent crime severity index","Percent","239","units","0","v87984947","39.12","","..","","","2"
"2016","Abbotsford-Mission, British Columbia [59932]","2021A003559932","Percent change in youth non-violent crime severity index","Percent","239","units","0","v87984947","39.12","","..","","","2"
"2017","Abbotsford-Mission, British Columbia [59932]","2021A003559932","Percent change in youth non-violent crime severity index","Percent","239","units","0","v87984947","39.12","","..","","","2"
"2018","Abbotsford-Mission, British Columbia [59932]","2021A003559932","Percent change in youth non-violent crime severity index","Percent","239","units","0","v87984947","39.12","","..","","","2"
"2019","Abbotsford-Mission, British Columbia [59932]","2021A003559932","Percent change in youth non-violent crime severity index","Percent","239","units","0","v87984947","39.12","","..","","","2"
"2020","Abbotsford-Mission, British Columbia [59932]","2021A003559932","Percent change in youth non-violent crime severity index","Percent","239","units","0","v87984947","39.12","","..","","","2"
"2021","Abbotsford-Mission, British Columbia [59932]","2021A003559932","Percent change in youth non-violent crime severity index","Percent","239","units","0","v87984947","39.12","","..","","","2"
"2010","Abbotsford-Mission, British Columbia [59932]","2021A003559932","Weighted clearance rate","Number","223","units","0","v53079756","39.13","27.86","","","","2"
"2011","Abbotsford-Mission, British Columbia [59932]","2021A003559932","Weighted clearance rate","Number","223","units","0","v53079756","39.13","28.66","","","","2"
"2012","Abbotsford-Mission, British Columbia [59932]","2021A003559932","Weighted clearance rate","Number","223","units","0","v53079756","39.13","26.82","","","","2"
"2013","Abbotsford-Mission, British Columbia [59932]","2021A003559932","Weighted clearance rate","Number","223","units","0","v53079756","39.13","28.41","","","","2"
"2014","Abbotsford-Mission, British Columbia [59932]","2021A003559932","Weighted clearance rate","Number","223","units","0","v53079756","39.13","27.47","","","","2"
"2015","Abbotsford-Mission, British Columbia [59932]","2021A003559932","Weighted clearance rate","Number","223","units","0","v53079756","39.13","24.78","","","","2"
"2016","Abbotsford-Mission, British Columbia [59932]","2021A003559932","Weighted clearance rate","Number","223","units","0","v53079756","39.13","25.88","","","","2"
"2017","Abbotsford-Mission, British Columbia [59932]","2021A003559932","Weighted clearance rate","Number","223","units","0","v53079756","39.13","26.33","","","","2"
"2018","Abbotsford-Mission, British Columbia [59932]","2021A003559932","Weighted clearance rate","Number","223","units","0","v53079756","39.13","24.60","","","","2"
"2019","Abbotsford-Mission, British Columbia [59932]","2021A003559932","Weighted clearance rate","Number","223","units","0","v53079756","39.13","23.54","","","","2"
"2020","Abbotsford-Mission, British Columbia [59932]","2021A003559932","Weighted clearance rate","Number","223","units","0","v53079756","39.13","25.87","","","","2"
"2021","Abbotsford-Mission, British Columbia [59932]","2021A003559932","Weighted clearance rate","Number","223","units","0","v53079756","39.13","24.12","","","","2"
"2010","Abbotsford-Mission, British Columbia [59932]","2021A003559932","Percent change in weighted clearance rate","Percent","239","units","0","v53079757","39.14","0.00","","","","2"
"2011","Abbotsford-Mission, British Columbia [59932]","2021A003559932","Percent change in weighted clearance rate","Percent","239","units","0","v53079757","39.14","2.87","","","","2"
"2012","Abbotsford-Mission, British Columbia [59932]","2021A003559932","Percent change in weighted clearance rate","Percent","239","units","0","v53079757","39.14","-6.42","","","","2"
"2013","Abbotsford-Mission, British Columbia [59932]","2021A003559932","Percent change in weighted clearance rate","Percent","239","units","0","v53079757","39.14","5.93","","","","2"
"2014","Abbotsford-Mission, British Columbia [59932]","2021A003559932","Percent change in weighted clearance rate","Percent","239","units","0","v53079757","39.14","-3.31","","","","2"
"2015","Abbotsford-Mission, British Columbia [59932]","2021A003559932","Percent change in weighted clearance rate","Percent","239","units","0","v53079757","39.14","-9.79","","","","2"
"2016","Abbotsford-Mission, British Columbia [59932]","2021A003559932","Percent change in weighted clearance rate","Percent","239","units","0","v53079757","39.14","4.44","","","","2"
"2017","Abbotsford-Mission, British Columbia [59932]","2021A003559932","Percent change in weighted clearance rate","Percent","239","units","0","v53079757","39.14","1.74","","","","2"
"2018","Abbotsford-Mission, British Columbia [59932]","2021A003559932","Percent change in weighted clearance rate","Percent","239","units","0","v53079757","39.14","-6.57","","","","2"
"2019","Abbotsford-Mission, British Columbia [59932]","2021A003559932","Percent change in weighted clearance rate","Percent","239","units","0","v53079757","39.14","-4.31","","","","2"
"2020","Abbotsford-Mission, British Columbia [59932]","2021A003559932","Percent change in weighted clearance rate","Percent","239","units","0","v53079757","39.14","9.90","","","","2"
"2021","Abbotsford-Mission, British Columbia [59932]","2021A003559932","Percent change in weighted clearance rate","Percent","239","units","0","v53079757","39.14","-6.76","","","","2"
"2010","Abbotsford-Mission, British Columbia [59932]","2021A003559932","Violent weighted clearance rate","Number","223","units","0","v53079758","39.15","47.37","","","","2"
"2011","Abbotsford-Mission, British Columbia [59932]","2021A003559932","Violent weighted clearance rate","Number","223","units","0","v53079758","39.15","49.47","","","","2"
"2012","Abbotsford-Mission, British Columbia [59932]","2021A003559932","Violent weighted clearance rate","Number","223","units","0","v53079758","39.15","42.15","","","","2"
"2013","Abbotsford-Mission, British Columbia [59932]","2021A003559932","Violent weighted clearance rate","Number","223","units","0","v53079758","39.15","51.47","","","","2"
"2014","Abbotsford-Mission, British Columbia [59932]","2021A003559932","Violent weighted clearance rate","Number","223","units","0","v53079758","39.15","53.32","","","","2"
"2015","Abbotsford-Mission, British Columbia [59932]","2021A003559932","Violent weighted clearance rate","Number","223","units","0","v53079758","39.15","49.80","","","","2"
"2016","Abbotsford-Mission, British Columbia [59932]","2021A003559932","Violent weighted clearance rate","Number","223","units","0","v53079758","39.15","49.76","","","","2"
"2017","Abbotsford-Mission, British Columbia [59932]","2021A003559932","Violent weighted clearance rate","Number","223","units","0","v53079758","39.15","52.80","","","","2"
"2018","Abbotsford-Mission, British Columbia [59932]","2021A003559932","Violent weighted clearance rate","Number","223","units","0","v53079758","39.15","43.05","","","","2"
"2019","Abbotsford-Mission, British Columbia [59932]","2021A003559932","Violent weighted clearance rate","Number","223","units","0","v53079758","39.15","40.82","","","","2"
"2020","Abbotsford-Mission, British Columbia [59932]","2021A003559932","Violent weighted clearance rate","Number","223","units","0","v53079758","39.15","41.06","","","","2"
"2021","Abbotsford-Mission, British Columbia [59932]","2021A003559932","Violent weighted clearance rate","Number","223","units","0","v53079758","39.15","41.99","","","","2"
"2010","Abbotsford-Mission, British Columbia [59932]","2021A003559932","Percent change in violent weighted clearance rate","Percent","239","units","0","v53079759","39.16","8.40","","","","2"
"2011","Abbotsford-Mission, British Columbia [59932]","2021A003559932","Percent change in violent weighted clearance rate","Percent","239","units","0","v53079759","39.16","4.43","","","","2"
"2012","Abbotsford-Mission, British Columbia [59932]","2021A003559932","Percent change in violent weighted clearance rate","Percent","239","units","0","v53079759","39.16","-14.80","","","","2"
"2013","Abbotsford-Mission, British Columbia [59932]","2021A003559932","Percent change in violent weighted clearance rate","Percent","239","units","0","v53079759","39.16","22.11","","","","2"
"2014","Abbotsford-Mission, British Columbia [59932]","2021A003559932","Percent change in violent weighted clearance rate","Percent","239","units","0","v53079759","39.16","3.59","","","","2"
"2015","Abbotsford-Mission, British Columbia [59932]","2021A003559932","Percent change in violent weighted clearance rate","Percent","239","units","0","v53079759","39.16","-6.60","","","","2"
"2016","Abbotsford-Mission, British Columbia [59932]","2021A003559932","Percent change in violent weighted clearance rate","Percent","239","units","0","v53079759","39.16","-0.08","","","","2"
"2017","Abbotsford-Mission, British Columbia [59932]","2021A003559932","Percent change in violent weighted clearance rate","Percent","239","units","0","v53079759","39.16","6.11","","","","2"
"2018","Abbotsford-Mission, British Columbia [59932]","2021A003559932","Percent change in violent weighted clearance rate","Percent","239","units","0","v53079759","39.16","-18.47","","","","2"
"2019","Abbotsford-Mission, British Columbia [59932]","2021A003559932","Percent change in violent weighted clearance rate","Percent","239","units","0","v53079759","39.16","-5.18","","","","2"
"2020","Abbotsford-Mission, British Columbia [59932]","2021A003559932","Percent change in violent weighted clearance rate","Percent","239","units","0","v53079759","39.16","0.59","","","","2"
"2021","Abbotsford-Mission, British Columbia [59932]","2021A003559932","Percent change in violent weighted clearance rate","Percent","239","units","0","v53079759","39.16","2.26","","","","2"
"2010","Abbotsford-Mission, British Columbia [59932]","2021A003559932","Non-violent weighted clearance rate","Number","223","units","0","v53079760","39.17","21.38","","","","2"
"2011","Abbotsford-Mission, British Columbia [59932]","2021A003559932","Non-violent weighted clearance rate","Number","223","units","0","v53079760","39.17","22.73","","","","2"
"2012","Abbotsford-Mission, British Columbia [59932]","2021A003559932","Non-violent weighted clearance rate","Number","223","units","0","v53079760","39.17","21.55","","","","2"
"2013","Abbotsford-Mission, British Columbia [59932]","2021A003559932","Non-violent weighted clearance rate","Number","223","units","0","v53079760","39.17","21.44","","","","2"
"2014","Abbotsford-Mission, British Columbia [59932]","2021A003559932","Non-violent weighted clearance rate","Number","223","units","0","v53079760","39.17","18.78","","","","2"
"2015","Abbotsford-Mission, British Columbia [59932]","2021A003559932","Non-violent weighted clearance rate","Number","223","units","0","v53079760","39.17","16.50","","","","2"
"2016","Abbotsford-Mission, British Columbia [59932]","2021A003559932","Non-violent weighted clearance rate","Number","223","units","0","v53079760","39.17","18.38","","","","2"
"2017","Abbotsford-Mission, British Columbia [59932]","2021A003559932","Non-violent weighted clearance rate","Number","223","units","0","v53079760","39.17","17.00","","","","2"
"2018","Abbotsford-Mission, British Columbia [59932]","2021A003559932","Non-violent weighted clearance rate","Number","223","units","0","v53079760","39.17","18.85","","","","2"
"2019","Abbotsford-Mission, British Columbia [59932]","2021A003559932","Non-violent weighted clearance rate","Number","223","units","0","v53079760","39.17","18.09","","","","2"
"2020","Abbotsford-Mission, British Columbia [59932]","2021A003559932","Non-violent weighted clearance rate","Number","223","units","0","v53079760","39.17","19.42","","","","2"
"2021","Abbotsford-Mission, British Columbia [59932]","2021A003559932","Non-violent weighted clearance rate","Number","223","units","0","v53079760","39.17","16.80","","","","2"
"2010","Abbotsford-Mission, British Columbia [59932]","2021A003559932","Percent change in non-violent weighted clearance rate","Percent","239","units","0","v53079761","39.18","0.75","","","","2"
"2011","Abbotsford-Mission, British Columbia [59932]","2021A003559932","Percent change in non-violent weighted clearance rate","Percent","239","units","0","v53079761","39.18","6.31","","","","2"
"2012","Abbotsford-Mission, British Columbia [59932]","2021A003559932","Percent change in non-violent weighted clearance rate","Percent","239","units","0","v53079761","39.18","-5.19","","","","2"
"2013","Abbotsford-Mission, British Columbia [59932]","2021A003559932","Percent change in non-violent weighted clearance rate","Percent","239","units","0","v53079761","39.18","-0.51","","","","2"
"2014","Abbotsford-Mission, British Columbia [59932]","2021A003559932","Percent change in non-violent weighted clearance rate","Percent","239","units","0","v53079761","39.18","-12.41","","","","2"
"2015","Abbotsford-Mission, British Columbia [59932]","2021A003559932","Percent change in non-violent weighted clearance rate","Percent","239","units","0","v53079761","39.18","-12.14","","","","2"
"2016","Abbotsford-Mission, British Columbia [59932]","2021A003559932","Percent change in non-violent weighted clearance rate","Percent","239","units","0","v53079761","39.18","11.39","","","","2"
"2017","Abbotsford-Mission, British Columbia [59932]","2021A003559932","Percent change in non-violent weighted clearance rate","Percent","239","units","0","v53079761","39.18","-7.51","","","","2"
"2018","Abbotsford-Mission, British Columbia [59932]","2021A003559932","Percent change in non-violent weighted clearance rate","Percent","239","units","0","v53079761","39.18","10.88","","","","2"
"2019","Abbotsford-Mission, British Columbia [59932]","2021A003559932","Percent change in non-violent weighted clearance rate","Percent","239","units","0","v53079761","39.18","-4.03","","","","2"
"2020","Abbotsford-Mission, British Columbia [59932]","2021A003559932","Percent change in non-violent weighted clearance rate","Percent","239","units","0","v53079761","39.18","7.35","","","","2"
"2021","Abbotsford-Mission, British Columbia [59932]","2021A003559932","Percent change in non-violent weighted clearance rate","Percent","239","units","0","v53079761","39.18","-13.49","","","","2"


