﻿"REF_DATE","GEO","DGUID","Statistics","UOM","UOM_ID","SCALAR_FACTOR","SCALAR_ID","VECTOR","COORDINATE","VALUE","STATUS","SYMBOL","TERMINATED","DECIMALS"
"2010","Ottawa-Gatineau, Ontario/Quebec [24505/35505]","2021A0035505","Crime severity index","Index","160","units","0","v44312557","17.1","62.37","","","","2"
"2011","Ottawa-Gatineau, Ontario/Quebec [24505/35505]","2021A0035505","Crime severity index","Index","160","units","0","v44312557","17.1","59.40","","","","2"
"2012","Ottawa-Gatineau, Ontario/Quebec [24505/35505]","2021A0035505","Crime severity index","Index","160","units","0","v44312557","17.1","59.96","","","","2"
"2013","Ottawa-Gatineau, Ontario/Quebec [24505/35505]","2021A0035505","Crime severity index","Index","160","units","0","v44312557","17.1","51.16","","","","2"
"2014","Ottawa-Gatineau, Ontario/Quebec [24505/35505]","2021A0035505","Crime severity index","Index","160","units","0","v44312557","17.1","47.88","","","","2"
"2015","Ottawa-Gatineau, Ontario/Quebec [24505/35505]","2021A0035505","Crime severity index","Index","160","units","0","v44312557","17.1","48.52","","","","2"
"2016","Ottawa-Gatineau, Ontario/Quebec [24505/35505]","2021A0035505","Crime severity index","Index","160","units","0","v44312557","17.1","52.24","","","","2"
"2017","Ottawa-Gatineau, Ontario/Quebec [24505/35505]","2021A0035505","Crime severity index","Index","160","units","0","v44312557","17.1","52.50","","","","2"
"2018","Ottawa-Gatineau, Ontario/Quebec [24505/35505]","2021A0035505","Crime severity index","Index","160","units","0","v44312557","17.1","55.05","","","","2"
"2019","Ottawa-Gatineau, Ontario/Quebec [24505/35505]","2021A0035505","Crime severity index","Index","160","units","0","v44312557","17.1","56.93","","","","2"
"2020","Ottawa-Gatineau, Ontario/Quebec [24505/35505]","2021A0035505","Crime severity index","Index","160","units","0","v44312557","17.1","48.47","","","","2"
"2021","Ottawa-Gatineau, Ontario/Quebec [24505/35505]","2021A0035505","Crime severity index","Index","160","units","0","v44312557","17.1","49.32","","","","2"
"2010","Ottawa-Gatineau, Ontario/Quebec [24505/35505]","2021A0035505","Percent change in crime severity index","Percent","239","units","0","v44312558","17.2","-8.83","","","","2"
"2011","Ottawa-Gatineau, Ontario/Quebec [24505/35505]","2021A0035505","Percent change in crime severity index","Percent","239","units","0","v44312558","17.2","-4.76","","","","2"
"2012","Ottawa-Gatineau, Ontario/Quebec [24505/35505]","2021A0035505","Percent change in crime severity index","Percent","239","units","0","v44312558","17.2","0.94","","","","2"
"2013","Ottawa-Gatineau, Ontario/Quebec [24505/35505]","2021A0035505","Percent change in crime severity index","Percent","239","units","0","v44312558","17.2","-14.68","","","","2"
"2014","Ottawa-Gatineau, Ontario/Quebec [24505/35505]","2021A0035505","Percent change in crime severity index","Percent","239","units","0","v44312558","17.2","-6.41","","","","2"
"2015","Ottawa-Gatineau, Ontario/Quebec [24505/35505]","2021A0035505","Percent change in crime severity index","Percent","239","units","0","v44312558","17.2","1.34","","","","2"
"2016","Ottawa-Gatineau, Ontario/Quebec [24505/35505]","2021A0035505","Percent change in crime severity index","Percent","239","units","0","v44312558","17.2","7.67","","","","2"
"2017","Ottawa-Gatineau, Ontario/Quebec [24505/35505]","2021A0035505","Percent change in crime severity index","Percent","239","units","0","v44312558","17.2","0.50","","","","2"
"2018","Ottawa-Gatineau, Ontario/Quebec [24505/35505]","2021A0035505","Percent change in crime severity index","Percent","239","units","0","v44312558","17.2","4.86","","","","2"
"2019","Ottawa-Gatineau, Ontario/Quebec [24505/35505]","2021A0035505","Percent change in crime severity index","Percent","239","units","0","v44312558","17.2","3.42","","","","2"
"2020","Ottawa-Gatineau, Ontario/Quebec [24505/35505]","2021A0035505","Percent change in crime severity index","Percent","239","units","0","v44312558","17.2","-14.86","","","","2"
"2021","Ottawa-Gatineau, Ontario/Quebec [24505/35505]","2021A0035505","Percent change in crime severity index","Percent","239","units","0","v44312558","17.2","1.75","","","","2"
"2010","Ottawa-Gatineau, Ontario/Quebec [24505/35505]","2021A0035505","Violent crime severity index","Index","160","units","0","v44312559","17.3","65.61","","","","2"
"2011","Ottawa-Gatineau, Ontario/Quebec [24505/35505]","2021A0035505","Violent crime severity index","Index","160","units","0","v44312559","17.3","63.94","","","","2"
"2012","Ottawa-Gatineau, Ontario/Quebec [24505/35505]","2021A0035505","Violent crime severity index","Index","160","units","0","v44312559","17.3","61.46","","","","2"
"2013","Ottawa-Gatineau, Ontario/Quebec [24505/35505]","2021A0035505","Violent crime severity index","Index","160","units","0","v44312559","17.3","58.62","","","","2"
"2014","Ottawa-Gatineau, Ontario/Quebec [24505/35505]","2021A0035505","Violent crime severity index","Index","160","units","0","v44312559","17.3","52.16","","","","2"
"2015","Ottawa-Gatineau, Ontario/Quebec [24505/35505]","2021A0035505","Violent crime severity index","Index","160","units","0","v44312559","17.3","54.74","","","","2"
"2016","Ottawa-Gatineau, Ontario/Quebec [24505/35505]","2021A0035505","Violent crime severity index","Index","160","units","0","v44312559","17.3","63.12","","","","2"
"2017","Ottawa-Gatineau, Ontario/Quebec [24505/35505]","2021A0035505","Violent crime severity index","Index","160","units","0","v44312559","17.3","65.50","","","","2"
"2018","Ottawa-Gatineau, Ontario/Quebec [24505/35505]","2021A0035505","Violent crime severity index","Index","160","units","0","v44312559","17.3","69.82","","","","2"
"2019","Ottawa-Gatineau, Ontario/Quebec [24505/35505]","2021A0035505","Violent crime severity index","Index","160","units","0","v44312559","17.3","69.87","","","","2"
"2020","Ottawa-Gatineau, Ontario/Quebec [24505/35505]","2021A0035505","Violent crime severity index","Index","160","units","0","v44312559","17.3","60.15","","","","2"
"2021","Ottawa-Gatineau, Ontario/Quebec [24505/35505]","2021A0035505","Violent crime severity index","Index","160","units","0","v44312559","17.3","64.69","","","","2"
"2010","Ottawa-Gatineau, Ontario/Quebec [24505/35505]","2021A0035505","Percent change in violent crime severity index","Percent","239","units","0","v44312560","17.4","-14.78","","","","2"
"2011","Ottawa-Gatineau, Ontario/Quebec [24505/35505]","2021A0035505","Percent change in violent crime severity index","Percent","239","units","0","v44312560","17.4","-2.55","","","","2"
"2012","Ottawa-Gatineau, Ontario/Quebec [24505/35505]","2021A0035505","Percent change in violent crime severity index","Percent","239","units","0","v44312560","17.4","-3.88","","","","2"
"2013","Ottawa-Gatineau, Ontario/Quebec [24505/35505]","2021A0035505","Percent change in violent crime severity index","Percent","239","units","0","v44312560","17.4","-4.62","","","","2"
"2014","Ottawa-Gatineau, Ontario/Quebec [24505/35505]","2021A0035505","Percent change in violent crime severity index","Percent","239","units","0","v44312560","17.4","-11.02","","","","2"
"2015","Ottawa-Gatineau, Ontario/Quebec [24505/35505]","2021A0035505","Percent change in violent crime severity index","Percent","239","units","0","v44312560","17.4","4.95","","","","2"
"2016","Ottawa-Gatineau, Ontario/Quebec [24505/35505]","2021A0035505","Percent change in violent crime severity index","Percent","239","units","0","v44312560","17.4","15.31","","","","2"
"2017","Ottawa-Gatineau, Ontario/Quebec [24505/35505]","2021A0035505","Percent change in violent crime severity index","Percent","239","units","0","v44312560","17.4","3.77","","","","2"
"2018","Ottawa-Gatineau, Ontario/Quebec [24505/35505]","2021A0035505","Percent change in violent crime severity index","Percent","239","units","0","v44312560","17.4","6.60","","","","2"
"2019","Ottawa-Gatineau, Ontario/Quebec [24505/35505]","2021A0035505","Percent change in violent crime severity index","Percent","239","units","0","v44312560","17.4","0.07","","","","2"
"2020","Ottawa-Gatineau, Ontario/Quebec [24505/35505]","2021A0035505","Percent change in violent crime severity index","Percent","239","units","0","v44312560","17.4","-13.91","","","","2"
"2021","Ottawa-Gatineau, Ontario/Quebec [24505/35505]","2021A0035505","Percent change in violent crime severity index","Percent","239","units","0","v44312560","17.4","7.55","","","","2"
"2010","Ottawa-Gatineau, Ontario/Quebec [24505/35505]","2021A0035505","Non-violent crime severity index","Index","160","units","0","v44312561","17.5","61.12","","","","2"
"2011","Ottawa-Gatineau, Ontario/Quebec [24505/35505]","2021A0035505","Non-violent crime severity index","Index","160","units","0","v44312561","17.5","57.62","","","","2"
"2012","Ottawa-Gatineau, Ontario/Quebec [24505/35505]","2021A0035505","Non-violent crime severity index","Index","160","units","0","v44312561","17.5","59.29","","","","2"
"2013","Ottawa-Gatineau, Ontario/Quebec [24505/35505]","2021A0035505","Non-violent crime severity index","Index","160","units","0","v44312561","17.5","48.34","","","","2"
"2014","Ottawa-Gatineau, Ontario/Quebec [24505/35505]","2021A0035505","Non-violent crime severity index","Index","160","units","0","v44312561","17.5","46.22","","","","2"
"2015","Ottawa-Gatineau, Ontario/Quebec [24505/35505]","2021A0035505","Non-violent crime severity index","Index","160","units","0","v44312561","17.5","46.16","","","","2"
"2016","Ottawa-Gatineau, Ontario/Quebec [24505/35505]","2021A0035505","Non-violent crime severity index","Index","160","units","0","v44312561","17.5","48.20","","","","2"
"2017","Ottawa-Gatineau, Ontario/Quebec [24505/35505]","2021A0035505","Non-violent crime severity index","Index","160","units","0","v44312561","17.5","47.71","","","","2"
"2018","Ottawa-Gatineau, Ontario/Quebec [24505/35505]","2021A0035505","Non-violent crime severity index","Index","160","units","0","v44312561","17.5","49.61","","","","2"
"2019","Ottawa-Gatineau, Ontario/Quebec [24505/35505]","2021A0035505","Non-violent crime severity index","Index","160","units","0","v44312561","17.5","52.15","","","","2"
"2020","Ottawa-Gatineau, Ontario/Quebec [24505/35505]","2021A0035505","Non-violent crime severity index","Index","160","units","0","v44312561","17.5","44.16","","","","2"
"2021","Ottawa-Gatineau, Ontario/Quebec [24505/35505]","2021A0035505","Non-violent crime severity index","Index","160","units","0","v44312561","17.5","43.68","","","","2"
"2010","Ottawa-Gatineau, Ontario/Quebec [24505/35505]","2021A0035505","Percent change in non-violent crime severity index","Percent","239","units","0","v44312562","17.6","-6.13","","","","2"
"2011","Ottawa-Gatineau, Ontario/Quebec [24505/35505]","2021A0035505","Percent change in non-violent crime severity index","Percent","239","units","0","v44312562","17.6","-5.73","","","","2"
"2012","Ottawa-Gatineau, Ontario/Quebec [24505/35505]","2021A0035505","Percent change in non-violent crime severity index","Percent","239","units","0","v44312562","17.6","2.90","","","","2"
"2013","Ottawa-Gatineau, Ontario/Quebec [24505/35505]","2021A0035505","Percent change in non-violent crime severity index","Percent","239","units","0","v44312562","17.6","-18.47","","","","2"
"2014","Ottawa-Gatineau, Ontario/Quebec [24505/35505]","2021A0035505","Percent change in non-violent crime severity index","Percent","239","units","0","v44312562","17.6","-4.39","","","","2"
"2015","Ottawa-Gatineau, Ontario/Quebec [24505/35505]","2021A0035505","Percent change in non-violent crime severity index","Percent","239","units","0","v44312562","17.6","-0.13","","","","2"
"2016","Ottawa-Gatineau, Ontario/Quebec [24505/35505]","2021A0035505","Percent change in non-violent crime severity index","Percent","239","units","0","v44312562","17.6","4.42","","","","2"
"2017","Ottawa-Gatineau, Ontario/Quebec [24505/35505]","2021A0035505","Percent change in non-violent crime severity index","Percent","239","units","0","v44312562","17.6","-1.02","","","","2"
"2018","Ottawa-Gatineau, Ontario/Quebec [24505/35505]","2021A0035505","Percent change in non-violent crime severity index","Percent","239","units","0","v44312562","17.6","3.98","","","","2"
"2019","Ottawa-Gatineau, Ontario/Quebec [24505/35505]","2021A0035505","Percent change in non-violent crime severity index","Percent","239","units","0","v44312562","17.6","5.12","","","","2"
"2020","Ottawa-Gatineau, Ontario/Quebec [24505/35505]","2021A0035505","Percent change in non-violent crime severity index","Percent","239","units","0","v44312562","17.6","-15.32","","","","2"
"2021","Ottawa-Gatineau, Ontario/Quebec [24505/35505]","2021A0035505","Percent change in non-violent crime severity index","Percent","239","units","0","v44312562","17.6","-1.09","","","","2"
"2010","Ottawa-Gatineau, Ontario/Quebec [24505/35505]","2021A0035505","Youth crime severity index","Index","160","units","0","v53079531","17.7","0.00","","","","2"
"2011","Ottawa-Gatineau, Ontario/Quebec [24505/35505]","2021A0035505","Youth crime severity index","Index","160","units","0","v53079531","17.7","","..","","","2"
"2012","Ottawa-Gatineau, Ontario/Quebec [24505/35505]","2021A0035505","Youth crime severity index","Index","160","units","0","v53079531","17.7","","..","","","2"
"2013","Ottawa-Gatineau, Ontario/Quebec [24505/35505]","2021A0035505","Youth crime severity index","Index","160","units","0","v53079531","17.7","","..","","","2"
"2014","Ottawa-Gatineau, Ontario/Quebec [24505/35505]","2021A0035505","Youth crime severity index","Index","160","units","0","v53079531","17.7","","..","","","2"
"2015","Ottawa-Gatineau, Ontario/Quebec [24505/35505]","2021A0035505","Youth crime severity index","Index","160","units","0","v53079531","17.7","","..","","","2"
"2016","Ottawa-Gatineau, Ontario/Quebec [24505/35505]","2021A0035505","Youth crime severity index","Index","160","units","0","v53079531","17.7","","..","","","2"
"2017","Ottawa-Gatineau, Ontario/Quebec [24505/35505]","2021A0035505","Youth crime severity index","Index","160","units","0","v53079531","17.7","","..","","","2"
"2018","Ottawa-Gatineau, Ontario/Quebec [24505/35505]","2021A0035505","Youth crime severity index","Index","160","units","0","v53079531","17.7","","..","","","2"
"2019","Ottawa-Gatineau, Ontario/Quebec [24505/35505]","2021A0035505","Youth crime severity index","Index","160","units","0","v53079531","17.7","","..","","","2"
"2020","Ottawa-Gatineau, Ontario/Quebec [24505/35505]","2021A0035505","Youth crime severity index","Index","160","units","0","v53079531","17.7","","..","","","2"
"2021","Ottawa-Gatineau, Ontario/Quebec [24505/35505]","2021A0035505","Youth crime severity index","Index","160","units","0","v53079531","17.7","","..","","","2"
"2010","Ottawa-Gatineau, Ontario/Quebec [24505/35505]","2021A0035505","Percent change in youth crime severity index","Percent","239","units","0","v87984882","17.8","0.00","","","","2"
"2011","Ottawa-Gatineau, Ontario/Quebec [24505/35505]","2021A0035505","Percent change in youth crime severity index","Percent","239","units","0","v87984882","17.8","","..","","","2"
"2012","Ottawa-Gatineau, Ontario/Quebec [24505/35505]","2021A0035505","Percent change in youth crime severity index","Percent","239","units","0","v87984882","17.8","","..","","","2"
"2013","Ottawa-Gatineau, Ontario/Quebec [24505/35505]","2021A0035505","Percent change in youth crime severity index","Percent","239","units","0","v87984882","17.8","","..","","","2"
"2014","Ottawa-Gatineau, Ontario/Quebec [24505/35505]","2021A0035505","Percent change in youth crime severity index","Percent","239","units","0","v87984882","17.8","","..","","","2"
"2015","Ottawa-Gatineau, Ontario/Quebec [24505/35505]","2021A0035505","Percent change in youth crime severity index","Percent","239","units","0","v87984882","17.8","","..","","","2"
"2016","Ottawa-Gatineau, Ontario/Quebec [24505/35505]","2021A0035505","Percent change in youth crime severity index","Percent","239","units","0","v87984882","17.8","","..","","","2"
"2017","Ottawa-Gatineau, Ontario/Quebec [24505/35505]","2021A0035505","Percent change in youth crime severity index","Percent","239","units","0","v87984882","17.8","","..","","","2"
"2018","Ottawa-Gatineau, Ontario/Quebec [24505/35505]","2021A0035505","Percent change in youth crime severity index","Percent","239","units","0","v87984882","17.8","","..","","","2"
"2019","Ottawa-Gatineau, Ontario/Quebec [24505/35505]","2021A0035505","Percent change in youth crime severity index","Percent","239","units","0","v87984882","17.8","","..","","","2"
"2020","Ottawa-Gatineau, Ontario/Quebec [24505/35505]","2021A0035505","Percent change in youth crime severity index","Percent","239","units","0","v87984882","17.8","","..","","","2"
"2021","Ottawa-Gatineau, Ontario/Quebec [24505/35505]","2021A0035505","Percent change in youth crime severity index","Percent","239","units","0","v87984882","17.8","","..","","","2"
"2010","Ottawa-Gatineau, Ontario/Quebec [24505/35505]","2021A0035505","Youth violent crime severity index","Index","160","units","0","v53079532","17.9","0.00","","","","2"
"2011","Ottawa-Gatineau, Ontario/Quebec [24505/35505]","2021A0035505","Youth violent crime severity index","Index","160","units","0","v53079532","17.9","","..","","","2"
"2012","Ottawa-Gatineau, Ontario/Quebec [24505/35505]","2021A0035505","Youth violent crime severity index","Index","160","units","0","v53079532","17.9","","..","","","2"
"2013","Ottawa-Gatineau, Ontario/Quebec [24505/35505]","2021A0035505","Youth violent crime severity index","Index","160","units","0","v53079532","17.9","","..","","","2"
"2014","Ottawa-Gatineau, Ontario/Quebec [24505/35505]","2021A0035505","Youth violent crime severity index","Index","160","units","0","v53079532","17.9","","..","","","2"
"2015","Ottawa-Gatineau, Ontario/Quebec [24505/35505]","2021A0035505","Youth violent crime severity index","Index","160","units","0","v53079532","17.9","","..","","","2"
"2016","Ottawa-Gatineau, Ontario/Quebec [24505/35505]","2021A0035505","Youth violent crime severity index","Index","160","units","0","v53079532","17.9","","..","","","2"
"2017","Ottawa-Gatineau, Ontario/Quebec [24505/35505]","2021A0035505","Youth violent crime severity index","Index","160","units","0","v53079532","17.9","","..","","","2"
"2018","Ottawa-Gatineau, Ontario/Quebec [24505/35505]","2021A0035505","Youth violent crime severity index","Index","160","units","0","v53079532","17.9","","..","","","2"
"2019","Ottawa-Gatineau, Ontario/Quebec [24505/35505]","2021A0035505","Youth violent crime severity index","Index","160","units","0","v53079532","17.9","","..","","","2"
"2020","Ottawa-Gatineau, Ontario/Quebec [24505/35505]","2021A0035505","Youth violent crime severity index","Index","160","units","0","v53079532","17.9","","..","","","2"
"2021","Ottawa-Gatineau, Ontario/Quebec [24505/35505]","2021A0035505","Youth violent crime severity index","Index","160","units","0","v53079532","17.9","","..","","","2"
"2010","Ottawa-Gatineau, Ontario/Quebec [24505/35505]","2021A0035505","Percent change in youth violent crime severity index","Percent","239","units","0","v87984883","17.10","0.00","","","","2"
"2011","Ottawa-Gatineau, Ontario/Quebec [24505/35505]","2021A0035505","Percent change in youth violent crime severity index","Percent","239","units","0","v87984883","17.10","","..","","","2"
"2012","Ottawa-Gatineau, Ontario/Quebec [24505/35505]","2021A0035505","Percent change in youth violent crime severity index","Percent","239","units","0","v87984883","17.10","","..","","","2"
"2013","Ottawa-Gatineau, Ontario/Quebec [24505/35505]","2021A0035505","Percent change in youth violent crime severity index","Percent","239","units","0","v87984883","17.10","","..","","","2"
"2014","Ottawa-Gatineau, Ontario/Quebec [24505/35505]","2021A0035505","Percent change in youth violent crime severity index","Percent","239","units","0","v87984883","17.10","","..","","","2"
"2015","Ottawa-Gatineau, Ontario/Quebec [24505/35505]","2021A0035505","Percent change in youth violent crime severity index","Percent","239","units","0","v87984883","17.10","","..","","","2"
"2016","Ottawa-Gatineau, Ontario/Quebec [24505/35505]","2021A0035505","Percent change in youth violent crime severity index","Percent","239","units","0","v87984883","17.10","","..","","","2"
"2017","Ottawa-Gatineau, Ontario/Quebec [24505/35505]","2021A0035505","Percent change in youth violent crime severity index","Percent","239","units","0","v87984883","17.10","","..","","","2"
"2018","Ottawa-Gatineau, Ontario/Quebec [24505/35505]","2021A0035505","Percent change in youth violent crime severity index","Percent","239","units","0","v87984883","17.10","","..","","","2"
"2019","Ottawa-Gatineau, Ontario/Quebec [24505/35505]","2021A0035505","Percent change in youth violent crime severity index","Percent","239","units","0","v87984883","17.10","","..","","","2"
"2020","Ottawa-Gatineau, Ontario/Quebec [24505/35505]","2021A0035505","Percent change in youth violent crime severity index","Percent","239","units","0","v87984883","17.10","","..","","","2"
"2021","Ottawa-Gatineau, Ontario/Quebec [24505/35505]","2021A0035505","Percent change in youth violent crime severity index","Percent","239","units","0","v87984883","17.10","","..","","","2"
"2010","Ottawa-Gatineau, Ontario/Quebec [24505/35505]","2021A0035505","Youth non-violent crime severity index","Index","160","units","0","v53079524","17.11","0.00","","","","2"
"2011","Ottawa-Gatineau, Ontario/Quebec [24505/35505]","2021A0035505","Youth non-violent crime severity index","Index","160","units","0","v53079524","17.11","","..","","","2"
"2012","Ottawa-Gatineau, Ontario/Quebec [24505/35505]","2021A0035505","Youth non-violent crime severity index","Index","160","units","0","v53079524","17.11","","..","","","2"
"2013","Ottawa-Gatineau, Ontario/Quebec [24505/35505]","2021A0035505","Youth non-violent crime severity index","Index","160","units","0","v53079524","17.11","","..","","","2"
"2014","Ottawa-Gatineau, Ontario/Quebec [24505/35505]","2021A0035505","Youth non-violent crime severity index","Index","160","units","0","v53079524","17.11","","..","","","2"
"2015","Ottawa-Gatineau, Ontario/Quebec [24505/35505]","2021A0035505","Youth non-violent crime severity index","Index","160","units","0","v53079524","17.11","","..","","","2"
"2016","Ottawa-Gatineau, Ontario/Quebec [24505/35505]","2021A0035505","Youth non-violent crime severity index","Index","160","units","0","v53079524","17.11","","..","","","2"
"2017","Ottawa-Gatineau, Ontario/Quebec [24505/35505]","2021A0035505","Youth non-violent crime severity index","Index","160","units","0","v53079524","17.11","","..","","","2"
"2018","Ottawa-Gatineau, Ontario/Quebec [24505/35505]","2021A0035505","Youth non-violent crime severity index","Index","160","units","0","v53079524","17.11","","..","","","2"
"2019","Ottawa-Gatineau, Ontario/Quebec [24505/35505]","2021A0035505","Youth non-violent crime severity index","Index","160","units","0","v53079524","17.11","","..","","","2"
"2020","Ottawa-Gatineau, Ontario/Quebec [24505/35505]","2021A0035505","Youth non-violent crime severity index","Index","160","units","0","v53079524","17.11","","..","","","2"
"2021","Ottawa-Gatineau, Ontario/Quebec [24505/35505]","2021A0035505","Youth non-violent crime severity index","Index","160","units","0","v53079524","17.11","","..","","","2"
"2010","Ottawa-Gatineau, Ontario/Quebec [24505/35505]","2021A0035505","Percent change in youth non-violent crime severity index","Percent","239","units","0","v87984884","17.12","0.00","","","","2"
"2011","Ottawa-Gatineau, Ontario/Quebec [24505/35505]","2021A0035505","Percent change in youth non-violent crime severity index","Percent","239","units","0","v87984884","17.12","","..","","","2"
"2012","Ottawa-Gatineau, Ontario/Quebec [24505/35505]","2021A0035505","Percent change in youth non-violent crime severity index","Percent","239","units","0","v87984884","17.12","","..","","","2"
"2013","Ottawa-Gatineau, Ontario/Quebec [24505/35505]","2021A0035505","Percent change in youth non-violent crime severity index","Percent","239","units","0","v87984884","17.12","","..","","","2"
"2014","Ottawa-Gatineau, Ontario/Quebec [24505/35505]","2021A0035505","Percent change in youth non-violent crime severity index","Percent","239","units","0","v87984884","17.12","","..","","","2"
"2015","Ottawa-Gatineau, Ontario/Quebec [24505/35505]","2021A0035505","Percent change in youth non-violent crime severity index","Percent","239","units","0","v87984884","17.12","","..","","","2"
"2016","Ottawa-Gatineau, Ontario/Quebec [24505/35505]","2021A0035505","Percent change in youth non-violent crime severity index","Percent","239","units","0","v87984884","17.12","","..","","","2"
"2017","Ottawa-Gatineau, Ontario/Quebec [24505/35505]","2021A0035505","Percent change in youth non-violent crime severity index","Percent","239","units","0","v87984884","17.12","","..","","","2"
"2018","Ottawa-Gatineau, Ontario/Quebec [24505/35505]","2021A0035505","Percent change in youth non-violent crime severity index","Percent","239","units","0","v87984884","17.12","","..","","","2"
"2019","Ottawa-Gatineau, Ontario/Quebec [24505/35505]","2021A0035505","Percent change in youth non-violent crime severity index","Percent","239","units","0","v87984884","17.12","","..","","","2"
"2020","Ottawa-Gatineau, Ontario/Quebec [24505/35505]","2021A0035505","Percent change in youth non-violent crime severity index","Percent","239","units","0","v87984884","17.12","","..","","","2"
"2021","Ottawa-Gatineau, Ontario/Quebec [24505/35505]","2021A0035505","Percent change in youth non-violent crime severity index","Percent","239","units","0","v87984884","17.12","","..","","","2"
"2010","Ottawa-Gatineau, Ontario/Quebec [24505/35505]","2021A0035505","Weighted clearance rate","Number","223","units","0","v53079525","17.13","40.95","","","","2"
"2011","Ottawa-Gatineau, Ontario/Quebec [24505/35505]","2021A0035505","Weighted clearance rate","Number","223","units","0","v53079525","17.13","41.29","","","","2"
"2012","Ottawa-Gatineau, Ontario/Quebec [24505/35505]","2021A0035505","Weighted clearance rate","Number","223","units","0","v53079525","17.13","41.39","","","","2"
"2013","Ottawa-Gatineau, Ontario/Quebec [24505/35505]","2021A0035505","Weighted clearance rate","Number","223","units","0","v53079525","17.13","42.36","","","","2"
"2014","Ottawa-Gatineau, Ontario/Quebec [24505/35505]","2021A0035505","Weighted clearance rate","Number","223","units","0","v53079525","17.13","41.77","","","","2"
"2015","Ottawa-Gatineau, Ontario/Quebec [24505/35505]","2021A0035505","Weighted clearance rate","Number","223","units","0","v53079525","17.13","41.41","","","","2"
"2016","Ottawa-Gatineau, Ontario/Quebec [24505/35505]","2021A0035505","Weighted clearance rate","Number","223","units","0","v53079525","17.13","40.62","","","","2"
"2017","Ottawa-Gatineau, Ontario/Quebec [24505/35505]","2021A0035505","Weighted clearance rate","Number","223","units","0","v53079525","17.13","40.66","","","","2"
"2018","Ottawa-Gatineau, Ontario/Quebec [24505/35505]","2021A0035505","Weighted clearance rate","Number","223","units","0","v53079525","17.13","39.08","","","","2"
"2019","Ottawa-Gatineau, Ontario/Quebec [24505/35505]","2021A0035505","Weighted clearance rate","Number","223","units","0","v53079525","17.13","38.51","","","","2"
"2020","Ottawa-Gatineau, Ontario/Quebec [24505/35505]","2021A0035505","Weighted clearance rate","Number","223","units","0","v53079525","17.13","38.13","","","","2"
"2021","Ottawa-Gatineau, Ontario/Quebec [24505/35505]","2021A0035505","Weighted clearance rate","Number","223","units","0","v53079525","17.13","35.38","","","","2"
"2010","Ottawa-Gatineau, Ontario/Quebec [24505/35505]","2021A0035505","Percent change in weighted clearance rate","Percent","239","units","0","v53079526","17.14","2.17","","","","2"
"2011","Ottawa-Gatineau, Ontario/Quebec [24505/35505]","2021A0035505","Percent change in weighted clearance rate","Percent","239","units","0","v53079526","17.14","0.83","","","","2"
"2012","Ottawa-Gatineau, Ontario/Quebec [24505/35505]","2021A0035505","Percent change in weighted clearance rate","Percent","239","units","0","v53079526","17.14","0.24","","","","2"
"2013","Ottawa-Gatineau, Ontario/Quebec [24505/35505]","2021A0035505","Percent change in weighted clearance rate","Percent","239","units","0","v53079526","17.14","2.34","","","","2"
"2014","Ottawa-Gatineau, Ontario/Quebec [24505/35505]","2021A0035505","Percent change in weighted clearance rate","Percent","239","units","0","v53079526","17.14","-1.39","","","","2"
"2015","Ottawa-Gatineau, Ontario/Quebec [24505/35505]","2021A0035505","Percent change in weighted clearance rate","Percent","239","units","0","v53079526","17.14","-0.86","","","","2"
"2016","Ottawa-Gatineau, Ontario/Quebec [24505/35505]","2021A0035505","Percent change in weighted clearance rate","Percent","239","units","0","v53079526","17.14","-1.91","","","","2"
"2017","Ottawa-Gatineau, Ontario/Quebec [24505/35505]","2021A0035505","Percent change in weighted clearance rate","Percent","239","units","0","v53079526","17.14","0.10","","","","2"
"2018","Ottawa-Gatineau, Ontario/Quebec [24505/35505]","2021A0035505","Percent change in weighted clearance rate","Percent","239","units","0","v53079526","17.14","-3.89","","","","2"
"2019","Ottawa-Gatineau, Ontario/Quebec [24505/35505]","2021A0035505","Percent change in weighted clearance rate","Percent","239","units","0","v53079526","17.14","-1.46","","","","2"
"2020","Ottawa-Gatineau, Ontario/Quebec [24505/35505]","2021A0035505","Percent change in weighted clearance rate","Percent","239","units","0","v53079526","17.14","-0.99","","","","2"
"2021","Ottawa-Gatineau, Ontario/Quebec [24505/35505]","2021A0035505","Percent change in weighted clearance rate","Percent","239","units","0","v53079526","17.14","-7.21","","","","2"
"2010","Ottawa-Gatineau, Ontario/Quebec [24505/35505]","2021A0035505","Violent weighted clearance rate","Number","223","units","0","v53079527","17.15","58.61","","","","2"
"2011","Ottawa-Gatineau, Ontario/Quebec [24505/35505]","2021A0035505","Violent weighted clearance rate","Number","223","units","0","v53079527","17.15","58.94","","","","2"
"2012","Ottawa-Gatineau, Ontario/Quebec [24505/35505]","2021A0035505","Violent weighted clearance rate","Number","223","units","0","v53079527","17.15","65.29","","","","2"
"2013","Ottawa-Gatineau, Ontario/Quebec [24505/35505]","2021A0035505","Violent weighted clearance rate","Number","223","units","0","v53079527","17.15","59.24","","","","2"
"2014","Ottawa-Gatineau, Ontario/Quebec [24505/35505]","2021A0035505","Violent weighted clearance rate","Number","223","units","0","v53079527","17.15","60.67","","","","2"
"2015","Ottawa-Gatineau, Ontario/Quebec [24505/35505]","2021A0035505","Violent weighted clearance rate","Number","223","units","0","v53079527","17.15","60.44","","","","2"
"2016","Ottawa-Gatineau, Ontario/Quebec [24505/35505]","2021A0035505","Violent weighted clearance rate","Number","223","units","0","v53079527","17.15","58.85","","","","2"
"2017","Ottawa-Gatineau, Ontario/Quebec [24505/35505]","2021A0035505","Violent weighted clearance rate","Number","223","units","0","v53079527","17.15","59.51","","","","2"
"2018","Ottawa-Gatineau, Ontario/Quebec [24505/35505]","2021A0035505","Violent weighted clearance rate","Number","223","units","0","v53079527","17.15","57.10","","","","2"
"2019","Ottawa-Gatineau, Ontario/Quebec [24505/35505]","2021A0035505","Violent weighted clearance rate","Number","223","units","0","v53079527","17.15","54.77","","","","2"
"2020","Ottawa-Gatineau, Ontario/Quebec [24505/35505]","2021A0035505","Violent weighted clearance rate","Number","223","units","0","v53079527","17.15","56.24","","","","2"
"2021","Ottawa-Gatineau, Ontario/Quebec [24505/35505]","2021A0035505","Violent weighted clearance rate","Number","223","units","0","v53079527","17.15","52.31","","","","2"
"2010","Ottawa-Gatineau, Ontario/Quebec [24505/35505]","2021A0035505","Percent change in violent weighted clearance rate","Percent","239","units","0","v53079528","17.16","-1.81","","","","2"
"2011","Ottawa-Gatineau, Ontario/Quebec [24505/35505]","2021A0035505","Percent change in violent weighted clearance rate","Percent","239","units","0","v53079528","17.16","0.56","","","","2"
"2012","Ottawa-Gatineau, Ontario/Quebec [24505/35505]","2021A0035505","Percent change in violent weighted clearance rate","Percent","239","units","0","v53079528","17.16","10.77","","","","2"
"2013","Ottawa-Gatineau, Ontario/Quebec [24505/35505]","2021A0035505","Percent change in violent weighted clearance rate","Percent","239","units","0","v53079528","17.16","-9.27","","","","2"
"2014","Ottawa-Gatineau, Ontario/Quebec [24505/35505]","2021A0035505","Percent change in violent weighted clearance rate","Percent","239","units","0","v53079528","17.16","2.41","","","","2"
"2015","Ottawa-Gatineau, Ontario/Quebec [24505/35505]","2021A0035505","Percent change in violent weighted clearance rate","Percent","239","units","0","v53079528","17.16","-0.38","","","","2"
"2016","Ottawa-Gatineau, Ontario/Quebec [24505/35505]","2021A0035505","Percent change in violent weighted clearance rate","Percent","239","units","0","v53079528","17.16","-2.63","","","","2"
"2017","Ottawa-Gatineau, Ontario/Quebec [24505/35505]","2021A0035505","Percent change in violent weighted clearance rate","Percent","239","units","0","v53079528","17.16","1.12","","","","2"
"2018","Ottawa-Gatineau, Ontario/Quebec [24505/35505]","2021A0035505","Percent change in violent weighted clearance rate","Percent","239","units","0","v53079528","17.16","-4.05","","","","2"
"2019","Ottawa-Gatineau, Ontario/Quebec [24505/35505]","2021A0035505","Percent change in violent weighted clearance rate","Percent","239","units","0","v53079528","17.16","-4.08","","","","2"
"2020","Ottawa-Gatineau, Ontario/Quebec [24505/35505]","2021A0035505","Percent change in violent weighted clearance rate","Percent","239","units","0","v53079528","17.16","2.68","","","","2"
"2021","Ottawa-Gatineau, Ontario/Quebec [24505/35505]","2021A0035505","Percent change in violent weighted clearance rate","Percent","239","units","0","v53079528","17.16","-6.99","","","","2"
"2010","Ottawa-Gatineau, Ontario/Quebec [24505/35505]","2021A0035505","Non-violent weighted clearance rate","Number","223","units","0","v53079529","17.17","33.66","","","","2"
"2011","Ottawa-Gatineau, Ontario/Quebec [24505/35505]","2021A0035505","Non-violent weighted clearance rate","Number","223","units","0","v53079529","17.17","34.17","","","","2"
"2012","Ottawa-Gatineau, Ontario/Quebec [24505/35505]","2021A0035505","Non-violent weighted clearance rate","Number","223","units","0","v53079529","17.17","32.37","","","","2"
"2013","Ottawa-Gatineau, Ontario/Quebec [24505/35505]","2021A0035505","Non-violent weighted clearance rate","Number","223","units","0","v53079529","17.17","34.91","","","","2"
"2014","Ottawa-Gatineau, Ontario/Quebec [24505/35505]","2021A0035505","Non-violent weighted clearance rate","Number","223","units","0","v53079529","17.17","34.01","","","","2"
"2015","Ottawa-Gatineau, Ontario/Quebec [24505/35505]","2021A0035505","Non-violent weighted clearance rate","Number","223","units","0","v53079529","17.17","33.19","","","","2"
"2016","Ottawa-Gatineau, Ontario/Quebec [24505/35505]","2021A0035505","Non-violent weighted clearance rate","Number","223","units","0","v53079529","17.17","32.03","","","","2"
"2017","Ottawa-Gatineau, Ontario/Quebec [24505/35505]","2021A0035505","Non-violent weighted clearance rate","Number","223","units","0","v53079529","17.17","31.36","","","","2"
"2018","Ottawa-Gatineau, Ontario/Quebec [24505/35505]","2021A0035505","Non-violent weighted clearance rate","Number","223","units","0","v53079529","17.17","29.96","","","","2"
"2019","Ottawa-Gatineau, Ontario/Quebec [24505/35505]","2021A0035505","Non-violent weighted clearance rate","Number","223","units","0","v53079529","17.17","30.67","","","","2"
"2020","Ottawa-Gatineau, Ontario/Quebec [24505/35505]","2021A0035505","Non-violent weighted clearance rate","Number","223","units","0","v53079529","17.17","29.25","","","","2"
"2021","Ottawa-Gatineau, Ontario/Quebec [24505/35505]","2021A0035505","Non-violent weighted clearance rate","Number","223","units","0","v53079529","17.17","26.35","","","","2"
"2010","Ottawa-Gatineau, Ontario/Quebec [24505/35505]","2021A0035505","Percent change in non-violent weighted clearance rate","Percent","239","units","0","v53079530","17.18","8.02","","","","2"
"2011","Ottawa-Gatineau, Ontario/Quebec [24505/35505]","2021A0035505","Percent change in non-violent weighted clearance rate","Percent","239","units","0","v53079530","17.18","1.52","","","","2"
"2012","Ottawa-Gatineau, Ontario/Quebec [24505/35505]","2021A0035505","Percent change in non-violent weighted clearance rate","Percent","239","units","0","v53079530","17.18","-5.27","","","","2"
"2013","Ottawa-Gatineau, Ontario/Quebec [24505/35505]","2021A0035505","Percent change in non-violent weighted clearance rate","Percent","239","units","0","v53079530","17.18","7.85","","","","2"
"2014","Ottawa-Gatineau, Ontario/Quebec [24505/35505]","2021A0035505","Percent change in non-violent weighted clearance rate","Percent","239","units","0","v53079530","17.18","-2.58","","","","2"
"2015","Ottawa-Gatineau, Ontario/Quebec [24505/35505]","2021A0035505","Percent change in non-violent weighted clearance rate","Percent","239","units","0","v53079530","17.18","-2.41","","","","2"
"2016","Ottawa-Gatineau, Ontario/Quebec [24505/35505]","2021A0035505","Percent change in non-violent weighted clearance rate","Percent","239","units","0","v53079530","17.18","-3.50","","","","2"
"2017","Ottawa-Gatineau, Ontario/Quebec [24505/35505]","2021A0035505","Percent change in non-violent weighted clearance rate","Percent","239","units","0","v53079530","17.18","-2.09","","","","2"
"2018","Ottawa-Gatineau, Ontario/Quebec [24505/35505]","2021A0035505","Percent change in non-violent weighted clearance rate","Percent","239","units","0","v53079530","17.18","-4.46","","","","2"
"2019","Ottawa-Gatineau, Ontario/Quebec [24505/35505]","2021A0035505","Percent change in non-violent weighted clearance rate","Percent","239","units","0","v53079530","17.18","2.37","","","","2"
"2020","Ottawa-Gatineau, Ontario/Quebec [24505/35505]","2021A0035505","Percent change in non-violent weighted clearance rate","Percent","239","units","0","v53079530","17.18","-4.63","","","","2"
"2021","Ottawa-Gatineau, Ontario/Quebec [24505/35505]","2021A0035505","Percent change in non-violent weighted clearance rate","Percent","239","units","0","v53079530","17.18","-9.91","","","","2"


