﻿"REF_DATE","GEO","DGUID","Statistics","UOM","UOM_ID","SCALAR_FACTOR","SCALAR_ID","VECTOR","COORDINATE","VALUE","STATUS","SYMBOL","TERMINATED","DECIMALS"
"2010","Brantford, Ontario [35543]","2021A003535543","Crime severity index","Index","160","units","0","v52117758","45.1","99.70","","","","2"
"2011","Brantford, Ontario [35543]","2021A003535543","Crime severity index","Index","160","units","0","v52117758","45.1","91.60","","","","2"
"2012","Brantford, Ontario [35543]","2021A003535543","Crime severity index","Index","160","units","0","v52117758","45.1","92.34","","","","2"
"2013","Brantford, Ontario [35543]","2021A003535543","Crime severity index","Index","160","units","0","v52117758","45.1","83.66","","","","2"
"2014","Brantford, Ontario [35543]","2021A003535543","Crime severity index","Index","160","units","0","v52117758","45.1","75.28","","","","2"
"2015","Brantford, Ontario [35543]","2021A003535543","Crime severity index","Index","160","units","0","v52117758","45.1","77.66","","","","2"
"2016","Brantford, Ontario [35543]","2021A003535543","Crime severity index","Index","160","units","0","v52117758","45.1","87.92","","","","2"
"2017","Brantford, Ontario [35543]","2021A003535543","Crime severity index","Index","160","units","0","v52117758","45.1","87.91","","","","2"
"2018","Brantford, Ontario [35543]","2021A003535543","Crime severity index","Index","160","units","0","v52117758","45.1","93.06","","","","2"
"2019","Brantford, Ontario [35543]","2021A003535543","Crime severity index","Index","160","units","0","v52117758","45.1","83.60","","","","2"
"2020","Brantford, Ontario [35543]","2021A003535543","Crime severity index","Index","160","units","0","v52117758","45.1","81.03","","","","2"
"2021","Brantford, Ontario [35543]","2021A003535543","Crime severity index","Index","160","units","0","v52117758","45.1","75.71","","","","2"
"2010","Brantford, Ontario [35543]","2021A003535543","Percent change in crime severity index","Percent","239","units","0","v52117759","45.2","-5.99","","","","2"
"2011","Brantford, Ontario [35543]","2021A003535543","Percent change in crime severity index","Percent","239","units","0","v52117759","45.2","-8.12","","","","2"
"2012","Brantford, Ontario [35543]","2021A003535543","Percent change in crime severity index","Percent","239","units","0","v52117759","45.2","0.81","","","","2"
"2013","Brantford, Ontario [35543]","2021A003535543","Percent change in crime severity index","Percent","239","units","0","v52117759","45.2","-9.40","","","","2"
"2014","Brantford, Ontario [35543]","2021A003535543","Percent change in crime severity index","Percent","239","units","0","v52117759","45.2","-10.02","","","","2"
"2015","Brantford, Ontario [35543]","2021A003535543","Percent change in crime severity index","Percent","239","units","0","v52117759","45.2","3.16","","","","2"
"2016","Brantford, Ontario [35543]","2021A003535543","Percent change in crime severity index","Percent","239","units","0","v52117759","45.2","13.21","","","","2"
"2017","Brantford, Ontario [35543]","2021A003535543","Percent change in crime severity index","Percent","239","units","0","v52117759","45.2","-0.01","","","","2"
"2018","Brantford, Ontario [35543]","2021A003535543","Percent change in crime severity index","Percent","239","units","0","v52117759","45.2","5.86","","","","2"
"2019","Brantford, Ontario [35543]","2021A003535543","Percent change in crime severity index","Percent","239","units","0","v52117759","45.2","-10.17","","","","2"
"2020","Brantford, Ontario [35543]","2021A003535543","Percent change in crime severity index","Percent","239","units","0","v52117759","45.2","-3.07","","","","2"
"2021","Brantford, Ontario [35543]","2021A003535543","Percent change in crime severity index","Percent","239","units","0","v52117759","45.2","-6.57","","","","2"
"2010","Brantford, Ontario [35543]","2021A003535543","Violent crime severity index","Index","160","units","0","v52117760","45.3","93.62","","","","2"
"2011","Brantford, Ontario [35543]","2021A003535543","Violent crime severity index","Index","160","units","0","v52117760","45.3","87.61","","","","2"
"2012","Brantford, Ontario [35543]","2021A003535543","Violent crime severity index","Index","160","units","0","v52117760","45.3","67.88","","","","2"
"2013","Brantford, Ontario [35543]","2021A003535543","Violent crime severity index","Index","160","units","0","v52117760","45.3","73.75","","","","2"
"2014","Brantford, Ontario [35543]","2021A003535543","Violent crime severity index","Index","160","units","0","v52117760","45.3","67.49","","","","2"
"2015","Brantford, Ontario [35543]","2021A003535543","Violent crime severity index","Index","160","units","0","v52117760","45.3","70.33","","","","2"
"2016","Brantford, Ontario [35543]","2021A003535543","Violent crime severity index","Index","160","units","0","v52117760","45.3","89.04","","","","2"
"2017","Brantford, Ontario [35543]","2021A003535543","Violent crime severity index","Index","160","units","0","v52117760","45.3","95.64","","","","2"
"2018","Brantford, Ontario [35543]","2021A003535543","Violent crime severity index","Index","160","units","0","v52117760","45.3","99.42","","","","2"
"2019","Brantford, Ontario [35543]","2021A003535543","Violent crime severity index","Index","160","units","0","v52117760","45.3","101.00","","","","2"
"2020","Brantford, Ontario [35543]","2021A003535543","Violent crime severity index","Index","160","units","0","v52117760","45.3","95.83","","","","2"
"2021","Brantford, Ontario [35543]","2021A003535543","Violent crime severity index","Index","160","units","0","v52117760","45.3","87.33","","","","2"
"2010","Brantford, Ontario [35543]","2021A003535543","Percent change in violent crime severity index","Percent","239","units","0","v52117761","45.4","2.45","","","","2"
"2011","Brantford, Ontario [35543]","2021A003535543","Percent change in violent crime severity index","Percent","239","units","0","v52117761","45.4","-6.42","","","","2"
"2012","Brantford, Ontario [35543]","2021A003535543","Percent change in violent crime severity index","Percent","239","units","0","v52117761","45.4","-22.52","","","","2"
"2013","Brantford, Ontario [35543]","2021A003535543","Percent change in violent crime severity index","Percent","239","units","0","v52117761","45.4","8.65","","","","2"
"2014","Brantford, Ontario [35543]","2021A003535543","Percent change in violent crime severity index","Percent","239","units","0","v52117761","45.4","-8.49","","","","2"
"2015","Brantford, Ontario [35543]","2021A003535543","Percent change in violent crime severity index","Percent","239","units","0","v52117761","45.4","4.21","","","","2"
"2016","Brantford, Ontario [35543]","2021A003535543","Percent change in violent crime severity index","Percent","239","units","0","v52117761","45.4","26.60","","","","2"
"2017","Brantford, Ontario [35543]","2021A003535543","Percent change in violent crime severity index","Percent","239","units","0","v52117761","45.4","7.41","","","","2"
"2018","Brantford, Ontario [35543]","2021A003535543","Percent change in violent crime severity index","Percent","239","units","0","v52117761","45.4","3.95","","","","2"
"2019","Brantford, Ontario [35543]","2021A003535543","Percent change in violent crime severity index","Percent","239","units","0","v52117761","45.4","1.59","","","","2"
"2020","Brantford, Ontario [35543]","2021A003535543","Percent change in violent crime severity index","Percent","239","units","0","v52117761","45.4","-5.12","","","","2"
"2021","Brantford, Ontario [35543]","2021A003535543","Percent change in violent crime severity index","Percent","239","units","0","v52117761","45.4","-8.87","","","","2"
"2010","Brantford, Ontario [35543]","2021A003535543","Non-violent crime severity index","Index","160","units","0","v52117762","45.5","102.04","","","","2"
"2011","Brantford, Ontario [35543]","2021A003535543","Non-violent crime severity index","Index","160","units","0","v52117762","45.5","92.86","","","","2"
"2012","Brantford, Ontario [35543]","2021A003535543","Non-violent crime severity index","Index","160","units","0","v52117762","45.5","101.05","","","","2"
"2013","Brantford, Ontario [35543]","2021A003535543","Non-violent crime severity index","Index","160","units","0","v52117762","45.5","87.09","","","","2"
"2014","Brantford, Ontario [35543]","2021A003535543","Non-violent crime severity index","Index","160","units","0","v52117762","45.5","77.96","","","","2"
"2015","Brantford, Ontario [35543]","2021A003535543","Non-violent crime severity index","Index","160","units","0","v52117762","45.5","80.17","","","","2"
"2016","Brantford, Ontario [35543]","2021A003535543","Non-violent crime severity index","Index","160","units","0","v52117762","45.5","87.31","","","","2"
"2017","Brantford, Ontario [35543]","2021A003535543","Non-violent crime severity index","Index","160","units","0","v52117762","45.5","84.92","","","","2"
"2018","Brantford, Ontario [35543]","2021A003535543","Non-violent crime severity index","Index","160","units","0","v52117762","45.5","90.56","","","","2"
"2019","Brantford, Ontario [35543]","2021A003535543","Non-violent crime severity index","Index","160","units","0","v52117762","45.5","77.14","","","","2"
"2020","Brantford, Ontario [35543]","2021A003535543","Non-violent crime severity index","Index","160","units","0","v52117762","45.5","75.52","","","","2"
"2021","Brantford, Ontario [35543]","2021A003535543","Non-violent crime severity index","Index","160","units","0","v52117762","45.5","71.35","","","","2"
"2010","Brantford, Ontario [35543]","2021A003535543","Percent change in non-violent crime severity index","Percent","239","units","0","v52117763","45.6","-8.64","","","","2"
"2011","Brantford, Ontario [35543]","2021A003535543","Percent change in non-violent crime severity index","Percent","239","units","0","v52117763","45.6","-9.00","","","","2"
"2012","Brantford, Ontario [35543]","2021A003535543","Percent change in non-violent crime severity index","Percent","239","units","0","v52117763","45.6","8.82","","","","2"
"2013","Brantford, Ontario [35543]","2021A003535543","Percent change in non-violent crime severity index","Percent","239","units","0","v52117763","45.6","-13.81","","","","2"
"2014","Brantford, Ontario [35543]","2021A003535543","Percent change in non-violent crime severity index","Percent","239","units","0","v52117763","45.6","-10.48","","","","2"
"2015","Brantford, Ontario [35543]","2021A003535543","Percent change in non-violent crime severity index","Percent","239","units","0","v52117763","45.6","2.83","","","","2"
"2016","Brantford, Ontario [35543]","2021A003535543","Percent change in non-violent crime severity index","Percent","239","units","0","v52117763","45.6","8.91","","","","2"
"2017","Brantford, Ontario [35543]","2021A003535543","Percent change in non-violent crime severity index","Percent","239","units","0","v52117763","45.6","-2.74","","","","2"
"2018","Brantford, Ontario [35543]","2021A003535543","Percent change in non-violent crime severity index","Percent","239","units","0","v52117763","45.6","6.64","","","","2"
"2019","Brantford, Ontario [35543]","2021A003535543","Percent change in non-violent crime severity index","Percent","239","units","0","v52117763","45.6","-14.82","","","","2"
"2020","Brantford, Ontario [35543]","2021A003535543","Percent change in non-violent crime severity index","Percent","239","units","0","v52117763","45.6","-2.10","","","","2"
"2021","Brantford, Ontario [35543]","2021A003535543","Percent change in non-violent crime severity index","Percent","239","units","0","v52117763","45.6","-5.52","","","","2"
"2010","Brantford, Ontario [35543]","2021A003535543","Youth crime severity index","Index","160","units","0","v53079837","45.7","0.00","","","","2"
"2011","Brantford, Ontario [35543]","2021A003535543","Youth crime severity index","Index","160","units","0","v53079837","45.7","","..","","","2"
"2012","Brantford, Ontario [35543]","2021A003535543","Youth crime severity index","Index","160","units","0","v53079837","45.7","","..","","","2"
"2013","Brantford, Ontario [35543]","2021A003535543","Youth crime severity index","Index","160","units","0","v53079837","45.7","","..","","","2"
"2014","Brantford, Ontario [35543]","2021A003535543","Youth crime severity index","Index","160","units","0","v53079837","45.7","","..","","","2"
"2015","Brantford, Ontario [35543]","2021A003535543","Youth crime severity index","Index","160","units","0","v53079837","45.7","","..","","","2"
"2016","Brantford, Ontario [35543]","2021A003535543","Youth crime severity index","Index","160","units","0","v53079837","45.7","","..","","","2"
"2017","Brantford, Ontario [35543]","2021A003535543","Youth crime severity index","Index","160","units","0","v53079837","45.7","","..","","","2"
"2018","Brantford, Ontario [35543]","2021A003535543","Youth crime severity index","Index","160","units","0","v53079837","45.7","","..","","","2"
"2019","Brantford, Ontario [35543]","2021A003535543","Youth crime severity index","Index","160","units","0","v53079837","45.7","","..","","","2"
"2020","Brantford, Ontario [35543]","2021A003535543","Youth crime severity index","Index","160","units","0","v53079837","45.7","","..","","","2"
"2021","Brantford, Ontario [35543]","2021A003535543","Youth crime severity index","Index","160","units","0","v53079837","45.7","","..","","","2"
"2010","Brantford, Ontario [35543]","2021A003535543","Percent change in youth crime severity index","Percent","239","units","0","v87984906","45.8","0.00","","","","2"
"2011","Brantford, Ontario [35543]","2021A003535543","Percent change in youth crime severity index","Percent","239","units","0","v87984906","45.8","","..","","","2"
"2012","Brantford, Ontario [35543]","2021A003535543","Percent change in youth crime severity index","Percent","239","units","0","v87984906","45.8","","..","","","2"
"2013","Brantford, Ontario [35543]","2021A003535543","Percent change in youth crime severity index","Percent","239","units","0","v87984906","45.8","","..","","","2"
"2014","Brantford, Ontario [35543]","2021A003535543","Percent change in youth crime severity index","Percent","239","units","0","v87984906","45.8","","..","","","2"
"2015","Brantford, Ontario [35543]","2021A003535543","Percent change in youth crime severity index","Percent","239","units","0","v87984906","45.8","","..","","","2"
"2016","Brantford, Ontario [35543]","2021A003535543","Percent change in youth crime severity index","Percent","239","units","0","v87984906","45.8","","..","","","2"
"2017","Brantford, Ontario [35543]","2021A003535543","Percent change in youth crime severity index","Percent","239","units","0","v87984906","45.8","","..","","","2"
"2018","Brantford, Ontario [35543]","2021A003535543","Percent change in youth crime severity index","Percent","239","units","0","v87984906","45.8","","..","","","2"
"2019","Brantford, Ontario [35543]","2021A003535543","Percent change in youth crime severity index","Percent","239","units","0","v87984906","45.8","","..","","","2"
"2020","Brantford, Ontario [35543]","2021A003535543","Percent change in youth crime severity index","Percent","239","units","0","v87984906","45.8","","..","","","2"
"2021","Brantford, Ontario [35543]","2021A003535543","Percent change in youth crime severity index","Percent","239","units","0","v87984906","45.8","","..","","","2"
"2010","Brantford, Ontario [35543]","2021A003535543","Youth violent crime severity index","Index","160","units","0","v53079838","45.9","0.00","","","","2"
"2011","Brantford, Ontario [35543]","2021A003535543","Youth violent crime severity index","Index","160","units","0","v53079838","45.9","","..","","","2"
"2012","Brantford, Ontario [35543]","2021A003535543","Youth violent crime severity index","Index","160","units","0","v53079838","45.9","","..","","","2"
"2013","Brantford, Ontario [35543]","2021A003535543","Youth violent crime severity index","Index","160","units","0","v53079838","45.9","","..","","","2"
"2014","Brantford, Ontario [35543]","2021A003535543","Youth violent crime severity index","Index","160","units","0","v53079838","45.9","","..","","","2"
"2015","Brantford, Ontario [35543]","2021A003535543","Youth violent crime severity index","Index","160","units","0","v53079838","45.9","","..","","","2"
"2016","Brantford, Ontario [35543]","2021A003535543","Youth violent crime severity index","Index","160","units","0","v53079838","45.9","","..","","","2"
"2017","Brantford, Ontario [35543]","2021A003535543","Youth violent crime severity index","Index","160","units","0","v53079838","45.9","","..","","","2"
"2018","Brantford, Ontario [35543]","2021A003535543","Youth violent crime severity index","Index","160","units","0","v53079838","45.9","","..","","","2"
"2019","Brantford, Ontario [35543]","2021A003535543","Youth violent crime severity index","Index","160","units","0","v53079838","45.9","","..","","","2"
"2020","Brantford, Ontario [35543]","2021A003535543","Youth violent crime severity index","Index","160","units","0","v53079838","45.9","","..","","","2"
"2021","Brantford, Ontario [35543]","2021A003535543","Youth violent crime severity index","Index","160","units","0","v53079838","45.9","","..","","","2"
"2010","Brantford, Ontario [35543]","2021A003535543","Percent change in youth violent crime severity index","Percent","239","units","0","v87984907","45.10","0.00","","","","2"
"2011","Brantford, Ontario [35543]","2021A003535543","Percent change in youth violent crime severity index","Percent","239","units","0","v87984907","45.10","","..","","","2"
"2012","Brantford, Ontario [35543]","2021A003535543","Percent change in youth violent crime severity index","Percent","239","units","0","v87984907","45.10","","..","","","2"
"2013","Brantford, Ontario [35543]","2021A003535543","Percent change in youth violent crime severity index","Percent","239","units","0","v87984907","45.10","","..","","","2"
"2014","Brantford, Ontario [35543]","2021A003535543","Percent change in youth violent crime severity index","Percent","239","units","0","v87984907","45.10","","..","","","2"
"2015","Brantford, Ontario [35543]","2021A003535543","Percent change in youth violent crime severity index","Percent","239","units","0","v87984907","45.10","","..","","","2"
"2016","Brantford, Ontario [35543]","2021A003535543","Percent change in youth violent crime severity index","Percent","239","units","0","v87984907","45.10","","..","","","2"
"2017","Brantford, Ontario [35543]","2021A003535543","Percent change in youth violent crime severity index","Percent","239","units","0","v87984907","45.10","","..","","","2"
"2018","Brantford, Ontario [35543]","2021A003535543","Percent change in youth violent crime severity index","Percent","239","units","0","v87984907","45.10","","..","","","2"
"2019","Brantford, Ontario [35543]","2021A003535543","Percent change in youth violent crime severity index","Percent","239","units","0","v87984907","45.10","","..","","","2"
"2020","Brantford, Ontario [35543]","2021A003535543","Percent change in youth violent crime severity index","Percent","239","units","0","v87984907","45.10","","..","","","2"
"2021","Brantford, Ontario [35543]","2021A003535543","Percent change in youth violent crime severity index","Percent","239","units","0","v87984907","45.10","","..","","","2"
"2010","Brantford, Ontario [35543]","2021A003535543","Youth non-violent crime severity index","Index","160","units","0","v53079830","45.11","0.00","","","","2"
"2011","Brantford, Ontario [35543]","2021A003535543","Youth non-violent crime severity index","Index","160","units","0","v53079830","45.11","","..","","","2"
"2012","Brantford, Ontario [35543]","2021A003535543","Youth non-violent crime severity index","Index","160","units","0","v53079830","45.11","","..","","","2"
"2013","Brantford, Ontario [35543]","2021A003535543","Youth non-violent crime severity index","Index","160","units","0","v53079830","45.11","","..","","","2"
"2014","Brantford, Ontario [35543]","2021A003535543","Youth non-violent crime severity index","Index","160","units","0","v53079830","45.11","","..","","","2"
"2015","Brantford, Ontario [35543]","2021A003535543","Youth non-violent crime severity index","Index","160","units","0","v53079830","45.11","","..","","","2"
"2016","Brantford, Ontario [35543]","2021A003535543","Youth non-violent crime severity index","Index","160","units","0","v53079830","45.11","","..","","","2"
"2017","Brantford, Ontario [35543]","2021A003535543","Youth non-violent crime severity index","Index","160","units","0","v53079830","45.11","","..","","","2"
"2018","Brantford, Ontario [35543]","2021A003535543","Youth non-violent crime severity index","Index","160","units","0","v53079830","45.11","","..","","","2"
"2019","Brantford, Ontario [35543]","2021A003535543","Youth non-violent crime severity index","Index","160","units","0","v53079830","45.11","","..","","","2"
"2020","Brantford, Ontario [35543]","2021A003535543","Youth non-violent crime severity index","Index","160","units","0","v53079830","45.11","","..","","","2"
"2021","Brantford, Ontario [35543]","2021A003535543","Youth non-violent crime severity index","Index","160","units","0","v53079830","45.11","","..","","","2"
"2010","Brantford, Ontario [35543]","2021A003535543","Percent change in youth non-violent crime severity index","Percent","239","units","0","v87984908","45.12","0.00","","","","2"
"2011","Brantford, Ontario [35543]","2021A003535543","Percent change in youth non-violent crime severity index","Percent","239","units","0","v87984908","45.12","","..","","","2"
"2012","Brantford, Ontario [35543]","2021A003535543","Percent change in youth non-violent crime severity index","Percent","239","units","0","v87984908","45.12","","..","","","2"
"2013","Brantford, Ontario [35543]","2021A003535543","Percent change in youth non-violent crime severity index","Percent","239","units","0","v87984908","45.12","","..","","","2"
"2014","Brantford, Ontario [35543]","2021A003535543","Percent change in youth non-violent crime severity index","Percent","239","units","0","v87984908","45.12","","..","","","2"
"2015","Brantford, Ontario [35543]","2021A003535543","Percent change in youth non-violent crime severity index","Percent","239","units","0","v87984908","45.12","","..","","","2"
"2016","Brantford, Ontario [35543]","2021A003535543","Percent change in youth non-violent crime severity index","Percent","239","units","0","v87984908","45.12","","..","","","2"
"2017","Brantford, Ontario [35543]","2021A003535543","Percent change in youth non-violent crime severity index","Percent","239","units","0","v87984908","45.12","","..","","","2"
"2018","Brantford, Ontario [35543]","2021A003535543","Percent change in youth non-violent crime severity index","Percent","239","units","0","v87984908","45.12","","..","","","2"
"2019","Brantford, Ontario [35543]","2021A003535543","Percent change in youth non-violent crime severity index","Percent","239","units","0","v87984908","45.12","","..","","","2"
"2020","Brantford, Ontario [35543]","2021A003535543","Percent change in youth non-violent crime severity index","Percent","239","units","0","v87984908","45.12","","..","","","2"
"2021","Brantford, Ontario [35543]","2021A003535543","Percent change in youth non-violent crime severity index","Percent","239","units","0","v87984908","45.12","","..","","","2"
"2010","Brantford, Ontario [35543]","2021A003535543","Weighted clearance rate","Number","223","units","0","v53079831","45.13","39.03","","","","2"
"2011","Brantford, Ontario [35543]","2021A003535543","Weighted clearance rate","Number","223","units","0","v53079831","45.13","41.56","","","","2"
"2012","Brantford, Ontario [35543]","2021A003535543","Weighted clearance rate","Number","223","units","0","v53079831","45.13","35.61","","","","2"
"2013","Brantford, Ontario [35543]","2021A003535543","Weighted clearance rate","Number","223","units","0","v53079831","45.13","39.86","","","","2"
"2014","Brantford, Ontario [35543]","2021A003535543","Weighted clearance rate","Number","223","units","0","v53079831","45.13","39.78","","","","2"
"2015","Brantford, Ontario [35543]","2021A003535543","Weighted clearance rate","Number","223","units","0","v53079831","45.13","36.83","","","","2"
"2016","Brantford, Ontario [35543]","2021A003535543","Weighted clearance rate","Number","223","units","0","v53079831","45.13","38.43","","","","2"
"2017","Brantford, Ontario [35543]","2021A003535543","Weighted clearance rate","Number","223","units","0","v53079831","45.13","38.11","","","","2"
"2018","Brantford, Ontario [35543]","2021A003535543","Weighted clearance rate","Number","223","units","0","v53079831","45.13","42.00","","","","2"
"2019","Brantford, Ontario [35543]","2021A003535543","Weighted clearance rate","Number","223","units","0","v53079831","45.13","51.86","","","","2"
"2020","Brantford, Ontario [35543]","2021A003535543","Weighted clearance rate","Number","223","units","0","v53079831","45.13","57.20","","","","2"
"2021","Brantford, Ontario [35543]","2021A003535543","Weighted clearance rate","Number","223","units","0","v53079831","45.13","60.36","","","","2"
"2010","Brantford, Ontario [35543]","2021A003535543","Percent change in weighted clearance rate","Percent","239","units","0","v53079832","45.14","1.96","","","","2"
"2011","Brantford, Ontario [35543]","2021A003535543","Percent change in weighted clearance rate","Percent","239","units","0","v53079832","45.14","6.48","","","","2"
"2012","Brantford, Ontario [35543]","2021A003535543","Percent change in weighted clearance rate","Percent","239","units","0","v53079832","45.14","-14.32","","","","2"
"2013","Brantford, Ontario [35543]","2021A003535543","Percent change in weighted clearance rate","Percent","239","units","0","v53079832","45.14","11.93","","","","2"
"2014","Brantford, Ontario [35543]","2021A003535543","Percent change in weighted clearance rate","Percent","239","units","0","v53079832","45.14","-0.20","","","","2"
"2015","Brantford, Ontario [35543]","2021A003535543","Percent change in weighted clearance rate","Percent","239","units","0","v53079832","45.14","-7.42","","","","2"
"2016","Brantford, Ontario [35543]","2021A003535543","Percent change in weighted clearance rate","Percent","239","units","0","v53079832","45.14","4.34","","","","2"
"2017","Brantford, Ontario [35543]","2021A003535543","Percent change in weighted clearance rate","Percent","239","units","0","v53079832","45.14","-0.83","","","","2"
"2018","Brantford, Ontario [35543]","2021A003535543","Percent change in weighted clearance rate","Percent","239","units","0","v53079832","45.14","10.21","","","","2"
"2019","Brantford, Ontario [35543]","2021A003535543","Percent change in weighted clearance rate","Percent","239","units","0","v53079832","45.14","23.48","","","","2"
"2020","Brantford, Ontario [35543]","2021A003535543","Percent change in weighted clearance rate","Percent","239","units","0","v53079832","45.14","10.30","","","","2"
"2021","Brantford, Ontario [35543]","2021A003535543","Percent change in weighted clearance rate","Percent","239","units","0","v53079832","45.14","5.52","","","","2"
"2010","Brantford, Ontario [35543]","2021A003535543","Violent weighted clearance rate","Number","223","units","0","v53079833","45.15","65.24","","","","2"
"2011","Brantford, Ontario [35543]","2021A003535543","Violent weighted clearance rate","Number","223","units","0","v53079833","45.15","69.90","","","","2"
"2012","Brantford, Ontario [35543]","2021A003535543","Violent weighted clearance rate","Number","223","units","0","v53079833","45.15","64.68","","","","2"
"2013","Brantford, Ontario [35543]","2021A003535543","Violent weighted clearance rate","Number","223","units","0","v53079833","45.15","69.55","","","","2"
"2014","Brantford, Ontario [35543]","2021A003535543","Violent weighted clearance rate","Number","223","units","0","v53079833","45.15","67.74","","","","2"
"2015","Brantford, Ontario [35543]","2021A003535543","Violent weighted clearance rate","Number","223","units","0","v53079833","45.15","62.28","","","","2"
"2016","Brantford, Ontario [35543]","2021A003535543","Violent weighted clearance rate","Number","223","units","0","v53079833","45.15","64.65","","","","2"
"2017","Brantford, Ontario [35543]","2021A003535543","Violent weighted clearance rate","Number","223","units","0","v53079833","45.15","61.39","","","","2"
"2018","Brantford, Ontario [35543]","2021A003535543","Violent weighted clearance rate","Number","223","units","0","v53079833","45.15","68.66","","","","2"
"2019","Brantford, Ontario [35543]","2021A003535543","Violent weighted clearance rate","Number","223","units","0","v53079833","45.15","77.47","","","","2"
"2020","Brantford, Ontario [35543]","2021A003535543","Violent weighted clearance rate","Number","223","units","0","v53079833","45.15","69.94","","","","2"
"2021","Brantford, Ontario [35543]","2021A003535543","Violent weighted clearance rate","Number","223","units","0","v53079833","45.15","74.10","","","","2"
"2010","Brantford, Ontario [35543]","2021A003535543","Percent change in violent weighted clearance rate","Percent","239","units","0","v53079834","45.16","-10.21","","","","2"
"2011","Brantford, Ontario [35543]","2021A003535543","Percent change in violent weighted clearance rate","Percent","239","units","0","v53079834","45.16","7.14","","","","2"
"2012","Brantford, Ontario [35543]","2021A003535543","Percent change in violent weighted clearance rate","Percent","239","units","0","v53079834","45.16","-7.47","","","","2"
"2013","Brantford, Ontario [35543]","2021A003535543","Percent change in violent weighted clearance rate","Percent","239","units","0","v53079834","45.16","7.53","","","","2"
"2014","Brantford, Ontario [35543]","2021A003535543","Percent change in violent weighted clearance rate","Percent","239","units","0","v53079834","45.16","-2.60","","","","2"
"2015","Brantford, Ontario [35543]","2021A003535543","Percent change in violent weighted clearance rate","Percent","239","units","0","v53079834","45.16","-8.06","","","","2"
"2016","Brantford, Ontario [35543]","2021A003535543","Percent change in violent weighted clearance rate","Percent","239","units","0","v53079834","45.16","3.81","","","","2"
"2017","Brantford, Ontario [35543]","2021A003535543","Percent change in violent weighted clearance rate","Percent","239","units","0","v53079834","45.16","-5.04","","","","2"
"2018","Brantford, Ontario [35543]","2021A003535543","Percent change in violent weighted clearance rate","Percent","239","units","0","v53079834","45.16","11.84","","","","2"
"2019","Brantford, Ontario [35543]","2021A003535543","Percent change in violent weighted clearance rate","Percent","239","units","0","v53079834","45.16","12.83","","","","2"
"2020","Brantford, Ontario [35543]","2021A003535543","Percent change in violent weighted clearance rate","Percent","239","units","0","v53079834","45.16","-9.72","","","","2"
"2021","Brantford, Ontario [35543]","2021A003535543","Percent change in violent weighted clearance rate","Percent","239","units","0","v53079834","45.16","5.95","","","","2"
"2010","Brantford, Ontario [35543]","2021A003535543","Non-violent weighted clearance rate","Number","223","units","0","v53079835","45.17","29.79","","","","2"
"2011","Brantford, Ontario [35543]","2021A003535543","Non-violent weighted clearance rate","Number","223","units","0","v53079835","45.17","31.83","","","","2"
"2012","Brantford, Ontario [35543]","2021A003535543","Non-violent weighted clearance rate","Number","223","units","0","v53079835","45.17","28.50","","","","2"
"2013","Brantford, Ontario [35543]","2021A003535543","Non-violent weighted clearance rate","Number","223","units","0","v53079835","45.17","30.71","","","","2"
"2014","Brantford, Ontario [35543]","2021A003535543","Non-violent weighted clearance rate","Number","223","units","0","v53079835","45.17","30.98","","","","2"
"2015","Brantford, Ontario [35543]","2021A003535543","Non-violent weighted clearance rate","Number","223","units","0","v53079835","45.17","28.70","","","","2"
"2016","Brantford, Ontario [35543]","2021A003535543","Non-violent weighted clearance rate","Number","223","units","0","v53079835","45.17","28.81","","","","2"
"2017","Brantford, Ontario [35543]","2021A003535543","Non-violent weighted clearance rate","Number","223","units","0","v53079835","45.17","28.68","","","","2"
"2018","Brantford, Ontario [35543]","2021A003535543","Non-violent weighted clearance rate","Number","223","units","0","v53079835","45.17","31.48","","","","2"
"2019","Brantford, Ontario [35543]","2021A003535543","Non-violent weighted clearance rate","Number","223","units","0","v53079835","45.17","39.81","","","","2"
"2020","Brantford, Ontario [35543]","2021A003535543","Non-violent weighted clearance rate","Number","223","units","0","v53079835","45.17","51.38","","","","2"
"2021","Brantford, Ontario [35543]","2021A003535543","Non-violent weighted clearance rate","Number","223","units","0","v53079835","45.17","54.31","","","","2"
"2010","Brantford, Ontario [35543]","2021A003535543","Percent change in non-violent weighted clearance rate","Percent","239","units","0","v53079836","45.18","8.49","","","","2"
"2011","Brantford, Ontario [35543]","2021A003535543","Percent change in non-violent weighted clearance rate","Percent","239","units","0","v53079836","45.18","6.85","","","","2"
"2012","Brantford, Ontario [35543]","2021A003535543","Percent change in non-violent weighted clearance rate","Percent","239","units","0","v53079836","45.18","-10.46","","","","2"
"2013","Brantford, Ontario [35543]","2021A003535543","Percent change in non-violent weighted clearance rate","Percent","239","units","0","v53079836","45.18","7.75","","","","2"
"2014","Brantford, Ontario [35543]","2021A003535543","Percent change in non-violent weighted clearance rate","Percent","239","units","0","v53079836","45.18","0.88","","","","2"
"2015","Brantford, Ontario [35543]","2021A003535543","Percent change in non-violent weighted clearance rate","Percent","239","units","0","v53079836","45.18","-7.36","","","","2"
"2016","Brantford, Ontario [35543]","2021A003535543","Percent change in non-violent weighted clearance rate","Percent","239","units","0","v53079836","45.18","0.38","","","","2"
"2017","Brantford, Ontario [35543]","2021A003535543","Percent change in non-violent weighted clearance rate","Percent","239","units","0","v53079836","45.18","-0.45","","","","2"
"2018","Brantford, Ontario [35543]","2021A003535543","Percent change in non-violent weighted clearance rate","Percent","239","units","0","v53079836","45.18","9.76","","","","2"
"2019","Brantford, Ontario [35543]","2021A003535543","Percent change in non-violent weighted clearance rate","Percent","239","units","0","v53079836","45.18","26.46","","","","2"
"2020","Brantford, Ontario [35543]","2021A003535543","Percent change in non-violent weighted clearance rate","Percent","239","units","0","v53079836","45.18","29.06","","","","2"
"2021","Brantford, Ontario [35543]","2021A003535543","Percent change in non-violent weighted clearance rate","Percent","239","units","0","v53079836","45.18","5.70","","","","2"


