﻿"REF_DATE","GEO","DGUID","Statistics","UOM","UOM_ID","SCALAR_FACTOR","SCALAR_ID","VECTOR","COORDINATE","VALUE","STATUS","SYMBOL","TERMINATED","DECIMALS"
"2010","Guelph, Ontario [35550]","2021A003535550","Crime severity index","Index","160","units","0","v52117764","46.1","50.71","","","","2"
"2011","Guelph, Ontario [35550]","2021A003535550","Crime severity index","Index","160","units","0","v52117764","46.1","47.86","","","","2"
"2012","Guelph, Ontario [35550]","2021A003535550","Crime severity index","Index","160","units","0","v52117764","46.1","50.79","","","","2"
"2013","Guelph, Ontario [35550]","2021A003535550","Crime severity index","Index","160","units","0","v52117764","46.1","43.20","","","","2"
"2014","Guelph, Ontario [35550]","2021A003535550","Crime severity index","Index","160","units","0","v52117764","46.1","48.28","","","","2"
"2015","Guelph, Ontario [35550]","2021A003535550","Crime severity index","Index","160","units","0","v52117764","46.1","49.35","","","","2"
"2016","Guelph, Ontario [35550]","2021A003535550","Crime severity index","Index","160","units","0","v52117764","46.1","54.60","","","","2"
"2017","Guelph, Ontario [35550]","2021A003535550","Crime severity index","Index","160","units","0","v52117764","46.1","65.83","","","","2"
"2018","Guelph, Ontario [35550]","2021A003535550","Crime severity index","Index","160","units","0","v52117764","46.1","70.97","","","","2"
"2019","Guelph, Ontario [35550]","2021A003535550","Crime severity index","Index","160","units","0","v52117764","46.1","65.29","","","","2"
"2020","Guelph, Ontario [35550]","2021A003535550","Crime severity index","Index","160","units","0","v52117764","46.1","63.22","","","","2"
"2021","Guelph, Ontario [35550]","2021A003535550","Crime severity index","Index","160","units","0","v52117764","46.1","58.22","","","","2"
"2010","Guelph, Ontario [35550]","2021A003535550","Percent change in crime severity index","Percent","239","units","0","v52117765","46.2","-15.36","","","","2"
"2011","Guelph, Ontario [35550]","2021A003535550","Percent change in crime severity index","Percent","239","units","0","v52117765","46.2","-5.62","","","","2"
"2012","Guelph, Ontario [35550]","2021A003535550","Percent change in crime severity index","Percent","239","units","0","v52117765","46.2","6.12","","","","2"
"2013","Guelph, Ontario [35550]","2021A003535550","Percent change in crime severity index","Percent","239","units","0","v52117765","46.2","-14.94","","","","2"
"2014","Guelph, Ontario [35550]","2021A003535550","Percent change in crime severity index","Percent","239","units","0","v52117765","46.2","11.76","","","","2"
"2015","Guelph, Ontario [35550]","2021A003535550","Percent change in crime severity index","Percent","239","units","0","v52117765","46.2","2.22","","","","2"
"2016","Guelph, Ontario [35550]","2021A003535550","Percent change in crime severity index","Percent","239","units","0","v52117765","46.2","10.64","","","","2"
"2017","Guelph, Ontario [35550]","2021A003535550","Percent change in crime severity index","Percent","239","units","0","v52117765","46.2","20.57","","","","2"
"2018","Guelph, Ontario [35550]","2021A003535550","Percent change in crime severity index","Percent","239","units","0","v52117765","46.2","7.81","","","","2"
"2019","Guelph, Ontario [35550]","2021A003535550","Percent change in crime severity index","Percent","239","units","0","v52117765","46.2","-8.00","","","","2"
"2020","Guelph, Ontario [35550]","2021A003535550","Percent change in crime severity index","Percent","239","units","0","v52117765","46.2","-3.17","","","","2"
"2021","Guelph, Ontario [35550]","2021A003535550","Percent change in crime severity index","Percent","239","units","0","v52117765","46.2","-7.91","","","","2"
"2010","Guelph, Ontario [35550]","2021A003535550","Violent crime severity index","Index","160","units","0","v52117766","46.3","44.83","","","","2"
"2011","Guelph, Ontario [35550]","2021A003535550","Violent crime severity index","Index","160","units","0","v52117766","46.3","50.21","","","","2"
"2012","Guelph, Ontario [35550]","2021A003535550","Violent crime severity index","Index","160","units","0","v52117766","46.3","53.28","","","","2"
"2013","Guelph, Ontario [35550]","2021A003535550","Violent crime severity index","Index","160","units","0","v52117766","46.3","42.45","","","","2"
"2014","Guelph, Ontario [35550]","2021A003535550","Violent crime severity index","Index","160","units","0","v52117766","46.3","47.10","","","","2"
"2015","Guelph, Ontario [35550]","2021A003535550","Violent crime severity index","Index","160","units","0","v52117766","46.3","47.74","","","","2"
"2016","Guelph, Ontario [35550]","2021A003535550","Violent crime severity index","Index","160","units","0","v52117766","46.3","49.87","","","","2"
"2017","Guelph, Ontario [35550]","2021A003535550","Violent crime severity index","Index","160","units","0","v52117766","46.3","59.16","","","","2"
"2018","Guelph, Ontario [35550]","2021A003535550","Violent crime severity index","Index","160","units","0","v52117766","46.3","62.56","","","","2"
"2019","Guelph, Ontario [35550]","2021A003535550","Violent crime severity index","Index","160","units","0","v52117766","46.3","52.63","","","","2"
"2020","Guelph, Ontario [35550]","2021A003535550","Violent crime severity index","Index","160","units","0","v52117766","46.3","66.33","","","","2"
"2021","Guelph, Ontario [35550]","2021A003535550","Violent crime severity index","Index","160","units","0","v52117766","46.3","51.55","","","","2"
"2010","Guelph, Ontario [35550]","2021A003535550","Percent change in violent crime severity index","Percent","239","units","0","v52117767","46.4","-12.54","","","","2"
"2011","Guelph, Ontario [35550]","2021A003535550","Percent change in violent crime severity index","Percent","239","units","0","v52117767","46.4","12.00","","","","2"
"2012","Guelph, Ontario [35550]","2021A003535550","Percent change in violent crime severity index","Percent","239","units","0","v52117767","46.4","6.11","","","","2"
"2013","Guelph, Ontario [35550]","2021A003535550","Percent change in violent crime severity index","Percent","239","units","0","v52117767","46.4","-20.33","","","","2"
"2014","Guelph, Ontario [35550]","2021A003535550","Percent change in violent crime severity index","Percent","239","units","0","v52117767","46.4","10.95","","","","2"
"2015","Guelph, Ontario [35550]","2021A003535550","Percent change in violent crime severity index","Percent","239","units","0","v52117767","46.4","1.36","","","","2"
"2016","Guelph, Ontario [35550]","2021A003535550","Percent change in violent crime severity index","Percent","239","units","0","v52117767","46.4","4.46","","","","2"
"2017","Guelph, Ontario [35550]","2021A003535550","Percent change in violent crime severity index","Percent","239","units","0","v52117767","46.4","18.63","","","","2"
"2018","Guelph, Ontario [35550]","2021A003535550","Percent change in violent crime severity index","Percent","239","units","0","v52117767","46.4","5.75","","","","2"
"2019","Guelph, Ontario [35550]","2021A003535550","Percent change in violent crime severity index","Percent","239","units","0","v52117767","46.4","-15.87","","","","2"
"2020","Guelph, Ontario [35550]","2021A003535550","Percent change in violent crime severity index","Percent","239","units","0","v52117767","46.4","26.03","","","","2"
"2021","Guelph, Ontario [35550]","2021A003535550","Percent change in violent crime severity index","Percent","239","units","0","v52117767","46.4","-22.28","","","","2"
"2010","Guelph, Ontario [35550]","2021A003535550","Non-violent crime severity index","Index","160","units","0","v52117768","46.5","52.96","","","","2"
"2011","Guelph, Ontario [35550]","2021A003535550","Non-violent crime severity index","Index","160","units","0","v52117768","46.5","46.90","","","","2"
"2012","Guelph, Ontario [35550]","2021A003535550","Non-violent crime severity index","Index","160","units","0","v52117768","46.5","49.79","","","","2"
"2013","Guelph, Ontario [35550]","2021A003535550","Non-violent crime severity index","Index","160","units","0","v52117768","46.5","43.38","","","","2"
"2014","Guelph, Ontario [35550]","2021A003535550","Non-violent crime severity index","Index","160","units","0","v52117768","46.5","48.61","","","","2"
"2015","Guelph, Ontario [35550]","2021A003535550","Non-violent crime severity index","Index","160","units","0","v52117768","46.5","49.84","","","","2"
"2016","Guelph, Ontario [35550]","2021A003535550","Non-violent crime severity index","Index","160","units","0","v52117768","46.5","56.17","","","","2"
"2017","Guelph, Ontario [35550]","2021A003535550","Non-violent crime severity index","Index","160","units","0","v52117768","46.5","68.08","","","","2"
"2018","Guelph, Ontario [35550]","2021A003535550","Non-violent crime severity index","Index","160","units","0","v52117768","46.5","73.82","","","","2"
"2019","Guelph, Ontario [35550]","2021A003535550","Non-violent crime severity index","Index","160","units","0","v52117768","46.5","69.69","","","","2"
"2020","Guelph, Ontario [35550]","2021A003535550","Non-violent crime severity index","Index","160","units","0","v52117768","46.5","61.95","","","","2"
"2021","Guelph, Ontario [35550]","2021A003535550","Non-violent crime severity index","Index","160","units","0","v52117768","46.5","60.48","","","","2"
"2010","Guelph, Ontario [35550]","2021A003535550","Percent change in non-violent crime severity index","Percent","239","units","0","v52117769","46.6","-16.26","","","","2"
"2011","Guelph, Ontario [35550]","2021A003535550","Percent change in non-violent crime severity index","Percent","239","units","0","v52117769","46.6","-11.44","","","","2"
"2012","Guelph, Ontario [35550]","2021A003535550","Percent change in non-violent crime severity index","Percent","239","units","0","v52117769","46.6","6.16","","","","2"
"2013","Guelph, Ontario [35550]","2021A003535550","Percent change in non-violent crime severity index","Percent","239","units","0","v52117769","46.6","-12.87","","","","2"
"2014","Guelph, Ontario [35550]","2021A003535550","Percent change in non-violent crime severity index","Percent","239","units","0","v52117769","46.6","12.06","","","","2"
"2015","Guelph, Ontario [35550]","2021A003535550","Percent change in non-violent crime severity index","Percent","239","units","0","v52117769","46.6","2.53","","","","2"
"2016","Guelph, Ontario [35550]","2021A003535550","Percent change in non-violent crime severity index","Percent","239","units","0","v52117769","46.6","12.70","","","","2"
"2017","Guelph, Ontario [35550]","2021A003535550","Percent change in non-violent crime severity index","Percent","239","units","0","v52117769","46.6","21.20","","","","2"
"2018","Guelph, Ontario [35550]","2021A003535550","Percent change in non-violent crime severity index","Percent","239","units","0","v52117769","46.6","8.43","","","","2"
"2019","Guelph, Ontario [35550]","2021A003535550","Percent change in non-violent crime severity index","Percent","239","units","0","v52117769","46.6","-5.59","","","","2"
"2020","Guelph, Ontario [35550]","2021A003535550","Percent change in non-violent crime severity index","Percent","239","units","0","v52117769","46.6","-11.11","","","","2"
"2021","Guelph, Ontario [35550]","2021A003535550","Percent change in non-violent crime severity index","Percent","239","units","0","v52117769","46.6","-2.37","","","","2"
"2010","Guelph, Ontario [35550]","2021A003535550","Youth crime severity index","Index","160","units","0","v53079846","46.7","0.00","","","","2"
"2011","Guelph, Ontario [35550]","2021A003535550","Youth crime severity index","Index","160","units","0","v53079846","46.7","","..","","","2"
"2012","Guelph, Ontario [35550]","2021A003535550","Youth crime severity index","Index","160","units","0","v53079846","46.7","","..","","","2"
"2013","Guelph, Ontario [35550]","2021A003535550","Youth crime severity index","Index","160","units","0","v53079846","46.7","","..","","","2"
"2014","Guelph, Ontario [35550]","2021A003535550","Youth crime severity index","Index","160","units","0","v53079846","46.7","","..","","","2"
"2015","Guelph, Ontario [35550]","2021A003535550","Youth crime severity index","Index","160","units","0","v53079846","46.7","","..","","","2"
"2016","Guelph, Ontario [35550]","2021A003535550","Youth crime severity index","Index","160","units","0","v53079846","46.7","","..","","","2"
"2017","Guelph, Ontario [35550]","2021A003535550","Youth crime severity index","Index","160","units","0","v53079846","46.7","","..","","","2"
"2018","Guelph, Ontario [35550]","2021A003535550","Youth crime severity index","Index","160","units","0","v53079846","46.7","","..","","","2"
"2019","Guelph, Ontario [35550]","2021A003535550","Youth crime severity index","Index","160","units","0","v53079846","46.7","","..","","","2"
"2020","Guelph, Ontario [35550]","2021A003535550","Youth crime severity index","Index","160","units","0","v53079846","46.7","","..","","","2"
"2021","Guelph, Ontario [35550]","2021A003535550","Youth crime severity index","Index","160","units","0","v53079846","46.7","","..","","","2"
"2010","Guelph, Ontario [35550]","2021A003535550","Percent change in youth crime severity index","Percent","239","units","0","v87984909","46.8","0.00","","","","2"
"2011","Guelph, Ontario [35550]","2021A003535550","Percent change in youth crime severity index","Percent","239","units","0","v87984909","46.8","","..","","","2"
"2012","Guelph, Ontario [35550]","2021A003535550","Percent change in youth crime severity index","Percent","239","units","0","v87984909","46.8","","..","","","2"
"2013","Guelph, Ontario [35550]","2021A003535550","Percent change in youth crime severity index","Percent","239","units","0","v87984909","46.8","","..","","","2"
"2014","Guelph, Ontario [35550]","2021A003535550","Percent change in youth crime severity index","Percent","239","units","0","v87984909","46.8","","..","","","2"
"2015","Guelph, Ontario [35550]","2021A003535550","Percent change in youth crime severity index","Percent","239","units","0","v87984909","46.8","","..","","","2"
"2016","Guelph, Ontario [35550]","2021A003535550","Percent change in youth crime severity index","Percent","239","units","0","v87984909","46.8","","..","","","2"
"2017","Guelph, Ontario [35550]","2021A003535550","Percent change in youth crime severity index","Percent","239","units","0","v87984909","46.8","","..","","","2"
"2018","Guelph, Ontario [35550]","2021A003535550","Percent change in youth crime severity index","Percent","239","units","0","v87984909","46.8","","..","","","2"
"2019","Guelph, Ontario [35550]","2021A003535550","Percent change in youth crime severity index","Percent","239","units","0","v87984909","46.8","","..","","","2"
"2020","Guelph, Ontario [35550]","2021A003535550","Percent change in youth crime severity index","Percent","239","units","0","v87984909","46.8","","..","","","2"
"2021","Guelph, Ontario [35550]","2021A003535550","Percent change in youth crime severity index","Percent","239","units","0","v87984909","46.8","","..","","","2"
"2010","Guelph, Ontario [35550]","2021A003535550","Youth violent crime severity index","Index","160","units","0","v53079847","46.9","0.00","","","","2"
"2011","Guelph, Ontario [35550]","2021A003535550","Youth violent crime severity index","Index","160","units","0","v53079847","46.9","","..","","","2"
"2012","Guelph, Ontario [35550]","2021A003535550","Youth violent crime severity index","Index","160","units","0","v53079847","46.9","","..","","","2"
"2013","Guelph, Ontario [35550]","2021A003535550","Youth violent crime severity index","Index","160","units","0","v53079847","46.9","","..","","","2"
"2014","Guelph, Ontario [35550]","2021A003535550","Youth violent crime severity index","Index","160","units","0","v53079847","46.9","","..","","","2"
"2015","Guelph, Ontario [35550]","2021A003535550","Youth violent crime severity index","Index","160","units","0","v53079847","46.9","","..","","","2"
"2016","Guelph, Ontario [35550]","2021A003535550","Youth violent crime severity index","Index","160","units","0","v53079847","46.9","","..","","","2"
"2017","Guelph, Ontario [35550]","2021A003535550","Youth violent crime severity index","Index","160","units","0","v53079847","46.9","","..","","","2"
"2018","Guelph, Ontario [35550]","2021A003535550","Youth violent crime severity index","Index","160","units","0","v53079847","46.9","","..","","","2"
"2019","Guelph, Ontario [35550]","2021A003535550","Youth violent crime severity index","Index","160","units","0","v53079847","46.9","","..","","","2"
"2020","Guelph, Ontario [35550]","2021A003535550","Youth violent crime severity index","Index","160","units","0","v53079847","46.9","","..","","","2"
"2021","Guelph, Ontario [35550]","2021A003535550","Youth violent crime severity index","Index","160","units","0","v53079847","46.9","","..","","","2"
"2010","Guelph, Ontario [35550]","2021A003535550","Percent change in youth violent crime severity index","Percent","239","units","0","v87984910","46.10","0.00","","","","2"
"2011","Guelph, Ontario [35550]","2021A003535550","Percent change in youth violent crime severity index","Percent","239","units","0","v87984910","46.10","","..","","","2"
"2012","Guelph, Ontario [35550]","2021A003535550","Percent change in youth violent crime severity index","Percent","239","units","0","v87984910","46.10","","..","","","2"
"2013","Guelph, Ontario [35550]","2021A003535550","Percent change in youth violent crime severity index","Percent","239","units","0","v87984910","46.10","","..","","","2"
"2014","Guelph, Ontario [35550]","2021A003535550","Percent change in youth violent crime severity index","Percent","239","units","0","v87984910","46.10","","..","","","2"
"2015","Guelph, Ontario [35550]","2021A003535550","Percent change in youth violent crime severity index","Percent","239","units","0","v87984910","46.10","","..","","","2"
"2016","Guelph, Ontario [35550]","2021A003535550","Percent change in youth violent crime severity index","Percent","239","units","0","v87984910","46.10","","..","","","2"
"2017","Guelph, Ontario [35550]","2021A003535550","Percent change in youth violent crime severity index","Percent","239","units","0","v87984910","46.10","","..","","","2"
"2018","Guelph, Ontario [35550]","2021A003535550","Percent change in youth violent crime severity index","Percent","239","units","0","v87984910","46.10","","..","","","2"
"2019","Guelph, Ontario [35550]","2021A003535550","Percent change in youth violent crime severity index","Percent","239","units","0","v87984910","46.10","","..","","","2"
"2020","Guelph, Ontario [35550]","2021A003535550","Percent change in youth violent crime severity index","Percent","239","units","0","v87984910","46.10","","..","","","2"
"2021","Guelph, Ontario [35550]","2021A003535550","Percent change in youth violent crime severity index","Percent","239","units","0","v87984910","46.10","","..","","","2"
"2010","Guelph, Ontario [35550]","2021A003535550","Youth non-violent crime severity index","Index","160","units","0","v53079839","46.11","0.00","","","","2"
"2011","Guelph, Ontario [35550]","2021A003535550","Youth non-violent crime severity index","Index","160","units","0","v53079839","46.11","","..","","","2"
"2012","Guelph, Ontario [35550]","2021A003535550","Youth non-violent crime severity index","Index","160","units","0","v53079839","46.11","","..","","","2"
"2013","Guelph, Ontario [35550]","2021A003535550","Youth non-violent crime severity index","Index","160","units","0","v53079839","46.11","","..","","","2"
"2014","Guelph, Ontario [35550]","2021A003535550","Youth non-violent crime severity index","Index","160","units","0","v53079839","46.11","","..","","","2"
"2015","Guelph, Ontario [35550]","2021A003535550","Youth non-violent crime severity index","Index","160","units","0","v53079839","46.11","","..","","","2"
"2016","Guelph, Ontario [35550]","2021A003535550","Youth non-violent crime severity index","Index","160","units","0","v53079839","46.11","","..","","","2"
"2017","Guelph, Ontario [35550]","2021A003535550","Youth non-violent crime severity index","Index","160","units","0","v53079839","46.11","","..","","","2"
"2018","Guelph, Ontario [35550]","2021A003535550","Youth non-violent crime severity index","Index","160","units","0","v53079839","46.11","","..","","","2"
"2019","Guelph, Ontario [35550]","2021A003535550","Youth non-violent crime severity index","Index","160","units","0","v53079839","46.11","","..","","","2"
"2020","Guelph, Ontario [35550]","2021A003535550","Youth non-violent crime severity index","Index","160","units","0","v53079839","46.11","","..","","","2"
"2021","Guelph, Ontario [35550]","2021A003535550","Youth non-violent crime severity index","Index","160","units","0","v53079839","46.11","","..","","","2"
"2010","Guelph, Ontario [35550]","2021A003535550","Percent change in youth non-violent crime severity index","Percent","239","units","0","v87984911","46.12","0.00","","","","2"
"2011","Guelph, Ontario [35550]","2021A003535550","Percent change in youth non-violent crime severity index","Percent","239","units","0","v87984911","46.12","","..","","","2"
"2012","Guelph, Ontario [35550]","2021A003535550","Percent change in youth non-violent crime severity index","Percent","239","units","0","v87984911","46.12","","..","","","2"
"2013","Guelph, Ontario [35550]","2021A003535550","Percent change in youth non-violent crime severity index","Percent","239","units","0","v87984911","46.12","","..","","","2"
"2014","Guelph, Ontario [35550]","2021A003535550","Percent change in youth non-violent crime severity index","Percent","239","units","0","v87984911","46.12","","..","","","2"
"2015","Guelph, Ontario [35550]","2021A003535550","Percent change in youth non-violent crime severity index","Percent","239","units","0","v87984911","46.12","","..","","","2"
"2016","Guelph, Ontario [35550]","2021A003535550","Percent change in youth non-violent crime severity index","Percent","239","units","0","v87984911","46.12","","..","","","2"
"2017","Guelph, Ontario [35550]","2021A003535550","Percent change in youth non-violent crime severity index","Percent","239","units","0","v87984911","46.12","","..","","","2"
"2018","Guelph, Ontario [35550]","2021A003535550","Percent change in youth non-violent crime severity index","Percent","239","units","0","v87984911","46.12","","..","","","2"
"2019","Guelph, Ontario [35550]","2021A003535550","Percent change in youth non-violent crime severity index","Percent","239","units","0","v87984911","46.12","","..","","","2"
"2020","Guelph, Ontario [35550]","2021A003535550","Percent change in youth non-violent crime severity index","Percent","239","units","0","v87984911","46.12","","..","","","2"
"2021","Guelph, Ontario [35550]","2021A003535550","Percent change in youth non-violent crime severity index","Percent","239","units","0","v87984911","46.12","","..","","","2"
"2010","Guelph, Ontario [35550]","2021A003535550","Weighted clearance rate","Number","223","units","0","v53079840","46.13","46.47","","","","2"
"2011","Guelph, Ontario [35550]","2021A003535550","Weighted clearance rate","Number","223","units","0","v53079840","46.13","39.91","","","","2"
"2012","Guelph, Ontario [35550]","2021A003535550","Weighted clearance rate","Number","223","units","0","v53079840","46.13","44.33","","","","2"
"2013","Guelph, Ontario [35550]","2021A003535550","Weighted clearance rate","Number","223","units","0","v53079840","46.13","50.48","","","","2"
"2014","Guelph, Ontario [35550]","2021A003535550","Weighted clearance rate","Number","223","units","0","v53079840","46.13","47.31","","","","2"
"2015","Guelph, Ontario [35550]","2021A003535550","Weighted clearance rate","Number","223","units","0","v53079840","46.13","48.11","","","","2"
"2016","Guelph, Ontario [35550]","2021A003535550","Weighted clearance rate","Number","223","units","0","v53079840","46.13","42.51","","","","2"
"2017","Guelph, Ontario [35550]","2021A003535550","Weighted clearance rate","Number","223","units","0","v53079840","46.13","41.20","","","","2"
"2018","Guelph, Ontario [35550]","2021A003535550","Weighted clearance rate","Number","223","units","0","v53079840","46.13","42.15","","","","2"
"2019","Guelph, Ontario [35550]","2021A003535550","Weighted clearance rate","Number","223","units","0","v53079840","46.13","44.05","","","","2"
"2020","Guelph, Ontario [35550]","2021A003535550","Weighted clearance rate","Number","223","units","0","v53079840","46.13","43.74","","","","2"
"2021","Guelph, Ontario [35550]","2021A003535550","Weighted clearance rate","Number","223","units","0","v53079840","46.13","41.26","","","","2"
"2010","Guelph, Ontario [35550]","2021A003535550","Percent change in weighted clearance rate","Percent","239","units","0","v53079841","46.14","16.64","","","","2"
"2011","Guelph, Ontario [35550]","2021A003535550","Percent change in weighted clearance rate","Percent","239","units","0","v53079841","46.14","-14.12","","","","2"
"2012","Guelph, Ontario [35550]","2021A003535550","Percent change in weighted clearance rate","Percent","239","units","0","v53079841","46.14","11.07","","","","2"
"2013","Guelph, Ontario [35550]","2021A003535550","Percent change in weighted clearance rate","Percent","239","units","0","v53079841","46.14","13.87","","","","2"
"2014","Guelph, Ontario [35550]","2021A003535550","Percent change in weighted clearance rate","Percent","239","units","0","v53079841","46.14","-6.28","","","","2"
"2015","Guelph, Ontario [35550]","2021A003535550","Percent change in weighted clearance rate","Percent","239","units","0","v53079841","46.14","1.69","","","","2"
"2016","Guelph, Ontario [35550]","2021A003535550","Percent change in weighted clearance rate","Percent","239","units","0","v53079841","46.14","-11.64","","","","2"
"2017","Guelph, Ontario [35550]","2021A003535550","Percent change in weighted clearance rate","Percent","239","units","0","v53079841","46.14","-3.08","","","","2"
"2018","Guelph, Ontario [35550]","2021A003535550","Percent change in weighted clearance rate","Percent","239","units","0","v53079841","46.14","2.31","","","","2"
"2019","Guelph, Ontario [35550]","2021A003535550","Percent change in weighted clearance rate","Percent","239","units","0","v53079841","46.14","4.51","","","","2"
"2020","Guelph, Ontario [35550]","2021A003535550","Percent change in weighted clearance rate","Percent","239","units","0","v53079841","46.14","-0.70","","","","2"
"2021","Guelph, Ontario [35550]","2021A003535550","Percent change in weighted clearance rate","Percent","239","units","0","v53079841","46.14","-5.67","","","","2"
"2010","Guelph, Ontario [35550]","2021A003535550","Violent weighted clearance rate","Number","223","units","0","v53079842","46.15","68.33","","","","2"
"2011","Guelph, Ontario [35550]","2021A003535550","Violent weighted clearance rate","Number","223","units","0","v53079842","46.15","64.09","","","","2"
"2012","Guelph, Ontario [35550]","2021A003535550","Violent weighted clearance rate","Number","223","units","0","v53079842","46.15","71.35","","","","2"
"2013","Guelph, Ontario [35550]","2021A003535550","Violent weighted clearance rate","Number","223","units","0","v53079842","46.15","90.29","","","","2"
"2014","Guelph, Ontario [35550]","2021A003535550","Violent weighted clearance rate","Number","223","units","0","v53079842","46.15","76.17","","","","2"
"2015","Guelph, Ontario [35550]","2021A003535550","Violent weighted clearance rate","Number","223","units","0","v53079842","46.15","77.87","","","","2"
"2016","Guelph, Ontario [35550]","2021A003535550","Violent weighted clearance rate","Number","223","units","0","v53079842","46.15","77.43","","","","2"
"2017","Guelph, Ontario [35550]","2021A003535550","Violent weighted clearance rate","Number","223","units","0","v53079842","46.15","63.14","","","","2"
"2018","Guelph, Ontario [35550]","2021A003535550","Violent weighted clearance rate","Number","223","units","0","v53079842","46.15","71.66","","","","2"
"2019","Guelph, Ontario [35550]","2021A003535550","Violent weighted clearance rate","Number","223","units","0","v53079842","46.15","71.16","","","","2"
"2020","Guelph, Ontario [35550]","2021A003535550","Violent weighted clearance rate","Number","223","units","0","v53079842","46.15","71.24","","","","2"
"2021","Guelph, Ontario [35550]","2021A003535550","Violent weighted clearance rate","Number","223","units","0","v53079842","46.15","63.20","","","","2"
"2010","Guelph, Ontario [35550]","2021A003535550","Percent change in violent weighted clearance rate","Percent","239","units","0","v53079843","46.16","-2.54","","","","2"
"2011","Guelph, Ontario [35550]","2021A003535550","Percent change in violent weighted clearance rate","Percent","239","units","0","v53079843","46.16","-6.21","","","","2"
"2012","Guelph, Ontario [35550]","2021A003535550","Percent change in violent weighted clearance rate","Percent","239","units","0","v53079843","46.16","11.33","","","","2"
"2013","Guelph, Ontario [35550]","2021A003535550","Percent change in violent weighted clearance rate","Percent","239","units","0","v53079843","46.16","26.55","","","","2"
"2014","Guelph, Ontario [35550]","2021A003535550","Percent change in violent weighted clearance rate","Percent","239","units","0","v53079843","46.16","-15.64","","","","2"
"2015","Guelph, Ontario [35550]","2021A003535550","Percent change in violent weighted clearance rate","Percent","239","units","0","v53079843","46.16","2.23","","","","2"
"2016","Guelph, Ontario [35550]","2021A003535550","Percent change in violent weighted clearance rate","Percent","239","units","0","v53079843","46.16","-0.57","","","","2"
"2017","Guelph, Ontario [35550]","2021A003535550","Percent change in violent weighted clearance rate","Percent","239","units","0","v53079843","46.16","-18.46","","","","2"
"2018","Guelph, Ontario [35550]","2021A003535550","Percent change in violent weighted clearance rate","Percent","239","units","0","v53079843","46.16","13.49","","","","2"
"2019","Guelph, Ontario [35550]","2021A003535550","Percent change in violent weighted clearance rate","Percent","239","units","0","v53079843","46.16","-0.70","","","","2"
"2020","Guelph, Ontario [35550]","2021A003535550","Percent change in violent weighted clearance rate","Percent","239","units","0","v53079843","46.16","0.11","","","","2"
"2021","Guelph, Ontario [35550]","2021A003535550","Percent change in violent weighted clearance rate","Percent","239","units","0","v53079843","46.16","-11.29","","","","2"
"2010","Guelph, Ontario [35550]","2021A003535550","Non-violent weighted clearance rate","Number","223","units","0","v53079844","46.17","39.36","","","","2"
"2011","Guelph, Ontario [35550]","2021A003535550","Non-violent weighted clearance rate","Number","223","units","0","v53079844","46.17","30.48","","","","2"
"2012","Guelph, Ontario [35550]","2021A003535550","Non-violent weighted clearance rate","Number","223","units","0","v53079844","46.17","33.81","","","","2"
"2013","Guelph, Ontario [35550]","2021A003535550","Non-violent weighted clearance rate","Number","223","units","0","v53079844","46.17","36.31","","","","2"
"2014","Guelph, Ontario [35550]","2021A003535550","Non-violent weighted clearance rate","Number","223","units","0","v53079844","46.17","37.14","","","","2"
"2015","Guelph, Ontario [35550]","2021A003535550","Non-violent weighted clearance rate","Number","223","units","0","v53079844","46.17","37.74","","","","2"
"2016","Guelph, Ontario [35550]","2021A003535550","Non-violent weighted clearance rate","Number","223","units","0","v53079844","46.17","31.36","","","","2"
"2017","Guelph, Ontario [35550]","2021A003535550","Non-violent weighted clearance rate","Number","223","units","0","v53079844","46.17","34.34","","","","2"
"2018","Guelph, Ontario [35550]","2021A003535550","Non-violent weighted clearance rate","Number","223","units","0","v53079844","46.17","33.15","","","","2"
"2019","Guelph, Ontario [35550]","2021A003535550","Non-violent weighted clearance rate","Number","223","units","0","v53079844","46.17","36.69","","","","2"
"2020","Guelph, Ontario [35550]","2021A003535550","Non-violent weighted clearance rate","Number","223","units","0","v53079844","46.17","33.15","","","","2"
"2021","Guelph, Ontario [35550]","2021A003535550","Non-violent weighted clearance rate","Number","223","units","0","v53079844","46.17","34.53","","","","2"
"2010","Guelph, Ontario [35550]","2021A003535550","Percent change in non-violent weighted clearance rate","Percent","239","units","0","v53079845","46.18","29.43","","","","2"
"2011","Guelph, Ontario [35550]","2021A003535550","Percent change in non-violent weighted clearance rate","Percent","239","units","0","v53079845","46.18","-22.56","","","","2"
"2012","Guelph, Ontario [35550]","2021A003535550","Percent change in non-violent weighted clearance rate","Percent","239","units","0","v53079845","46.18","10.93","","","","2"
"2013","Guelph, Ontario [35550]","2021A003535550","Percent change in non-violent weighted clearance rate","Percent","239","units","0","v53079845","46.18","7.39","","","","2"
"2014","Guelph, Ontario [35550]","2021A003535550","Percent change in non-violent weighted clearance rate","Percent","239","units","0","v53079845","46.18","2.29","","","","2"
"2015","Guelph, Ontario [35550]","2021A003535550","Percent change in non-violent weighted clearance rate","Percent","239","units","0","v53079845","46.18","1.62","","","","2"
"2016","Guelph, Ontario [35550]","2021A003535550","Percent change in non-violent weighted clearance rate","Percent","239","units","0","v53079845","46.18","-16.91","","","","2"
"2017","Guelph, Ontario [35550]","2021A003535550","Percent change in non-violent weighted clearance rate","Percent","239","units","0","v53079845","46.18","9.50","","","","2"
"2018","Guelph, Ontario [35550]","2021A003535550","Percent change in non-violent weighted clearance rate","Percent","239","units","0","v53079845","46.18","-3.47","","","","2"
"2019","Guelph, Ontario [35550]","2021A003535550","Percent change in non-violent weighted clearance rate","Percent","239","units","0","v53079845","46.18","10.68","","","","2"
"2020","Guelph, Ontario [35550]","2021A003535550","Percent change in non-violent weighted clearance rate","Percent","239","units","0","v53079845","46.18","-9.65","","","","2"
"2021","Guelph, Ontario [35550]","2021A003535550","Percent change in non-violent weighted clearance rate","Percent","239","units","0","v53079845","46.18","4.16","","","","2"


