﻿"REF_DATE","GEO","DGUID","Statistics","UOM","UOM_ID","SCALAR_FACTOR","SCALAR_ID","VECTOR","COORDINATE","VALUE","STATUS","SYMBOL","TERMINATED","DECIMALS"
"2010","Edmonton, Alberta [48835]","2021A003548835","Crime severity index","Index","160","units","0","v44312665","35.1","101.81","","","","2"
"2011","Edmonton, Alberta [48835]","2021A003548835","Crime severity index","Index","160","units","0","v44312665","35.1","87.05","","","","2"
"2012","Edmonton, Alberta [48835]","2021A003548835","Crime severity index","Index","160","units","0","v44312665","35.1","84.68","","","","2"
"2013","Edmonton, Alberta [48835]","2021A003548835","Crime severity index","Index","160","units","0","v44312665","35.1","85.86","","","","2"
"2014","Edmonton, Alberta [48835]","2021A003548835","Crime severity index","Index","160","units","0","v44312665","35.1","88.48","","","","2"
"2015","Edmonton, Alberta [48835]","2021A003548835","Crime severity index","Index","160","units","0","v44312665","35.1","103.42","","","","2"
"2016","Edmonton, Alberta [48835]","2021A003548835","Crime severity index","Index","160","units","0","v44312665","35.1","107.37","","","","2"
"2017","Edmonton, Alberta [48835]","2021A003548835","Crime severity index","Index","160","units","0","v44312665","35.1","113.63","","","","2"
"2018","Edmonton, Alberta [48835]","2021A003548835","Crime severity index","Index","160","units","0","v44312665","35.1","116.49","","","","2"
"2019","Edmonton, Alberta [48835]","2021A003548835","Crime severity index","Index","160","units","0","v44312665","35.1","115.68","","","","2"
"2020","Edmonton, Alberta [48835]","2021A003548835","Crime severity index","Index","160","units","0","v44312665","35.1","105.37","","","","2"
"2021","Edmonton, Alberta [48835]","2021A003548835","Crime severity index","Index","160","units","0","v44312665","35.1","97.45","","","","2"
"2010","Edmonton, Alberta [48835]","2021A003548835","Percent change in crime severity index","Percent","239","units","0","v44312666","35.2","-11.27","","","","2"
"2011","Edmonton, Alberta [48835]","2021A003548835","Percent change in crime severity index","Percent","239","units","0","v44312666","35.2","-14.50","","","","2"
"2012","Edmonton, Alberta [48835]","2021A003548835","Percent change in crime severity index","Percent","239","units","0","v44312666","35.2","-2.72","","","","2"
"2013","Edmonton, Alberta [48835]","2021A003548835","Percent change in crime severity index","Percent","239","units","0","v44312666","35.2","1.39","","","","2"
"2014","Edmonton, Alberta [48835]","2021A003548835","Percent change in crime severity index","Percent","239","units","0","v44312666","35.2","3.05","","","","2"
"2015","Edmonton, Alberta [48835]","2021A003548835","Percent change in crime severity index","Percent","239","units","0","v44312666","35.2","16.89","","","","2"
"2016","Edmonton, Alberta [48835]","2021A003548835","Percent change in crime severity index","Percent","239","units","0","v44312666","35.2","3.82","","","","2"
"2017","Edmonton, Alberta [48835]","2021A003548835","Percent change in crime severity index","Percent","239","units","0","v44312666","35.2","5.83","","","","2"
"2018","Edmonton, Alberta [48835]","2021A003548835","Percent change in crime severity index","Percent","239","units","0","v44312666","35.2","2.52","","","","2"
"2019","Edmonton, Alberta [48835]","2021A003548835","Percent change in crime severity index","Percent","239","units","0","v44312666","35.2","-0.70","","","","2"
"2020","Edmonton, Alberta [48835]","2021A003548835","Percent change in crime severity index","Percent","239","units","0","v44312666","35.2","-8.91","","","","2"
"2021","Edmonton, Alberta [48835]","2021A003548835","Percent change in crime severity index","Percent","239","units","0","v44312666","35.2","-7.52","","","","2"
"2010","Edmonton, Alberta [48835]","2021A003548835","Violent crime severity index","Index","160","units","0","v44312667","35.3","107.26","","","","2"
"2011","Edmonton, Alberta [48835]","2021A003548835","Violent crime severity index","Index","160","units","0","v44312667","35.3","104.71","","","","2"
"2012","Edmonton, Alberta [48835]","2021A003548835","Violent crime severity index","Index","160","units","0","v44312667","35.3","96.09","","","","2"
"2013","Edmonton, Alberta [48835]","2021A003548835","Violent crime severity index","Index","160","units","0","v44312667","35.3","91.54","","","","2"
"2014","Edmonton, Alberta [48835]","2021A003548835","Violent crime severity index","Index","160","units","0","v44312667","35.3","94.80","","","","2"
"2015","Edmonton, Alberta [48835]","2021A003548835","Violent crime severity index","Index","160","units","0","v44312667","35.3","105.95","","","","2"
"2016","Edmonton, Alberta [48835]","2021A003548835","Violent crime severity index","Index","160","units","0","v44312667","35.3","102.95","","","","2"
"2017","Edmonton, Alberta [48835]","2021A003548835","Violent crime severity index","Index","160","units","0","v44312667","35.3","108.19","","","","2"
"2018","Edmonton, Alberta [48835]","2021A003548835","Violent crime severity index","Index","160","units","0","v44312667","35.3","108.96","","","","2"
"2019","Edmonton, Alberta [48835]","2021A003548835","Violent crime severity index","Index","160","units","0","v44312667","35.3","110.30","","","","2"
"2020","Edmonton, Alberta [48835]","2021A003548835","Violent crime severity index","Index","160","units","0","v44312667","35.3","111.91","","","","2"
"2021","Edmonton, Alberta [48835]","2021A003548835","Violent crime severity index","Index","160","units","0","v44312667","35.3","109.98","","","","2"
"2010","Edmonton, Alberta [48835]","2021A003548835","Percent change in violent crime severity index","Percent","239","units","0","v44312668","35.4","-9.13","","","","2"
"2011","Edmonton, Alberta [48835]","2021A003548835","Percent change in violent crime severity index","Percent","239","units","0","v44312668","35.4","-2.38","","","","2"
"2012","Edmonton, Alberta [48835]","2021A003548835","Percent change in violent crime severity index","Percent","239","units","0","v44312668","35.4","-8.23","","","","2"
"2013","Edmonton, Alberta [48835]","2021A003548835","Percent change in violent crime severity index","Percent","239","units","0","v44312668","35.4","-4.74","","","","2"
"2014","Edmonton, Alberta [48835]","2021A003548835","Percent change in violent crime severity index","Percent","239","units","0","v44312668","35.4","3.56","","","","2"
"2015","Edmonton, Alberta [48835]","2021A003548835","Percent change in violent crime severity index","Percent","239","units","0","v44312668","35.4","11.76","","","","2"
"2016","Edmonton, Alberta [48835]","2021A003548835","Percent change in violent crime severity index","Percent","239","units","0","v44312668","35.4","-2.83","","","","2"
"2017","Edmonton, Alberta [48835]","2021A003548835","Percent change in violent crime severity index","Percent","239","units","0","v44312668","35.4","5.09","","","","2"
"2018","Edmonton, Alberta [48835]","2021A003548835","Percent change in violent crime severity index","Percent","239","units","0","v44312668","35.4","0.71","","","","2"
"2019","Edmonton, Alberta [48835]","2021A003548835","Percent change in violent crime severity index","Percent","239","units","0","v44312668","35.4","1.23","","","","2"
"2020","Edmonton, Alberta [48835]","2021A003548835","Percent change in violent crime severity index","Percent","239","units","0","v44312668","35.4","1.46","","","","2"
"2021","Edmonton, Alberta [48835]","2021A003548835","Percent change in violent crime severity index","Percent","239","units","0","v44312668","35.4","-1.72","","","","2"
"2010","Edmonton, Alberta [48835]","2021A003548835","Non-violent crime severity index","Index","160","units","0","v44312669","35.5","99.71","","","","2"
"2011","Edmonton, Alberta [48835]","2021A003548835","Non-violent crime severity index","Index","160","units","0","v44312669","35.5","80.45","","","","2"
"2012","Edmonton, Alberta [48835]","2021A003548835","Non-violent crime severity index","Index","160","units","0","v44312669","35.5","80.35","","","","2"
"2013","Edmonton, Alberta [48835]","2021A003548835","Non-violent crime severity index","Index","160","units","0","v44312669","35.5","83.62","","","","2"
"2014","Edmonton, Alberta [48835]","2021A003548835","Non-violent crime severity index","Index","160","units","0","v44312669","35.5","86.00","","","","2"
"2015","Edmonton, Alberta [48835]","2021A003548835","Non-violent crime severity index","Index","160","units","0","v44312669","35.5","102.29","","","","2"
"2016","Edmonton, Alberta [48835]","2021A003548835","Non-violent crime severity index","Index","160","units","0","v44312669","35.5","108.70","","","","2"
"2017","Edmonton, Alberta [48835]","2021A003548835","Non-violent crime severity index","Index","160","units","0","v44312669","35.5","115.32","","","","2"
"2018","Edmonton, Alberta [48835]","2021A003548835","Non-violent crime severity index","Index","160","units","0","v44312669","35.5","118.92","","","","2"
"2019","Edmonton, Alberta [48835]","2021A003548835","Non-violent crime severity index","Index","160","units","0","v44312669","35.5","117.35","","","","2"
"2020","Edmonton, Alberta [48835]","2021A003548835","Non-violent crime severity index","Index","160","units","0","v44312669","35.5","102.77","","","","2"
"2021","Edmonton, Alberta [48835]","2021A003548835","Non-violent crime severity index","Index","160","units","0","v44312669","35.5","92.72","","","","2"
"2010","Edmonton, Alberta [48835]","2021A003548835","Percent change in non-violent crime severity index","Percent","239","units","0","v44312670","35.6","-12.13","","","","2"
"2011","Edmonton, Alberta [48835]","2021A003548835","Percent change in non-violent crime severity index","Percent","239","units","0","v44312670","35.6","-19.32","","","","2"
"2012","Edmonton, Alberta [48835]","2021A003548835","Percent change in non-violent crime severity index","Percent","239","units","0","v44312670","35.6","-0.12","","","","2"
"2013","Edmonton, Alberta [48835]","2021A003548835","Percent change in non-violent crime severity index","Percent","239","units","0","v44312670","35.6","4.07","","","","2"
"2014","Edmonton, Alberta [48835]","2021A003548835","Percent change in non-violent crime severity index","Percent","239","units","0","v44312670","35.6","2.85","","","","2"
"2015","Edmonton, Alberta [48835]","2021A003548835","Percent change in non-violent crime severity index","Percent","239","units","0","v44312670","35.6","18.94","","","","2"
"2016","Edmonton, Alberta [48835]","2021A003548835","Percent change in non-violent crime severity index","Percent","239","units","0","v44312670","35.6","6.27","","","","2"
"2017","Edmonton, Alberta [48835]","2021A003548835","Percent change in non-violent crime severity index","Percent","239","units","0","v44312670","35.6","6.09","","","","2"
"2018","Edmonton, Alberta [48835]","2021A003548835","Percent change in non-violent crime severity index","Percent","239","units","0","v44312670","35.6","3.12","","","","2"
"2019","Edmonton, Alberta [48835]","2021A003548835","Percent change in non-violent crime severity index","Percent","239","units","0","v44312670","35.6","-1.32","","","","2"
"2020","Edmonton, Alberta [48835]","2021A003548835","Percent change in non-violent crime severity index","Percent","239","units","0","v44312670","35.6","-12.42","","","","2"
"2021","Edmonton, Alberta [48835]","2021A003548835","Percent change in non-violent crime severity index","Percent","239","units","0","v44312670","35.6","-9.78","","","","2"
"2010","Edmonton, Alberta [48835]","2021A003548835","Youth crime severity index","Index","160","units","0","v53079723","35.7","0.00","","","","2"
"2011","Edmonton, Alberta [48835]","2021A003548835","Youth crime severity index","Index","160","units","0","v53079723","35.7","","..","","","2"
"2012","Edmonton, Alberta [48835]","2021A003548835","Youth crime severity index","Index","160","units","0","v53079723","35.7","","..","","","2"
"2013","Edmonton, Alberta [48835]","2021A003548835","Youth crime severity index","Index","160","units","0","v53079723","35.7","","..","","","2"
"2014","Edmonton, Alberta [48835]","2021A003548835","Youth crime severity index","Index","160","units","0","v53079723","35.7","","..","","","2"
"2015","Edmonton, Alberta [48835]","2021A003548835","Youth crime severity index","Index","160","units","0","v53079723","35.7","","..","","","2"
"2016","Edmonton, Alberta [48835]","2021A003548835","Youth crime severity index","Index","160","units","0","v53079723","35.7","","..","","","2"
"2017","Edmonton, Alberta [48835]","2021A003548835","Youth crime severity index","Index","160","units","0","v53079723","35.7","","..","","","2"
"2018","Edmonton, Alberta [48835]","2021A003548835","Youth crime severity index","Index","160","units","0","v53079723","35.7","","..","","","2"
"2019","Edmonton, Alberta [48835]","2021A003548835","Youth crime severity index","Index","160","units","0","v53079723","35.7","","..","","","2"
"2020","Edmonton, Alberta [48835]","2021A003548835","Youth crime severity index","Index","160","units","0","v53079723","35.7","","..","","","2"
"2021","Edmonton, Alberta [48835]","2021A003548835","Youth crime severity index","Index","160","units","0","v53079723","35.7","","..","","","2"
"2010","Edmonton, Alberta [48835]","2021A003548835","Percent change in youth crime severity index","Percent","239","units","0","v87984939","35.8","0.00","","","","2"
"2011","Edmonton, Alberta [48835]","2021A003548835","Percent change in youth crime severity index","Percent","239","units","0","v87984939","35.8","","..","","","2"
"2012","Edmonton, Alberta [48835]","2021A003548835","Percent change in youth crime severity index","Percent","239","units","0","v87984939","35.8","","..","","","2"
"2013","Edmonton, Alberta [48835]","2021A003548835","Percent change in youth crime severity index","Percent","239","units","0","v87984939","35.8","","..","","","2"
"2014","Edmonton, Alberta [48835]","2021A003548835","Percent change in youth crime severity index","Percent","239","units","0","v87984939","35.8","","..","","","2"
"2015","Edmonton, Alberta [48835]","2021A003548835","Percent change in youth crime severity index","Percent","239","units","0","v87984939","35.8","","..","","","2"
"2016","Edmonton, Alberta [48835]","2021A003548835","Percent change in youth crime severity index","Percent","239","units","0","v87984939","35.8","","..","","","2"
"2017","Edmonton, Alberta [48835]","2021A003548835","Percent change in youth crime severity index","Percent","239","units","0","v87984939","35.8","","..","","","2"
"2018","Edmonton, Alberta [48835]","2021A003548835","Percent change in youth crime severity index","Percent","239","units","0","v87984939","35.8","","..","","","2"
"2019","Edmonton, Alberta [48835]","2021A003548835","Percent change in youth crime severity index","Percent","239","units","0","v87984939","35.8","","..","","","2"
"2020","Edmonton, Alberta [48835]","2021A003548835","Percent change in youth crime severity index","Percent","239","units","0","v87984939","35.8","","..","","","2"
"2021","Edmonton, Alberta [48835]","2021A003548835","Percent change in youth crime severity index","Percent","239","units","0","v87984939","35.8","","..","","","2"
"2010","Edmonton, Alberta [48835]","2021A003548835","Youth violent crime severity index","Index","160","units","0","v53079724","35.9","0.00","","","","2"
"2011","Edmonton, Alberta [48835]","2021A003548835","Youth violent crime severity index","Index","160","units","0","v53079724","35.9","","..","","","2"
"2012","Edmonton, Alberta [48835]","2021A003548835","Youth violent crime severity index","Index","160","units","0","v53079724","35.9","","..","","","2"
"2013","Edmonton, Alberta [48835]","2021A003548835","Youth violent crime severity index","Index","160","units","0","v53079724","35.9","","..","","","2"
"2014","Edmonton, Alberta [48835]","2021A003548835","Youth violent crime severity index","Index","160","units","0","v53079724","35.9","","..","","","2"
"2015","Edmonton, Alberta [48835]","2021A003548835","Youth violent crime severity index","Index","160","units","0","v53079724","35.9","","..","","","2"
"2016","Edmonton, Alberta [48835]","2021A003548835","Youth violent crime severity index","Index","160","units","0","v53079724","35.9","","..","","","2"
"2017","Edmonton, Alberta [48835]","2021A003548835","Youth violent crime severity index","Index","160","units","0","v53079724","35.9","","..","","","2"
"2018","Edmonton, Alberta [48835]","2021A003548835","Youth violent crime severity index","Index","160","units","0","v53079724","35.9","","..","","","2"
"2019","Edmonton, Alberta [48835]","2021A003548835","Youth violent crime severity index","Index","160","units","0","v53079724","35.9","","..","","","2"
"2020","Edmonton, Alberta [48835]","2021A003548835","Youth violent crime severity index","Index","160","units","0","v53079724","35.9","","..","","","2"
"2021","Edmonton, Alberta [48835]","2021A003548835","Youth violent crime severity index","Index","160","units","0","v53079724","35.9","","..","","","2"
"2010","Edmonton, Alberta [48835]","2021A003548835","Percent change in youth violent crime severity index","Percent","239","units","0","v87984940","35.10","0.00","","","","2"
"2011","Edmonton, Alberta [48835]","2021A003548835","Percent change in youth violent crime severity index","Percent","239","units","0","v87984940","35.10","","..","","","2"
"2012","Edmonton, Alberta [48835]","2021A003548835","Percent change in youth violent crime severity index","Percent","239","units","0","v87984940","35.10","","..","","","2"
"2013","Edmonton, Alberta [48835]","2021A003548835","Percent change in youth violent crime severity index","Percent","239","units","0","v87984940","35.10","","..","","","2"
"2014","Edmonton, Alberta [48835]","2021A003548835","Percent change in youth violent crime severity index","Percent","239","units","0","v87984940","35.10","","..","","","2"
"2015","Edmonton, Alberta [48835]","2021A003548835","Percent change in youth violent crime severity index","Percent","239","units","0","v87984940","35.10","","..","","","2"
"2016","Edmonton, Alberta [48835]","2021A003548835","Percent change in youth violent crime severity index","Percent","239","units","0","v87984940","35.10","","..","","","2"
"2017","Edmonton, Alberta [48835]","2021A003548835","Percent change in youth violent crime severity index","Percent","239","units","0","v87984940","35.10","","..","","","2"
"2018","Edmonton, Alberta [48835]","2021A003548835","Percent change in youth violent crime severity index","Percent","239","units","0","v87984940","35.10","","..","","","2"
"2019","Edmonton, Alberta [48835]","2021A003548835","Percent change in youth violent crime severity index","Percent","239","units","0","v87984940","35.10","","..","","","2"
"2020","Edmonton, Alberta [48835]","2021A003548835","Percent change in youth violent crime severity index","Percent","239","units","0","v87984940","35.10","","..","","","2"
"2021","Edmonton, Alberta [48835]","2021A003548835","Percent change in youth violent crime severity index","Percent","239","units","0","v87984940","35.10","","..","","","2"
"2010","Edmonton, Alberta [48835]","2021A003548835","Youth non-violent crime severity index","Index","160","units","0","v53079716","35.11","0.00","","","","2"
"2011","Edmonton, Alberta [48835]","2021A003548835","Youth non-violent crime severity index","Index","160","units","0","v53079716","35.11","","..","","","2"
"2012","Edmonton, Alberta [48835]","2021A003548835","Youth non-violent crime severity index","Index","160","units","0","v53079716","35.11","","..","","","2"
"2013","Edmonton, Alberta [48835]","2021A003548835","Youth non-violent crime severity index","Index","160","units","0","v53079716","35.11","","..","","","2"
"2014","Edmonton, Alberta [48835]","2021A003548835","Youth non-violent crime severity index","Index","160","units","0","v53079716","35.11","","..","","","2"
"2015","Edmonton, Alberta [48835]","2021A003548835","Youth non-violent crime severity index","Index","160","units","0","v53079716","35.11","","..","","","2"
"2016","Edmonton, Alberta [48835]","2021A003548835","Youth non-violent crime severity index","Index","160","units","0","v53079716","35.11","","..","","","2"
"2017","Edmonton, Alberta [48835]","2021A003548835","Youth non-violent crime severity index","Index","160","units","0","v53079716","35.11","","..","","","2"
"2018","Edmonton, Alberta [48835]","2021A003548835","Youth non-violent crime severity index","Index","160","units","0","v53079716","35.11","","..","","","2"
"2019","Edmonton, Alberta [48835]","2021A003548835","Youth non-violent crime severity index","Index","160","units","0","v53079716","35.11","","..","","","2"
"2020","Edmonton, Alberta [48835]","2021A003548835","Youth non-violent crime severity index","Index","160","units","0","v53079716","35.11","","..","","","2"
"2021","Edmonton, Alberta [48835]","2021A003548835","Youth non-violent crime severity index","Index","160","units","0","v53079716","35.11","","..","","","2"
"2010","Edmonton, Alberta [48835]","2021A003548835","Percent change in youth non-violent crime severity index","Percent","239","units","0","v87984941","35.12","0.00","","","","2"
"2011","Edmonton, Alberta [48835]","2021A003548835","Percent change in youth non-violent crime severity index","Percent","239","units","0","v87984941","35.12","","..","","","2"
"2012","Edmonton, Alberta [48835]","2021A003548835","Percent change in youth non-violent crime severity index","Percent","239","units","0","v87984941","35.12","","..","","","2"
"2013","Edmonton, Alberta [48835]","2021A003548835","Percent change in youth non-violent crime severity index","Percent","239","units","0","v87984941","35.12","","..","","","2"
"2014","Edmonton, Alberta [48835]","2021A003548835","Percent change in youth non-violent crime severity index","Percent","239","units","0","v87984941","35.12","","..","","","2"
"2015","Edmonton, Alberta [48835]","2021A003548835","Percent change in youth non-violent crime severity index","Percent","239","units","0","v87984941","35.12","","..","","","2"
"2016","Edmonton, Alberta [48835]","2021A003548835","Percent change in youth non-violent crime severity index","Percent","239","units","0","v87984941","35.12","","..","","","2"
"2017","Edmonton, Alberta [48835]","2021A003548835","Percent change in youth non-violent crime severity index","Percent","239","units","0","v87984941","35.12","","..","","","2"
"2018","Edmonton, Alberta [48835]","2021A003548835","Percent change in youth non-violent crime severity index","Percent","239","units","0","v87984941","35.12","","..","","","2"
"2019","Edmonton, Alberta [48835]","2021A003548835","Percent change in youth non-violent crime severity index","Percent","239","units","0","v87984941","35.12","","..","","","2"
"2020","Edmonton, Alberta [48835]","2021A003548835","Percent change in youth non-violent crime severity index","Percent","239","units","0","v87984941","35.12","","..","","","2"
"2021","Edmonton, Alberta [48835]","2021A003548835","Percent change in youth non-violent crime severity index","Percent","239","units","0","v87984941","35.12","","..","","","2"
"2010","Edmonton, Alberta [48835]","2021A003548835","Weighted clearance rate","Number","223","units","0","v53079717","35.13","38.33","","","","2"
"2011","Edmonton, Alberta [48835]","2021A003548835","Weighted clearance rate","Number","223","units","0","v53079717","35.13","42.28","","","","2"
"2012","Edmonton, Alberta [48835]","2021A003548835","Weighted clearance rate","Number","223","units","0","v53079717","35.13","41.79","","","","2"
"2013","Edmonton, Alberta [48835]","2021A003548835","Weighted clearance rate","Number","223","units","0","v53079717","35.13","41.71","","","","2"
"2014","Edmonton, Alberta [48835]","2021A003548835","Weighted clearance rate","Number","223","units","0","v53079717","35.13","42.70","","","","2"
"2015","Edmonton, Alberta [48835]","2021A003548835","Weighted clearance rate","Number","223","units","0","v53079717","35.13","39.60","","","","2"
"2016","Edmonton, Alberta [48835]","2021A003548835","Weighted clearance rate","Number","223","units","0","v53079717","35.13","39.91","","","","2"
"2017","Edmonton, Alberta [48835]","2021A003548835","Weighted clearance rate","Number","223","units","0","v53079717","35.13","40.01","","","","2"
"2018","Edmonton, Alberta [48835]","2021A003548835","Weighted clearance rate","Number","223","units","0","v53079717","35.13","38.35","","","","2"
"2019","Edmonton, Alberta [48835]","2021A003548835","Weighted clearance rate","Number","223","units","0","v53079717","35.13","35.29","","","","2"
"2020","Edmonton, Alberta [48835]","2021A003548835","Weighted clearance rate","Number","223","units","0","v53079717","35.13","35.38","","","","2"
"2021","Edmonton, Alberta [48835]","2021A003548835","Weighted clearance rate","Number","223","units","0","v53079717","35.13","35.02","","","","2"
"2010","Edmonton, Alberta [48835]","2021A003548835","Percent change in weighted clearance rate","Percent","239","units","0","v53079718","35.14","11.39","","","","2"
"2011","Edmonton, Alberta [48835]","2021A003548835","Percent change in weighted clearance rate","Percent","239","units","0","v53079718","35.14","10.31","","","","2"
"2012","Edmonton, Alberta [48835]","2021A003548835","Percent change in weighted clearance rate","Percent","239","units","0","v53079718","35.14","-1.16","","","","2"
"2013","Edmonton, Alberta [48835]","2021A003548835","Percent change in weighted clearance rate","Percent","239","units","0","v53079718","35.14","-0.19","","","","2"
"2014","Edmonton, Alberta [48835]","2021A003548835","Percent change in weighted clearance rate","Percent","239","units","0","v53079718","35.14","2.37","","","","2"
"2015","Edmonton, Alberta [48835]","2021A003548835","Percent change in weighted clearance rate","Percent","239","units","0","v53079718","35.14","-7.26","","","","2"
"2016","Edmonton, Alberta [48835]","2021A003548835","Percent change in weighted clearance rate","Percent","239","units","0","v53079718","35.14","0.78","","","","2"
"2017","Edmonton, Alberta [48835]","2021A003548835","Percent change in weighted clearance rate","Percent","239","units","0","v53079718","35.14","0.25","","","","2"
"2018","Edmonton, Alberta [48835]","2021A003548835","Percent change in weighted clearance rate","Percent","239","units","0","v53079718","35.14","-4.15","","","","2"
"2019","Edmonton, Alberta [48835]","2021A003548835","Percent change in weighted clearance rate","Percent","239","units","0","v53079718","35.14","-7.98","","","","2"
"2020","Edmonton, Alberta [48835]","2021A003548835","Percent change in weighted clearance rate","Percent","239","units","0","v53079718","35.14","0.26","","","","2"
"2021","Edmonton, Alberta [48835]","2021A003548835","Percent change in weighted clearance rate","Percent","239","units","0","v53079718","35.14","-1.02","","","","2"
"2010","Edmonton, Alberta [48835]","2021A003548835","Violent weighted clearance rate","Number","223","units","0","v53079719","35.15","54.39","","","","2"
"2011","Edmonton, Alberta [48835]","2021A003548835","Violent weighted clearance rate","Number","223","units","0","v53079719","35.15","54.88","","","","2"
"2012","Edmonton, Alberta [48835]","2021A003548835","Violent weighted clearance rate","Number","223","units","0","v53079719","35.15","54.38","","","","2"
"2013","Edmonton, Alberta [48835]","2021A003548835","Violent weighted clearance rate","Number","223","units","0","v53079719","35.15","56.57","","","","2"
"2014","Edmonton, Alberta [48835]","2021A003548835","Violent weighted clearance rate","Number","223","units","0","v53079719","35.15","58.96","","","","2"
"2015","Edmonton, Alberta [48835]","2021A003548835","Violent weighted clearance rate","Number","223","units","0","v53079719","35.15","55.27","","","","2"
"2016","Edmonton, Alberta [48835]","2021A003548835","Violent weighted clearance rate","Number","223","units","0","v53079719","35.15","53.98","","","","2"
"2017","Edmonton, Alberta [48835]","2021A003548835","Violent weighted clearance rate","Number","223","units","0","v53079719","35.15","56.91","","","","2"
"2018","Edmonton, Alberta [48835]","2021A003548835","Violent weighted clearance rate","Number","223","units","0","v53079719","35.15","54.49","","","","2"
"2019","Edmonton, Alberta [48835]","2021A003548835","Violent weighted clearance rate","Number","223","units","0","v53079719","35.15","50.62","","","","2"
"2020","Edmonton, Alberta [48835]","2021A003548835","Violent weighted clearance rate","Number","223","units","0","v53079719","35.15","52.44","","","","2"
"2021","Edmonton, Alberta [48835]","2021A003548835","Violent weighted clearance rate","Number","223","units","0","v53079719","35.15","50.40","","","","2"
"2010","Edmonton, Alberta [48835]","2021A003548835","Percent change in violent weighted clearance rate","Percent","239","units","0","v53079720","35.16","7.92","","","","2"
"2011","Edmonton, Alberta [48835]","2021A003548835","Percent change in violent weighted clearance rate","Percent","239","units","0","v53079720","35.16","0.90","","","","2"
"2012","Edmonton, Alberta [48835]","2021A003548835","Percent change in violent weighted clearance rate","Percent","239","units","0","v53079720","35.16","-0.91","","","","2"
"2013","Edmonton, Alberta [48835]","2021A003548835","Percent change in violent weighted clearance rate","Percent","239","units","0","v53079720","35.16","4.03","","","","2"
"2014","Edmonton, Alberta [48835]","2021A003548835","Percent change in violent weighted clearance rate","Percent","239","units","0","v53079720","35.16","4.22","","","","2"
"2015","Edmonton, Alberta [48835]","2021A003548835","Percent change in violent weighted clearance rate","Percent","239","units","0","v53079720","35.16","-6.26","","","","2"
"2016","Edmonton, Alberta [48835]","2021A003548835","Percent change in violent weighted clearance rate","Percent","239","units","0","v53079720","35.16","-2.33","","","","2"
"2017","Edmonton, Alberta [48835]","2021A003548835","Percent change in violent weighted clearance rate","Percent","239","units","0","v53079720","35.16","5.43","","","","2"
"2018","Edmonton, Alberta [48835]","2021A003548835","Percent change in violent weighted clearance rate","Percent","239","units","0","v53079720","35.16","-4.25","","","","2"
"2019","Edmonton, Alberta [48835]","2021A003548835","Percent change in violent weighted clearance rate","Percent","239","units","0","v53079720","35.16","-7.10","","","","2"
"2020","Edmonton, Alberta [48835]","2021A003548835","Percent change in violent weighted clearance rate","Percent","239","units","0","v53079720","35.16","3.60","","","","2"
"2021","Edmonton, Alberta [48835]","2021A003548835","Percent change in violent weighted clearance rate","Percent","239","units","0","v53079720","35.16","-3.89","","","","2"
"2010","Edmonton, Alberta [48835]","2021A003548835","Non-violent weighted clearance rate","Number","223","units","0","v53079721","35.17","31.69","","","","2"
"2011","Edmonton, Alberta [48835]","2021A003548835","Non-violent weighted clearance rate","Number","223","units","0","v53079721","35.17","36.31","","","","2"
"2012","Edmonton, Alberta [48835]","2021A003548835","Non-violent weighted clearance rate","Number","223","units","0","v53079721","35.17","36.32","","","","2"
"2013","Edmonton, Alberta [48835]","2021A003548835","Non-violent weighted clearance rate","Number","223","units","0","v53079721","35.17","35.79","","","","2"
"2014","Edmonton, Alberta [48835]","2021A003548835","Non-violent weighted clearance rate","Number","223","units","0","v53079721","35.17","36.18","","","","2"
"2015","Edmonton, Alberta [48835]","2021A003548835","Non-violent weighted clearance rate","Number","223","units","0","v53079721","35.17","33.69","","","","2"
"2016","Edmonton, Alberta [48835]","2021A003548835","Non-violent weighted clearance rate","Number","223","units","0","v53079721","35.17","35.11","","","","2"
"2017","Edmonton, Alberta [48835]","2021A003548835","Non-violent weighted clearance rate","Number","223","units","0","v53079721","35.17","34.31","","","","2"
"2018","Edmonton, Alberta [48835]","2021A003548835","Non-violent weighted clearance rate","Number","223","units","0","v53079721","35.17","33.03","","","","2"
"2019","Edmonton, Alberta [48835]","2021A003548835","Non-violent weighted clearance rate","Number","223","units","0","v53079721","35.17","30.11","","","","2"
"2020","Edmonton, Alberta [48835]","2021A003548835","Non-violent weighted clearance rate","Number","223","units","0","v53079721","35.17","28.70","","","","2"
"2021","Edmonton, Alberta [48835]","2021A003548835","Non-violent weighted clearance rate","Number","223","units","0","v53079721","35.17","28.45","","","","2"
"2010","Edmonton, Alberta [48835]","2021A003548835","Percent change in non-violent weighted clearance rate","Percent","239","units","0","v53079722","35.18","13.14","","","","2"
"2011","Edmonton, Alberta [48835]","2021A003548835","Percent change in non-violent weighted clearance rate","Percent","239","units","0","v53079722","35.18","14.58","","","","2"
"2012","Edmonton, Alberta [48835]","2021A003548835","Percent change in non-violent weighted clearance rate","Percent","239","units","0","v53079722","35.18","0.03","","","","2"
"2013","Edmonton, Alberta [48835]","2021A003548835","Percent change in non-violent weighted clearance rate","Percent","239","units","0","v53079722","35.18","-1.46","","","","2"
"2014","Edmonton, Alberta [48835]","2021A003548835","Percent change in non-violent weighted clearance rate","Percent","239","units","0","v53079722","35.18","1.09","","","","2"
"2015","Edmonton, Alberta [48835]","2021A003548835","Percent change in non-violent weighted clearance rate","Percent","239","units","0","v53079722","35.18","-6.88","","","","2"
"2016","Edmonton, Alberta [48835]","2021A003548835","Percent change in non-violent weighted clearance rate","Percent","239","units","0","v53079722","35.18","4.21","","","","2"
"2017","Edmonton, Alberta [48835]","2021A003548835","Percent change in non-violent weighted clearance rate","Percent","239","units","0","v53079722","35.18","-2.28","","","","2"
"2018","Edmonton, Alberta [48835]","2021A003548835","Percent change in non-violent weighted clearance rate","Percent","239","units","0","v53079722","35.18","-3.73","","","","2"
"2019","Edmonton, Alberta [48835]","2021A003548835","Percent change in non-violent weighted clearance rate","Percent","239","units","0","v53079722","35.18","-8.84","","","","2"
"2020","Edmonton, Alberta [48835]","2021A003548835","Percent change in non-violent weighted clearance rate","Percent","239","units","0","v53079722","35.18","-4.68","","","","2"
"2021","Edmonton, Alberta [48835]","2021A003548835","Percent change in non-violent weighted clearance rate","Percent","239","units","0","v53079722","35.18","-0.87","","","","2"


