﻿"REF_DATE","GEO","DGUID","Statistics","UOM","UOM_ID","SCALAR_FACTOR","SCALAR_ID","VECTOR","COORDINATE","VALUE","STATUS","SYMBOL","TERMINATED","DECIMALS"
"2010","Nova Scotia [12]","2016A000212","Crime severity index","Index","160","units","0","v44312485","5.1","83.62","","","","2"
"2011","Nova Scotia [12]","2016A000212","Crime severity index","Index","160","units","0","v44312485","5.1","79.48","","","","2"
"2012","Nova Scotia [12]","2016A000212","Crime severity index","Index","160","units","0","v44312485","5.1","76.88","","","","2"
"2013","Nova Scotia [12]","2016A000212","Crime severity index","Index","160","units","0","v44312485","5.1","70.06","","","","2"
"2014","Nova Scotia [12]","2016A000212","Crime severity index","Index","160","units","0","v44312485","5.1","66.79","","","","2"
"2015","Nova Scotia [12]","2016A000212","Crime severity index","Index","160","units","0","v44312485","5.1","63.26","","","","2"
"2016","Nova Scotia [12]","2016A000212","Crime severity index","Index","160","units","0","v44312485","5.1","62.32","","","","2"
"2017","Nova Scotia [12]","2016A000212","Crime severity index","Index","160","units","0","v44312485","5.1","66.28","","","","2"
"2018","Nova Scotia [12]","2016A000212","Crime severity index","Index","160","units","0","v44312485","5.1","65.58","","","","2"
"2019","Nova Scotia [12]","2016A000212","Crime severity index","Index","160","units","0","v44312485","5.1","66.41","","","","2"
"2020","Nova Scotia [12]","2016A000212","Crime severity index","Index","160","units","0","v44312485","5.1","72.15","","","","2"
"2021","Nova Scotia [12]","2016A000212","Crime severity index","Index","160","units","0","v44312485","5.1","71.60","","","","2"
"2010","Nova Scotia [12]","2016A000212","Percent change in crime severity index","Percent","239","units","0","v44312486","5.2","-0.44","","","","2"
"2011","Nova Scotia [12]","2016A000212","Percent change in crime severity index","Percent","239","units","0","v44312486","5.2","-4.95","","","","2"
"2012","Nova Scotia [12]","2016A000212","Percent change in crime severity index","Percent","239","units","0","v44312486","5.2","-3.27","","","","2"
"2013","Nova Scotia [12]","2016A000212","Percent change in crime severity index","Percent","239","units","0","v44312486","5.2","-8.87","","","","2"
"2014","Nova Scotia [12]","2016A000212","Percent change in crime severity index","Percent","239","units","0","v44312486","5.2","-4.67","","","","2"
"2015","Nova Scotia [12]","2016A000212","Percent change in crime severity index","Percent","239","units","0","v44312486","5.2","-5.29","","","","2"
"2016","Nova Scotia [12]","2016A000212","Percent change in crime severity index","Percent","239","units","0","v44312486","5.2","-1.49","","","","2"
"2017","Nova Scotia [12]","2016A000212","Percent change in crime severity index","Percent","239","units","0","v44312486","5.2","6.35","","","","2"
"2018","Nova Scotia [12]","2016A000212","Percent change in crime severity index","Percent","239","units","0","v44312486","5.2","-1.06","","","","2"
"2019","Nova Scotia [12]","2016A000212","Percent change in crime severity index","Percent","239","units","0","v44312486","5.2","1.27","","","","2"
"2020","Nova Scotia [12]","2016A000212","Percent change in crime severity index","Percent","239","units","0","v44312486","5.2","8.64","","","","2"
"2021","Nova Scotia [12]","2016A000212","Percent change in crime severity index","Percent","239","units","0","v44312486","5.2","-0.76","","","","2"
"2010","Nova Scotia [12]","2016A000212","Violent crime severity index","Index","160","units","0","v44312487","5.3","84.59","","","","2"
"2011","Nova Scotia [12]","2016A000212","Violent crime severity index","Index","160","units","0","v44312487","5.3","87.27","","","","2"
"2012","Nova Scotia [12]","2016A000212","Violent crime severity index","Index","160","units","0","v44312487","5.3","78.49","","","","2"
"2013","Nova Scotia [12]","2016A000212","Violent crime severity index","Index","160","units","0","v44312487","5.3","72.74","","","","2"
"2014","Nova Scotia [12]","2016A000212","Violent crime severity index","Index","160","units","0","v44312487","5.3","66.93","","","","2"
"2015","Nova Scotia [12]","2016A000212","Violent crime severity index","Index","160","units","0","v44312487","5.3","70.93","","","","2"
"2016","Nova Scotia [12]","2016A000212","Violent crime severity index","Index","160","units","0","v44312487","5.3","71.11","","","","2"
"2017","Nova Scotia [12]","2016A000212","Violent crime severity index","Index","160","units","0","v44312487","5.3","78.83","","","","2"
"2018","Nova Scotia [12]","2016A000212","Violent crime severity index","Index","160","units","0","v44312487","5.3","79.05","","","","2"
"2019","Nova Scotia [12]","2016A000212","Violent crime severity index","Index","160","units","0","v44312487","5.3","82.72","","","","2"
"2020","Nova Scotia [12]","2016A000212","Violent crime severity index","Index","160","units","0","v44312487","5.3","100.20","","","","2"
"2021","Nova Scotia [12]","2016A000212","Violent crime severity index","Index","160","units","0","v44312487","5.3","94.66","","","","2"
"2010","Nova Scotia [12]","2016A000212","Percent change in violent crime severity index","Percent","239","units","0","v44312488","5.4","-5.77","","","","2"
"2011","Nova Scotia [12]","2016A000212","Percent change in violent crime severity index","Percent","239","units","0","v44312488","5.4","3.17","","","","2"
"2012","Nova Scotia [12]","2016A000212","Percent change in violent crime severity index","Percent","239","units","0","v44312488","5.4","-10.06","","","","2"
"2013","Nova Scotia [12]","2016A000212","Percent change in violent crime severity index","Percent","239","units","0","v44312488","5.4","-7.33","","","","2"
"2014","Nova Scotia [12]","2016A000212","Percent change in violent crime severity index","Percent","239","units","0","v44312488","5.4","-7.99","","","","2"
"2015","Nova Scotia [12]","2016A000212","Percent change in violent crime severity index","Percent","239","units","0","v44312488","5.4","5.98","","","","2"
"2016","Nova Scotia [12]","2016A000212","Percent change in violent crime severity index","Percent","239","units","0","v44312488","5.4","0.25","","","","2"
"2017","Nova Scotia [12]","2016A000212","Percent change in violent crime severity index","Percent","239","units","0","v44312488","5.4","10.86","","","","2"
"2018","Nova Scotia [12]","2016A000212","Percent change in violent crime severity index","Percent","239","units","0","v44312488","5.4","0.28","","","","2"
"2019","Nova Scotia [12]","2016A000212","Percent change in violent crime severity index","Percent","239","units","0","v44312488","5.4","4.64","","","","2"
"2020","Nova Scotia [12]","2016A000212","Percent change in violent crime severity index","Percent","239","units","0","v44312488","5.4","21.13","","","","2"
"2021","Nova Scotia [12]","2016A000212","Percent change in violent crime severity index","Percent","239","units","0","v44312488","5.4","-5.53","","","","2"
"2010","Nova Scotia [12]","2016A000212","Non-violent crime severity index","Index","160","units","0","v44312489","5.5","83.24","","","","2"
"2011","Nova Scotia [12]","2016A000212","Non-violent crime severity index","Index","160","units","0","v44312489","5.5","76.48","","","","2"
"2012","Nova Scotia [12]","2016A000212","Non-violent crime severity index","Index","160","units","0","v44312489","5.5","76.14","","","","2"
"2013","Nova Scotia [12]","2016A000212","Non-violent crime severity index","Index","160","units","0","v44312489","5.5","68.94","","","","2"
"2014","Nova Scotia [12]","2016A000212","Non-violent crime severity index","Index","160","units","0","v44312489","5.5","66.61","","","","2"
"2015","Nova Scotia [12]","2016A000212","Non-violent crime severity index","Index","160","units","0","v44312489","5.5","60.33","","","","2"
"2016","Nova Scotia [12]","2016A000212","Non-violent crime severity index","Index","160","units","0","v44312489","5.5","59.01","","","","2"
"2017","Nova Scotia [12]","2016A000212","Non-violent crime severity index","Index","160","units","0","v44312489","5.5","61.61","","","","2"
"2018","Nova Scotia [12]","2016A000212","Non-violent crime severity index","Index","160","units","0","v44312489","5.5","60.58","","","","2"
"2019","Nova Scotia [12]","2016A000212","Non-violent crime severity index","Index","160","units","0","v44312489","5.5","60.39","","","","2"
"2020","Nova Scotia [12]","2016A000212","Non-violent crime severity index","Index","160","units","0","v44312489","5.5","61.89","","","","2"
"2021","Nova Scotia [12]","2016A000212","Non-violent crime severity index","Index","160","units","0","v44312489","5.5","63.13","","","","2"
"2010","Nova Scotia [12]","2016A000212","Percent change in non-violent crime severity index","Percent","239","units","0","v44312490","5.6","1.81","","","","2"
"2011","Nova Scotia [12]","2016A000212","Percent change in non-violent crime severity index","Percent","239","units","0","v44312490","5.6","-8.12","","","","2"
"2012","Nova Scotia [12]","2016A000212","Percent change in non-violent crime severity index","Percent","239","units","0","v44312490","5.6","-0.44","","","","2"
"2013","Nova Scotia [12]","2016A000212","Percent change in non-violent crime severity index","Percent","239","units","0","v44312490","5.6","-9.46","","","","2"
"2014","Nova Scotia [12]","2016A000212","Percent change in non-violent crime severity index","Percent","239","units","0","v44312490","5.6","-3.38","","","","2"
"2015","Nova Scotia [12]","2016A000212","Percent change in non-violent crime severity index","Percent","239","units","0","v44312490","5.6","-9.43","","","","2"
"2016","Nova Scotia [12]","2016A000212","Percent change in non-violent crime severity index","Percent","239","units","0","v44312490","5.6","-2.19","","","","2"
"2017","Nova Scotia [12]","2016A000212","Percent change in non-violent crime severity index","Percent","239","units","0","v44312490","5.6","4.41","","","","2"
"2018","Nova Scotia [12]","2016A000212","Percent change in non-violent crime severity index","Percent","239","units","0","v44312490","5.6","-1.67","","","","2"
"2019","Nova Scotia [12]","2016A000212","Percent change in non-violent crime severity index","Percent","239","units","0","v44312490","5.6","-0.31","","","","2"
"2020","Nova Scotia [12]","2016A000212","Percent change in non-violent crime severity index","Percent","239","units","0","v44312490","5.6","2.48","","","","2"
"2021","Nova Scotia [12]","2016A000212","Percent change in non-violent crime severity index","Percent","239","units","0","v44312490","5.6","2.00","","","","2"
"2010","Nova Scotia [12]","2016A000212","Youth crime severity index","Index","160","units","0","v53079875","5.7","124.25","","","","2"
"2011","Nova Scotia [12]","2016A000212","Youth crime severity index","Index","160","units","0","v53079875","5.7","120.28","","","","2"
"2012","Nova Scotia [12]","2016A000212","Youth crime severity index","Index","160","units","0","v53079875","5.7","111.75","","","","2"
"2013","Nova Scotia [12]","2016A000212","Youth crime severity index","Index","160","units","0","v53079875","5.7","88.23","","","","2"
"2014","Nova Scotia [12]","2016A000212","Youth crime severity index","Index","160","units","0","v53079875","5.7","84.77","","","","2"
"2015","Nova Scotia [12]","2016A000212","Youth crime severity index","Index","160","units","0","v53079875","5.7","71.34","","","","2"
"2016","Nova Scotia [12]","2016A000212","Youth crime severity index","Index","160","units","0","v53079875","5.7","80.77","","","","2"
"2017","Nova Scotia [12]","2016A000212","Youth crime severity index","Index","160","units","0","v53079875","5.7","69.18","","","","2"
"2018","Nova Scotia [12]","2016A000212","Youth crime severity index","Index","160","units","0","v53079875","5.7","58.63","","","","2"
"2019","Nova Scotia [12]","2016A000212","Youth crime severity index","Index","160","units","0","v53079875","5.7","51.47","","","","2"
"2020","Nova Scotia [12]","2016A000212","Youth crime severity index","Index","160","units","0","v53079875","5.7","34.93","","","","2"
"2021","Nova Scotia [12]","2016A000212","Youth crime severity index","Index","160","units","0","v53079875","5.7","39.43","","","","2"
"2010","Nova Scotia [12]","2016A000212","Percent change in youth crime severity index","Percent","239","units","0","v53079876","5.8","0.82","","","","2"
"2011","Nova Scotia [12]","2016A000212","Percent change in youth crime severity index","Percent","239","units","0","v53079876","5.8","-3.20","","","","2"
"2012","Nova Scotia [12]","2016A000212","Percent change in youth crime severity index","Percent","239","units","0","v53079876","5.8","-7.09","","","","2"
"2013","Nova Scotia [12]","2016A000212","Percent change in youth crime severity index","Percent","239","units","0","v53079876","5.8","-21.05","","","","2"
"2014","Nova Scotia [12]","2016A000212","Percent change in youth crime severity index","Percent","239","units","0","v53079876","5.8","-3.92","","","","2"
"2015","Nova Scotia [12]","2016A000212","Percent change in youth crime severity index","Percent","239","units","0","v53079876","5.8","-15.84","","","","2"
"2016","Nova Scotia [12]","2016A000212","Percent change in youth crime severity index","Percent","239","units","0","v53079876","5.8","13.22","","","","2"
"2017","Nova Scotia [12]","2016A000212","Percent change in youth crime severity index","Percent","239","units","0","v53079876","5.8","-14.35","","","","2"
"2018","Nova Scotia [12]","2016A000212","Percent change in youth crime severity index","Percent","239","units","0","v53079876","5.8","-15.25","","","","2"
"2019","Nova Scotia [12]","2016A000212","Percent change in youth crime severity index","Percent","239","units","0","v53079876","5.8","-12.21","","","","2"
"2020","Nova Scotia [12]","2016A000212","Percent change in youth crime severity index","Percent","239","units","0","v53079876","5.8","-32.14","","","","2"
"2021","Nova Scotia [12]","2016A000212","Percent change in youth crime severity index","Percent","239","units","0","v53079876","5.8","12.88","","","","2"
"2010","Nova Scotia [12]","2016A000212","Youth violent crime severity index","Index","160","units","0","v53079877","5.9","114.78","","","","2"
"2011","Nova Scotia [12]","2016A000212","Youth violent crime severity index","Index","160","units","0","v53079877","5.9","117.20","","","","2"
"2012","Nova Scotia [12]","2016A000212","Youth violent crime severity index","Index","160","units","0","v53079877","5.9","100.53","","","","2"
"2013","Nova Scotia [12]","2016A000212","Youth violent crime severity index","Index","160","units","0","v53079877","5.9","82.36","","","","2"
"2014","Nova Scotia [12]","2016A000212","Youth violent crime severity index","Index","160","units","0","v53079877","5.9","87.76","","","","2"
"2015","Nova Scotia [12]","2016A000212","Youth violent crime severity index","Index","160","units","0","v53079877","5.9","67.34","","","","2"
"2016","Nova Scotia [12]","2016A000212","Youth violent crime severity index","Index","160","units","0","v53079877","5.9","89.00","","","","2"
"2017","Nova Scotia [12]","2016A000212","Youth violent crime severity index","Index","160","units","0","v53079877","5.9","82.40","","","","2"
"2018","Nova Scotia [12]","2016A000212","Youth violent crime severity index","Index","160","units","0","v53079877","5.9","73.68","","","","2"
"2019","Nova Scotia [12]","2016A000212","Youth violent crime severity index","Index","160","units","0","v53079877","5.9","59.76","","","","2"
"2020","Nova Scotia [12]","2016A000212","Youth violent crime severity index","Index","160","units","0","v53079877","5.9","48.46","","","","2"
"2021","Nova Scotia [12]","2016A000212","Youth violent crime severity index","Index","160","units","0","v53079877","5.9","52.58","","","","2"
"2010","Nova Scotia [12]","2016A000212","Percent change in youth violent crime severity index","Percent","239","units","0","v53079923","5.10","8.91","","","","2"
"2011","Nova Scotia [12]","2016A000212","Percent change in youth violent crime severity index","Percent","239","units","0","v53079923","5.10","2.11","","","","2"
"2012","Nova Scotia [12]","2016A000212","Percent change in youth violent crime severity index","Percent","239","units","0","v53079923","5.10","-14.22","","","","2"
"2013","Nova Scotia [12]","2016A000212","Percent change in youth violent crime severity index","Percent","239","units","0","v53079923","5.10","-18.07","","","","2"
"2014","Nova Scotia [12]","2016A000212","Percent change in youth violent crime severity index","Percent","239","units","0","v53079923","5.10","6.56","","","","2"
"2015","Nova Scotia [12]","2016A000212","Percent change in youth violent crime severity index","Percent","239","units","0","v53079923","5.10","-23.27","","","","2"
"2016","Nova Scotia [12]","2016A000212","Percent change in youth violent crime severity index","Percent","239","units","0","v53079923","5.10","32.17","","","","2"
"2017","Nova Scotia [12]","2016A000212","Percent change in youth violent crime severity index","Percent","239","units","0","v53079923","5.10","-7.42","","","","2"
"2018","Nova Scotia [12]","2016A000212","Percent change in youth violent crime severity index","Percent","239","units","0","v53079923","5.10","-10.58","","","","2"
"2019","Nova Scotia [12]","2016A000212","Percent change in youth violent crime severity index","Percent","239","units","0","v53079923","5.10","-18.89","","","","2"
"2020","Nova Scotia [12]","2016A000212","Percent change in youth violent crime severity index","Percent","239","units","0","v53079923","5.10","-18.91","","","","2"
"2021","Nova Scotia [12]","2016A000212","Percent change in youth violent crime severity index","Percent","239","units","0","v53079923","5.10","8.50","","","","2"
"2010","Nova Scotia [12]","2016A000212","Youth non-violent crime severity index","Index","160","units","0","v53079867","5.11","131.47","","","","2"
"2011","Nova Scotia [12]","2016A000212","Youth non-violent crime severity index","Index","160","units","0","v53079867","5.11","121.93","","","","2"
"2012","Nova Scotia [12]","2016A000212","Youth non-violent crime severity index","Index","160","units","0","v53079867","5.11","119.21","","","","2"
"2013","Nova Scotia [12]","2016A000212","Youth non-violent crime severity index","Index","160","units","0","v53079867","5.11","92.00","","","","2"
"2014","Nova Scotia [12]","2016A000212","Youth non-violent crime severity index","Index","160","units","0","v53079867","5.11","82.28","","","","2"
"2015","Nova Scotia [12]","2016A000212","Youth non-violent crime severity index","Index","160","units","0","v53079867","5.11","73.86","","","","2"
"2016","Nova Scotia [12]","2016A000212","Youth non-violent crime severity index","Index","160","units","0","v53079867","5.11","74.41","","","","2"
"2017","Nova Scotia [12]","2016A000212","Youth non-violent crime severity index","Index","160","units","0","v53079867","5.11","59.52","","","","2"
"2018","Nova Scotia [12]","2016A000212","Youth non-violent crime severity index","Index","160","units","0","v53079867","5.11","47.83","","","","2"
"2019","Nova Scotia [12]","2016A000212","Youth non-violent crime severity index","Index","160","units","0","v53079867","5.11","45.34","","","","2"
"2020","Nova Scotia [12]","2016A000212","Youth non-violent crime severity index","Index","160","units","0","v53079867","5.11","25.38","","","","2"
"2021","Nova Scotia [12]","2016A000212","Youth non-violent crime severity index","Index","160","units","0","v53079867","5.11","30.10","","","","2"
"2010","Nova Scotia [12]","2016A000212","Percent change in youth non-violent crime severity index","Percent","239","units","0","v53079868","5.12","-3.92","","","","2"
"2011","Nova Scotia [12]","2016A000212","Percent change in youth non-violent crime severity index","Percent","239","units","0","v53079868","5.12","-7.26","","","","2"
"2012","Nova Scotia [12]","2016A000212","Percent change in youth non-violent crime severity index","Percent","239","units","0","v53079868","5.12","-2.23","","","","2"
"2013","Nova Scotia [12]","2016A000212","Percent change in youth non-violent crime severity index","Percent","239","units","0","v53079868","5.12","-22.83","","","","2"
"2014","Nova Scotia [12]","2016A000212","Percent change in youth non-violent crime severity index","Percent","239","units","0","v53079868","5.12","-10.57","","","","2"
"2015","Nova Scotia [12]","2016A000212","Percent change in youth non-violent crime severity index","Percent","239","units","0","v53079868","5.12","-10.23","","","","2"
"2016","Nova Scotia [12]","2016A000212","Percent change in youth non-violent crime severity index","Percent","239","units","0","v53079868","5.12","0.74","","","","2"
"2017","Nova Scotia [12]","2016A000212","Percent change in youth non-violent crime severity index","Percent","239","units","0","v53079868","5.12","-20.01","","","","2"
"2018","Nova Scotia [12]","2016A000212","Percent change in youth non-violent crime severity index","Percent","239","units","0","v53079868","5.12","-19.64","","","","2"
"2019","Nova Scotia [12]","2016A000212","Percent change in youth non-violent crime severity index","Percent","239","units","0","v53079868","5.12","-5.21","","","","2"
"2020","Nova Scotia [12]","2016A000212","Percent change in youth non-violent crime severity index","Percent","239","units","0","v53079868","5.12","-44.02","","","","2"
"2021","Nova Scotia [12]","2016A000212","Percent change in youth non-violent crime severity index","Percent","239","units","0","v53079868","5.12","18.60","","","","2"
"2010","Nova Scotia [12]","2016A000212","Weighted clearance rate","Number","223","units","0","v53079869","5.13","39.99","","","","2"
"2011","Nova Scotia [12]","2016A000212","Weighted clearance rate","Number","223","units","0","v53079869","5.13","42.14","","","","2"
"2012","Nova Scotia [12]","2016A000212","Weighted clearance rate","Number","223","units","0","v53079869","5.13","41.82","","","","2"
"2013","Nova Scotia [12]","2016A000212","Weighted clearance rate","Number","223","units","0","v53079869","5.13","42.40","","","","2"
"2014","Nova Scotia [12]","2016A000212","Weighted clearance rate","Number","223","units","0","v53079869","5.13","40.85","","","","2"
"2015","Nova Scotia [12]","2016A000212","Weighted clearance rate","Number","223","units","0","v53079869","5.13","42.73","","","","2"
"2016","Nova Scotia [12]","2016A000212","Weighted clearance rate","Number","223","units","0","v53079869","5.13","42.74","","","","2"
"2017","Nova Scotia [12]","2016A000212","Weighted clearance rate","Number","223","units","0","v53079869","5.13","40.97","","","","2"
"2018","Nova Scotia [12]","2016A000212","Weighted clearance rate","Number","223","units","0","v53079869","5.13","40.14","","","","2"
"2019","Nova Scotia [12]","2016A000212","Weighted clearance rate","Number","223","units","0","v53079869","5.13","36.99","","","","2"
"2020","Nova Scotia [12]","2016A000212","Weighted clearance rate","Number","223","units","0","v53079869","5.13","37.98","","","","2"
"2021","Nova Scotia [12]","2016A000212","Weighted clearance rate","Number","223","units","0","v53079869","5.13","31.69","","","","2"
"2010","Nova Scotia [12]","2016A000212","Percent change in weighted clearance rate","Percent","239","units","0","v53079870","5.14","-1.41","","","","2"
"2011","Nova Scotia [12]","2016A000212","Percent change in weighted clearance rate","Percent","239","units","0","v53079870","5.14","5.38","","","","2"
"2012","Nova Scotia [12]","2016A000212","Percent change in weighted clearance rate","Percent","239","units","0","v53079870","5.14","-0.76","","","","2"
"2013","Nova Scotia [12]","2016A000212","Percent change in weighted clearance rate","Percent","239","units","0","v53079870","5.14","1.39","","","","2"
"2014","Nova Scotia [12]","2016A000212","Percent change in weighted clearance rate","Percent","239","units","0","v53079870","5.14","-3.66","","","","2"
"2015","Nova Scotia [12]","2016A000212","Percent change in weighted clearance rate","Percent","239","units","0","v53079870","5.14","4.60","","","","2"
"2016","Nova Scotia [12]","2016A000212","Percent change in weighted clearance rate","Percent","239","units","0","v53079870","5.14","0.02","","","","2"
"2017","Nova Scotia [12]","2016A000212","Percent change in weighted clearance rate","Percent","239","units","0","v53079870","5.14","-4.14","","","","2"
"2018","Nova Scotia [12]","2016A000212","Percent change in weighted clearance rate","Percent","239","units","0","v53079870","5.14","-2.03","","","","2"
"2019","Nova Scotia [12]","2016A000212","Percent change in weighted clearance rate","Percent","239","units","0","v53079870","5.14","-7.85","","","","2"
"2020","Nova Scotia [12]","2016A000212","Percent change in weighted clearance rate","Percent","239","units","0","v53079870","5.14","2.68","","","","2"
"2021","Nova Scotia [12]","2016A000212","Percent change in weighted clearance rate","Percent","239","units","0","v53079870","5.14","-16.56","","","","2"
"2010","Nova Scotia [12]","2016A000212","Violent weighted clearance rate","Number","223","units","0","v53079871","5.15","61.73","","","","2"
"2011","Nova Scotia [12]","2016A000212","Violent weighted clearance rate","Number","223","units","0","v53079871","5.15","62.64","","","","2"
"2012","Nova Scotia [12]","2016A000212","Violent weighted clearance rate","Number","223","units","0","v53079871","5.15","67.69","","","","2"
"2013","Nova Scotia [12]","2016A000212","Violent weighted clearance rate","Number","223","units","0","v53079871","5.15","66.95","","","","2"
"2014","Nova Scotia [12]","2016A000212","Violent weighted clearance rate","Number","223","units","0","v53079871","5.15","67.67","","","","2"
"2015","Nova Scotia [12]","2016A000212","Violent weighted clearance rate","Number","223","units","0","v53079871","5.15","65.87","","","","2"
"2016","Nova Scotia [12]","2016A000212","Violent weighted clearance rate","Number","223","units","0","v53079871","5.15","65.80","","","","2"
"2017","Nova Scotia [12]","2016A000212","Violent weighted clearance rate","Number","223","units","0","v53079871","5.15","63.00","","","","2"
"2018","Nova Scotia [12]","2016A000212","Violent weighted clearance rate","Number","223","units","0","v53079871","5.15","59.95","","","","2"
"2019","Nova Scotia [12]","2016A000212","Violent weighted clearance rate","Number","223","units","0","v53079871","5.15","54.75","","","","2"
"2020","Nova Scotia [12]","2016A000212","Violent weighted clearance rate","Number","223","units","0","v53079871","5.15","62.17","","","","2"
"2021","Nova Scotia [12]","2016A000212","Violent weighted clearance rate","Number","223","units","0","v53079871","5.15","49.46","","","","2"
"2010","Nova Scotia [12]","2016A000212","Percent change in violent weighted clearance rate","Percent","239","units","0","v53079872","5.16","3.11","","","","2"
"2011","Nova Scotia [12]","2016A000212","Percent change in violent weighted clearance rate","Percent","239","units","0","v53079872","5.16","1.47","","","","2"
"2012","Nova Scotia [12]","2016A000212","Percent change in violent weighted clearance rate","Percent","239","units","0","v53079872","5.16","8.06","","","","2"
"2013","Nova Scotia [12]","2016A000212","Percent change in violent weighted clearance rate","Percent","239","units","0","v53079872","5.16","-1.09","","","","2"
"2014","Nova Scotia [12]","2016A000212","Percent change in violent weighted clearance rate","Percent","239","units","0","v53079872","5.16","1.08","","","","2"
"2015","Nova Scotia [12]","2016A000212","Percent change in violent weighted clearance rate","Percent","239","units","0","v53079872","5.16","-2.66","","","","2"
"2016","Nova Scotia [12]","2016A000212","Percent change in violent weighted clearance rate","Percent","239","units","0","v53079872","5.16","-0.11","","","","2"
"2017","Nova Scotia [12]","2016A000212","Percent change in violent weighted clearance rate","Percent","239","units","0","v53079872","5.16","-4.26","","","","2"
"2018","Nova Scotia [12]","2016A000212","Percent change in violent weighted clearance rate","Percent","239","units","0","v53079872","5.16","-4.84","","","","2"
"2019","Nova Scotia [12]","2016A000212","Percent change in violent weighted clearance rate","Percent","239","units","0","v53079872","5.16","-8.67","","","","2"
"2020","Nova Scotia [12]","2016A000212","Percent change in violent weighted clearance rate","Percent","239","units","0","v53079872","5.16","13.55","","","","2"
"2021","Nova Scotia [12]","2016A000212","Percent change in violent weighted clearance rate","Percent","239","units","0","v53079872","5.16","-20.44","","","","2"
"2010","Nova Scotia [12]","2016A000212","Non-violent weighted clearance rate","Number","223","units","0","v53079873","5.17","31.49","","","","2"
"2011","Nova Scotia [12]","2016A000212","Non-violent weighted clearance rate","Number","223","units","0","v53079873","5.17","33.63","","","","2"
"2012","Nova Scotia [12]","2016A000212","Non-violent weighted clearance rate","Number","223","units","0","v53079873","5.17","32.11","","","","2"
"2013","Nova Scotia [12]","2016A000212","Non-violent weighted clearance rate","Number","223","units","0","v53079873","5.17","32.98","","","","2"
"2014","Nova Scotia [12]","2016A000212","Non-violent weighted clearance rate","Number","223","units","0","v53079873","5.17","31.05","","","","2"
"2015","Nova Scotia [12]","2016A000212","Non-violent weighted clearance rate","Number","223","units","0","v53079873","5.17","32.83","","","","2"
"2016","Nova Scotia [12]","2016A000212","Non-violent weighted clearance rate","Number","223","units","0","v53079873","5.17","32.75","","","","2"
"2017","Nova Scotia [12]","2016A000212","Non-violent weighted clearance rate","Number","223","units","0","v53079873","5.17","30.84","","","","2"
"2018","Nova Scotia [12]","2016A000212","Non-violent weighted clearance rate","Number","223","units","0","v53079873","5.17","30.85","","","","2"
"2019","Nova Scotia [12]","2016A000212","Non-violent weighted clearance rate","Number","223","units","0","v53079873","5.17","28.25","","","","2"
"2020","Nova Scotia [12]","2016A000212","Non-violent weighted clearance rate","Number","223","units","0","v53079873","5.17","23.89","","","","2"
"2021","Nova Scotia [12]","2016A000212","Non-violent weighted clearance rate","Number","223","units","0","v53079873","5.17","22.11","","","","2"
"2010","Nova Scotia [12]","2016A000212","Percent change in non-violent weighted clearance rate","Percent","239","units","0","v53079874","5.18","-2.84","","","","2"
"2011","Nova Scotia [12]","2016A000212","Percent change in non-violent weighted clearance rate","Percent","239","units","0","v53079874","5.18","6.80","","","","2"
"2012","Nova Scotia [12]","2016A000212","Percent change in non-violent weighted clearance rate","Percent","239","units","0","v53079874","5.18","-4.52","","","","2"
"2013","Nova Scotia [12]","2016A000212","Percent change in non-violent weighted clearance rate","Percent","239","units","0","v53079874","5.18","2.71","","","","2"
"2014","Nova Scotia [12]","2016A000212","Percent change in non-violent weighted clearance rate","Percent","239","units","0","v53079874","5.18","-5.85","","","","2"
"2015","Nova Scotia [12]","2016A000212","Percent change in non-violent weighted clearance rate","Percent","239","units","0","v53079874","5.18","5.73","","","","2"
"2016","Nova Scotia [12]","2016A000212","Percent change in non-violent weighted clearance rate","Percent","239","units","0","v53079874","5.18","-0.24","","","","2"
"2017","Nova Scotia [12]","2016A000212","Percent change in non-violent weighted clearance rate","Percent","239","units","0","v53079874","5.18","-5.83","","","","2"
"2018","Nova Scotia [12]","2016A000212","Percent change in non-violent weighted clearance rate","Percent","239","units","0","v53079874","5.18","0.03","","","","2"
"2019","Nova Scotia [12]","2016A000212","Percent change in non-violent weighted clearance rate","Percent","239","units","0","v53079874","5.18","-8.43","","","","2"
"2020","Nova Scotia [12]","2016A000212","Percent change in non-violent weighted clearance rate","Percent","239","units","0","v53079874","5.18","-15.43","","","","2"
"2021","Nova Scotia [12]","2016A000212","Percent change in non-violent weighted clearance rate","Percent","239","units","0","v53079874","5.18","-7.45","","","","2"


