﻿"REF_DATE","GEO","DGUID","Statistics","UOM","UOM_ID","SCALAR_FACTOR","SCALAR_ID","VECTOR","COORDINATE","VALUE","STATUS","SYMBOL","TERMINATED","DECIMALS"
"2010","Montréal, Quebec [24462]","2021A003524462","Crime severity index","Index","160","units","0","v44312539","14.1","82.97","","","","2"
"2011","Montréal, Quebec [24462]","2021A003524462","Crime severity index","Index","160","units","0","v44312539","14.1","79.85","","","","2"
"2012","Montréal, Quebec [24462]","2021A003524462","Crime severity index","Index","160","units","0","v44312539","14.1","75.10","","","","2"
"2013","Montréal, Quebec [24462]","2021A003524462","Crime severity index","Index","160","units","0","v44312539","14.1","66.62","","","","2"
"2014","Montréal, Quebec [24462]","2021A003524462","Crime severity index","Index","160","units","0","v44312539","14.1","60.87","","","","2"
"2015","Montréal, Quebec [24462]","2021A003524462","Crime severity index","Index","160","units","0","v44312539","14.1","61.47","","","","2"
"2016","Montréal, Quebec [24462]","2021A003524462","Crime severity index","Index","160","units","0","v44312539","14.1","58.70","","","","2"
"2017","Montréal, Quebec [24462]","2021A003524462","Crime severity index","Index","160","units","0","v44312539","14.1","59.05","","","","2"
"2018","Montréal, Quebec [24462]","2021A003524462","Crime severity index","Index","160","units","0","v44312539","14.1","58.21","","","","2"
"2019","Montréal, Quebec [24462]","2021A003524462","Crime severity index","Index","160","units","0","v44312539","14.1","57.71","","","","2"
"2020","Montréal, Quebec [24462]","2021A003524462","Crime severity index","Index","160","units","0","v44312539","14.1","52.82","","","","2"
"2021","Montréal, Quebec [24462]","2021A003524462","Crime severity index","Index","160","units","0","v44312539","14.1","55.93","","","","2"
"2010","Montréal, Quebec [24462]","2021A003524462","Percent change in crime severity index","Percent","239","units","0","v44312540","14.2","-7.24","","","","2"
"2011","Montréal, Quebec [24462]","2021A003524462","Percent change in crime severity index","Percent","239","units","0","v44312540","14.2","-3.76","","","","2"
"2012","Montréal, Quebec [24462]","2021A003524462","Percent change in crime severity index","Percent","239","units","0","v44312540","14.2","-5.95","","","","2"
"2013","Montréal, Quebec [24462]","2021A003524462","Percent change in crime severity index","Percent","239","units","0","v44312540","14.2","-11.29","","","","2"
"2014","Montréal, Quebec [24462]","2021A003524462","Percent change in crime severity index","Percent","239","units","0","v44312540","14.2","-8.63","","","","2"
"2015","Montréal, Quebec [24462]","2021A003524462","Percent change in crime severity index","Percent","239","units","0","v44312540","14.2","0.99","","","","2"
"2016","Montréal, Quebec [24462]","2021A003524462","Percent change in crime severity index","Percent","239","units","0","v44312540","14.2","-4.51","","","","2"
"2017","Montréal, Quebec [24462]","2021A003524462","Percent change in crime severity index","Percent","239","units","0","v44312540","14.2","0.60","","","","2"
"2018","Montréal, Quebec [24462]","2021A003524462","Percent change in crime severity index","Percent","239","units","0","v44312540","14.2","-1.42","","","","2"
"2019","Montréal, Quebec [24462]","2021A003524462","Percent change in crime severity index","Percent","239","units","0","v44312540","14.2","-0.86","","","","2"
"2020","Montréal, Quebec [24462]","2021A003524462","Percent change in crime severity index","Percent","239","units","0","v44312540","14.2","-8.47","","","","2"
"2021","Montréal, Quebec [24462]","2021A003524462","Percent change in crime severity index","Percent","239","units","0","v44312540","14.2","5.89","","","","2"
"2010","Montréal, Quebec [24462]","2021A003524462","Violent crime severity index","Index","160","units","0","v44312541","14.3","98.50","","","","2"
"2011","Montréal, Quebec [24462]","2021A003524462","Violent crime severity index","Index","160","units","0","v44312541","14.3","98.07","","","","2"
"2012","Montréal, Quebec [24462]","2021A003524462","Violent crime severity index","Index","160","units","0","v44312541","14.3","88.78","","","","2"
"2013","Montréal, Quebec [24462]","2021A003524462","Violent crime severity index","Index","160","units","0","v44312541","14.3","80.13","","","","2"
"2014","Montréal, Quebec [24462]","2021A003524462","Violent crime severity index","Index","160","units","0","v44312541","14.3","73.28","","","","2"
"2015","Montréal, Quebec [24462]","2021A003524462","Violent crime severity index","Index","160","units","0","v44312541","14.3","77.44","","","","2"
"2016","Montréal, Quebec [24462]","2021A003524462","Violent crime severity index","Index","160","units","0","v44312541","14.3","72.28","","","","2"
"2017","Montréal, Quebec [24462]","2021A003524462","Violent crime severity index","Index","160","units","0","v44312541","14.3","74.41","","","","2"
"2018","Montréal, Quebec [24462]","2021A003524462","Violent crime severity index","Index","160","units","0","v44312541","14.3","71.92","","","","2"
"2019","Montréal, Quebec [24462]","2021A003524462","Violent crime severity index","Index","160","units","0","v44312541","14.3","75.98","","","","2"
"2020","Montréal, Quebec [24462]","2021A003524462","Violent crime severity index","Index","160","units","0","v44312541","14.3","73.13","","","","2"
"2021","Montréal, Quebec [24462]","2021A003524462","Violent crime severity index","Index","160","units","0","v44312541","14.3","82.04","","","","2"
"2010","Montréal, Quebec [24462]","2021A003524462","Percent change in violent crime severity index","Percent","239","units","0","v44312542","14.4","-3.71","","","","2"
"2011","Montréal, Quebec [24462]","2021A003524462","Percent change in violent crime severity index","Percent","239","units","0","v44312542","14.4","-0.44","","","","2"
"2012","Montréal, Quebec [24462]","2021A003524462","Percent change in violent crime severity index","Percent","239","units","0","v44312542","14.4","-9.47","","","","2"
"2013","Montréal, Quebec [24462]","2021A003524462","Percent change in violent crime severity index","Percent","239","units","0","v44312542","14.4","-9.74","","","","2"
"2014","Montréal, Quebec [24462]","2021A003524462","Percent change in violent crime severity index","Percent","239","units","0","v44312542","14.4","-8.55","","","","2"
"2015","Montréal, Quebec [24462]","2021A003524462","Percent change in violent crime severity index","Percent","239","units","0","v44312542","14.4","5.68","","","","2"
"2016","Montréal, Quebec [24462]","2021A003524462","Percent change in violent crime severity index","Percent","239","units","0","v44312542","14.4","-6.66","","","","2"
"2017","Montréal, Quebec [24462]","2021A003524462","Percent change in violent crime severity index","Percent","239","units","0","v44312542","14.4","2.95","","","","2"
"2018","Montréal, Quebec [24462]","2021A003524462","Percent change in violent crime severity index","Percent","239","units","0","v44312542","14.4","-3.35","","","","2"
"2019","Montréal, Quebec [24462]","2021A003524462","Percent change in violent crime severity index","Percent","239","units","0","v44312542","14.4","5.65","","","","2"
"2020","Montréal, Quebec [24462]","2021A003524462","Percent change in violent crime severity index","Percent","239","units","0","v44312542","14.4","-3.75","","","","2"
"2021","Montréal, Quebec [24462]","2021A003524462","Percent change in violent crime severity index","Percent","239","units","0","v44312542","14.4","12.18","","","","2"
"2010","Montréal, Quebec [24462]","2021A003524462","Non-violent crime severity index","Index","160","units","0","v44312543","14.5","76.99","","","","2"
"2011","Montréal, Quebec [24462]","2021A003524462","Non-violent crime severity index","Index","160","units","0","v44312543","14.5","73.05","","","","2"
"2012","Montréal, Quebec [24462]","2021A003524462","Non-violent crime severity index","Index","160","units","0","v44312543","14.5","69.97","","","","2"
"2013","Montréal, Quebec [24462]","2021A003524462","Non-violent crime severity index","Index","160","units","0","v44312543","14.5","61.56","","","","2"
"2014","Montréal, Quebec [24462]","2021A003524462","Non-violent crime severity index","Index","160","units","0","v44312543","14.5","56.22","","","","2"
"2015","Montréal, Quebec [24462]","2021A003524462","Non-violent crime severity index","Index","160","units","0","v44312543","14.5","55.53","","","","2"
"2016","Montréal, Quebec [24462]","2021A003524462","Non-violent crime severity index","Index","160","units","0","v44312543","14.5","53.67","","","","2"
"2017","Montréal, Quebec [24462]","2021A003524462","Non-violent crime severity index","Index","160","units","0","v44312543","14.5","53.39","","","","2"
"2018","Montréal, Quebec [24462]","2021A003524462","Non-violent crime severity index","Index","160","units","0","v44312543","14.5","53.14","","","","2"
"2019","Montréal, Quebec [24462]","2021A003524462","Non-violent crime severity index","Index","160","units","0","v44312543","14.5","51.00","","","","2"
"2020","Montréal, Quebec [24462]","2021A003524462","Non-violent crime severity index","Index","160","units","0","v44312543","14.5","45.39","","","","2"
"2021","Montréal, Quebec [24462]","2021A003524462","Non-violent crime severity index","Index","160","units","0","v44312543","14.5","46.40","","","","2"
"2010","Montréal, Quebec [24462]","2021A003524462","Percent change in non-violent crime severity index","Percent","239","units","0","v44312544","14.6","-8.91","","","","2"
"2011","Montréal, Quebec [24462]","2021A003524462","Percent change in non-violent crime severity index","Percent","239","units","0","v44312544","14.6","-5.12","","","","2"
"2012","Montréal, Quebec [24462]","2021A003524462","Percent change in non-violent crime severity index","Percent","239","units","0","v44312544","14.6","-4.22","","","","2"
"2013","Montréal, Quebec [24462]","2021A003524462","Percent change in non-violent crime severity index","Percent","239","units","0","v44312544","14.6","-12.02","","","","2"
"2014","Montréal, Quebec [24462]","2021A003524462","Percent change in non-violent crime severity index","Percent","239","units","0","v44312544","14.6","-8.67","","","","2"
"2015","Montréal, Quebec [24462]","2021A003524462","Percent change in non-violent crime severity index","Percent","239","units","0","v44312544","14.6","-1.23","","","","2"
"2016","Montréal, Quebec [24462]","2021A003524462","Percent change in non-violent crime severity index","Percent","239","units","0","v44312544","14.6","-3.35","","","","2"
"2017","Montréal, Quebec [24462]","2021A003524462","Percent change in non-violent crime severity index","Percent","239","units","0","v44312544","14.6","-0.52","","","","2"
"2018","Montréal, Quebec [24462]","2021A003524462","Percent change in non-violent crime severity index","Percent","239","units","0","v44312544","14.6","-0.47","","","","2"
"2019","Montréal, Quebec [24462]","2021A003524462","Percent change in non-violent crime severity index","Percent","239","units","0","v44312544","14.6","-4.03","","","","2"
"2020","Montréal, Quebec [24462]","2021A003524462","Percent change in non-violent crime severity index","Percent","239","units","0","v44312544","14.6","-11.00","","","","2"
"2021","Montréal, Quebec [24462]","2021A003524462","Percent change in non-violent crime severity index","Percent","239","units","0","v44312544","14.6","2.23","","","","2"
"2010","Montréal, Quebec [24462]","2021A003524462","Youth crime severity index","Index","160","units","0","v53079501","14.7","0.00","","","","2"
"2011","Montréal, Quebec [24462]","2021A003524462","Youth crime severity index","Index","160","units","0","v53079501","14.7","","..","","","2"
"2012","Montréal, Quebec [24462]","2021A003524462","Youth crime severity index","Index","160","units","0","v53079501","14.7","","..","","","2"
"2013","Montréal, Quebec [24462]","2021A003524462","Youth crime severity index","Index","160","units","0","v53079501","14.7","","..","","","2"
"2014","Montréal, Quebec [24462]","2021A003524462","Youth crime severity index","Index","160","units","0","v53079501","14.7","","..","","","2"
"2015","Montréal, Quebec [24462]","2021A003524462","Youth crime severity index","Index","160","units","0","v53079501","14.7","","..","","","2"
"2016","Montréal, Quebec [24462]","2021A003524462","Youth crime severity index","Index","160","units","0","v53079501","14.7","","..","","","2"
"2017","Montréal, Quebec [24462]","2021A003524462","Youth crime severity index","Index","160","units","0","v53079501","14.7","","..","","","2"
"2018","Montréal, Quebec [24462]","2021A003524462","Youth crime severity index","Index","160","units","0","v53079501","14.7","","..","","","2"
"2019","Montréal, Quebec [24462]","2021A003524462","Youth crime severity index","Index","160","units","0","v53079501","14.7","","..","","","2"
"2020","Montréal, Quebec [24462]","2021A003524462","Youth crime severity index","Index","160","units","0","v53079501","14.7","","..","","","2"
"2021","Montréal, Quebec [24462]","2021A003524462","Youth crime severity index","Index","160","units","0","v53079501","14.7","","..","","","2"
"2010","Montréal, Quebec [24462]","2021A003524462","Percent change in youth crime severity index","Percent","239","units","0","v87984876","14.8","0.00","","","","2"
"2011","Montréal, Quebec [24462]","2021A003524462","Percent change in youth crime severity index","Percent","239","units","0","v87984876","14.8","","..","","","2"
"2012","Montréal, Quebec [24462]","2021A003524462","Percent change in youth crime severity index","Percent","239","units","0","v87984876","14.8","","..","","","2"
"2013","Montréal, Quebec [24462]","2021A003524462","Percent change in youth crime severity index","Percent","239","units","0","v87984876","14.8","","..","","","2"
"2014","Montréal, Quebec [24462]","2021A003524462","Percent change in youth crime severity index","Percent","239","units","0","v87984876","14.8","","..","","","2"
"2015","Montréal, Quebec [24462]","2021A003524462","Percent change in youth crime severity index","Percent","239","units","0","v87984876","14.8","","..","","","2"
"2016","Montréal, Quebec [24462]","2021A003524462","Percent change in youth crime severity index","Percent","239","units","0","v87984876","14.8","","..","","","2"
"2017","Montréal, Quebec [24462]","2021A003524462","Percent change in youth crime severity index","Percent","239","units","0","v87984876","14.8","","..","","","2"
"2018","Montréal, Quebec [24462]","2021A003524462","Percent change in youth crime severity index","Percent","239","units","0","v87984876","14.8","","..","","","2"
"2019","Montréal, Quebec [24462]","2021A003524462","Percent change in youth crime severity index","Percent","239","units","0","v87984876","14.8","","..","","","2"
"2020","Montréal, Quebec [24462]","2021A003524462","Percent change in youth crime severity index","Percent","239","units","0","v87984876","14.8","","..","","","2"
"2021","Montréal, Quebec [24462]","2021A003524462","Percent change in youth crime severity index","Percent","239","units","0","v87984876","14.8","","..","","","2"
"2010","Montréal, Quebec [24462]","2021A003524462","Youth violent crime severity index","Index","160","units","0","v53079502","14.9","0.00","","","","2"
"2011","Montréal, Quebec [24462]","2021A003524462","Youth violent crime severity index","Index","160","units","0","v53079502","14.9","","..","","","2"
"2012","Montréal, Quebec [24462]","2021A003524462","Youth violent crime severity index","Index","160","units","0","v53079502","14.9","","..","","","2"
"2013","Montréal, Quebec [24462]","2021A003524462","Youth violent crime severity index","Index","160","units","0","v53079502","14.9","","..","","","2"
"2014","Montréal, Quebec [24462]","2021A003524462","Youth violent crime severity index","Index","160","units","0","v53079502","14.9","","..","","","2"
"2015","Montréal, Quebec [24462]","2021A003524462","Youth violent crime severity index","Index","160","units","0","v53079502","14.9","","..","","","2"
"2016","Montréal, Quebec [24462]","2021A003524462","Youth violent crime severity index","Index","160","units","0","v53079502","14.9","","..","","","2"
"2017","Montréal, Quebec [24462]","2021A003524462","Youth violent crime severity index","Index","160","units","0","v53079502","14.9","","..","","","2"
"2018","Montréal, Quebec [24462]","2021A003524462","Youth violent crime severity index","Index","160","units","0","v53079502","14.9","","..","","","2"
"2019","Montréal, Quebec [24462]","2021A003524462","Youth violent crime severity index","Index","160","units","0","v53079502","14.9","","..","","","2"
"2020","Montréal, Quebec [24462]","2021A003524462","Youth violent crime severity index","Index","160","units","0","v53079502","14.9","","..","","","2"
"2021","Montréal, Quebec [24462]","2021A003524462","Youth violent crime severity index","Index","160","units","0","v53079502","14.9","","..","","","2"
"2010","Montréal, Quebec [24462]","2021A003524462","Percent change in youth violent crime severity index","Percent","239","units","0","v87984877","14.10","0.00","","","","2"
"2011","Montréal, Quebec [24462]","2021A003524462","Percent change in youth violent crime severity index","Percent","239","units","0","v87984877","14.10","","..","","","2"
"2012","Montréal, Quebec [24462]","2021A003524462","Percent change in youth violent crime severity index","Percent","239","units","0","v87984877","14.10","","..","","","2"
"2013","Montréal, Quebec [24462]","2021A003524462","Percent change in youth violent crime severity index","Percent","239","units","0","v87984877","14.10","","..","","","2"
"2014","Montréal, Quebec [24462]","2021A003524462","Percent change in youth violent crime severity index","Percent","239","units","0","v87984877","14.10","","..","","","2"
"2015","Montréal, Quebec [24462]","2021A003524462","Percent change in youth violent crime severity index","Percent","239","units","0","v87984877","14.10","","..","","","2"
"2016","Montréal, Quebec [24462]","2021A003524462","Percent change in youth violent crime severity index","Percent","239","units","0","v87984877","14.10","","..","","","2"
"2017","Montréal, Quebec [24462]","2021A003524462","Percent change in youth violent crime severity index","Percent","239","units","0","v87984877","14.10","","..","","","2"
"2018","Montréal, Quebec [24462]","2021A003524462","Percent change in youth violent crime severity index","Percent","239","units","0","v87984877","14.10","","..","","","2"
"2019","Montréal, Quebec [24462]","2021A003524462","Percent change in youth violent crime severity index","Percent","239","units","0","v87984877","14.10","","..","","","2"
"2020","Montréal, Quebec [24462]","2021A003524462","Percent change in youth violent crime severity index","Percent","239","units","0","v87984877","14.10","","..","","","2"
"2021","Montréal, Quebec [24462]","2021A003524462","Percent change in youth violent crime severity index","Percent","239","units","0","v87984877","14.10","","..","","","2"
"2010","Montréal, Quebec [24462]","2021A003524462","Youth non-violent crime severity index","Index","160","units","0","v53079494","14.11","0.00","","","","2"
"2011","Montréal, Quebec [24462]","2021A003524462","Youth non-violent crime severity index","Index","160","units","0","v53079494","14.11","","..","","","2"
"2012","Montréal, Quebec [24462]","2021A003524462","Youth non-violent crime severity index","Index","160","units","0","v53079494","14.11","","..","","","2"
"2013","Montréal, Quebec [24462]","2021A003524462","Youth non-violent crime severity index","Index","160","units","0","v53079494","14.11","","..","","","2"
"2014","Montréal, Quebec [24462]","2021A003524462","Youth non-violent crime severity index","Index","160","units","0","v53079494","14.11","","..","","","2"
"2015","Montréal, Quebec [24462]","2021A003524462","Youth non-violent crime severity index","Index","160","units","0","v53079494","14.11","","..","","","2"
"2016","Montréal, Quebec [24462]","2021A003524462","Youth non-violent crime severity index","Index","160","units","0","v53079494","14.11","","..","","","2"
"2017","Montréal, Quebec [24462]","2021A003524462","Youth non-violent crime severity index","Index","160","units","0","v53079494","14.11","","..","","","2"
"2018","Montréal, Quebec [24462]","2021A003524462","Youth non-violent crime severity index","Index","160","units","0","v53079494","14.11","","..","","","2"
"2019","Montréal, Quebec [24462]","2021A003524462","Youth non-violent crime severity index","Index","160","units","0","v53079494","14.11","","..","","","2"
"2020","Montréal, Quebec [24462]","2021A003524462","Youth non-violent crime severity index","Index","160","units","0","v53079494","14.11","","..","","","2"
"2021","Montréal, Quebec [24462]","2021A003524462","Youth non-violent crime severity index","Index","160","units","0","v53079494","14.11","","..","","","2"
"2010","Montréal, Quebec [24462]","2021A003524462","Percent change in youth non-violent crime severity index","Percent","239","units","0","v87984878","14.12","0.00","","","","2"
"2011","Montréal, Quebec [24462]","2021A003524462","Percent change in youth non-violent crime severity index","Percent","239","units","0","v87984878","14.12","","..","","","2"
"2012","Montréal, Quebec [24462]","2021A003524462","Percent change in youth non-violent crime severity index","Percent","239","units","0","v87984878","14.12","","..","","","2"
"2013","Montréal, Quebec [24462]","2021A003524462","Percent change in youth non-violent crime severity index","Percent","239","units","0","v87984878","14.12","","..","","","2"
"2014","Montréal, Quebec [24462]","2021A003524462","Percent change in youth non-violent crime severity index","Percent","239","units","0","v87984878","14.12","","..","","","2"
"2015","Montréal, Quebec [24462]","2021A003524462","Percent change in youth non-violent crime severity index","Percent","239","units","0","v87984878","14.12","","..","","","2"
"2016","Montréal, Quebec [24462]","2021A003524462","Percent change in youth non-violent crime severity index","Percent","239","units","0","v87984878","14.12","","..","","","2"
"2017","Montréal, Quebec [24462]","2021A003524462","Percent change in youth non-violent crime severity index","Percent","239","units","0","v87984878","14.12","","..","","","2"
"2018","Montréal, Quebec [24462]","2021A003524462","Percent change in youth non-violent crime severity index","Percent","239","units","0","v87984878","14.12","","..","","","2"
"2019","Montréal, Quebec [24462]","2021A003524462","Percent change in youth non-violent crime severity index","Percent","239","units","0","v87984878","14.12","","..","","","2"
"2020","Montréal, Quebec [24462]","2021A003524462","Percent change in youth non-violent crime severity index","Percent","239","units","0","v87984878","14.12","","..","","","2"
"2021","Montréal, Quebec [24462]","2021A003524462","Percent change in youth non-violent crime severity index","Percent","239","units","0","v87984878","14.12","","..","","","2"
"2010","Montréal, Quebec [24462]","2021A003524462","Weighted clearance rate","Number","223","units","0","v53079495","14.13","32.59","","","","2"
"2011","Montréal, Quebec [24462]","2021A003524462","Weighted clearance rate","Number","223","units","0","v53079495","14.13","31.46","","","","2"
"2012","Montréal, Quebec [24462]","2021A003524462","Weighted clearance rate","Number","223","units","0","v53079495","14.13","33.77","","","","2"
"2013","Montréal, Quebec [24462]","2021A003524462","Weighted clearance rate","Number","223","units","0","v53079495","14.13","34.72","","","","2"
"2014","Montréal, Quebec [24462]","2021A003524462","Weighted clearance rate","Number","223","units","0","v53079495","14.13","36.76","","","","2"
"2015","Montréal, Quebec [24462]","2021A003524462","Weighted clearance rate","Number","223","units","0","v53079495","14.13","36.57","","","","2"
"2016","Montréal, Quebec [24462]","2021A003524462","Weighted clearance rate","Number","223","units","0","v53079495","14.13","36.55","","","","2"
"2017","Montréal, Quebec [24462]","2021A003524462","Weighted clearance rate","Number","223","units","0","v53079495","14.13","38.43","","","","2"
"2018","Montréal, Quebec [24462]","2021A003524462","Weighted clearance rate","Number","223","units","0","v53079495","14.13","36.28","","","","2"
"2019","Montréal, Quebec [24462]","2021A003524462","Weighted clearance rate","Number","223","units","0","v53079495","14.13","37.40","","","","2"
"2020","Montréal, Quebec [24462]","2021A003524462","Weighted clearance rate","Number","223","units","0","v53079495","14.13","37.43","","","","2"
"2021","Montréal, Quebec [24462]","2021A003524462","Weighted clearance rate","Number","223","units","0","v53079495","14.13","34.27","","","","2"
"2010","Montréal, Quebec [24462]","2021A003524462","Percent change in weighted clearance rate","Percent","239","units","0","v53079496","14.14","1.21","","","","2"
"2011","Montréal, Quebec [24462]","2021A003524462","Percent change in weighted clearance rate","Percent","239","units","0","v53079496","14.14","-3.47","","","","2"
"2012","Montréal, Quebec [24462]","2021A003524462","Percent change in weighted clearance rate","Percent","239","units","0","v53079496","14.14","7.34","","","","2"
"2013","Montréal, Quebec [24462]","2021A003524462","Percent change in weighted clearance rate","Percent","239","units","0","v53079496","14.14","2.81","","","","2"
"2014","Montréal, Quebec [24462]","2021A003524462","Percent change in weighted clearance rate","Percent","239","units","0","v53079496","14.14","5.88","","","","2"
"2015","Montréal, Quebec [24462]","2021A003524462","Percent change in weighted clearance rate","Percent","239","units","0","v53079496","14.14","-0.52","","","","2"
"2016","Montréal, Quebec [24462]","2021A003524462","Percent change in weighted clearance rate","Percent","239","units","0","v53079496","14.14","-0.05","","","","2"
"2017","Montréal, Quebec [24462]","2021A003524462","Percent change in weighted clearance rate","Percent","239","units","0","v53079496","14.14","5.14","","","","2"
"2018","Montréal, Quebec [24462]","2021A003524462","Percent change in weighted clearance rate","Percent","239","units","0","v53079496","14.14","-5.59","","","","2"
"2019","Montréal, Quebec [24462]","2021A003524462","Percent change in weighted clearance rate","Percent","239","units","0","v53079496","14.14","3.09","","","","2"
"2020","Montréal, Quebec [24462]","2021A003524462","Percent change in weighted clearance rate","Percent","239","units","0","v53079496","14.14","0.08","","","","2"
"2021","Montréal, Quebec [24462]","2021A003524462","Percent change in weighted clearance rate","Percent","239","units","0","v53079496","14.14","-8.44","","","","2"
"2010","Montréal, Quebec [24462]","2021A003524462","Violent weighted clearance rate","Number","223","units","0","v53079497","14.15","54.65","","","","2"
"2011","Montréal, Quebec [24462]","2021A003524462","Violent weighted clearance rate","Number","223","units","0","v53079497","14.15","51.20","","","","2"
"2012","Montréal, Quebec [24462]","2021A003524462","Violent weighted clearance rate","Number","223","units","0","v53079497","14.15","54.68","","","","2"
"2013","Montréal, Quebec [24462]","2021A003524462","Violent weighted clearance rate","Number","223","units","0","v53079497","14.15","55.95","","","","2"
"2014","Montréal, Quebec [24462]","2021A003524462","Violent weighted clearance rate","Number","223","units","0","v53079497","14.15","61.31","","","","2"
"2015","Montréal, Quebec [24462]","2021A003524462","Violent weighted clearance rate","Number","223","units","0","v53079497","14.15","60.03","","","","2"
"2016","Montréal, Quebec [24462]","2021A003524462","Violent weighted clearance rate","Number","223","units","0","v53079497","14.15","61.58","","","","2"
"2017","Montréal, Quebec [24462]","2021A003524462","Violent weighted clearance rate","Number","223","units","0","v53079497","14.15","64.14","","","","2"
"2018","Montréal, Quebec [24462]","2021A003524462","Violent weighted clearance rate","Number","223","units","0","v53079497","14.15","61.60","","","","2"
"2019","Montréal, Quebec [24462]","2021A003524462","Violent weighted clearance rate","Number","223","units","0","v53079497","14.15","60.49","","","","2"
"2020","Montréal, Quebec [24462]","2021A003524462","Violent weighted clearance rate","Number","223","units","0","v53079497","14.15","60.70","","","","2"
"2021","Montréal, Quebec [24462]","2021A003524462","Violent weighted clearance rate","Number","223","units","0","v53079497","14.15","55.02","","","","2"
"2010","Montréal, Quebec [24462]","2021A003524462","Percent change in violent weighted clearance rate","Percent","239","units","0","v53079498","14.16","1.77","","","","2"
"2011","Montréal, Quebec [24462]","2021A003524462","Percent change in violent weighted clearance rate","Percent","239","units","0","v53079498","14.16","-6.31","","","","2"
"2012","Montréal, Quebec [24462]","2021A003524462","Percent change in violent weighted clearance rate","Percent","239","units","0","v53079498","14.16","6.80","","","","2"
"2013","Montréal, Quebec [24462]","2021A003524462","Percent change in violent weighted clearance rate","Percent","239","units","0","v53079498","14.16","2.32","","","","2"
"2014","Montréal, Quebec [24462]","2021A003524462","Percent change in violent weighted clearance rate","Percent","239","units","0","v53079498","14.16","9.58","","","","2"
"2015","Montréal, Quebec [24462]","2021A003524462","Percent change in violent weighted clearance rate","Percent","239","units","0","v53079498","14.16","-2.09","","","","2"
"2016","Montréal, Quebec [24462]","2021A003524462","Percent change in violent weighted clearance rate","Percent","239","units","0","v53079498","14.16","2.58","","","","2"
"2017","Montréal, Quebec [24462]","2021A003524462","Percent change in violent weighted clearance rate","Percent","239","units","0","v53079498","14.16","4.16","","","","2"
"2018","Montréal, Quebec [24462]","2021A003524462","Percent change in violent weighted clearance rate","Percent","239","units","0","v53079498","14.16","-3.96","","","","2"
"2019","Montréal, Quebec [24462]","2021A003524462","Percent change in violent weighted clearance rate","Percent","239","units","0","v53079498","14.16","-1.80","","","","2"
"2020","Montréal, Quebec [24462]","2021A003524462","Percent change in violent weighted clearance rate","Percent","239","units","0","v53079498","14.16","0.35","","","","2"
"2021","Montréal, Quebec [24462]","2021A003524462","Percent change in violent weighted clearance rate","Percent","239","units","0","v53079498","14.16","-9.36","","","","2"
"2010","Montréal, Quebec [24462]","2021A003524462","Non-violent weighted clearance rate","Number","223","units","0","v53079499","14.17","21.74","","","","2"
"2011","Montréal, Quebec [24462]","2021A003524462","Non-violent weighted clearance rate","Number","223","units","0","v53079499","14.17","21.82","","","","2"
"2012","Montréal, Quebec [24462]","2021A003524462","Non-violent weighted clearance rate","Number","223","units","0","v53079499","14.17","24.12","","","","2"
"2013","Montréal, Quebec [24462]","2021A003524462","Non-violent weighted clearance rate","Number","223","units","0","v53079499","14.17","24.66","","","","2"
"2014","Montréal, Quebec [24462]","2021A003524462","Non-violent weighted clearance rate","Number","223","units","0","v53079499","14.17","25.11","","","","2"
"2015","Montréal, Quebec [24462]","2021A003524462","Non-violent weighted clearance rate","Number","223","units","0","v53079499","14.17","24.66","","","","2"
"2016","Montréal, Quebec [24462]","2021A003524462","Non-violent weighted clearance rate","Number","223","units","0","v53079499","14.17","24.42","","","","2"
"2017","Montréal, Quebec [24462]","2021A003524462","Non-violent weighted clearance rate","Number","223","units","0","v53079499","14.17","25.54","","","","2"
"2018","Montréal, Quebec [24462]","2021A003524462","Non-violent weighted clearance rate","Number","223","units","0","v53079499","14.17","23.96","","","","2"
"2019","Montréal, Quebec [24462]","2021A003524462","Non-violent weighted clearance rate","Number","223","units","0","v53079499","14.17","25.03","","","","2"
"2020","Montréal, Quebec [24462]","2021A003524462","Non-violent weighted clearance rate","Number","223","units","0","v53079499","14.17","23.95","","","","2"
"2021","Montréal, Quebec [24462]","2021A003524462","Non-violent weighted clearance rate","Number","223","units","0","v53079499","14.17","21.08","","","","2"
"2010","Montréal, Quebec [24462]","2021A003524462","Percent change in non-violent weighted clearance rate","Percent","239","units","0","v53079500","14.18","-2.07","","","","2"
"2011","Montréal, Quebec [24462]","2021A003524462","Percent change in non-violent weighted clearance rate","Percent","239","units","0","v53079500","14.18","0.37","","","","2"
"2012","Montréal, Quebec [24462]","2021A003524462","Percent change in non-violent weighted clearance rate","Percent","239","units","0","v53079500","14.18","10.54","","","","2"
"2013","Montréal, Quebec [24462]","2021A003524462","Percent change in non-violent weighted clearance rate","Percent","239","units","0","v53079500","14.18","2.24","","","","2"
"2014","Montréal, Quebec [24462]","2021A003524462","Percent change in non-violent weighted clearance rate","Percent","239","units","0","v53079500","14.18","1.82","","","","2"
"2015","Montréal, Quebec [24462]","2021A003524462","Percent change in non-violent weighted clearance rate","Percent","239","units","0","v53079500","14.18","-1.79","","","","2"
"2016","Montréal, Quebec [24462]","2021A003524462","Percent change in non-violent weighted clearance rate","Percent","239","units","0","v53079500","14.18","-0.97","","","","2"
"2017","Montréal, Quebec [24462]","2021A003524462","Percent change in non-violent weighted clearance rate","Percent","239","units","0","v53079500","14.18","4.59","","","","2"
"2018","Montréal, Quebec [24462]","2021A003524462","Percent change in non-violent weighted clearance rate","Percent","239","units","0","v53079500","14.18","-6.19","","","","2"
"2019","Montréal, Quebec [24462]","2021A003524462","Percent change in non-violent weighted clearance rate","Percent","239","units","0","v53079500","14.18","4.47","","","","2"
"2020","Montréal, Quebec [24462]","2021A003524462","Percent change in non-violent weighted clearance rate","Percent","239","units","0","v53079500","14.18","-4.31","","","","2"
"2021","Montréal, Quebec [24462]","2021A003524462","Percent change in non-violent weighted clearance rate","Percent","239","units","0","v53079500","14.18","-11.98","","","","2"


