﻿"REF_DATE","GEO","DGUID","Statistics","UOM","UOM_ID","SCALAR_FACTOR","SCALAR_ID","VECTOR","COORDINATE","VALUE","STATUS","SYMBOL","TERMINATED","DECIMALS"
"2010","Nunavut [62]","2016A000262","Crime severity index","Index","160","units","0","v44312707","42.1","343.08","","","","2"
"2011","Nunavut [62]","2016A000262","Crime severity index","Index","160","units","0","v44312707","42.1","315.11","","","","2"
"2012","Nunavut [62]","2016A000262","Crime severity index","Index","160","units","0","v44312707","42.1","318.23","","","","2"
"2013","Nunavut [62]","2016A000262","Crime severity index","Index","160","units","0","v44312707","42.1","286.00","","","","2"
"2014","Nunavut [62]","2016A000262","Crime severity index","Index","160","units","0","v44312707","42.1","283.68","","","","2"
"2015","Nunavut [62]","2016A000262","Crime severity index","Index","160","units","0","v44312707","42.1","275.19","","","","2"
"2016","Nunavut [62]","2016A000262","Crime severity index","Index","160","units","0","v44312707","42.1","294.87","","","","2"
"2017","Nunavut [62]","2016A000262","Crime severity index","Index","160","units","0","v44312707","42.1","300.53","","","","2"
"2018","Nunavut [62]","2016A000262","Crime severity index","Index","160","units","0","v44312707","42.1","325.47","","","","2"
"2019","Nunavut [62]","2016A000262","Crime severity index","Index","160","units","0","v44312707","42.1","371.82","","","","2"
"2020","Nunavut [62]","2016A000262","Crime severity index","Index","160","units","0","v44312707","42.1","378.01","","","","2"
"2021","Nunavut [62]","2016A000262","Crime severity index","Index","160","units","0","v44312707","42.1","384.09","","","","2"
"2010","Nunavut [62]","2016A000262","Percent change in crime severity index","Percent","239","units","0","v44312708","42.2","3.06","","","","2"
"2011","Nunavut [62]","2016A000262","Percent change in crime severity index","Percent","239","units","0","v44312708","42.2","-8.15","","","","2"
"2012","Nunavut [62]","2016A000262","Percent change in crime severity index","Percent","239","units","0","v44312708","42.2","0.99","","","","2"
"2013","Nunavut [62]","2016A000262","Percent change in crime severity index","Percent","239","units","0","v44312708","42.2","-10.13","","","","2"
"2014","Nunavut [62]","2016A000262","Percent change in crime severity index","Percent","239","units","0","v44312708","42.2","-0.81","","","","2"
"2015","Nunavut [62]","2016A000262","Percent change in crime severity index","Percent","239","units","0","v44312708","42.2","-2.99","","","","2"
"2016","Nunavut [62]","2016A000262","Percent change in crime severity index","Percent","239","units","0","v44312708","42.2","7.15","","","","2"
"2017","Nunavut [62]","2016A000262","Percent change in crime severity index","Percent","239","units","0","v44312708","42.2","1.92","","","","2"
"2018","Nunavut [62]","2016A000262","Percent change in crime severity index","Percent","239","units","0","v44312708","42.2","8.30","","","","2"
"2019","Nunavut [62]","2016A000262","Percent change in crime severity index","Percent","239","units","0","v44312708","42.2","14.24","","","","2"
"2020","Nunavut [62]","2016A000262","Percent change in crime severity index","Percent","239","units","0","v44312708","42.2","1.66","","","","2"
"2021","Nunavut [62]","2016A000262","Percent change in crime severity index","Percent","239","units","0","v44312708","42.2","1.61","","","","2"
"2010","Nunavut [62]","2016A000262","Violent crime severity index","Index","160","units","0","v44312709","42.3","502.55","","","","2"
"2011","Nunavut [62]","2016A000262","Violent crime severity index","Index","160","units","0","v44312709","42.3","492.45","","","","2"
"2012","Nunavut [62]","2016A000262","Violent crime severity index","Index","160","units","0","v44312709","42.3","462.82","","","","2"
"2013","Nunavut [62]","2016A000262","Violent crime severity index","Index","160","units","0","v44312709","42.3","429.15","","","","2"
"2014","Nunavut [62]","2016A000262","Violent crime severity index","Index","160","units","0","v44312709","42.3","446.45","","","","2"
"2015","Nunavut [62]","2016A000262","Violent crime severity index","Index","160","units","0","v44312709","42.3","388.59","","","","2"
"2016","Nunavut [62]","2016A000262","Violent crime severity index","Index","160","units","0","v44312709","42.3","433.18","","","","2"
"2017","Nunavut [62]","2016A000262","Violent crime severity index","Index","160","units","0","v44312709","42.3","474.61","","","","2"
"2018","Nunavut [62]","2016A000262","Violent crime severity index","Index","160","units","0","v44312709","42.3","562.55","","","","2"
"2019","Nunavut [62]","2016A000262","Violent crime severity index","Index","160","units","0","v44312709","42.3","640.76","","","","2"
"2020","Nunavut [62]","2016A000262","Violent crime severity index","Index","160","units","0","v44312709","42.3","655.97","","","","2"
"2021","Nunavut [62]","2016A000262","Violent crime severity index","Index","160","units","0","v44312709","42.3","596.08","","","","2"
"2010","Nunavut [62]","2016A000262","Percent change in violent crime severity index","Percent","239","units","0","v44312710","42.4","4.39","","","","2"
"2011","Nunavut [62]","2016A000262","Percent change in violent crime severity index","Percent","239","units","0","v44312710","42.4","-2.01","","","","2"
"2012","Nunavut [62]","2016A000262","Percent change in violent crime severity index","Percent","239","units","0","v44312710","42.4","-6.02","","","","2"
"2013","Nunavut [62]","2016A000262","Percent change in violent crime severity index","Percent","239","units","0","v44312710","42.4","-7.27","","","","2"
"2014","Nunavut [62]","2016A000262","Percent change in violent crime severity index","Percent","239","units","0","v44312710","42.4","4.03","","","","2"
"2015","Nunavut [62]","2016A000262","Percent change in violent crime severity index","Percent","239","units","0","v44312710","42.4","-12.96","","","","2"
"2016","Nunavut [62]","2016A000262","Percent change in violent crime severity index","Percent","239","units","0","v44312710","42.4","11.47","","","","2"
"2017","Nunavut [62]","2016A000262","Percent change in violent crime severity index","Percent","239","units","0","v44312710","42.4","9.56","","","","2"
"2018","Nunavut [62]","2016A000262","Percent change in violent crime severity index","Percent","239","units","0","v44312710","42.4","18.53","","","","2"
"2019","Nunavut [62]","2016A000262","Percent change in violent crime severity index","Percent","239","units","0","v44312710","42.4","13.90","","","","2"
"2020","Nunavut [62]","2016A000262","Percent change in violent crime severity index","Percent","239","units","0","v44312710","42.4","2.37","","","","2"
"2021","Nunavut [62]","2016A000262","Percent change in violent crime severity index","Percent","239","units","0","v44312710","42.4","-9.13","","","","2"
"2010","Nunavut [62]","2016A000262","Non-violent crime severity index","Index","160","units","0","v44312711","42.5","281.76","","","","2"
"2011","Nunavut [62]","2016A000262","Non-violent crime severity index","Index","160","units","0","v44312711","42.5","249.93","","","","2"
"2012","Nunavut [62]","2016A000262","Non-violent crime severity index","Index","160","units","0","v44312711","42.5","264.96","","","","2"
"2013","Nunavut [62]","2016A000262","Non-violent crime severity index","Index","160","units","0","v44312711","42.5","233.31","","","","2"
"2014","Nunavut [62]","2016A000262","Non-violent crime severity index","Index","160","units","0","v44312711","42.5","223.86","","","","2"
"2015","Nunavut [62]","2016A000262","Non-violent crime severity index","Index","160","units","0","v44312711","42.5","233.36","","","","2"
"2016","Nunavut [62]","2016A000262","Non-violent crime severity index","Index","160","units","0","v44312711","42.5","244.43","","","","2"
"2017","Nunavut [62]","2016A000262","Non-violent crime severity index","Index","160","units","0","v44312711","42.5","237.21","","","","2"
"2018","Nunavut [62]","2016A000262","Non-violent crime severity index","Index","160","units","0","v44312711","42.5","239.43","","","","2"
"2019","Nunavut [62]","2016A000262","Non-violent crime severity index","Index","160","units","0","v44312711","42.5","274.21","","","","2"
"2020","Nunavut [62]","2016A000262","Non-violent crime severity index","Index","160","units","0","v44312711","42.5","277.14","","","","2"
"2021","Nunavut [62]","2016A000262","Non-violent crime severity index","Index","160","units","0","v44312711","42.5","306.93","","","","2"
"2010","Nunavut [62]","2016A000262","Percent change in non-violent crime severity index","Percent","239","units","0","v44312712","42.6","2.17","","","","2"
"2011","Nunavut [62]","2016A000262","Percent change in non-violent crime severity index","Percent","239","units","0","v44312712","42.6","-11.30","","","","2"
"2012","Nunavut [62]","2016A000262","Percent change in non-violent crime severity index","Percent","239","units","0","v44312712","42.6","6.01","","","","2"
"2013","Nunavut [62]","2016A000262","Percent change in non-violent crime severity index","Percent","239","units","0","v44312712","42.6","-11.95","","","","2"
"2014","Nunavut [62]","2016A000262","Percent change in non-violent crime severity index","Percent","239","units","0","v44312712","42.6","-4.05","","","","2"
"2015","Nunavut [62]","2016A000262","Percent change in non-violent crime severity index","Percent","239","units","0","v44312712","42.6","4.24","","","","2"
"2016","Nunavut [62]","2016A000262","Percent change in non-violent crime severity index","Percent","239","units","0","v44312712","42.6","4.74","","","","2"
"2017","Nunavut [62]","2016A000262","Percent change in non-violent crime severity index","Percent","239","units","0","v44312712","42.6","-2.95","","","","2"
"2018","Nunavut [62]","2016A000262","Percent change in non-violent crime severity index","Percent","239","units","0","v44312712","42.6","0.94","","","","2"
"2019","Nunavut [62]","2016A000262","Percent change in non-violent crime severity index","Percent","239","units","0","v44312712","42.6","14.53","","","","2"
"2020","Nunavut [62]","2016A000262","Percent change in non-violent crime severity index","Percent","239","units","0","v44312712","42.6","1.07","","","","2"
"2021","Nunavut [62]","2016A000262","Percent change in non-violent crime severity index","Percent","239","units","0","v44312712","42.6","10.75","","","","2"
"2010","Nunavut [62]","2016A000262","Youth crime severity index","Index","160","units","0","v53079809","42.7","455.68","","","","2"
"2011","Nunavut [62]","2016A000262","Youth crime severity index","Index","160","units","0","v53079809","42.7","313.00","","","","2"
"2012","Nunavut [62]","2016A000262","Youth crime severity index","Index","160","units","0","v53079809","42.7","341.07","","","","2"
"2013","Nunavut [62]","2016A000262","Youth crime severity index","Index","160","units","0","v53079809","42.7","332.54","","","","2"
"2014","Nunavut [62]","2016A000262","Youth crime severity index","Index","160","units","0","v53079809","42.7","298.66","","","","2"
"2015","Nunavut [62]","2016A000262","Youth crime severity index","Index","160","units","0","v53079809","42.7","323.62","","","","2"
"2016","Nunavut [62]","2016A000262","Youth crime severity index","Index","160","units","0","v53079809","42.7","292.30","","","","2"
"2017","Nunavut [62]","2016A000262","Youth crime severity index","Index","160","units","0","v53079809","42.7","298.55","","","","2"
"2018","Nunavut [62]","2016A000262","Youth crime severity index","Index","160","units","0","v53079809","42.7","210.13","","","","2"
"2019","Nunavut [62]","2016A000262","Youth crime severity index","Index","160","units","0","v53079809","42.7","227.90","","","","2"
"2020","Nunavut [62]","2016A000262","Youth crime severity index","Index","160","units","0","v53079809","42.7","136.06","","","","2"
"2021","Nunavut [62]","2016A000262","Youth crime severity index","Index","160","units","0","v53079809","42.7","131.34","","","","2"
"2010","Nunavut [62]","2016A000262","Percent change in youth crime severity index","Percent","239","units","0","v53079810","42.8","2.00","","","","2"
"2011","Nunavut [62]","2016A000262","Percent change in youth crime severity index","Percent","239","units","0","v53079810","42.8","-31.31","","","","2"
"2012","Nunavut [62]","2016A000262","Percent change in youth crime severity index","Percent","239","units","0","v53079810","42.8","8.97","","","","2"
"2013","Nunavut [62]","2016A000262","Percent change in youth crime severity index","Percent","239","units","0","v53079810","42.8","-2.50","","","","2"
"2014","Nunavut [62]","2016A000262","Percent change in youth crime severity index","Percent","239","units","0","v53079810","42.8","-10.19","","","","2"
"2015","Nunavut [62]","2016A000262","Percent change in youth crime severity index","Percent","239","units","0","v53079810","42.8","8.36","","","","2"
"2016","Nunavut [62]","2016A000262","Percent change in youth crime severity index","Percent","239","units","0","v53079810","42.8","-9.68","","","","2"
"2017","Nunavut [62]","2016A000262","Percent change in youth crime severity index","Percent","239","units","0","v53079810","42.8","2.14","","","","2"
"2018","Nunavut [62]","2016A000262","Percent change in youth crime severity index","Percent","239","units","0","v53079810","42.8","-29.62","","","","2"
"2019","Nunavut [62]","2016A000262","Percent change in youth crime severity index","Percent","239","units","0","v53079810","42.8","8.46","","","","2"
"2020","Nunavut [62]","2016A000262","Percent change in youth crime severity index","Percent","239","units","0","v53079810","42.8","-40.30","","","","2"
"2021","Nunavut [62]","2016A000262","Percent change in youth crime severity index","Percent","239","units","0","v53079810","42.8","-3.47","","","","2"
"2010","Nunavut [62]","2016A000262","Youth violent crime severity index","Index","160","units","0","v53079811","42.9","333.67","","","","2"
"2011","Nunavut [62]","2016A000262","Youth violent crime severity index","Index","160","units","0","v53079811","42.9","176.94","","","","2"
"2012","Nunavut [62]","2016A000262","Youth violent crime severity index","Index","160","units","0","v53079811","42.9","253.77","","","","2"
"2013","Nunavut [62]","2016A000262","Youth violent crime severity index","Index","160","units","0","v53079811","42.9","175.12","","","","2"
"2014","Nunavut [62]","2016A000262","Youth violent crime severity index","Index","160","units","0","v53079811","42.9","212.48","","","","2"
"2015","Nunavut [62]","2016A000262","Youth violent crime severity index","Index","160","units","0","v53079811","42.9","225.69","","","","2"
"2016","Nunavut [62]","2016A000262","Youth violent crime severity index","Index","160","units","0","v53079811","42.9","198.21","","","","2"
"2017","Nunavut [62]","2016A000262","Youth violent crime severity index","Index","160","units","0","v53079811","42.9","279.83","","","","2"
"2018","Nunavut [62]","2016A000262","Youth violent crime severity index","Index","160","units","0","v53079811","42.9","179.26","","","","2"
"2019","Nunavut [62]","2016A000262","Youth violent crime severity index","Index","160","units","0","v53079811","42.9","244.82","","","","2"
"2020","Nunavut [62]","2016A000262","Youth violent crime severity index","Index","160","units","0","v53079811","42.9","176.87","","","","2"
"2021","Nunavut [62]","2016A000262","Youth violent crime severity index","Index","160","units","0","v53079811","42.9","134.46","","","","2"
"2010","Nunavut [62]","2016A000262","Percent change in youth violent crime severity index","Percent","239","units","0","v53079934","42.10","32.86","","","","2"
"2011","Nunavut [62]","2016A000262","Percent change in youth violent crime severity index","Percent","239","units","0","v53079934","42.10","-46.97","","","","2"
"2012","Nunavut [62]","2016A000262","Percent change in youth violent crime severity index","Percent","239","units","0","v53079934","42.10","43.42","","","","2"
"2013","Nunavut [62]","2016A000262","Percent change in youth violent crime severity index","Percent","239","units","0","v53079934","42.10","-30.99","","","","2"
"2014","Nunavut [62]","2016A000262","Percent change in youth violent crime severity index","Percent","239","units","0","v53079934","42.10","21.33","","","","2"
"2015","Nunavut [62]","2016A000262","Percent change in youth violent crime severity index","Percent","239","units","0","v53079934","42.10","6.22","","","","2"
"2016","Nunavut [62]","2016A000262","Percent change in youth violent crime severity index","Percent","239","units","0","v53079934","42.10","-12.18","","","","2"
"2017","Nunavut [62]","2016A000262","Percent change in youth violent crime severity index","Percent","239","units","0","v53079934","42.10","41.18","","","","2"
"2018","Nunavut [62]","2016A000262","Percent change in youth violent crime severity index","Percent","239","units","0","v53079934","42.10","-35.94","","","","2"
"2019","Nunavut [62]","2016A000262","Percent change in youth violent crime severity index","Percent","239","units","0","v53079934","42.10","36.57","","","","2"
"2020","Nunavut [62]","2016A000262","Percent change in youth violent crime severity index","Percent","239","units","0","v53079934","42.10","-27.76","","","","2"
"2021","Nunavut [62]","2016A000262","Percent change in youth violent crime severity index","Percent","239","units","0","v53079934","42.10","-23.98","","","","2"
"2010","Nunavut [62]","2016A000262","Youth non-violent crime severity index","Index","160","units","0","v53079801","42.11","548.61","","","","2"
"2011","Nunavut [62]","2016A000262","Youth non-violent crime severity index","Index","160","units","0","v53079801","42.11","407.99","","","","2"
"2012","Nunavut [62]","2016A000262","Youth non-violent crime severity index","Index","160","units","0","v53079801","42.11","401.41","","","","2"
"2013","Nunavut [62]","2016A000262","Youth non-violent crime severity index","Index","160","units","0","v53079801","42.11","442.57","","","","2"
"2014","Nunavut [62]","2016A000262","Youth non-violent crime severity index","Index","160","units","0","v53079801","42.11","358.39","","","","2"
"2015","Nunavut [62]","2016A000262","Youth non-violent crime severity index","Index","160","units","0","v53079801","42.11","391.56","","","","2"
"2016","Nunavut [62]","2016A000262","Youth non-violent crime severity index","Index","160","units","0","v53079801","42.11","353.80","","","","2"
"2017","Nunavut [62]","2016A000262","Youth non-violent crime severity index","Index","160","units","0","v53079801","42.11","308.57","","","","2"
"2018","Nunavut [62]","2016A000262","Youth non-violent crime severity index","Index","160","units","0","v53079801","42.11","229.25","","","","2"
"2019","Nunavut [62]","2016A000262","Youth non-violent crime severity index","Index","160","units","0","v53079801","42.11","214.26","","","","2"
"2020","Nunavut [62]","2016A000262","Youth non-violent crime severity index","Index","160","units","0","v53079801","42.11","106.97","","","","2"
"2021","Nunavut [62]","2016A000262","Youth non-violent crime severity index","Index","160","units","0","v53079801","42.11","128.00","","","","2"
"2010","Nunavut [62]","2016A000262","Percent change in youth non-violent crime severity index","Percent","239","units","0","v53079802","42.12","-7.90","","","","2"
"2011","Nunavut [62]","2016A000262","Percent change in youth non-violent crime severity index","Percent","239","units","0","v53079802","42.12","-25.63","","","","2"
"2012","Nunavut [62]","2016A000262","Percent change in youth non-violent crime severity index","Percent","239","units","0","v53079802","42.12","-1.61","","","","2"
"2013","Nunavut [62]","2016A000262","Percent change in youth non-violent crime severity index","Percent","239","units","0","v53079802","42.12","10.25","","","","2"
"2014","Nunavut [62]","2016A000262","Percent change in youth non-violent crime severity index","Percent","239","units","0","v53079802","42.12","-19.02","","","","2"
"2015","Nunavut [62]","2016A000262","Percent change in youth non-violent crime severity index","Percent","239","units","0","v53079802","42.12","9.26","","","","2"
"2016","Nunavut [62]","2016A000262","Percent change in youth non-violent crime severity index","Percent","239","units","0","v53079802","42.12","-9.64","","","","2"
"2017","Nunavut [62]","2016A000262","Percent change in youth non-violent crime severity index","Percent","239","units","0","v53079802","42.12","-12.78","","","","2"
"2018","Nunavut [62]","2016A000262","Percent change in youth non-violent crime severity index","Percent","239","units","0","v53079802","42.12","-25.71","","","","2"
"2019","Nunavut [62]","2016A000262","Percent change in youth non-violent crime severity index","Percent","239","units","0","v53079802","42.12","-6.54","","","","2"
"2020","Nunavut [62]","2016A000262","Percent change in youth non-violent crime severity index","Percent","239","units","0","v53079802","42.12","-50.07","","","","2"
"2021","Nunavut [62]","2016A000262","Percent change in youth non-violent crime severity index","Percent","239","units","0","v53079802","42.12","19.66","","","","2"
"2010","Nunavut [62]","2016A000262","Weighted clearance rate","Number","223","units","0","v53079803","42.13","77.21","","","","2"
"2011","Nunavut [62]","2016A000262","Weighted clearance rate","Number","223","units","0","v53079803","42.13","78.39","","","","2"
"2012","Nunavut [62]","2016A000262","Weighted clearance rate","Number","223","units","0","v53079803","42.13","75.77","","","","2"
"2013","Nunavut [62]","2016A000262","Weighted clearance rate","Number","223","units","0","v53079803","42.13","78.31","","","","2"
"2014","Nunavut [62]","2016A000262","Weighted clearance rate","Number","223","units","0","v53079803","42.13","75.86","","","","2"
"2015","Nunavut [62]","2016A000262","Weighted clearance rate","Number","223","units","0","v53079803","42.13","73.82","","","","2"
"2016","Nunavut [62]","2016A000262","Weighted clearance rate","Number","223","units","0","v53079803","42.13","71.26","","","","2"
"2017","Nunavut [62]","2016A000262","Weighted clearance rate","Number","223","units","0","v53079803","42.13","75.42","","","","2"
"2018","Nunavut [62]","2016A000262","Weighted clearance rate","Number","223","units","0","v53079803","42.13","75.45","","","","2"
"2019","Nunavut [62]","2016A000262","Weighted clearance rate","Number","223","units","0","v53079803","42.13","66.20","","","","2"
"2020","Nunavut [62]","2016A000262","Weighted clearance rate","Number","223","units","0","v53079803","42.13","63.29","","","","2"
"2021","Nunavut [62]","2016A000262","Weighted clearance rate","Number","223","units","0","v53079803","42.13","58.13","","","","2"
"2010","Nunavut [62]","2016A000262","Percent change in weighted clearance rate","Percent","239","units","0","v53079804","42.14","-2.62","","","","2"
"2011","Nunavut [62]","2016A000262","Percent change in weighted clearance rate","Percent","239","units","0","v53079804","42.14","1.53","","","","2"
"2012","Nunavut [62]","2016A000262","Percent change in weighted clearance rate","Percent","239","units","0","v53079804","42.14","-3.34","","","","2"
"2013","Nunavut [62]","2016A000262","Percent change in weighted clearance rate","Percent","239","units","0","v53079804","42.14","3.35","","","","2"
"2014","Nunavut [62]","2016A000262","Percent change in weighted clearance rate","Percent","239","units","0","v53079804","42.14","-3.13","","","","2"
"2015","Nunavut [62]","2016A000262","Percent change in weighted clearance rate","Percent","239","units","0","v53079804","42.14","-2.69","","","","2"
"2016","Nunavut [62]","2016A000262","Percent change in weighted clearance rate","Percent","239","units","0","v53079804","42.14","-3.47","","","","2"
"2017","Nunavut [62]","2016A000262","Percent change in weighted clearance rate","Percent","239","units","0","v53079804","42.14","5.84","","","","2"
"2018","Nunavut [62]","2016A000262","Percent change in weighted clearance rate","Percent","239","units","0","v53079804","42.14","0.04","","","","2"
"2019","Nunavut [62]","2016A000262","Percent change in weighted clearance rate","Percent","239","units","0","v53079804","42.14","-12.26","","","","2"
"2020","Nunavut [62]","2016A000262","Percent change in weighted clearance rate","Percent","239","units","0","v53079804","42.14","-4.40","","","","2"
"2021","Nunavut [62]","2016A000262","Percent change in weighted clearance rate","Percent","239","units","0","v53079804","42.14","-8.15","","","","2"
"2010","Nunavut [62]","2016A000262","Violent weighted clearance rate","Number","223","units","0","v53079805","42.15","94.00","","","","2"
"2011","Nunavut [62]","2016A000262","Violent weighted clearance rate","Number","223","units","0","v53079805","42.15","92.20","","","","2"
"2012","Nunavut [62]","2016A000262","Violent weighted clearance rate","Number","223","units","0","v53079805","42.15","92.95","","","","2"
"2013","Nunavut [62]","2016A000262","Violent weighted clearance rate","Number","223","units","0","v53079805","42.15","95.81","","","","2"
"2014","Nunavut [62]","2016A000262","Violent weighted clearance rate","Number","223","units","0","v53079805","42.15","91.58","","","","2"
"2015","Nunavut [62]","2016A000262","Violent weighted clearance rate","Number","223","units","0","v53079805","42.15","92.25","","","","2"
"2016","Nunavut [62]","2016A000262","Violent weighted clearance rate","Number","223","units","0","v53079805","42.15","86.58","","","","2"
"2017","Nunavut [62]","2016A000262","Violent weighted clearance rate","Number","223","units","0","v53079805","42.15","93.95","","","","2"
"2018","Nunavut [62]","2016A000262","Violent weighted clearance rate","Number","223","units","0","v53079805","42.15","90.42","","","","2"
"2019","Nunavut [62]","2016A000262","Violent weighted clearance rate","Number","223","units","0","v53079805","42.15","78.82","","","","2"
"2020","Nunavut [62]","2016A000262","Violent weighted clearance rate","Number","223","units","0","v53079805","42.15","74.92","","","","2"
"2021","Nunavut [62]","2016A000262","Violent weighted clearance rate","Number","223","units","0","v53079805","42.15","74.56","","","","2"
"2010","Nunavut [62]","2016A000262","Percent change in violent weighted clearance rate","Percent","239","units","0","v53079806","42.16","1.31","","","","2"
"2011","Nunavut [62]","2016A000262","Percent change in violent weighted clearance rate","Percent","239","units","0","v53079806","42.16","-1.91","","","","2"
"2012","Nunavut [62]","2016A000262","Percent change in violent weighted clearance rate","Percent","239","units","0","v53079806","42.16","0.81","","","","2"
"2013","Nunavut [62]","2016A000262","Percent change in violent weighted clearance rate","Percent","239","units","0","v53079806","42.16","3.08","","","","2"
"2014","Nunavut [62]","2016A000262","Percent change in violent weighted clearance rate","Percent","239","units","0","v53079806","42.16","-4.41","","","","2"
"2015","Nunavut [62]","2016A000262","Percent change in violent weighted clearance rate","Percent","239","units","0","v53079806","42.16","0.73","","","","2"
"2016","Nunavut [62]","2016A000262","Percent change in violent weighted clearance rate","Percent","239","units","0","v53079806","42.16","-6.15","","","","2"
"2017","Nunavut [62]","2016A000262","Percent change in violent weighted clearance rate","Percent","239","units","0","v53079806","42.16","8.51","","","","2"
"2018","Nunavut [62]","2016A000262","Percent change in violent weighted clearance rate","Percent","239","units","0","v53079806","42.16","-3.76","","","","2"
"2019","Nunavut [62]","2016A000262","Percent change in violent weighted clearance rate","Percent","239","units","0","v53079806","42.16","-12.83","","","","2"
"2020","Nunavut [62]","2016A000262","Percent change in violent weighted clearance rate","Percent","239","units","0","v53079806","42.16","-4.95","","","","2"
"2021","Nunavut [62]","2016A000262","Percent change in violent weighted clearance rate","Percent","239","units","0","v53079806","42.16","-0.48","","","","2"
"2010","Nunavut [62]","2016A000262","Non-violent weighted clearance rate","Number","223","units","0","v53079807","42.17","65.70","","","","2"
"2011","Nunavut [62]","2016A000262","Non-violent weighted clearance rate","Number","223","units","0","v53079807","42.17","68.48","","","","2"
"2012","Nunavut [62]","2016A000262","Non-violent weighted clearance rate","Number","223","units","0","v53079807","42.17","64.84","","","","2"
"2013","Nunavut [62]","2016A000262","Non-violent weighted clearance rate","Number","223","units","0","v53079807","42.17","66.60","","","","2"
"2014","Nunavut [62]","2016A000262","Non-violent weighted clearance rate","Number","223","units","0","v53079807","42.17","64.46","","","","2"
"2015","Nunavut [62]","2016A000262","Non-violent weighted clearance rate","Number","223","units","0","v53079807","42.17","62.65","","","","2"
"2016","Nunavut [62]","2016A000262","Non-violent weighted clearance rate","Number","223","units","0","v53079807","42.17","61.50","","","","2"
"2017","Nunavut [62]","2016A000262","Non-violent weighted clearance rate","Number","223","units","0","v53079807","42.17","62.08","","","","2"
"2018","Nunavut [62]","2016A000262","Non-violent weighted clearance rate","Number","223","units","0","v53079807","42.17","62.80","","","","2"
"2019","Nunavut [62]","2016A000262","Non-violent weighted clearance rate","Number","223","units","0","v53079807","42.17","55.60","","","","2"
"2020","Nunavut [62]","2016A000262","Non-violent weighted clearance rate","Number","223","units","0","v53079807","42.17","53.40","","","","2"
"2021","Nunavut [62]","2016A000262","Non-violent weighted clearance rate","Number","223","units","0","v53079807","42.17","46.66","","","","2"
"2010","Nunavut [62]","2016A000262","Percent change in non-violent weighted clearance rate","Percent","239","units","0","v53079808","42.18","-6.45","","","","2"
"2011","Nunavut [62]","2016A000262","Percent change in non-violent weighted clearance rate","Percent","239","units","0","v53079808","42.18","4.23","","","","2"
"2012","Nunavut [62]","2016A000262","Percent change in non-violent weighted clearance rate","Percent","239","units","0","v53079808","42.18","-5.32","","","","2"
"2013","Nunavut [62]","2016A000262","Percent change in non-violent weighted clearance rate","Percent","239","units","0","v53079808","42.18","2.71","","","","2"
"2014","Nunavut [62]","2016A000262","Percent change in non-violent weighted clearance rate","Percent","239","units","0","v53079808","42.18","-3.21","","","","2"
"2015","Nunavut [62]","2016A000262","Percent change in non-violent weighted clearance rate","Percent","239","units","0","v53079808","42.18","-2.81","","","","2"
"2016","Nunavut [62]","2016A000262","Percent change in non-violent weighted clearance rate","Percent","239","units","0","v53079808","42.18","-1.84","","","","2"
"2017","Nunavut [62]","2016A000262","Percent change in non-violent weighted clearance rate","Percent","239","units","0","v53079808","42.18","0.94","","","","2"
"2018","Nunavut [62]","2016A000262","Percent change in non-violent weighted clearance rate","Percent","239","units","0","v53079808","42.18","1.16","","","","2"
"2019","Nunavut [62]","2016A000262","Percent change in non-violent weighted clearance rate","Percent","239","units","0","v53079808","42.18","-11.46","","","","2"
"2020","Nunavut [62]","2016A000262","Percent change in non-violent weighted clearance rate","Percent","239","units","0","v53079808","42.18","-3.96","","","","2"
"2021","Nunavut [62]","2016A000262","Percent change in non-violent weighted clearance rate","Percent","239","units","0","v53079808","42.18","-12.62","","","","2"


