﻿"REF_DATE","GEO","DGUID","Statistics","UOM","UOM_ID","SCALAR_FACTOR","SCALAR_ID","VECTOR","COORDINATE","VALUE","STATUS","SYMBOL","TERMINATED","DECIMALS"
"2010","London, Ontario [35555]","2021A003535555","Crime severity index","Index","160","units","0","v44312593","23.1","83.62","","","","2"
"2011","London, Ontario [35555]","2021A003535555","Crime severity index","Index","160","units","0","v44312593","23.1","79.92","","","","2"
"2012","London, Ontario [35555]","2021A003535555","Crime severity index","Index","160","units","0","v44312593","23.1","75.66","","","","2"
"2013","London, Ontario [35555]","2021A003535555","Crime severity index","Index","160","units","0","v44312593","23.1","67.85","","","","2"
"2014","London, Ontario [35555]","2021A003535555","Crime severity index","Index","160","units","0","v44312593","23.1","66.31","","","","2"
"2015","London, Ontario [35555]","2021A003535555","Crime severity index","Index","160","units","0","v44312593","23.1","65.96","","","","2"
"2016","London, Ontario [35555]","2021A003535555","Crime severity index","Index","160","units","0","v44312593","23.1","68.16","","","","2"
"2017","London, Ontario [35555]","2021A003535555","Crime severity index","Index","160","units","0","v44312593","23.1","71.30","","","","2"
"2018","London, Ontario [35555]","2021A003535555","Crime severity index","Index","160","units","0","v44312593","23.1","76.59","","","","2"
"2019","London, Ontario [35555]","2021A003535555","Crime severity index","Index","160","units","0","v44312593","23.1","76.01","","","","2"
"2020","London, Ontario [35555]","2021A003535555","Crime severity index","Index","160","units","0","v44312593","23.1","74.82","","","","2"
"2021","London, Ontario [35555]","2021A003535555","Crime severity index","Index","160","units","0","v44312593","23.1","80.09","","","","2"
"2010","London, Ontario [35555]","2021A003535555","Percent change in crime severity index","Percent","239","units","0","v44312594","23.2","-5.44","","","","2"
"2011","London, Ontario [35555]","2021A003535555","Percent change in crime severity index","Percent","239","units","0","v44312594","23.2","-4.42","","","","2"
"2012","London, Ontario [35555]","2021A003535555","Percent change in crime severity index","Percent","239","units","0","v44312594","23.2","-5.33","","","","2"
"2013","London, Ontario [35555]","2021A003535555","Percent change in crime severity index","Percent","239","units","0","v44312594","23.2","-10.32","","","","2"
"2014","London, Ontario [35555]","2021A003535555","Percent change in crime severity index","Percent","239","units","0","v44312594","23.2","-2.27","","","","2"
"2015","London, Ontario [35555]","2021A003535555","Percent change in crime severity index","Percent","239","units","0","v44312594","23.2","-0.53","","","","2"
"2016","London, Ontario [35555]","2021A003535555","Percent change in crime severity index","Percent","239","units","0","v44312594","23.2","3.34","","","","2"
"2017","London, Ontario [35555]","2021A003535555","Percent change in crime severity index","Percent","239","units","0","v44312594","23.2","4.61","","","","2"
"2018","London, Ontario [35555]","2021A003535555","Percent change in crime severity index","Percent","239","units","0","v44312594","23.2","7.42","","","","2"
"2019","London, Ontario [35555]","2021A003535555","Percent change in crime severity index","Percent","239","units","0","v44312594","23.2","-0.76","","","","2"
"2020","London, Ontario [35555]","2021A003535555","Percent change in crime severity index","Percent","239","units","0","v44312594","23.2","-1.57","","","","2"
"2021","London, Ontario [35555]","2021A003535555","Percent change in crime severity index","Percent","239","units","0","v44312594","23.2","7.04","","","","2"
"2010","London, Ontario [35555]","2021A003535555","Violent crime severity index","Index","160","units","0","v44312595","23.3","75.26","","","","2"
"2011","London, Ontario [35555]","2021A003535555","Violent crime severity index","Index","160","units","0","v44312595","23.3","71.66","","","","2"
"2012","London, Ontario [35555]","2021A003535555","Violent crime severity index","Index","160","units","0","v44312595","23.3","65.06","","","","2"
"2013","London, Ontario [35555]","2021A003535555","Violent crime severity index","Index","160","units","0","v44312595","23.3","57.79","","","","2"
"2014","London, Ontario [35555]","2021A003535555","Violent crime severity index","Index","160","units","0","v44312595","23.3","47.34","","","","2"
"2015","London, Ontario [35555]","2021A003535555","Violent crime severity index","Index","160","units","0","v44312595","23.3","56.94","","","","2"
"2016","London, Ontario [35555]","2021A003535555","Violent crime severity index","Index","160","units","0","v44312595","23.3","59.77","","","","2"
"2017","London, Ontario [35555]","2021A003535555","Violent crime severity index","Index","160","units","0","v44312595","23.3","62.17","","","","2"
"2018","London, Ontario [35555]","2021A003535555","Violent crime severity index","Index","160","units","0","v44312595","23.3","63.18","","","","2"
"2019","London, Ontario [35555]","2021A003535555","Violent crime severity index","Index","160","units","0","v44312595","23.3","64.85","","","","2"
"2020","London, Ontario [35555]","2021A003535555","Violent crime severity index","Index","160","units","0","v44312595","23.3","68.84","","","","2"
"2021","London, Ontario [35555]","2021A003535555","Violent crime severity index","Index","160","units","0","v44312595","23.3","92.81","","","","2"
"2010","London, Ontario [35555]","2021A003535555","Percent change in violent crime severity index","Percent","239","units","0","v44312596","23.4","6.87","","","","2"
"2011","London, Ontario [35555]","2021A003535555","Percent change in violent crime severity index","Percent","239","units","0","v44312596","23.4","-4.78","","","","2"
"2012","London, Ontario [35555]","2021A003535555","Percent change in violent crime severity index","Percent","239","units","0","v44312596","23.4","-9.21","","","","2"
"2013","London, Ontario [35555]","2021A003535555","Percent change in violent crime severity index","Percent","239","units","0","v44312596","23.4","-11.17","","","","2"
"2014","London, Ontario [35555]","2021A003535555","Percent change in violent crime severity index","Percent","239","units","0","v44312596","23.4","-18.08","","","","2"
"2015","London, Ontario [35555]","2021A003535555","Percent change in violent crime severity index","Percent","239","units","0","v44312596","23.4","20.28","","","","2"
"2016","London, Ontario [35555]","2021A003535555","Percent change in violent crime severity index","Percent","239","units","0","v44312596","23.4","4.97","","","","2"
"2017","London, Ontario [35555]","2021A003535555","Percent change in violent crime severity index","Percent","239","units","0","v44312596","23.4","4.02","","","","2"
"2018","London, Ontario [35555]","2021A003535555","Percent change in violent crime severity index","Percent","239","units","0","v44312596","23.4","1.62","","","","2"
"2019","London, Ontario [35555]","2021A003535555","Percent change in violent crime severity index","Percent","239","units","0","v44312596","23.4","2.64","","","","2"
"2020","London, Ontario [35555]","2021A003535555","Percent change in violent crime severity index","Percent","239","units","0","v44312596","23.4","6.15","","","","2"
"2021","London, Ontario [35555]","2021A003535555","Percent change in violent crime severity index","Percent","239","units","0","v44312596","23.4","34.82","","","","2"
"2010","London, Ontario [35555]","2021A003535555","Non-violent crime severity index","Index","160","units","0","v44312597","23.5","86.83","","","","2"
"2011","London, Ontario [35555]","2021A003535555","Non-violent crime severity index","Index","160","units","0","v44312597","23.5","82.76","","","","2"
"2012","London, Ontario [35555]","2021A003535555","Non-violent crime severity index","Index","160","units","0","v44312597","23.5","79.36","","","","2"
"2013","London, Ontario [35555]","2021A003535555","Non-violent crime severity index","Index","160","units","0","v44312597","23.5","71.38","","","","2"
"2014","London, Ontario [35555]","2021A003535555","Non-violent crime severity index","Index","160","units","0","v44312597","23.5","73.08","","","","2"
"2015","London, Ontario [35555]","2021A003535555","Non-violent crime severity index","Index","160","units","0","v44312597","23.5","69.11","","","","2"
"2016","London, Ontario [35555]","2021A003535555","Non-violent crime severity index","Index","160","units","0","v44312597","23.5","71.02","","","","2"
"2017","London, Ontario [35555]","2021A003535555","Non-violent crime severity index","Index","160","units","0","v44312597","23.5","74.42","","","","2"
"2018","London, Ontario [35555]","2021A003535555","Non-violent crime severity index","Index","160","units","0","v44312597","23.5","81.24","","","","2"
"2019","London, Ontario [35555]","2021A003535555","Non-violent crime severity index","Index","160","units","0","v44312597","23.5","79.84","","","","2"
"2020","London, Ontario [35555]","2021A003535555","Non-violent crime severity index","Index","160","units","0","v44312597","23.5","76.79","","","","2"
"2021","London, Ontario [35555]","2021A003535555","Non-violent crime severity index","Index","160","units","0","v44312597","23.5","75.32","","","","2"
"2010","London, Ontario [35555]","2021A003535555","Percent change in non-violent crime severity index","Percent","239","units","0","v44312598","23.6","-8.94","","","","2"
"2011","London, Ontario [35555]","2021A003535555","Percent change in non-violent crime severity index","Percent","239","units","0","v44312598","23.6","-4.69","","","","2"
"2012","London, Ontario [35555]","2021A003535555","Percent change in non-violent crime severity index","Percent","239","units","0","v44312598","23.6","-4.11","","","","2"
"2013","London, Ontario [35555]","2021A003535555","Percent change in non-violent crime severity index","Percent","239","units","0","v44312598","23.6","-10.06","","","","2"
"2014","London, Ontario [35555]","2021A003535555","Percent change in non-violent crime severity index","Percent","239","units","0","v44312598","23.6","2.38","","","","2"
"2015","London, Ontario [35555]","2021A003535555","Percent change in non-violent crime severity index","Percent","239","units","0","v44312598","23.6","-5.43","","","","2"
"2016","London, Ontario [35555]","2021A003535555","Percent change in non-violent crime severity index","Percent","239","units","0","v44312598","23.6","2.76","","","","2"
"2017","London, Ontario [35555]","2021A003535555","Percent change in non-violent crime severity index","Percent","239","units","0","v44312598","23.6","4.79","","","","2"
"2018","London, Ontario [35555]","2021A003535555","Percent change in non-violent crime severity index","Percent","239","units","0","v44312598","23.6","9.16","","","","2"
"2019","London, Ontario [35555]","2021A003535555","Percent change in non-violent crime severity index","Percent","239","units","0","v44312598","23.6","-1.72","","","","2"
"2020","London, Ontario [35555]","2021A003535555","Percent change in non-violent crime severity index","Percent","239","units","0","v44312598","23.6","-3.82","","","","2"
"2021","London, Ontario [35555]","2021A003535555","Percent change in non-violent crime severity index","Percent","239","units","0","v44312598","23.6","-1.91","","","","2"
"2010","London, Ontario [35555]","2021A003535555","Youth crime severity index","Index","160","units","0","v53079597","23.7","0.00","","","","2"
"2011","London, Ontario [35555]","2021A003535555","Youth crime severity index","Index","160","units","0","v53079597","23.7","","..","","","2"
"2012","London, Ontario [35555]","2021A003535555","Youth crime severity index","Index","160","units","0","v53079597","23.7","","..","","","2"
"2013","London, Ontario [35555]","2021A003535555","Youth crime severity index","Index","160","units","0","v53079597","23.7","","..","","","2"
"2014","London, Ontario [35555]","2021A003535555","Youth crime severity index","Index","160","units","0","v53079597","23.7","","..","","","2"
"2015","London, Ontario [35555]","2021A003535555","Youth crime severity index","Index","160","units","0","v53079597","23.7","","..","","","2"
"2016","London, Ontario [35555]","2021A003535555","Youth crime severity index","Index","160","units","0","v53079597","23.7","","..","","","2"
"2017","London, Ontario [35555]","2021A003535555","Youth crime severity index","Index","160","units","0","v53079597","23.7","","..","","","2"
"2018","London, Ontario [35555]","2021A003535555","Youth crime severity index","Index","160","units","0","v53079597","23.7","","..","","","2"
"2019","London, Ontario [35555]","2021A003535555","Youth crime severity index","Index","160","units","0","v53079597","23.7","","..","","","2"
"2020","London, Ontario [35555]","2021A003535555","Youth crime severity index","Index","160","units","0","v53079597","23.7","","..","","","2"
"2021","London, Ontario [35555]","2021A003535555","Youth crime severity index","Index","160","units","0","v53079597","23.7","","..","","","2"
"2010","London, Ontario [35555]","2021A003535555","Percent change in youth crime severity index","Percent","239","units","0","v87984912","23.8","0.00","","","","2"
"2011","London, Ontario [35555]","2021A003535555","Percent change in youth crime severity index","Percent","239","units","0","v87984912","23.8","","..","","","2"
"2012","London, Ontario [35555]","2021A003535555","Percent change in youth crime severity index","Percent","239","units","0","v87984912","23.8","","..","","","2"
"2013","London, Ontario [35555]","2021A003535555","Percent change in youth crime severity index","Percent","239","units","0","v87984912","23.8","","..","","","2"
"2014","London, Ontario [35555]","2021A003535555","Percent change in youth crime severity index","Percent","239","units","0","v87984912","23.8","","..","","","2"
"2015","London, Ontario [35555]","2021A003535555","Percent change in youth crime severity index","Percent","239","units","0","v87984912","23.8","","..","","","2"
"2016","London, Ontario [35555]","2021A003535555","Percent change in youth crime severity index","Percent","239","units","0","v87984912","23.8","","..","","","2"
"2017","London, Ontario [35555]","2021A003535555","Percent change in youth crime severity index","Percent","239","units","0","v87984912","23.8","","..","","","2"
"2018","London, Ontario [35555]","2021A003535555","Percent change in youth crime severity index","Percent","239","units","0","v87984912","23.8","","..","","","2"
"2019","London, Ontario [35555]","2021A003535555","Percent change in youth crime severity index","Percent","239","units","0","v87984912","23.8","","..","","","2"
"2020","London, Ontario [35555]","2021A003535555","Percent change in youth crime severity index","Percent","239","units","0","v87984912","23.8","","..","","","2"
"2021","London, Ontario [35555]","2021A003535555","Percent change in youth crime severity index","Percent","239","units","0","v87984912","23.8","","..","","","2"
"2010","London, Ontario [35555]","2021A003535555","Youth violent crime severity index","Index","160","units","0","v53079598","23.9","0.00","","","","2"
"2011","London, Ontario [35555]","2021A003535555","Youth violent crime severity index","Index","160","units","0","v53079598","23.9","","..","","","2"
"2012","London, Ontario [35555]","2021A003535555","Youth violent crime severity index","Index","160","units","0","v53079598","23.9","","..","","","2"
"2013","London, Ontario [35555]","2021A003535555","Youth violent crime severity index","Index","160","units","0","v53079598","23.9","","..","","","2"
"2014","London, Ontario [35555]","2021A003535555","Youth violent crime severity index","Index","160","units","0","v53079598","23.9","","..","","","2"
"2015","London, Ontario [35555]","2021A003535555","Youth violent crime severity index","Index","160","units","0","v53079598","23.9","","..","","","2"
"2016","London, Ontario [35555]","2021A003535555","Youth violent crime severity index","Index","160","units","0","v53079598","23.9","","..","","","2"
"2017","London, Ontario [35555]","2021A003535555","Youth violent crime severity index","Index","160","units","0","v53079598","23.9","","..","","","2"
"2018","London, Ontario [35555]","2021A003535555","Youth violent crime severity index","Index","160","units","0","v53079598","23.9","","..","","","2"
"2019","London, Ontario [35555]","2021A003535555","Youth violent crime severity index","Index","160","units","0","v53079598","23.9","","..","","","2"
"2020","London, Ontario [35555]","2021A003535555","Youth violent crime severity index","Index","160","units","0","v53079598","23.9","","..","","","2"
"2021","London, Ontario [35555]","2021A003535555","Youth violent crime severity index","Index","160","units","0","v53079598","23.9","","..","","","2"
"2010","London, Ontario [35555]","2021A003535555","Percent change in youth violent crime severity index","Percent","239","units","0","v87984913","23.10","0.00","","","","2"
"2011","London, Ontario [35555]","2021A003535555","Percent change in youth violent crime severity index","Percent","239","units","0","v87984913","23.10","","..","","","2"
"2012","London, Ontario [35555]","2021A003535555","Percent change in youth violent crime severity index","Percent","239","units","0","v87984913","23.10","","..","","","2"
"2013","London, Ontario [35555]","2021A003535555","Percent change in youth violent crime severity index","Percent","239","units","0","v87984913","23.10","","..","","","2"
"2014","London, Ontario [35555]","2021A003535555","Percent change in youth violent crime severity index","Percent","239","units","0","v87984913","23.10","","..","","","2"
"2015","London, Ontario [35555]","2021A003535555","Percent change in youth violent crime severity index","Percent","239","units","0","v87984913","23.10","","..","","","2"
"2016","London, Ontario [35555]","2021A003535555","Percent change in youth violent crime severity index","Percent","239","units","0","v87984913","23.10","","..","","","2"
"2017","London, Ontario [35555]","2021A003535555","Percent change in youth violent crime severity index","Percent","239","units","0","v87984913","23.10","","..","","","2"
"2018","London, Ontario [35555]","2021A003535555","Percent change in youth violent crime severity index","Percent","239","units","0","v87984913","23.10","","..","","","2"
"2019","London, Ontario [35555]","2021A003535555","Percent change in youth violent crime severity index","Percent","239","units","0","v87984913","23.10","","..","","","2"
"2020","London, Ontario [35555]","2021A003535555","Percent change in youth violent crime severity index","Percent","239","units","0","v87984913","23.10","","..","","","2"
"2021","London, Ontario [35555]","2021A003535555","Percent change in youth violent crime severity index","Percent","239","units","0","v87984913","23.10","","..","","","2"
"2010","London, Ontario [35555]","2021A003535555","Youth non-violent crime severity index","Index","160","units","0","v53079590","23.11","0.00","","","","2"
"2011","London, Ontario [35555]","2021A003535555","Youth non-violent crime severity index","Index","160","units","0","v53079590","23.11","","..","","","2"
"2012","London, Ontario [35555]","2021A003535555","Youth non-violent crime severity index","Index","160","units","0","v53079590","23.11","","..","","","2"
"2013","London, Ontario [35555]","2021A003535555","Youth non-violent crime severity index","Index","160","units","0","v53079590","23.11","","..","","","2"
"2014","London, Ontario [35555]","2021A003535555","Youth non-violent crime severity index","Index","160","units","0","v53079590","23.11","","..","","","2"
"2015","London, Ontario [35555]","2021A003535555","Youth non-violent crime severity index","Index","160","units","0","v53079590","23.11","","..","","","2"
"2016","London, Ontario [35555]","2021A003535555","Youth non-violent crime severity index","Index","160","units","0","v53079590","23.11","","..","","","2"
"2017","London, Ontario [35555]","2021A003535555","Youth non-violent crime severity index","Index","160","units","0","v53079590","23.11","","..","","","2"
"2018","London, Ontario [35555]","2021A003535555","Youth non-violent crime severity index","Index","160","units","0","v53079590","23.11","","..","","","2"
"2019","London, Ontario [35555]","2021A003535555","Youth non-violent crime severity index","Index","160","units","0","v53079590","23.11","","..","","","2"
"2020","London, Ontario [35555]","2021A003535555","Youth non-violent crime severity index","Index","160","units","0","v53079590","23.11","","..","","","2"
"2021","London, Ontario [35555]","2021A003535555","Youth non-violent crime severity index","Index","160","units","0","v53079590","23.11","","..","","","2"
"2010","London, Ontario [35555]","2021A003535555","Percent change in youth non-violent crime severity index","Percent","239","units","0","v87984914","23.12","0.00","","","","2"
"2011","London, Ontario [35555]","2021A003535555","Percent change in youth non-violent crime severity index","Percent","239","units","0","v87984914","23.12","","..","","","2"
"2012","London, Ontario [35555]","2021A003535555","Percent change in youth non-violent crime severity index","Percent","239","units","0","v87984914","23.12","","..","","","2"
"2013","London, Ontario [35555]","2021A003535555","Percent change in youth non-violent crime severity index","Percent","239","units","0","v87984914","23.12","","..","","","2"
"2014","London, Ontario [35555]","2021A003535555","Percent change in youth non-violent crime severity index","Percent","239","units","0","v87984914","23.12","","..","","","2"
"2015","London, Ontario [35555]","2021A003535555","Percent change in youth non-violent crime severity index","Percent","239","units","0","v87984914","23.12","","..","","","2"
"2016","London, Ontario [35555]","2021A003535555","Percent change in youth non-violent crime severity index","Percent","239","units","0","v87984914","23.12","","..","","","2"
"2017","London, Ontario [35555]","2021A003535555","Percent change in youth non-violent crime severity index","Percent","239","units","0","v87984914","23.12","","..","","","2"
"2018","London, Ontario [35555]","2021A003535555","Percent change in youth non-violent crime severity index","Percent","239","units","0","v87984914","23.12","","..","","","2"
"2019","London, Ontario [35555]","2021A003535555","Percent change in youth non-violent crime severity index","Percent","239","units","0","v87984914","23.12","","..","","","2"
"2020","London, Ontario [35555]","2021A003535555","Percent change in youth non-violent crime severity index","Percent","239","units","0","v87984914","23.12","","..","","","2"
"2021","London, Ontario [35555]","2021A003535555","Percent change in youth non-violent crime severity index","Percent","239","units","0","v87984914","23.12","","..","","","2"
"2010","London, Ontario [35555]","2021A003535555","Weighted clearance rate","Number","223","units","0","v53079591","23.13","45.90","","","","2"
"2011","London, Ontario [35555]","2021A003535555","Weighted clearance rate","Number","223","units","0","v53079591","23.13","46.63","","","","2"
"2012","London, Ontario [35555]","2021A003535555","Weighted clearance rate","Number","223","units","0","v53079591","23.13","46.55","","","","2"
"2013","London, Ontario [35555]","2021A003535555","Weighted clearance rate","Number","223","units","0","v53079591","23.13","47.08","","","","2"
"2014","London, Ontario [35555]","2021A003535555","Weighted clearance rate","Number","223","units","0","v53079591","23.13","42.93","","","","2"
"2015","London, Ontario [35555]","2021A003535555","Weighted clearance rate","Number","223","units","0","v53079591","23.13","41.70","","","","2"
"2016","London, Ontario [35555]","2021A003535555","Weighted clearance rate","Number","223","units","0","v53079591","23.13","39.60","","","","2"
"2017","London, Ontario [35555]","2021A003535555","Weighted clearance rate","Number","223","units","0","v53079591","23.13","38.09","","","","2"
"2018","London, Ontario [35555]","2021A003535555","Weighted clearance rate","Number","223","units","0","v53079591","23.13","36.69","","","","2"
"2019","London, Ontario [35555]","2021A003535555","Weighted clearance rate","Number","223","units","0","v53079591","23.13","35.29","","","","2"
"2020","London, Ontario [35555]","2021A003535555","Weighted clearance rate","Number","223","units","0","v53079591","23.13","32.34","","","","2"
"2021","London, Ontario [35555]","2021A003535555","Weighted clearance rate","Number","223","units","0","v53079591","23.13","32.76","","","","2"
"2010","London, Ontario [35555]","2021A003535555","Percent change in weighted clearance rate","Percent","239","units","0","v53079592","23.14","9.55","","","","2"
"2011","London, Ontario [35555]","2021A003535555","Percent change in weighted clearance rate","Percent","239","units","0","v53079592","23.14","1.59","","","","2"
"2012","London, Ontario [35555]","2021A003535555","Percent change in weighted clearance rate","Percent","239","units","0","v53079592","23.14","-0.17","","","","2"
"2013","London, Ontario [35555]","2021A003535555","Percent change in weighted clearance rate","Percent","239","units","0","v53079592","23.14","1.14","","","","2"
"2014","London, Ontario [35555]","2021A003535555","Percent change in weighted clearance rate","Percent","239","units","0","v53079592","23.14","-8.81","","","","2"
"2015","London, Ontario [35555]","2021A003535555","Percent change in weighted clearance rate","Percent","239","units","0","v53079592","23.14","-2.87","","","","2"
"2016","London, Ontario [35555]","2021A003535555","Percent change in weighted clearance rate","Percent","239","units","0","v53079592","23.14","-5.04","","","","2"
"2017","London, Ontario [35555]","2021A003535555","Percent change in weighted clearance rate","Percent","239","units","0","v53079592","23.14","-3.81","","","","2"
"2018","London, Ontario [35555]","2021A003535555","Percent change in weighted clearance rate","Percent","239","units","0","v53079592","23.14","-3.68","","","","2"
"2019","London, Ontario [35555]","2021A003535555","Percent change in weighted clearance rate","Percent","239","units","0","v53079592","23.14","-3.82","","","","2"
"2020","London, Ontario [35555]","2021A003535555","Percent change in weighted clearance rate","Percent","239","units","0","v53079592","23.14","-8.36","","","","2"
"2021","London, Ontario [35555]","2021A003535555","Percent change in weighted clearance rate","Percent","239","units","0","v53079592","23.14","1.30","","","","2"
"2010","London, Ontario [35555]","2021A003535555","Violent weighted clearance rate","Number","223","units","0","v53079593","23.15","71.74","","","","2"
"2011","London, Ontario [35555]","2021A003535555","Violent weighted clearance rate","Number","223","units","0","v53079593","23.15","71.58","","","","2"
"2012","London, Ontario [35555]","2021A003535555","Violent weighted clearance rate","Number","223","units","0","v53079593","23.15","72.86","","","","2"
"2013","London, Ontario [35555]","2021A003535555","Violent weighted clearance rate","Number","223","units","0","v53079593","23.15","74.85","","","","2"
"2014","London, Ontario [35555]","2021A003535555","Violent weighted clearance rate","Number","223","units","0","v53079593","23.15","71.99","","","","2"
"2015","London, Ontario [35555]","2021A003535555","Violent weighted clearance rate","Number","223","units","0","v53079593","23.15","71.02","","","","2"
"2016","London, Ontario [35555]","2021A003535555","Violent weighted clearance rate","Number","223","units","0","v53079593","23.15","71.90","","","","2"
"2017","London, Ontario [35555]","2021A003535555","Violent weighted clearance rate","Number","223","units","0","v53079593","23.15","70.06","","","","2"
"2018","London, Ontario [35555]","2021A003535555","Violent weighted clearance rate","Number","223","units","0","v53079593","23.15","67.44","","","","2"
"2019","London, Ontario [35555]","2021A003535555","Violent weighted clearance rate","Number","223","units","0","v53079593","23.15","67.87","","","","2"
"2020","London, Ontario [35555]","2021A003535555","Violent weighted clearance rate","Number","223","units","0","v53079593","23.15","60.64","","","","2"
"2021","London, Ontario [35555]","2021A003535555","Violent weighted clearance rate","Number","223","units","0","v53079593","23.15","57.11","","","","2"
"2010","London, Ontario [35555]","2021A003535555","Percent change in violent weighted clearance rate","Percent","239","units","0","v53079594","23.16","4.84","","","","2"
"2011","London, Ontario [35555]","2021A003535555","Percent change in violent weighted clearance rate","Percent","239","units","0","v53079594","23.16","-0.22","","","","2"
"2012","London, Ontario [35555]","2021A003535555","Percent change in violent weighted clearance rate","Percent","239","units","0","v53079594","23.16","1.79","","","","2"
"2013","London, Ontario [35555]","2021A003535555","Percent change in violent weighted clearance rate","Percent","239","units","0","v53079594","23.16","2.73","","","","2"
"2014","London, Ontario [35555]","2021A003535555","Percent change in violent weighted clearance rate","Percent","239","units","0","v53079594","23.16","-3.82","","","","2"
"2015","London, Ontario [35555]","2021A003535555","Percent change in violent weighted clearance rate","Percent","239","units","0","v53079594","23.16","-1.35","","","","2"
"2016","London, Ontario [35555]","2021A003535555","Percent change in violent weighted clearance rate","Percent","239","units","0","v53079594","23.16","1.24","","","","2"
"2017","London, Ontario [35555]","2021A003535555","Percent change in violent weighted clearance rate","Percent","239","units","0","v53079594","23.16","-2.56","","","","2"
"2018","London, Ontario [35555]","2021A003535555","Percent change in violent weighted clearance rate","Percent","239","units","0","v53079594","23.16","-3.74","","","","2"
"2019","London, Ontario [35555]","2021A003535555","Percent change in violent weighted clearance rate","Percent","239","units","0","v53079594","23.16","0.64","","","","2"
"2020","London, Ontario [35555]","2021A003535555","Percent change in violent weighted clearance rate","Percent","239","units","0","v53079594","23.16","-10.65","","","","2"
"2021","London, Ontario [35555]","2021A003535555","Percent change in violent weighted clearance rate","Percent","239","units","0","v53079594","23.16","-5.82","","","","2"
"2010","London, Ontario [35555]","2021A003535555","Non-violent weighted clearance rate","Number","223","units","0","v53079595","23.17","37.29","","","","2"
"2011","London, Ontario [35555]","2021A003535555","Non-violent weighted clearance rate","Number","223","units","0","v53079595","23.17","38.78","","","","2"
"2012","London, Ontario [35555]","2021A003535555","Non-violent weighted clearance rate","Number","223","units","0","v53079595","23.17","38.70","","","","2"
"2013","London, Ontario [35555]","2021A003535555","Non-violent weighted clearance rate","Number","223","units","0","v53079595","23.17","38.90","","","","2"
"2014","London, Ontario [35555]","2021A003535555","Non-violent weighted clearance rate","Number","223","units","0","v53079595","23.17","36.07","","","","2"
"2015","London, Ontario [35555]","2021A003535555","Non-violent weighted clearance rate","Number","223","units","0","v53079595","23.17","32.91","","","","2"
"2016","London, Ontario [35555]","2021A003535555","Non-violent weighted clearance rate","Number","223","units","0","v53079595","23.17","29.82","","","","2"
"2017","London, Ontario [35555]","2021A003535555","Non-violent weighted clearance rate","Number","223","units","0","v53079595","23.17","28.49","","","","2"
"2018","London, Ontario [35555]","2021A003535555","Non-violent weighted clearance rate","Number","223","units","0","v53079595","23.17","28.08","","","","2"
"2019","London, Ontario [35555]","2021A003535555","Non-violent weighted clearance rate","Number","223","units","0","v53079595","23.17","25.77","","","","2"
"2020","London, Ontario [35555]","2021A003535555","Non-violent weighted clearance rate","Number","223","units","0","v53079595","23.17","23.21","","","","2"
"2021","London, Ontario [35555]","2021A003535555","Non-violent weighted clearance rate","Number","223","units","0","v53079595","23.17","21.97","","","","2"
"2010","London, Ontario [35555]","2021A003535555","Percent change in non-violent weighted clearance rate","Percent","239","units","0","v53079596","23.18","8.53","","","","2"
"2011","London, Ontario [35555]","2021A003535555","Percent change in non-violent weighted clearance rate","Percent","239","units","0","v53079596","23.18","4.00","","","","2"
"2012","London, Ontario [35555]","2021A003535555","Percent change in non-violent weighted clearance rate","Percent","239","units","0","v53079596","23.18","-0.21","","","","2"
"2013","London, Ontario [35555]","2021A003535555","Percent change in non-violent weighted clearance rate","Percent","239","units","0","v53079596","23.18","0.52","","","","2"
"2014","London, Ontario [35555]","2021A003535555","Percent change in non-violent weighted clearance rate","Percent","239","units","0","v53079596","23.18","-7.28","","","","2"
"2015","London, Ontario [35555]","2021A003535555","Percent change in non-violent weighted clearance rate","Percent","239","units","0","v53079596","23.18","-8.76","","","","2"
"2016","London, Ontario [35555]","2021A003535555","Percent change in non-violent weighted clearance rate","Percent","239","units","0","v53079596","23.18","-9.39","","","","2"
"2017","London, Ontario [35555]","2021A003535555","Percent change in non-violent weighted clearance rate","Percent","239","units","0","v53079596","23.18","-4.46","","","","2"
"2018","London, Ontario [35555]","2021A003535555","Percent change in non-violent weighted clearance rate","Percent","239","units","0","v53079596","23.18","-1.44","","","","2"
"2019","London, Ontario [35555]","2021A003535555","Percent change in non-violent weighted clearance rate","Percent","239","units","0","v53079596","23.18","-8.23","","","","2"
"2020","London, Ontario [35555]","2021A003535555","Percent change in non-violent weighted clearance rate","Percent","239","units","0","v53079596","23.18","-9.93","","","","2"
"2021","London, Ontario [35555]","2021A003535555","Percent change in non-violent weighted clearance rate","Percent","239","units","0","v53079596","23.18","-5.34","","","","2"


