﻿"REF_DATE","GEO","DGUID","Geography, province of destination","UOM","UOM_ID","SCALAR_FACTOR","SCALAR_ID","VECTOR","COORDINATE","VALUE","STATUS","SYMBOL","TERMINATED","DECIMALS"
"2017/2018","Nunavut, province of origin","2016A000262","Newfoundland and Labrador, province of destination","Persons","249","units","0","v466552","17.1","70","","","","0"
"2018/2019","Nunavut, province of origin","2016A000262","Newfoundland and Labrador, province of destination","Persons","249","units","0","v466552","17.1","57","","","","0"
"2019/2020","Nunavut, province of origin","2016A000262","Newfoundland and Labrador, province of destination","Persons","249","units","0","v466552","17.1","54","","","","0"
"2020/2021","Nunavut, province of origin","2016A000262","Newfoundland and Labrador, province of destination","Persons","249","units","0","v466552","17.1","59","","","","0"
"2021/2022","Nunavut, province of origin","2016A000262","Newfoundland and Labrador, province of destination","Persons","249","units","0","v466552","17.1","14","","","","0"
"2017/2018","Nunavut, province of origin","2016A000262","Prince Edward Island, province of destination","Persons","249","units","0","v466556","17.2","7","","","","0"
"2018/2019","Nunavut, province of origin","2016A000262","Prince Edward Island, province of destination","Persons","249","units","0","v466556","17.2","16","","","","0"
"2019/2020","Nunavut, province of origin","2016A000262","Prince Edward Island, province of destination","Persons","249","units","0","v466556","17.2","9","","","","0"
"2020/2021","Nunavut, province of origin","2016A000262","Prince Edward Island, province of destination","Persons","249","units","0","v466556","17.2","19","","","","0"
"2021/2022","Nunavut, province of origin","2016A000262","Prince Edward Island, province of destination","Persons","249","units","0","v466556","17.2","0","","","","0"
"2017/2018","Nunavut, province of origin","2016A000262","Nova Scotia, province of destination","Persons","249","units","0","v466557","17.3","114","","","","0"
"2018/2019","Nunavut, province of origin","2016A000262","Nova Scotia, province of destination","Persons","249","units","0","v466557","17.3","115","","","","0"
"2019/2020","Nunavut, province of origin","2016A000262","Nova Scotia, province of destination","Persons","249","units","0","v466557","17.3","110","","","","0"
"2020/2021","Nunavut, province of origin","2016A000262","Nova Scotia, province of destination","Persons","249","units","0","v466557","17.3","97","","","","0"
"2021/2022","Nunavut, province of origin","2016A000262","Nova Scotia, province of destination","Persons","249","units","0","v466557","17.3","143","","","","0"
"2017/2018","Nunavut, province of origin","2016A000262","New Brunswick, province of destination","Persons","249","units","0","v466558","17.4","40","","","","0"
"2018/2019","Nunavut, province of origin","2016A000262","New Brunswick, province of destination","Persons","249","units","0","v466558","17.4","41","","","","0"
"2019/2020","Nunavut, province of origin","2016A000262","New Brunswick, province of destination","Persons","249","units","0","v466558","17.4","57","","","","0"
"2020/2021","Nunavut, province of origin","2016A000262","New Brunswick, province of destination","Persons","249","units","0","v466558","17.4","30","","","","0"
"2021/2022","Nunavut, province of origin","2016A000262","New Brunswick, province of destination","Persons","249","units","0","v466558","17.4","39","","","","0"
"2017/2018","Nunavut, province of origin","2016A000262","Quebec, province of destination","Persons","249","units","0","v466559","17.5","59","","","","0"
"2018/2019","Nunavut, province of origin","2016A000262","Quebec, province of destination","Persons","249","units","0","v466559","17.5","118","","","","0"
"2019/2020","Nunavut, province of origin","2016A000262","Quebec, province of destination","Persons","249","units","0","v466559","17.5","112","","","","0"
"2020/2021","Nunavut, province of origin","2016A000262","Quebec, province of destination","Persons","249","units","0","v466559","17.5","83","","","","0"
"2021/2022","Nunavut, province of origin","2016A000262","Quebec, province of destination","Persons","249","units","0","v466559","17.5","105","","","","0"
"2017/2018","Nunavut, province of origin","2016A000262","Ontario, province of destination","Persons","249","units","0","v466560","17.6","373","","","","0"
"2018/2019","Nunavut, province of origin","2016A000262","Ontario, province of destination","Persons","249","units","0","v466560","17.6","354","","","","0"
"2019/2020","Nunavut, province of origin","2016A000262","Ontario, province of destination","Persons","249","units","0","v466560","17.6","312","","","","0"
"2020/2021","Nunavut, province of origin","2016A000262","Ontario, province of destination","Persons","249","units","0","v466560","17.6","237","","","","0"
"2021/2022","Nunavut, province of origin","2016A000262","Ontario, province of destination","Persons","249","units","0","v466560","17.6","604","","","","0"
"2017/2018","Nunavut, province of origin","2016A000262","Manitoba, province of destination","Persons","249","units","0","v466561","17.7","58","","","","0"
"2018/2019","Nunavut, province of origin","2016A000262","Manitoba, province of destination","Persons","249","units","0","v466561","17.7","36","","","","0"
"2019/2020","Nunavut, province of origin","2016A000262","Manitoba, province of destination","Persons","249","units","0","v466561","17.7","42","","","","0"
"2020/2021","Nunavut, province of origin","2016A000262","Manitoba, province of destination","Persons","249","units","0","v466561","17.7","70","","","","0"
"2021/2022","Nunavut, province of origin","2016A000262","Manitoba, province of destination","Persons","249","units","0","v466561","17.7","48","","","","0"
"2017/2018","Nunavut, province of origin","2016A000262","Saskatchewan, province of destination","Persons","249","units","0","v466562","17.8","29","","","","0"
"2018/2019","Nunavut, province of origin","2016A000262","Saskatchewan, province of destination","Persons","249","units","0","v466562","17.8","32","","","","0"
"2019/2020","Nunavut, province of origin","2016A000262","Saskatchewan, province of destination","Persons","249","units","0","v466562","17.8","21","","","","0"
"2020/2021","Nunavut, province of origin","2016A000262","Saskatchewan, province of destination","Persons","249","units","0","v466562","17.8","20","","","","0"
"2021/2022","Nunavut, province of origin","2016A000262","Saskatchewan, province of destination","Persons","249","units","0","v466562","17.8","88","","","","0"
"2017/2018","Nunavut, province of origin","2016A000262","Alberta, province of destination","Persons","249","units","0","v466563","17.9","59","","","","0"
"2018/2019","Nunavut, province of origin","2016A000262","Alberta, province of destination","Persons","249","units","0","v466563","17.9","85","","","","0"
"2019/2020","Nunavut, province of origin","2016A000262","Alberta, province of destination","Persons","249","units","0","v466563","17.9","115","","","","0"
"2020/2021","Nunavut, province of origin","2016A000262","Alberta, province of destination","Persons","249","units","0","v466563","17.9","66","","","","0"
"2021/2022","Nunavut, province of origin","2016A000262","Alberta, province of destination","Persons","249","units","0","v466563","17.9","79","","","","0"
"2017/2018","Nunavut, province of origin","2016A000262","British Columbia, province of destination","Persons","249","units","0","v466553","17.10","57","","","","0"
"2018/2019","Nunavut, province of origin","2016A000262","British Columbia, province of destination","Persons","249","units","0","v466553","17.10","74","","","","0"
"2019/2020","Nunavut, province of origin","2016A000262","British Columbia, province of destination","Persons","249","units","0","v466553","17.10","64","","","","0"
"2020/2021","Nunavut, province of origin","2016A000262","British Columbia, province of destination","Persons","249","units","0","v466553","17.10","51","","","","0"
"2021/2022","Nunavut, province of origin","2016A000262","British Columbia, province of destination","Persons","249","units","0","v466553","17.10","126","","","","0"
"2017/2018","Nunavut, province of origin","2016A000262","Yukon, province of destination","Persons","249","units","0","v466554","17.11","11","","","","0"
"2018/2019","Nunavut, province of origin","2016A000262","Yukon, province of destination","Persons","249","units","0","v466554","17.11","30","","","","0"
"2019/2020","Nunavut, province of origin","2016A000262","Yukon, province of destination","Persons","249","units","0","v466554","17.11","18","","","","0"
"2020/2021","Nunavut, province of origin","2016A000262","Yukon, province of destination","Persons","249","units","0","v466554","17.11","21","","","","0"
"2021/2022","Nunavut, province of origin","2016A000262","Yukon, province of destination","Persons","249","units","0","v466554","17.11","13","","","","0"
"2017/2018","Nunavut, province of origin","2016A000262","Northwest Territories, province of destination","Persons","249","units","0","v466555","17.16","80","","","","0"
"2018/2019","Nunavut, province of origin","2016A000262","Northwest Territories, province of destination","Persons","249","units","0","v466555","17.16","71","","","","0"
"2019/2020","Nunavut, province of origin","2016A000262","Northwest Territories, province of destination","Persons","249","units","0","v466555","17.16","43","","","","0"
"2020/2021","Nunavut, province of origin","2016A000262","Northwest Territories, province of destination","Persons","249","units","0","v466555","17.16","49","","","","0"
"2021/2022","Nunavut, province of origin","2016A000262","Northwest Territories, province of destination","Persons","249","units","0","v466555","17.16","65","","","","0"


