﻿"REF_DATE","GEO","DGUID","Geography, province of destination","UOM","UOM_ID","SCALAR_FACTOR","SCALAR_ID","VECTOR","COORDINATE","VALUE","STATUS","SYMBOL","TERMINATED","DECIMALS"
"2017/2018","Ontario, province of origin","2016A000235","Newfoundland and Labrador, province of destination","Persons","249","units","0","v466616","6.1","1919","","","","0"
"2018/2019","Ontario, province of origin","2016A000235","Newfoundland and Labrador, province of destination","Persons","249","units","0","v466616","6.1","1918","","","","0"
"2019/2020","Ontario, province of origin","2016A000235","Newfoundland and Labrador, province of destination","Persons","249","units","0","v466616","6.1","2252","","","","0"
"2020/2021","Ontario, province of origin","2016A000235","Newfoundland and Labrador, province of destination","Persons","249","units","0","v466616","6.1","2305","","","","0"
"2021/2022","Ontario, province of origin","2016A000235","Newfoundland and Labrador, province of destination","Persons","249","units","0","v466616","6.1","4290","","","","0"
"2017/2018","Ontario, province of origin","2016A000235","Prince Edward Island, province of destination","Persons","249","units","0","v466621","6.2","1317","","","","0"
"2018/2019","Ontario, province of origin","2016A000235","Prince Edward Island, province of destination","Persons","249","units","0","v466621","6.2","1691","","","","0"
"2019/2020","Ontario, province of origin","2016A000235","Prince Edward Island, province of destination","Persons","249","units","0","v466621","6.2","2334","","","","0"
"2020/2021","Ontario, province of origin","2016A000235","Prince Edward Island, province of destination","Persons","249","units","0","v466621","6.2","1959","","","","0"
"2021/2022","Ontario, province of origin","2016A000235","Prince Edward Island, province of destination","Persons","249","units","0","v466621","6.2","3962","","","","0"
"2017/2018","Ontario, province of origin","2016A000235","Nova Scotia, province of destination","Persons","249","units","0","v466622","6.3","5647","","","","0"
"2018/2019","Ontario, province of origin","2016A000235","Nova Scotia, province of destination","Persons","249","units","0","v466622","6.3","6061","","","","0"
"2019/2020","Ontario, province of origin","2016A000235","Nova Scotia, province of destination","Persons","249","units","0","v466622","6.3","8166","","","","0"
"2020/2021","Ontario, province of origin","2016A000235","Nova Scotia, province of destination","Persons","249","units","0","v466622","6.3","9903","","","","0"
"2021/2022","Ontario, province of origin","2016A000235","Nova Scotia, province of destination","Persons","249","units","0","v466622","6.3","15862","","","","0"
"2017/2018","Ontario, province of origin","2016A000235","New Brunswick, province of destination","Persons","249","units","0","v466623","6.4","3562","","","","0"
"2018/2019","Ontario, province of origin","2016A000235","New Brunswick, province of destination","Persons","249","units","0","v466623","6.4","3912","","","","0"
"2019/2020","Ontario, province of origin","2016A000235","New Brunswick, province of destination","Persons","249","units","0","v466623","6.4","4405","","","","0"
"2020/2021","Ontario, province of origin","2016A000235","New Brunswick, province of destination","Persons","249","units","0","v466623","6.4","5643","","","","0"
"2021/2022","Ontario, province of origin","2016A000235","New Brunswick, province of destination","Persons","249","units","0","v466623","6.4","12607","","","","0"
"2017/2018","Ontario, province of origin","2016A000235","Quebec, province of destination","Persons","249","units","0","v466624","6.5","11726","","","","0"
"2018/2019","Ontario, province of origin","2016A000235","Quebec, province of destination","Persons","249","units","0","v466624","6.5","12423","","","","0"
"2019/2020","Ontario, province of origin","2016A000235","Quebec, province of destination","Persons","249","units","0","v466624","6.5","14894","","","","0"
"2020/2021","Ontario, province of origin","2016A000235","Quebec, province of destination","Persons","249","units","0","v466624","6.5","14144","","","","0"
"2021/2022","Ontario, province of origin","2016A000235","Quebec, province of destination","Persons","249","units","0","v466624","6.5","17315","","","","0"
"2017/2018","Ontario, province of origin","2016A000235","Manitoba, province of destination","Persons","249","units","0","v466625","6.7","3192","","","","0"
"2018/2019","Ontario, province of origin","2016A000235","Manitoba, province of destination","Persons","249","units","0","v466625","6.7","3055","","","","0"
"2019/2020","Ontario, province of origin","2016A000235","Manitoba, province of destination","Persons","249","units","0","v466625","6.7","3484","","","","0"
"2020/2021","Ontario, province of origin","2016A000235","Manitoba, province of destination","Persons","249","units","0","v466625","6.7","6075","","","","0"
"2021/2022","Ontario, province of origin","2016A000235","Manitoba, province of destination","Persons","249","units","0","v466625","6.7","5167","","","","0"
"2017/2018","Ontario, province of origin","2016A000235","Saskatchewan, province of destination","Persons","249","units","0","v466626","6.8","2197","","","","0"
"2018/2019","Ontario, province of origin","2016A000235","Saskatchewan, province of destination","Persons","249","units","0","v466626","6.8","1984","","","","0"
"2019/2020","Ontario, province of origin","2016A000235","Saskatchewan, province of destination","Persons","249","units","0","v466626","6.8","2452","","","","0"
"2020/2021","Ontario, province of origin","2016A000235","Saskatchewan, province of destination","Persons","249","units","0","v466626","6.8","2637","","","","0"
"2021/2022","Ontario, province of origin","2016A000235","Saskatchewan, province of destination","Persons","249","units","0","v466626","6.8","3759","","","","0"
"2017/2018","Ontario, province of origin","2016A000235","Alberta, province of destination","Persons","249","units","0","v466627","6.9","13964","","","","0"
"2018/2019","Ontario, province of origin","2016A000235","Alberta, province of destination","Persons","249","units","0","v466627","6.9","12903","","","","0"
"2019/2020","Ontario, province of origin","2016A000235","Alberta, province of destination","Persons","249","units","0","v466627","6.9","14550","","","","0"
"2020/2021","Ontario, province of origin","2016A000235","Alberta, province of destination","Persons","249","units","0","v466627","6.9","12708","","","","0"
"2021/2022","Ontario, province of origin","2016A000235","Alberta, province of destination","Persons","249","units","0","v466627","6.9","29422","","","","0"
"2017/2018","Ontario, province of origin","2016A000235","British Columbia, province of destination","Persons","249","units","0","v466628","6.10","15574","","","","0"
"2018/2019","Ontario, province of origin","2016A000235","British Columbia, province of destination","Persons","249","units","0","v466628","6.10","15583","","","","0"
"2019/2020","Ontario, province of origin","2016A000235","British Columbia, province of destination","Persons","249","units","0","v466628","6.10","18866","","","","0"
"2020/2021","Ontario, province of origin","2016A000235","British Columbia, province of destination","Persons","249","units","0","v466628","6.10","18635","","","","0"
"2021/2022","Ontario, province of origin","2016A000235","British Columbia, province of destination","Persons","249","units","0","v466628","6.10","22750","","","","0"
"2017/2018","Ontario, province of origin","2016A000235","Yukon, province of destination","Persons","249","units","0","v466617","6.11","297","","","","0"
"2018/2019","Ontario, province of origin","2016A000235","Yukon, province of destination","Persons","249","units","0","v466617","6.11","274","","","","0"
"2019/2020","Ontario, province of origin","2016A000235","Yukon, province of destination","Persons","249","units","0","v466617","6.11","376","","","","0"
"2020/2021","Ontario, province of origin","2016A000235","Yukon, province of destination","Persons","249","units","0","v466617","6.11","337","","","","0"
"2021/2022","Ontario, province of origin","2016A000235","Yukon, province of destination","Persons","249","units","0","v466617","6.11","474","","","","0"
"2017/2018","Ontario, province of origin","2016A000235","Northwest Territories, province of destination","Persons","249","units","0","v466619","6.16","298","","","","0"
"2018/2019","Ontario, province of origin","2016A000235","Northwest Territories, province of destination","Persons","249","units","0","v466619","6.16","309","","","","0"
"2019/2020","Ontario, province of origin","2016A000235","Northwest Territories, province of destination","Persons","249","units","0","v466619","6.16","359","","","","0"
"2020/2021","Ontario, province of origin","2016A000235","Northwest Territories, province of destination","Persons","249","units","0","v466619","6.16","341","","","","0"
"2021/2022","Ontario, province of origin","2016A000235","Northwest Territories, province of destination","Persons","249","units","0","v466619","6.16","507","","","","0"
"2017/2018","Ontario, province of origin","2016A000235","Nunavut, province of destination","Persons","249","units","0","v466620","6.17","281","","","","0"
"2018/2019","Ontario, province of origin","2016A000235","Nunavut, province of destination","Persons","249","units","0","v466620","6.17","238","","","","0"
"2019/2020","Ontario, province of origin","2016A000235","Nunavut, province of destination","Persons","249","units","0","v466620","6.17","256","","","","0"
"2020/2021","Ontario, province of origin","2016A000235","Nunavut, province of destination","Persons","249","units","0","v466620","6.17","161","","","","0"
"2021/2022","Ontario, province of origin","2016A000235","Nunavut, province of destination","Persons","249","units","0","v466620","6.17","697","","","","0"


