﻿"REF_DATE","GEO","DGUID","Geography, province of destination","UOM","UOM_ID","SCALAR_FACTOR","SCALAR_ID","VECTOR","COORDINATE","VALUE","STATUS","SYMBOL","TERMINATED","DECIMALS"
"2017/2018","Quebec, province of origin","2016A000224","Newfoundland and Labrador, province of destination","Persons","249","units","0","v466603","5.1","202","","","","0"
"2018/2019","Quebec, province of origin","2016A000224","Newfoundland and Labrador, province of destination","Persons","249","units","0","v466603","5.1","143","","","","0"
"2019/2020","Quebec, province of origin","2016A000224","Newfoundland and Labrador, province of destination","Persons","249","units","0","v466603","5.1","178","","","","0"
"2020/2021","Quebec, province of origin","2016A000224","Newfoundland and Labrador, province of destination","Persons","249","units","0","v466603","5.1","213","","","","0"
"2021/2022","Quebec, province of origin","2016A000224","Newfoundland and Labrador, province of destination","Persons","249","units","0","v466603","5.1","194","","","","0"
"2017/2018","Quebec, province of origin","2016A000224","Prince Edward Island, province of destination","Persons","249","units","0","v466608","5.2","135","","","","0"
"2018/2019","Quebec, province of origin","2016A000224","Prince Edward Island, province of destination","Persons","249","units","0","v466608","5.2","120","","","","0"
"2019/2020","Quebec, province of origin","2016A000224","Prince Edward Island, province of destination","Persons","249","units","0","v466608","5.2","184","","","","0"
"2020/2021","Quebec, province of origin","2016A000224","Prince Edward Island, province of destination","Persons","249","units","0","v466608","5.2","199","","","","0"
"2021/2022","Quebec, province of origin","2016A000224","Prince Edward Island, province of destination","Persons","249","units","0","v466608","5.2","258","","","","0"
"2017/2018","Quebec, province of origin","2016A000224","Nova Scotia, province of destination","Persons","249","units","0","v466609","5.3","738","","","","0"
"2018/2019","Quebec, province of origin","2016A000224","Nova Scotia, province of destination","Persons","249","units","0","v466609","5.3","754","","","","0"
"2019/2020","Quebec, province of origin","2016A000224","Nova Scotia, province of destination","Persons","249","units","0","v466609","5.3","930","","","","0"
"2020/2021","Quebec, province of origin","2016A000224","Nova Scotia, province of destination","Persons","249","units","0","v466609","5.3","981","","","","0"
"2021/2022","Quebec, province of origin","2016A000224","Nova Scotia, province of destination","Persons","249","units","0","v466609","5.3","1037","","","","0"
"2017/2018","Quebec, province of origin","2016A000224","New Brunswick, province of destination","Persons","249","units","0","v466610","5.4","1415","","","","0"
"2018/2019","Quebec, province of origin","2016A000224","New Brunswick, province of destination","Persons","249","units","0","v466610","5.4","1353","","","","0"
"2019/2020","Quebec, province of origin","2016A000224","New Brunswick, province of destination","Persons","249","units","0","v466610","5.4","1397","","","","0"
"2020/2021","Quebec, province of origin","2016A000224","New Brunswick, province of destination","Persons","249","units","0","v466610","5.4","1380","","","","0"
"2021/2022","Quebec, province of origin","2016A000224","New Brunswick, province of destination","Persons","249","units","0","v466610","5.4","1856","","","","0"
"2017/2018","Quebec, province of origin","2016A000224","Ontario, province of destination","Persons","249","units","0","v466611","5.6","17255","","","","0"
"2018/2019","Quebec, province of origin","2016A000224","Ontario, province of destination","Persons","249","units","0","v466611","5.6","16729","","","","0"
"2019/2020","Quebec, province of origin","2016A000224","Ontario, province of destination","Persons","249","units","0","v466611","5.6","19602","","","","0"
"2020/2021","Quebec, province of origin","2016A000224","Ontario, province of destination","Persons","249","units","0","v466611","5.6","15387","","","","0"
"2021/2022","Quebec, province of origin","2016A000224","Ontario, province of destination","Persons","249","units","0","v466611","5.6","17487","","","","0"
"2017/2018","Quebec, province of origin","2016A000224","Manitoba, province of destination","Persons","249","units","0","v466612","5.7","367","","","","0"
"2018/2019","Quebec, province of origin","2016A000224","Manitoba, province of destination","Persons","249","units","0","v466612","5.7","391","","","","0"
"2019/2020","Quebec, province of origin","2016A000224","Manitoba, province of destination","Persons","249","units","0","v466612","5.7","485","","","","0"
"2020/2021","Quebec, province of origin","2016A000224","Manitoba, province of destination","Persons","249","units","0","v466612","5.7","587","","","","0"
"2021/2022","Quebec, province of origin","2016A000224","Manitoba, province of destination","Persons","249","units","0","v466612","5.7","617","","","","0"
"2017/2018","Quebec, province of origin","2016A000224","Saskatchewan, province of destination","Persons","249","units","0","v466613","5.8","261","","","","0"
"2018/2019","Quebec, province of origin","2016A000224","Saskatchewan, province of destination","Persons","249","units","0","v466613","5.8","230","","","","0"
"2019/2020","Quebec, province of origin","2016A000224","Saskatchewan, province of destination","Persons","249","units","0","v466613","5.8","292","","","","0"
"2020/2021","Quebec, province of origin","2016A000224","Saskatchewan, province of destination","Persons","249","units","0","v466613","5.8","276","","","","0"
"2021/2022","Quebec, province of origin","2016A000224","Saskatchewan, province of destination","Persons","249","units","0","v466613","5.8","436","","","","0"
"2017/2018","Quebec, province of origin","2016A000224","Alberta, province of destination","Persons","249","units","0","v466614","5.9","2537","","","","0"
"2018/2019","Quebec, province of origin","2016A000224","Alberta, province of destination","Persons","249","units","0","v466614","5.9","2341","","","","0"
"2019/2020","Quebec, province of origin","2016A000224","Alberta, province of destination","Persons","249","units","0","v466614","5.9","2497","","","","0"
"2020/2021","Quebec, province of origin","2016A000224","Alberta, province of destination","Persons","249","units","0","v466614","5.9","1990","","","","0"
"2021/2022","Quebec, province of origin","2016A000224","Alberta, province of destination","Persons","249","units","0","v466614","5.9","3510","","","","0"
"2017/2018","Quebec, province of origin","2016A000224","British Columbia, province of destination","Persons","249","units","0","v466615","5.10","3282","","","","0"
"2018/2019","Quebec, province of origin","2016A000224","British Columbia, province of destination","Persons","249","units","0","v466615","5.10","3260","","","","0"
"2019/2020","Quebec, province of origin","2016A000224","British Columbia, province of destination","Persons","249","units","0","v466615","5.10","3781","","","","0"
"2020/2021","Quebec, province of origin","2016A000224","British Columbia, province of destination","Persons","249","units","0","v466615","5.10","3768","","","","0"
"2021/2022","Quebec, province of origin","2016A000224","British Columbia, province of destination","Persons","249","units","0","v466615","5.10","3917","","","","0"
"2017/2018","Quebec, province of origin","2016A000224","Yukon, province of destination","Persons","249","units","0","v466604","5.11","78","","","","0"
"2018/2019","Quebec, province of origin","2016A000224","Yukon, province of destination","Persons","249","units","0","v466604","5.11","94","","","","0"
"2019/2020","Quebec, province of origin","2016A000224","Yukon, province of destination","Persons","249","units","0","v466604","5.11","106","","","","0"
"2020/2021","Quebec, province of origin","2016A000224","Yukon, province of destination","Persons","249","units","0","v466604","5.11","97","","","","0"
"2021/2022","Quebec, province of origin","2016A000224","Yukon, province of destination","Persons","249","units","0","v466604","5.11","25","","","","0"
"2017/2018","Quebec, province of origin","2016A000224","Northwest Territories, province of destination","Persons","249","units","0","v466606","5.16","104","","","","0"
"2018/2019","Quebec, province of origin","2016A000224","Northwest Territories, province of destination","Persons","249","units","0","v466606","5.16","99","","","","0"
"2019/2020","Quebec, province of origin","2016A000224","Northwest Territories, province of destination","Persons","249","units","0","v466606","5.16","82","","","","0"
"2020/2021","Quebec, province of origin","2016A000224","Northwest Territories, province of destination","Persons","249","units","0","v466606","5.16","64","","","","0"
"2021/2022","Quebec, province of origin","2016A000224","Northwest Territories, province of destination","Persons","249","units","0","v466606","5.16","132","","","","0"
"2017/2018","Quebec, province of origin","2016A000224","Nunavut, province of destination","Persons","249","units","0","v466607","5.17","96","","","","0"
"2018/2019","Quebec, province of origin","2016A000224","Nunavut, province of destination","Persons","249","units","0","v466607","5.17","79","","","","0"
"2019/2020","Quebec, province of origin","2016A000224","Nunavut, province of destination","Persons","249","units","0","v466607","5.17","97","","","","0"
"2020/2021","Quebec, province of origin","2016A000224","Nunavut, province of destination","Persons","249","units","0","v466607","5.17","98","","","","0"
"2021/2022","Quebec, province of origin","2016A000224","Nunavut, province of destination","Persons","249","units","0","v466607","5.17","141","","","","0"


