﻿"REF_DATE","GEO","DGUID","Geography, province of destination","UOM","UOM_ID","SCALAR_FACTOR","SCALAR_ID","VECTOR","COORDINATE","VALUE","STATUS","SYMBOL","TERMINATED","DECIMALS"
"2017/2018","Manitoba, province of origin","2016A000246","Newfoundland and Labrador, province of destination","Persons","249","units","0","v466629","7.1","139","","","","0"
"2018/2019","Manitoba, province of origin","2016A000246","Newfoundland and Labrador, province of destination","Persons","249","units","0","v466629","7.1","115","","","","0"
"2019/2020","Manitoba, province of origin","2016A000246","Newfoundland and Labrador, province of destination","Persons","249","units","0","v466629","7.1","135","","","","0"
"2020/2021","Manitoba, province of origin","2016A000246","Newfoundland and Labrador, province of destination","Persons","249","units","0","v466629","7.1","77","","","","0"
"2021/2022","Manitoba, province of origin","2016A000246","Newfoundland and Labrador, province of destination","Persons","249","units","0","v466629","7.1","168","","","","0"
"2017/2018","Manitoba, province of origin","2016A000246","Prince Edward Island, province of destination","Persons","249","units","0","v466634","7.2","22","","","","0"
"2018/2019","Manitoba, province of origin","2016A000246","Prince Edward Island, province of destination","Persons","249","units","0","v466634","7.2","56","","","","0"
"2019/2020","Manitoba, province of origin","2016A000246","Prince Edward Island, province of destination","Persons","249","units","0","v466634","7.2","45","","","","0"
"2020/2021","Manitoba, province of origin","2016A000246","Prince Edward Island, province of destination","Persons","249","units","0","v466634","7.2","38","","","","0"
"2021/2022","Manitoba, province of origin","2016A000246","Prince Edward Island, province of destination","Persons","249","units","0","v466634","7.2","34","","","","0"
"2017/2018","Manitoba, province of origin","2016A000246","Nova Scotia, province of destination","Persons","249","units","0","v466635","7.3","426","","","","0"
"2018/2019","Manitoba, province of origin","2016A000246","Nova Scotia, province of destination","Persons","249","units","0","v466635","7.3","400","","","","0"
"2019/2020","Manitoba, province of origin","2016A000246","Nova Scotia, province of destination","Persons","249","units","0","v466635","7.3","468","","","","0"
"2020/2021","Manitoba, province of origin","2016A000246","Nova Scotia, province of destination","Persons","249","units","0","v466635","7.3","305","","","","0"
"2021/2022","Manitoba, province of origin","2016A000246","Nova Scotia, province of destination","Persons","249","units","0","v466635","7.3","454","","","","0"
"2017/2018","Manitoba, province of origin","2016A000246","New Brunswick, province of destination","Persons","249","units","0","v466636","7.4","206","","","","0"
"2018/2019","Manitoba, province of origin","2016A000246","New Brunswick, province of destination","Persons","249","units","0","v466636","7.4","208","","","","0"
"2019/2020","Manitoba, province of origin","2016A000246","New Brunswick, province of destination","Persons","249","units","0","v466636","7.4","235","","","","0"
"2020/2021","Manitoba, province of origin","2016A000246","New Brunswick, province of destination","Persons","249","units","0","v466636","7.4","200","","","","0"
"2021/2022","Manitoba, province of origin","2016A000246","New Brunswick, province of destination","Persons","249","units","0","v466636","7.4","366","","","","0"
"2017/2018","Manitoba, province of origin","2016A000246","Quebec, province of destination","Persons","249","units","0","v466637","7.5","582","","","","0"
"2018/2019","Manitoba, province of origin","2016A000246","Quebec, province of destination","Persons","249","units","0","v466637","7.5","610","","","","0"
"2019/2020","Manitoba, province of origin","2016A000246","Quebec, province of destination","Persons","249","units","0","v466637","7.5","737","","","","0"
"2020/2021","Manitoba, province of origin","2016A000246","Quebec, province of destination","Persons","249","units","0","v466637","7.5","605","","","","0"
"2021/2022","Manitoba, province of origin","2016A000246","Quebec, province of destination","Persons","249","units","0","v466637","7.5","702","","","","0"
"2017/2018","Manitoba, province of origin","2016A000246","Ontario, province of destination","Persons","249","units","0","v466638","7.6","5735","","","","0"
"2018/2019","Manitoba, province of origin","2016A000246","Ontario, province of destination","Persons","249","units","0","v466638","7.6","5795","","","","0"
"2019/2020","Manitoba, province of origin","2016A000246","Ontario, province of destination","Persons","249","units","0","v466638","7.6","6545","","","","0"
"2020/2021","Manitoba, province of origin","2016A000246","Ontario, province of destination","Persons","249","units","0","v466638","7.6","4960","","","","0"
"2021/2022","Manitoba, province of origin","2016A000246","Ontario, province of destination","Persons","249","units","0","v466638","7.6","6316","","","","0"
"2017/2018","Manitoba, province of origin","2016A000246","Saskatchewan, province of destination","Persons","249","units","0","v466639","7.8","1659","","","","0"
"2018/2019","Manitoba, province of origin","2016A000246","Saskatchewan, province of destination","Persons","249","units","0","v466639","7.8","1407","","","","0"
"2019/2020","Manitoba, province of origin","2016A000246","Saskatchewan, province of destination","Persons","249","units","0","v466639","7.8","1379","","","","0"
"2020/2021","Manitoba, province of origin","2016A000246","Saskatchewan, province of destination","Persons","249","units","0","v466639","7.8","1250","","","","0"
"2021/2022","Manitoba, province of origin","2016A000246","Saskatchewan, province of destination","Persons","249","units","0","v466639","7.8","1690","","","","0"
"2017/2018","Manitoba, province of origin","2016A000246","Alberta, province of destination","Persons","249","units","0","v466640","7.9","4059","","","","0"
"2018/2019","Manitoba, province of origin","2016A000246","Alberta, province of destination","Persons","249","units","0","v466640","7.9","4199","","","","0"
"2019/2020","Manitoba, province of origin","2016A000246","Alberta, province of destination","Persons","249","units","0","v466640","7.9","4636","","","","0"
"2020/2021","Manitoba, province of origin","2016A000246","Alberta, province of destination","Persons","249","units","0","v466640","7.9","3934","","","","0"
"2021/2022","Manitoba, province of origin","2016A000246","Alberta, province of destination","Persons","249","units","0","v466640","7.9","6863","","","","0"
"2017/2018","Manitoba, province of origin","2016A000246","British Columbia, province of destination","Persons","249","units","0","v466641","7.10","3728","","","","0"
"2018/2019","Manitoba, province of origin","2016A000246","British Columbia, province of destination","Persons","249","units","0","v466641","7.10","3798","","","","0"
"2019/2020","Manitoba, province of origin","2016A000246","British Columbia, province of destination","Persons","249","units","0","v466641","7.10","4313","","","","0"
"2020/2021","Manitoba, province of origin","2016A000246","British Columbia, province of destination","Persons","249","units","0","v466641","7.10","4104","","","","0"
"2021/2022","Manitoba, province of origin","2016A000246","British Columbia, province of destination","Persons","249","units","0","v466641","7.10","5461","","","","0"
"2017/2018","Manitoba, province of origin","2016A000246","Yukon, province of destination","Persons","249","units","0","v466630","7.11","47","","","","0"
"2018/2019","Manitoba, province of origin","2016A000246","Yukon, province of destination","Persons","249","units","0","v466630","7.11","60","","","","0"
"2019/2020","Manitoba, province of origin","2016A000246","Yukon, province of destination","Persons","249","units","0","v466630","7.11","47","","","","0"
"2020/2021","Manitoba, province of origin","2016A000246","Yukon, province of destination","Persons","249","units","0","v466630","7.11","40","","","","0"
"2021/2022","Manitoba, province of origin","2016A000246","Yukon, province of destination","Persons","249","units","0","v466630","7.11","22","","","","0"
"2017/2018","Manitoba, province of origin","2016A000246","Northwest Territories, province of destination","Persons","249","units","0","v466632","7.16","78","","","","0"
"2018/2019","Manitoba, province of origin","2016A000246","Northwest Territories, province of destination","Persons","249","units","0","v466632","7.16","68","","","","0"
"2019/2020","Manitoba, province of origin","2016A000246","Northwest Territories, province of destination","Persons","249","units","0","v466632","7.16","82","","","","0"
"2020/2021","Manitoba, province of origin","2016A000246","Northwest Territories, province of destination","Persons","249","units","0","v466632","7.16","43","","","","0"
"2021/2022","Manitoba, province of origin","2016A000246","Northwest Territories, province of destination","Persons","249","units","0","v466632","7.16","27","","","","0"
"2017/2018","Manitoba, province of origin","2016A000246","Nunavut, province of destination","Persons","249","units","0","v466633","7.17","45","","","","0"
"2018/2019","Manitoba, province of origin","2016A000246","Nunavut, province of destination","Persons","249","units","0","v466633","7.17","62","","","","0"
"2019/2020","Manitoba, province of origin","2016A000246","Nunavut, province of destination","Persons","249","units","0","v466633","7.17","51","","","","0"
"2020/2021","Manitoba, province of origin","2016A000246","Nunavut, province of destination","Persons","249","units","0","v466633","7.17","44","","","","0"
"2021/2022","Manitoba, province of origin","2016A000246","Nunavut, province of destination","Persons","249","units","0","v466633","7.17","96","","","","0"


