﻿"REF_DATE","GEO","DGUID","Geography, province of destination","UOM","UOM_ID","SCALAR_FACTOR","SCALAR_ID","VECTOR","COORDINATE","VALUE","STATUS","SYMBOL","TERMINATED","DECIMALS"
"2017/2018","Prince Edward Island, province of origin","2016A000211","Newfoundland and Labrador, province of destination","Persons","249","units","0","v466564","2.1","68","","","","0"
"2018/2019","Prince Edward Island, province of origin","2016A000211","Newfoundland and Labrador, province of destination","Persons","249","units","0","v466564","2.1","66","","","","0"
"2019/2020","Prince Edward Island, province of origin","2016A000211","Newfoundland and Labrador, province of destination","Persons","249","units","0","v466564","2.1","66","","","","0"
"2020/2021","Prince Edward Island, province of origin","2016A000211","Newfoundland and Labrador, province of destination","Persons","249","units","0","v466564","2.1","67","","","","0"
"2021/2022","Prince Edward Island, province of origin","2016A000211","Newfoundland and Labrador, province of destination","Persons","249","units","0","v466564","2.1","96","","","","0"
"2017/2018","Prince Edward Island, province of origin","2016A000211","Nova Scotia, province of destination","Persons","249","units","0","v466569","2.3","510","","","","0"
"2018/2019","Prince Edward Island, province of origin","2016A000211","Nova Scotia, province of destination","Persons","249","units","0","v466569","2.3","503","","","","0"
"2019/2020","Prince Edward Island, province of origin","2016A000211","Nova Scotia, province of destination","Persons","249","units","0","v466569","2.3","556","","","","0"
"2020/2021","Prince Edward Island, province of origin","2016A000211","Nova Scotia, province of destination","Persons","249","units","0","v466569","2.3","445","","","","0"
"2021/2022","Prince Edward Island, province of origin","2016A000211","Nova Scotia, province of destination","Persons","249","units","0","v466569","2.3","670","","","","0"
"2017/2018","Prince Edward Island, province of origin","2016A000211","New Brunswick, province of destination","Persons","249","units","0","v466570","2.4","314","","","","0"
"2018/2019","Prince Edward Island, province of origin","2016A000211","New Brunswick, province of destination","Persons","249","units","0","v466570","2.4","336","","","","0"
"2019/2020","Prince Edward Island, province of origin","2016A000211","New Brunswick, province of destination","Persons","249","units","0","v466570","2.4","361","","","","0"
"2020/2021","Prince Edward Island, province of origin","2016A000211","New Brunswick, province of destination","Persons","249","units","0","v466570","2.4","347","","","","0"
"2021/2022","Prince Edward Island, province of origin","2016A000211","New Brunswick, province of destination","Persons","249","units","0","v466570","2.4","318","","","","0"
"2017/2018","Prince Edward Island, province of origin","2016A000211","Quebec, province of destination","Persons","249","units","0","v466571","2.5","109","","","","0"
"2018/2019","Prince Edward Island, province of origin","2016A000211","Quebec, province of destination","Persons","249","units","0","v466571","2.5","138","","","","0"
"2019/2020","Prince Edward Island, province of origin","2016A000211","Quebec, province of destination","Persons","249","units","0","v466571","2.5","157","","","","0"
"2020/2021","Prince Edward Island, province of origin","2016A000211","Quebec, province of destination","Persons","249","units","0","v466571","2.5","87","","","","0"
"2021/2022","Prince Edward Island, province of origin","2016A000211","Quebec, province of destination","Persons","249","units","0","v466571","2.5","128","","","","0"
"2017/2018","Prince Edward Island, province of origin","2016A000211","Ontario, province of destination","Persons","249","units","0","v466572","2.6","1242","","","","0"
"2018/2019","Prince Edward Island, province of origin","2016A000211","Ontario, province of destination","Persons","249","units","0","v466572","2.6","1174","","","","0"
"2019/2020","Prince Edward Island, province of origin","2016A000211","Ontario, province of destination","Persons","249","units","0","v466572","2.6","1425","","","","0"
"2020/2021","Prince Edward Island, province of origin","2016A000211","Ontario, province of destination","Persons","249","units","0","v466572","2.6","1082","","","","0"
"2021/2022","Prince Edward Island, province of origin","2016A000211","Ontario, province of destination","Persons","249","units","0","v466572","2.6","1482","","","","0"
"2017/2018","Prince Edward Island, province of origin","2016A000211","Manitoba, province of destination","Persons","249","units","0","v466573","2.7","32","","","","0"
"2018/2019","Prince Edward Island, province of origin","2016A000211","Manitoba, province of destination","Persons","249","units","0","v466573","2.7","32","","","","0"
"2019/2020","Prince Edward Island, province of origin","2016A000211","Manitoba, province of destination","Persons","249","units","0","v466573","2.7","31","","","","0"
"2020/2021","Prince Edward Island, province of origin","2016A000211","Manitoba, province of destination","Persons","249","units","0","v466573","2.7","38","","","","0"
"2021/2022","Prince Edward Island, province of origin","2016A000211","Manitoba, province of destination","Persons","249","units","0","v466573","2.7","5","","","","0"
"2017/2018","Prince Edward Island, province of origin","2016A000211","Saskatchewan, province of destination","Persons","249","units","0","v466574","2.8","22","","","","0"
"2018/2019","Prince Edward Island, province of origin","2016A000211","Saskatchewan, province of destination","Persons","249","units","0","v466574","2.8","17","","","","0"
"2019/2020","Prince Edward Island, province of origin","2016A000211","Saskatchewan, province of destination","Persons","249","units","0","v466574","2.8","32","","","","0"
"2020/2021","Prince Edward Island, province of origin","2016A000211","Saskatchewan, province of destination","Persons","249","units","0","v466574","2.8","17","","","","0"
"2021/2022","Prince Edward Island, province of origin","2016A000211","Saskatchewan, province of destination","Persons","249","units","0","v466574","2.8","5","","","","0"
"2017/2018","Prince Edward Island, province of origin","2016A000211","Alberta, province of destination","Persons","249","units","0","v466575","2.9","399","","","","0"
"2018/2019","Prince Edward Island, province of origin","2016A000211","Alberta, province of destination","Persons","249","units","0","v466575","2.9","332","","","","0"
"2019/2020","Prince Edward Island, province of origin","2016A000211","Alberta, province of destination","Persons","249","units","0","v466575","2.9","362","","","","0"
"2020/2021","Prince Edward Island, province of origin","2016A000211","Alberta, province of destination","Persons","249","units","0","v466575","2.9","283","","","","0"
"2021/2022","Prince Edward Island, province of origin","2016A000211","Alberta, province of destination","Persons","249","units","0","v466575","2.9","533","","","","0"
"2017/2018","Prince Edward Island, province of origin","2016A000211","British Columbia, province of destination","Persons","249","units","0","v466576","2.10","294","","","","0"
"2018/2019","Prince Edward Island, province of origin","2016A000211","British Columbia, province of destination","Persons","249","units","0","v466576","2.10","287","","","","0"
"2019/2020","Prince Edward Island, province of origin","2016A000211","British Columbia, province of destination","Persons","249","units","0","v466576","2.10","338","","","","0"
"2020/2021","Prince Edward Island, province of origin","2016A000211","British Columbia, province of destination","Persons","249","units","0","v466576","2.10","227","","","","0"
"2021/2022","Prince Edward Island, province of origin","2016A000211","British Columbia, province of destination","Persons","249","units","0","v466576","2.10","315","","","","0"
"2017/2018","Prince Edward Island, province of origin","2016A000211","Yukon, province of destination","Persons","249","units","0","v466565","2.11","4","","","","0"
"2018/2019","Prince Edward Island, province of origin","2016A000211","Yukon, province of destination","Persons","249","units","0","v466565","2.11","6","","","","0"
"2019/2020","Prince Edward Island, province of origin","2016A000211","Yukon, province of destination","Persons","249","units","0","v466565","2.11","2","","","","0"
"2020/2021","Prince Edward Island, province of origin","2016A000211","Yukon, province of destination","Persons","249","units","0","v466565","2.11","13","","","","0"
"2021/2022","Prince Edward Island, province of origin","2016A000211","Yukon, province of destination","Persons","249","units","0","v466565","2.11","11","","","","0"
"2017/2018","Prince Edward Island, province of origin","2016A000211","Northwest Territories, province of destination","Persons","249","units","0","v466567","2.16","11","","","","0"
"2018/2019","Prince Edward Island, province of origin","2016A000211","Northwest Territories, province of destination","Persons","249","units","0","v466567","2.16","6","","","","0"
"2019/2020","Prince Edward Island, province of origin","2016A000211","Northwest Territories, province of destination","Persons","249","units","0","v466567","2.16","8","","","","0"
"2020/2021","Prince Edward Island, province of origin","2016A000211","Northwest Territories, province of destination","Persons","249","units","0","v466567","2.16","11","","","","0"
"2021/2022","Prince Edward Island, province of origin","2016A000211","Northwest Territories, province of destination","Persons","249","units","0","v466567","2.16","0","","","","0"
"2017/2018","Prince Edward Island, province of origin","2016A000211","Nunavut, province of destination","Persons","249","units","0","v466568","2.17","11","","","","0"
"2018/2019","Prince Edward Island, province of origin","2016A000211","Nunavut, province of destination","Persons","249","units","0","v466568","2.17","3","","","","0"
"2019/2020","Prince Edward Island, province of origin","2016A000211","Nunavut, province of destination","Persons","249","units","0","v466568","2.17","12","","","","0"
"2020/2021","Prince Edward Island, province of origin","2016A000211","Nunavut, province of destination","Persons","249","units","0","v466568","2.17","9","","","","0"
"2021/2022","Prince Edward Island, province of origin","2016A000211","Nunavut, province of destination","Persons","249","units","0","v466568","2.17","0","","","","0"


