﻿"REF_DATE","GEO","DGUID","Geography, province of destination","UOM","UOM_ID","SCALAR_FACTOR","SCALAR_ID","VECTOR","COORDINATE","VALUE","STATUS","SYMBOL","TERMINATED","DECIMALS"
"2017/2018","Yukon, province of origin","2016A000260","Newfoundland and Labrador, province of destination","Persons","249","units","0","v466472","11.1","14","","","","0"
"2018/2019","Yukon, province of origin","2016A000260","Newfoundland and Labrador, province of destination","Persons","249","units","0","v466472","11.1","16","","","","0"
"2019/2020","Yukon, province of origin","2016A000260","Newfoundland and Labrador, province of destination","Persons","249","units","0","v466472","11.1","19","","","","0"
"2020/2021","Yukon, province of origin","2016A000260","Newfoundland and Labrador, province of destination","Persons","249","units","0","v466472","11.1","19","","","","0"
"2021/2022","Yukon, province of origin","2016A000260","Newfoundland and Labrador, province of destination","Persons","249","units","0","v466472","11.1","8","","","","0"
"2017/2018","Yukon, province of origin","2016A000260","Prince Edward Island, province of destination","Persons","249","units","0","v466477","11.2","4","","","","0"
"2018/2019","Yukon, province of origin","2016A000260","Prince Edward Island, province of destination","Persons","249","units","0","v466477","11.2","9","","","","0"
"2019/2020","Yukon, province of origin","2016A000260","Prince Edward Island, province of destination","Persons","249","units","0","v466477","11.2","13","","","","0"
"2020/2021","Yukon, province of origin","2016A000260","Prince Edward Island, province of destination","Persons","249","units","0","v466477","11.2","8","","","","0"
"2021/2022","Yukon, province of origin","2016A000260","Prince Edward Island, province of destination","Persons","249","units","0","v466477","11.2","19","","","","0"
"2017/2018","Yukon, province of origin","2016A000260","Nova Scotia, province of destination","Persons","249","units","0","v466478","11.3","49","","","","0"
"2018/2019","Yukon, province of origin","2016A000260","Nova Scotia, province of destination","Persons","249","units","0","v466478","11.3","41","","","","0"
"2019/2020","Yukon, province of origin","2016A000260","Nova Scotia, province of destination","Persons","249","units","0","v466478","11.3","55","","","","0"
"2020/2021","Yukon, province of origin","2016A000260","Nova Scotia, province of destination","Persons","249","units","0","v466478","11.3","48","","","","0"
"2021/2022","Yukon, province of origin","2016A000260","Nova Scotia, province of destination","Persons","249","units","0","v466478","11.3","21","","","","0"
"2017/2018","Yukon, province of origin","2016A000260","New Brunswick, province of destination","Persons","249","units","0","v466479","11.4","31","","","","0"
"2018/2019","Yukon, province of origin","2016A000260","New Brunswick, province of destination","Persons","249","units","0","v466479","11.4","33","","","","0"
"2019/2020","Yukon, province of origin","2016A000260","New Brunswick, province of destination","Persons","249","units","0","v466479","11.4","25","","","","0"
"2020/2021","Yukon, province of origin","2016A000260","New Brunswick, province of destination","Persons","249","units","0","v466479","11.4","28","","","","0"
"2021/2022","Yukon, province of origin","2016A000260","New Brunswick, province of destination","Persons","249","units","0","v466479","11.4","0","","","","0"
"2017/2018","Yukon, province of origin","2016A000260","Quebec, province of destination","Persons","249","units","0","v466480","11.5","34","","","","0"
"2018/2019","Yukon, province of origin","2016A000260","Quebec, province of destination","Persons","249","units","0","v466480","11.5","52","","","","0"
"2019/2020","Yukon, province of origin","2016A000260","Quebec, province of destination","Persons","249","units","0","v466480","11.5","54","","","","0"
"2020/2021","Yukon, province of origin","2016A000260","Quebec, province of destination","Persons","249","units","0","v466480","11.5","43","","","","0"
"2021/2022","Yukon, province of origin","2016A000260","Quebec, province of destination","Persons","249","units","0","v466480","11.5","63","","","","0"
"2017/2018","Yukon, province of origin","2016A000260","Ontario, province of destination","Persons","249","units","0","v466481","11.6","173","","","","0"
"2018/2019","Yukon, province of origin","2016A000260","Ontario, province of destination","Persons","249","units","0","v466481","11.6","170","","","","0"
"2019/2020","Yukon, province of origin","2016A000260","Ontario, province of destination","Persons","249","units","0","v466481","11.6","191","","","","0"
"2020/2021","Yukon, province of origin","2016A000260","Ontario, province of destination","Persons","249","units","0","v466481","11.6","112","","","","0"
"2021/2022","Yukon, province of origin","2016A000260","Ontario, province of destination","Persons","249","units","0","v466481","11.6","211","","","","0"
"2017/2018","Yukon, province of origin","2016A000260","Manitoba, province of destination","Persons","249","units","0","v466482","11.7","16","","","","0"
"2018/2019","Yukon, province of origin","2016A000260","Manitoba, province of destination","Persons","249","units","0","v466482","11.7","16","","","","0"
"2019/2020","Yukon, province of origin","2016A000260","Manitoba, province of destination","Persons","249","units","0","v466482","11.7","24","","","","0"
"2020/2021","Yukon, province of origin","2016A000260","Manitoba, province of destination","Persons","249","units","0","v466482","11.7","23","","","","0"
"2021/2022","Yukon, province of origin","2016A000260","Manitoba, province of destination","Persons","249","units","0","v466482","11.7","34","","","","0"
"2017/2018","Yukon, province of origin","2016A000260","Saskatchewan, province of destination","Persons","249","units","0","v466483","11.8","44","","","","0"
"2018/2019","Yukon, province of origin","2016A000260","Saskatchewan, province of destination","Persons","249","units","0","v466483","11.8","32","","","","0"
"2019/2020","Yukon, province of origin","2016A000260","Saskatchewan, province of destination","Persons","249","units","0","v466483","11.8","35","","","","0"
"2020/2021","Yukon, province of origin","2016A000260","Saskatchewan, province of destination","Persons","249","units","0","v466483","11.8","14","","","","0"
"2021/2022","Yukon, province of origin","2016A000260","Saskatchewan, province of destination","Persons","249","units","0","v466483","11.8","82","","","","0"
"2017/2018","Yukon, province of origin","2016A000260","Alberta, province of destination","Persons","249","units","0","v466484","11.9","274","","","","0"
"2018/2019","Yukon, province of origin","2016A000260","Alberta, province of destination","Persons","249","units","0","v466484","11.9","266","","","","0"
"2019/2020","Yukon, province of origin","2016A000260","Alberta, province of destination","Persons","249","units","0","v466484","11.9","304","","","","0"
"2020/2021","Yukon, province of origin","2016A000260","Alberta, province of destination","Persons","249","units","0","v466484","11.9","189","","","","0"
"2021/2022","Yukon, province of origin","2016A000260","Alberta, province of destination","Persons","249","units","0","v466484","11.9","514","","","","0"
"2017/2018","Yukon, province of origin","2016A000260","British Columbia, province of destination","Persons","249","units","0","v466473","11.10","487","","","","0"
"2018/2019","Yukon, province of origin","2016A000260","British Columbia, province of destination","Persons","249","units","0","v466473","11.10","501","","","","0"
"2019/2020","Yukon, province of origin","2016A000260","British Columbia, province of destination","Persons","249","units","0","v466473","11.10","501","","","","0"
"2020/2021","Yukon, province of origin","2016A000260","British Columbia, province of destination","Persons","249","units","0","v466473","11.10","391","","","","0"
"2021/2022","Yukon, province of origin","2016A000260","British Columbia, province of destination","Persons","249","units","0","v466473","11.10","543","","","","0"
"2017/2018","Yukon, province of origin","2016A000260","Northwest Territories, province of destination","Persons","249","units","0","v466475","11.16","32","","","","0"
"2018/2019","Yukon, province of origin","2016A000260","Northwest Territories, province of destination","Persons","249","units","0","v466475","11.16","34","","","","0"
"2019/2020","Yukon, province of origin","2016A000260","Northwest Territories, province of destination","Persons","249","units","0","v466475","11.16","39","","","","0"
"2020/2021","Yukon, province of origin","2016A000260","Northwest Territories, province of destination","Persons","249","units","0","v466475","11.16","47","","","","0"
"2021/2022","Yukon, province of origin","2016A000260","Northwest Territories, province of destination","Persons","249","units","0","v466475","11.16","64","","","","0"
"2017/2018","Yukon, province of origin","2016A000260","Nunavut, province of destination","Persons","249","units","0","v466476","11.17","3","","","","0"
"2018/2019","Yukon, province of origin","2016A000260","Nunavut, province of destination","Persons","249","units","0","v466476","11.17","9","","","","0"
"2019/2020","Yukon, province of origin","2016A000260","Nunavut, province of destination","Persons","249","units","0","v466476","11.17","16","","","","0"
"2020/2021","Yukon, province of origin","2016A000260","Nunavut, province of destination","Persons","249","units","0","v466476","11.17","6","","","","0"
"2021/2022","Yukon, province of origin","2016A000260","Nunavut, province of destination","Persons","249","units","0","v466476","11.17","8","","","","0"


