﻿"REF_DATE","GEO","DGUID","Geography, province of destination","UOM","UOM_ID","SCALAR_FACTOR","SCALAR_ID","VECTOR","COORDINATE","VALUE","STATUS","SYMBOL","TERMINATED","DECIMALS"
"2017/2018","Newfoundland and Labrador, province of origin","2016A000210","Prince Edward Island, province of destination","Persons","249","units","0","v466446","1.2","146","","","","0"
"2018/2019","Newfoundland and Labrador, province of origin","2016A000210","Prince Edward Island, province of destination","Persons","249","units","0","v466446","1.2","150","","","","0"
"2019/2020","Newfoundland and Labrador, province of origin","2016A000210","Prince Edward Island, province of destination","Persons","249","units","0","v466446","1.2","100","","","","0"
"2020/2021","Newfoundland and Labrador, province of origin","2016A000210","Prince Edward Island, province of destination","Persons","249","units","0","v466446","1.2","82","","","","0"
"2021/2022","Newfoundland and Labrador, province of origin","2016A000210","Prince Edward Island, province of destination","Persons","249","units","0","v466446","1.2","79","","","","0"
"2017/2018","Newfoundland and Labrador, province of origin","2016A000210","Nova Scotia, province of destination","Persons","249","units","0","v466451","1.3","1165","","","","0"
"2018/2019","Newfoundland and Labrador, province of origin","2016A000210","Nova Scotia, province of destination","Persons","249","units","0","v466451","1.3","1131","","","","0"
"2019/2020","Newfoundland and Labrador, province of origin","2016A000210","Nova Scotia, province of destination","Persons","249","units","0","v466451","1.3","1192","","","","0"
"2020/2021","Newfoundland and Labrador, province of origin","2016A000210","Nova Scotia, province of destination","Persons","249","units","0","v466451","1.3","818","","","","0"
"2021/2022","Newfoundland and Labrador, province of origin","2016A000210","Nova Scotia, province of destination","Persons","249","units","0","v466451","1.3","714","","","","0"
"2017/2018","Newfoundland and Labrador, province of origin","2016A000210","New Brunswick, province of destination","Persons","249","units","0","v466452","1.4","483","","","","0"
"2018/2019","Newfoundland and Labrador, province of origin","2016A000210","New Brunswick, province of destination","Persons","249","units","0","v466452","1.4","457","","","","0"
"2019/2020","Newfoundland and Labrador, province of origin","2016A000210","New Brunswick, province of destination","Persons","249","units","0","v466452","1.4","408","","","","0"
"2020/2021","Newfoundland and Labrador, province of origin","2016A000210","New Brunswick, province of destination","Persons","249","units","0","v466452","1.4","304","","","","0"
"2021/2022","Newfoundland and Labrador, province of origin","2016A000210","New Brunswick, province of destination","Persons","249","units","0","v466452","1.4","440","","","","0"
"2017/2018","Newfoundland and Labrador, province of origin","2016A000210","Quebec, province of destination","Persons","249","units","0","v466453","1.5","289","","","","0"
"2018/2019","Newfoundland and Labrador, province of origin","2016A000210","Quebec, province of destination","Persons","249","units","0","v466453","1.5","223","","","","0"
"2019/2020","Newfoundland and Labrador, province of origin","2016A000210","Quebec, province of destination","Persons","249","units","0","v466453","1.5","256","","","","0"
"2020/2021","Newfoundland and Labrador, province of origin","2016A000210","Quebec, province of destination","Persons","249","units","0","v466453","1.5","190","","","","0"
"2021/2022","Newfoundland and Labrador, province of origin","2016A000210","Quebec, province of destination","Persons","249","units","0","v466453","1.5","303","","","","0"
"2017/2018","Newfoundland and Labrador, province of origin","2016A000210","Ontario, province of destination","Persons","249","units","0","v466454","1.6","2388","","","","0"
"2018/2019","Newfoundland and Labrador, province of origin","2016A000210","Ontario, province of destination","Persons","249","units","0","v466454","1.6","2200","","","","0"
"2019/2020","Newfoundland and Labrador, province of origin","2016A000210","Ontario, province of destination","Persons","249","units","0","v466454","1.6","2344","","","","0"
"2020/2021","Newfoundland and Labrador, province of origin","2016A000210","Ontario, province of destination","Persons","249","units","0","v466454","1.6","1429","","","","0"
"2021/2022","Newfoundland and Labrador, province of origin","2016A000210","Ontario, province of destination","Persons","249","units","0","v466454","1.6","1849","","","","0"
"2017/2018","Newfoundland and Labrador, province of origin","2016A000210","Manitoba, province of destination","Persons","249","units","0","v466455","1.7","114","","","","0"
"2018/2019","Newfoundland and Labrador, province of origin","2016A000210","Manitoba, province of destination","Persons","249","units","0","v466455","1.7","137","","","","0"
"2019/2020","Newfoundland and Labrador, province of origin","2016A000210","Manitoba, province of destination","Persons","249","units","0","v466455","1.7","104","","","","0"
"2020/2021","Newfoundland and Labrador, province of origin","2016A000210","Manitoba, province of destination","Persons","249","units","0","v466455","1.7","94","","","","0"
"2021/2022","Newfoundland and Labrador, province of origin","2016A000210","Manitoba, province of destination","Persons","249","units","0","v466455","1.7","93","","","","0"
"2017/2018","Newfoundland and Labrador, province of origin","2016A000210","Saskatchewan, province of destination","Persons","249","units","0","v466456","1.8","112","","","","0"
"2018/2019","Newfoundland and Labrador, province of origin","2016A000210","Saskatchewan, province of destination","Persons","249","units","0","v466456","1.8","111","","","","0"
"2019/2020","Newfoundland and Labrador, province of origin","2016A000210","Saskatchewan, province of destination","Persons","249","units","0","v466456","1.8","112","","","","0"
"2020/2021","Newfoundland and Labrador, province of origin","2016A000210","Saskatchewan, province of destination","Persons","249","units","0","v466456","1.8","56","","","","0"
"2021/2022","Newfoundland and Labrador, province of origin","2016A000210","Saskatchewan, province of destination","Persons","249","units","0","v466456","1.8","67","","","","0"
"2017/2018","Newfoundland and Labrador, province of origin","2016A000210","Alberta, province of destination","Persons","249","units","0","v466457","1.9","2474","","","","0"
"2018/2019","Newfoundland and Labrador, province of origin","2016A000210","Alberta, province of destination","Persons","249","units","0","v466457","1.9","2341","","","","0"
"2019/2020","Newfoundland and Labrador, province of origin","2016A000210","Alberta, province of destination","Persons","249","units","0","v466457","1.9","2242","","","","0"
"2020/2021","Newfoundland and Labrador, province of origin","2016A000210","Alberta, province of destination","Persons","249","units","0","v466457","1.9","1339","","","","0"
"2021/2022","Newfoundland and Labrador, province of origin","2016A000210","Alberta, province of destination","Persons","249","units","0","v466457","1.9","1630","","","","0"
"2017/2018","Newfoundland and Labrador, province of origin","2016A000210","British Columbia, province of destination","Persons","249","units","0","v466458","1.10","591","","","","0"
"2018/2019","Newfoundland and Labrador, province of origin","2016A000210","British Columbia, province of destination","Persons","249","units","0","v466458","1.10","608","","","","0"
"2019/2020","Newfoundland and Labrador, province of origin","2016A000210","British Columbia, province of destination","Persons","249","units","0","v466458","1.10","617","","","","0"
"2020/2021","Newfoundland and Labrador, province of origin","2016A000210","British Columbia, province of destination","Persons","249","units","0","v466458","1.10","470","","","","0"
"2021/2022","Newfoundland and Labrador, province of origin","2016A000210","British Columbia, province of destination","Persons","249","units","0","v466458","1.10","383","","","","0"
"2017/2018","Newfoundland and Labrador, province of origin","2016A000210","Yukon, province of destination","Persons","249","units","0","v466447","1.11","33","","","","0"
"2018/2019","Newfoundland and Labrador, province of origin","2016A000210","Yukon, province of destination","Persons","249","units","0","v466447","1.11","18","","","","0"
"2019/2020","Newfoundland and Labrador, province of origin","2016A000210","Yukon, province of destination","Persons","249","units","0","v466447","1.11","17","","","","0"
"2020/2021","Newfoundland and Labrador, province of origin","2016A000210","Yukon, province of destination","Persons","249","units","0","v466447","1.11","14","","","","0"
"2021/2022","Newfoundland and Labrador, province of origin","2016A000210","Yukon, province of destination","Persons","249","units","0","v466447","1.11","0","","","","0"
"2017/2018","Newfoundland and Labrador, province of origin","2016A000210","Northwest Territories, province of destination","Persons","249","units","0","v466449","1.16","69","","","","0"
"2018/2019","Newfoundland and Labrador, province of origin","2016A000210","Northwest Territories, province of destination","Persons","249","units","0","v466449","1.16","69","","","","0"
"2019/2020","Newfoundland and Labrador, province of origin","2016A000210","Northwest Territories, province of destination","Persons","249","units","0","v466449","1.16","86","","","","0"
"2020/2021","Newfoundland and Labrador, province of origin","2016A000210","Northwest Territories, province of destination","Persons","249","units","0","v466449","1.16","32","","","","0"
"2021/2022","Newfoundland and Labrador, province of origin","2016A000210","Northwest Territories, province of destination","Persons","249","units","0","v466449","1.16","93","","","","0"
"2017/2018","Newfoundland and Labrador, province of origin","2016A000210","Nunavut, province of destination","Persons","249","units","0","v466450","1.17","56","","","","0"
"2018/2019","Newfoundland and Labrador, province of origin","2016A000210","Nunavut, province of destination","Persons","249","units","0","v466450","1.17","66","","","","0"
"2019/2020","Newfoundland and Labrador, province of origin","2016A000210","Nunavut, province of destination","Persons","249","units","0","v466450","1.17","63","","","","0"
"2020/2021","Newfoundland and Labrador, province of origin","2016A000210","Nunavut, province of destination","Persons","249","units","0","v466450","1.17","59","","","","0"
"2021/2022","Newfoundland and Labrador, province of origin","2016A000210","Nunavut, province of destination","Persons","249","units","0","v466450","1.17","52","","","","0"


