﻿"REF_DATE","GEO","DGUID","Geography, province of destination","UOM","UOM_ID","SCALAR_FACTOR","SCALAR_ID","VECTOR","COORDINATE","VALUE","STATUS","SYMBOL","TERMINATED","DECIMALS"
"2017/2018","Alberta, province of origin","2016A000248","Newfoundland and Labrador, province of destination","Persons","249","units","0","v466655","9.1","1452","","","","0"
"2018/2019","Alberta, province of origin","2016A000248","Newfoundland and Labrador, province of destination","Persons","249","units","0","v466655","9.1","1374","","","","0"
"2019/2020","Alberta, province of origin","2016A000248","Newfoundland and Labrador, province of destination","Persons","249","units","0","v466655","9.1","1415","","","","0"
"2020/2021","Alberta, province of origin","2016A000248","Newfoundland and Labrador, province of destination","Persons","249","units","0","v466655","9.1","1350","","","","0"
"2021/2022","Alberta, province of origin","2016A000248","Newfoundland and Labrador, province of destination","Persons","249","units","0","v466655","9.1","1568","","","","0"
"2017/2018","Alberta, province of origin","2016A000248","Prince Edward Island, province of destination","Persons","249","units","0","v466660","9.2","440","","","","0"
"2018/2019","Alberta, province of origin","2016A000248","Prince Edward Island, province of destination","Persons","249","units","0","v466660","9.2","485","","","","0"
"2019/2020","Alberta, province of origin","2016A000248","Prince Edward Island, province of destination","Persons","249","units","0","v466660","9.2","488","","","","0"
"2020/2021","Alberta, province of origin","2016A000248","Prince Edward Island, province of destination","Persons","249","units","0","v466660","9.2","402","","","","0"
"2021/2022","Alberta, province of origin","2016A000248","Prince Edward Island, province of destination","Persons","249","units","0","v466660","9.2","452","","","","0"
"2017/2018","Alberta, province of origin","2016A000248","Nova Scotia, province of destination","Persons","249","units","0","v466661","9.3","2748","","","","0"
"2018/2019","Alberta, province of origin","2016A000248","Nova Scotia, province of destination","Persons","249","units","0","v466661","9.3","2566","","","","0"
"2019/2020","Alberta, province of origin","2016A000248","Nova Scotia, province of destination","Persons","249","units","0","v466661","9.3","2699","","","","0"
"2020/2021","Alberta, province of origin","2016A000248","Nova Scotia, province of destination","Persons","249","units","0","v466661","9.3","2424","","","","0"
"2021/2022","Alberta, province of origin","2016A000248","Nova Scotia, province of destination","Persons","249","units","0","v466661","9.3","3494","","","","0"
"2017/2018","Alberta, province of origin","2016A000248","New Brunswick, province of destination","Persons","249","units","0","v466662","9.4","1868","","","","0"
"2018/2019","Alberta, province of origin","2016A000248","New Brunswick, province of destination","Persons","249","units","0","v466662","9.4","1693","","","","0"
"2019/2020","Alberta, province of origin","2016A000248","New Brunswick, province of destination","Persons","249","units","0","v466662","9.4","1839","","","","0"
"2020/2021","Alberta, province of origin","2016A000248","New Brunswick, province of destination","Persons","249","units","0","v466662","9.4","1556","","","","0"
"2021/2022","Alberta, province of origin","2016A000248","New Brunswick, province of destination","Persons","249","units","0","v466662","9.4","1976","","","","0"
"2017/2018","Alberta, province of origin","2016A000248","Quebec, province of destination","Persons","249","units","0","v466663","9.5","2584","","","","0"
"2018/2019","Alberta, province of origin","2016A000248","Quebec, province of destination","Persons","249","units","0","v466663","9.5","2636","","","","0"
"2019/2020","Alberta, province of origin","2016A000248","Quebec, province of destination","Persons","249","units","0","v466663","9.5","2974","","","","0"
"2020/2021","Alberta, province of origin","2016A000248","Quebec, province of destination","Persons","249","units","0","v466663","9.5","2491","","","","0"
"2021/2022","Alberta, province of origin","2016A000248","Quebec, province of destination","Persons","249","units","0","v466663","9.5","2606","","","","0"
"2017/2018","Alberta, province of origin","2016A000248","Ontario, province of destination","Persons","249","units","0","v466664","9.6","16443","","","","0"
"2018/2019","Alberta, province of origin","2016A000248","Ontario, province of destination","Persons","249","units","0","v466664","9.6","15012","","","","0"
"2019/2020","Alberta, province of origin","2016A000248","Ontario, province of destination","Persons","249","units","0","v466664","9.6","16293","","","","0"
"2020/2021","Alberta, province of origin","2016A000248","Ontario, province of destination","Persons","249","units","0","v466664","9.6","13347","","","","0"
"2021/2022","Alberta, province of origin","2016A000248","Ontario, province of destination","Persons","249","units","0","v466664","9.6","15279","","","","0"
"2017/2018","Alberta, province of origin","2016A000248","Manitoba, province of destination","Persons","249","units","0","v466665","9.7","2287","","","","0"
"2018/2019","Alberta, province of origin","2016A000248","Manitoba, province of destination","Persons","249","units","0","v466665","9.7","2204","","","","0"
"2019/2020","Alberta, province of origin","2016A000248","Manitoba, province of destination","Persons","249","units","0","v466665","9.7","2324","","","","0"
"2020/2021","Alberta, province of origin","2016A000248","Manitoba, province of destination","Persons","249","units","0","v466665","9.7","2067","","","","0"
"2021/2022","Alberta, province of origin","2016A000248","Manitoba, province of destination","Persons","249","units","0","v466665","9.7","2203","","","","0"
"2017/2018","Alberta, province of origin","2016A000248","Saskatchewan, province of destination","Persons","249","units","0","v466666","9.8","5011","","","","0"
"2018/2019","Alberta, province of origin","2016A000248","Saskatchewan, province of destination","Persons","249","units","0","v466666","9.8","4976","","","","0"
"2019/2020","Alberta, province of origin","2016A000248","Saskatchewan, province of destination","Persons","249","units","0","v466666","9.8","4963","","","","0"
"2020/2021","Alberta, province of origin","2016A000248","Saskatchewan, province of destination","Persons","249","units","0","v466666","9.8","4454","","","","0"
"2021/2022","Alberta, province of origin","2016A000248","Saskatchewan, province of destination","Persons","249","units","0","v466666","9.8","6005","","","","0"
"2017/2018","Alberta, province of origin","2016A000248","British Columbia, province of destination","Persons","249","units","0","v466667","9.10","24654","","","","0"
"2018/2019","Alberta, province of origin","2016A000248","British Columbia, province of destination","Persons","249","units","0","v466667","9.10","22964","","","","0"
"2019/2020","Alberta, province of origin","2016A000248","British Columbia, province of destination","Persons","249","units","0","v466667","9.10","24862","","","","0"
"2020/2021","Alberta, province of origin","2016A000248","British Columbia, province of destination","Persons","249","units","0","v466667","9.10","25262","","","","0"
"2021/2022","Alberta, province of origin","2016A000248","British Columbia, province of destination","Persons","249","units","0","v466667","9.10","29413","","","","0"
"2017/2018","Alberta, province of origin","2016A000248","Yukon, province of destination","Persons","249","units","0","v466656","9.11","297","","","","0"
"2018/2019","Alberta, province of origin","2016A000248","Yukon, province of destination","Persons","249","units","0","v466656","9.11","350","","","","0"
"2019/2020","Alberta, province of origin","2016A000248","Yukon, province of destination","Persons","249","units","0","v466656","9.11","386","","","","0"
"2020/2021","Alberta, province of origin","2016A000248","Yukon, province of destination","Persons","249","units","0","v466656","9.11","299","","","","0"
"2021/2022","Alberta, province of origin","2016A000248","Yukon, province of destination","Persons","249","units","0","v466656","9.11","229","","","","0"
"2017/2018","Alberta, province of origin","2016A000248","Northwest Territories, province of destination","Persons","249","units","0","v466658","9.16","502","","","","0"
"2018/2019","Alberta, province of origin","2016A000248","Northwest Territories, province of destination","Persons","249","units","0","v466658","9.16","474","","","","0"
"2019/2020","Alberta, province of origin","2016A000248","Northwest Territories, province of destination","Persons","249","units","0","v466658","9.16","574","","","","0"
"2020/2021","Alberta, province of origin","2016A000248","Northwest Territories, province of destination","Persons","249","units","0","v466658","9.16","500","","","","0"
"2021/2022","Alberta, province of origin","2016A000248","Northwest Territories, province of destination","Persons","249","units","0","v466658","9.16","503","","","","0"
"2017/2018","Alberta, province of origin","2016A000248","Nunavut, province of destination","Persons","249","units","0","v466659","9.17","108","","","","0"
"2018/2019","Alberta, province of origin","2016A000248","Nunavut, province of destination","Persons","249","units","0","v466659","9.17","94","","","","0"
"2019/2020","Alberta, province of origin","2016A000248","Nunavut, province of destination","Persons","249","units","0","v466659","9.17","98","","","","0"
"2020/2021","Alberta, province of origin","2016A000248","Nunavut, province of destination","Persons","249","units","0","v466659","9.17","83","","","","0"
"2021/2022","Alberta, province of origin","2016A000248","Nunavut, province of destination","Persons","249","units","0","v466659","9.17","237","","","","0"


