﻿"REF_DATE","GEO","DGUID","Geography, province of destination","UOM","UOM_ID","SCALAR_FACTOR","SCALAR_ID","VECTOR","COORDINATE","VALUE","STATUS","SYMBOL","TERMINATED","DECIMALS"
"2017/2018","British Columbia, province of origin","2016A000259","Newfoundland and Labrador, province of destination","Persons","249","units","0","v466459","10.1","331","","","","0"
"2018/2019","British Columbia, province of origin","2016A000259","Newfoundland and Labrador, province of destination","Persons","249","units","0","v466459","10.1","272","","","","0"
"2019/2020","British Columbia, province of origin","2016A000259","Newfoundland and Labrador, province of destination","Persons","249","units","0","v466459","10.1","378","","","","0"
"2020/2021","British Columbia, province of origin","2016A000259","Newfoundland and Labrador, province of destination","Persons","249","units","0","v466459","10.1","370","","","","0"
"2021/2022","British Columbia, province of origin","2016A000259","Newfoundland and Labrador, province of destination","Persons","249","units","0","v466459","10.1","508","","","","0"
"2017/2018","British Columbia, province of origin","2016A000259","Prince Edward Island, province of destination","Persons","249","units","0","v466464","10.2","277","","","","0"
"2018/2019","British Columbia, province of origin","2016A000259","Prince Edward Island, province of destination","Persons","249","units","0","v466464","10.2","284","","","","0"
"2019/2020","British Columbia, province of origin","2016A000259","Prince Edward Island, province of destination","Persons","249","units","0","v466464","10.2","360","","","","0"
"2020/2021","British Columbia, province of origin","2016A000259","Prince Edward Island, province of destination","Persons","249","units","0","v466464","10.2","293","","","","0"
"2021/2022","British Columbia, province of origin","2016A000259","Prince Edward Island, province of destination","Persons","249","units","0","v466464","10.2","257","","","","0"
"2017/2018","British Columbia, province of origin","2016A000259","Nova Scotia, province of destination","Persons","249","units","0","v466465","10.3","1621","","","","0"
"2018/2019","British Columbia, province of origin","2016A000259","Nova Scotia, province of destination","Persons","249","units","0","v466465","10.3","1808","","","","0"
"2019/2020","British Columbia, province of origin","2016A000259","Nova Scotia, province of destination","Persons","249","units","0","v466465","10.3","2178","","","","0"
"2020/2021","British Columbia, province of origin","2016A000259","Nova Scotia, province of destination","Persons","249","units","0","v466465","10.3","1908","","","","0"
"2021/2022","British Columbia, province of origin","2016A000259","Nova Scotia, province of destination","Persons","249","units","0","v466465","10.3","2449","","","","0"
"2017/2018","British Columbia, province of origin","2016A000259","New Brunswick, province of destination","Persons","249","units","0","v466466","10.4","813","","","","0"
"2018/2019","British Columbia, province of origin","2016A000259","New Brunswick, province of destination","Persons","249","units","0","v466466","10.4","902","","","","0"
"2019/2020","British Columbia, province of origin","2016A000259","New Brunswick, province of destination","Persons","249","units","0","v466466","10.4","974","","","","0"
"2020/2021","British Columbia, province of origin","2016A000259","New Brunswick, province of destination","Persons","249","units","0","v466466","10.4","767","","","","0"
"2021/2022","British Columbia, province of origin","2016A000259","New Brunswick, province of destination","Persons","249","units","0","v466466","10.4","1276","","","","0"
"2017/2018","British Columbia, province of origin","2016A000259","Quebec, province of destination","Persons","249","units","0","v466467","10.5","2660","","","","0"
"2018/2019","British Columbia, province of origin","2016A000259","Quebec, province of destination","Persons","249","units","0","v466467","10.5","2628","","","","0"
"2019/2020","British Columbia, province of origin","2016A000259","Quebec, province of destination","Persons","249","units","0","v466467","10.5","3043","","","","0"
"2020/2021","British Columbia, province of origin","2016A000259","Quebec, province of destination","Persons","249","units","0","v466467","10.5","2097","","","","0"
"2021/2022","British Columbia, province of origin","2016A000259","Quebec, province of destination","Persons","249","units","0","v466467","10.5","3127","","","","0"
"2017/2018","British Columbia, province of origin","2016A000259","Ontario, province of destination","Persons","249","units","0","v466468","10.6","13561","","","","0"
"2018/2019","British Columbia, province of origin","2016A000259","Ontario, province of destination","Persons","249","units","0","v466468","10.6","12798","","","","0"
"2019/2020","British Columbia, province of origin","2016A000259","Ontario, province of destination","Persons","249","units","0","v466468","10.6","14264","","","","0"
"2020/2021","British Columbia, province of origin","2016A000259","Ontario, province of destination","Persons","249","units","0","v466468","10.6","9794","","","","0"
"2021/2022","British Columbia, province of origin","2016A000259","Ontario, province of destination","Persons","249","units","0","v466468","10.6","13335","","","","0"
"2017/2018","British Columbia, province of origin","2016A000259","Manitoba, province of destination","Persons","249","units","0","v466469","10.7","1677","","","","0"
"2018/2019","British Columbia, province of origin","2016A000259","Manitoba, province of destination","Persons","249","units","0","v466469","10.7","1708","","","","0"
"2019/2020","British Columbia, province of origin","2016A000259","Manitoba, province of destination","Persons","249","units","0","v466469","10.7","1830","","","","0"
"2020/2021","British Columbia, province of origin","2016A000259","Manitoba, province of destination","Persons","249","units","0","v466469","10.7","2355","","","","0"
"2021/2022","British Columbia, province of origin","2016A000259","Manitoba, province of destination","Persons","249","units","0","v466469","10.7","2112","","","","0"
"2017/2018","British Columbia, province of origin","2016A000259","Saskatchewan, province of destination","Persons","249","units","0","v466470","10.8","1838","","","","0"
"2018/2019","British Columbia, province of origin","2016A000259","Saskatchewan, province of destination","Persons","249","units","0","v466470","10.8","1932","","","","0"
"2019/2020","British Columbia, province of origin","2016A000259","Saskatchewan, province of destination","Persons","249","units","0","v466470","10.8","2019","","","","0"
"2020/2021","British Columbia, province of origin","2016A000259","Saskatchewan, province of destination","Persons","249","units","0","v466470","10.8","1882","","","","0"
"2021/2022","British Columbia, province of origin","2016A000259","Saskatchewan, province of destination","Persons","249","units","0","v466470","10.8","2901","","","","0"
"2017/2018","British Columbia, province of origin","2016A000259","Alberta, province of destination","Persons","249","units","0","v466471","10.9","17876","","","","0"
"2018/2019","British Columbia, province of origin","2016A000259","Alberta, province of destination","Persons","249","units","0","v466471","10.9","17037","","","","0"
"2019/2020","British Columbia, province of origin","2016A000259","Alberta, province of destination","Persons","249","units","0","v466471","10.9","17605","","","","0"
"2020/2021","British Columbia, province of origin","2016A000259","Alberta, province of destination","Persons","249","units","0","v466471","10.9","13790","","","","0"
"2021/2022","British Columbia, province of origin","2016A000259","Alberta, province of destination","Persons","249","units","0","v466471","10.9","28238","","","","0"
"2017/2018","British Columbia, province of origin","2016A000259","Yukon, province of destination","Persons","249","units","0","v466460","10.11","420","","","","0"
"2018/2019","British Columbia, province of origin","2016A000259","Yukon, province of destination","Persons","249","units","0","v466460","10.11","468","","","","0"
"2019/2020","British Columbia, province of origin","2016A000259","Yukon, province of destination","Persons","249","units","0","v466460","10.11","563","","","","0"
"2020/2021","British Columbia, province of origin","2016A000259","Yukon, province of destination","Persons","249","units","0","v466460","10.11","410","","","","0"
"2021/2022","British Columbia, province of origin","2016A000259","Yukon, province of destination","Persons","249","units","0","v466460","10.11","436","","","","0"
"2017/2018","British Columbia, province of origin","2016A000259","Northwest Territories, province of destination","Persons","249","units","0","v466462","10.16","187","","","","0"
"2018/2019","British Columbia, province of origin","2016A000259","Northwest Territories, province of destination","Persons","249","units","0","v466462","10.16","209","","","","0"
"2019/2020","British Columbia, province of origin","2016A000259","Northwest Territories, province of destination","Persons","249","units","0","v466462","10.16","276","","","","0"
"2020/2021","British Columbia, province of origin","2016A000259","Northwest Territories, province of destination","Persons","249","units","0","v466462","10.16","220","","","","0"
"2021/2022","British Columbia, province of origin","2016A000259","Northwest Territories, province of destination","Persons","249","units","0","v466462","10.16","221","","","","0"
"2017/2018","British Columbia, province of origin","2016A000259","Nunavut, province of destination","Persons","249","units","0","v466463","10.17","50","","","","0"
"2018/2019","British Columbia, province of origin","2016A000259","Nunavut, province of destination","Persons","249","units","0","v466463","10.17","63","","","","0"
"2019/2020","British Columbia, province of origin","2016A000259","Nunavut, province of destination","Persons","249","units","0","v466463","10.17","95","","","","0"
"2020/2021","British Columbia, province of origin","2016A000259","Nunavut, province of destination","Persons","249","units","0","v466463","10.17","51","","","","0"
"2021/2022","British Columbia, province of origin","2016A000259","Nunavut, province of destination","Persons","249","units","0","v466463","10.17","59","","","","0"


