﻿"REF_DATE","GEO","DGUID","Geography, province of destination","UOM","UOM_ID","SCALAR_FACTOR","SCALAR_ID","VECTOR","COORDINATE","VALUE","STATUS","SYMBOL","TERMINATED","DECIMALS"
"2017/2018","Northwest Territories, province of origin","2016A000261","Newfoundland and Labrador, province of destination","Persons","249","units","0","v466540","16.1","39","","","","0"
"2018/2019","Northwest Territories, province of origin","2016A000261","Newfoundland and Labrador, province of destination","Persons","249","units","0","v466540","16.1","60","","","","0"
"2019/2020","Northwest Territories, province of origin","2016A000261","Newfoundland and Labrador, province of destination","Persons","249","units","0","v466540","16.1","68","","","","0"
"2020/2021","Northwest Territories, province of origin","2016A000261","Newfoundland and Labrador, province of destination","Persons","249","units","0","v466540","16.1","55","","","","0"
"2021/2022","Northwest Territories, province of origin","2016A000261","Newfoundland and Labrador, province of destination","Persons","249","units","0","v466540","16.1","164","","","","0"
"2017/2018","Northwest Territories, province of origin","2016A000261","Prince Edward Island, province of destination","Persons","249","units","0","v466544","16.2","22","","","","0"
"2018/2019","Northwest Territories, province of origin","2016A000261","Prince Edward Island, province of destination","Persons","249","units","0","v466544","16.2","13","","","","0"
"2019/2020","Northwest Territories, province of origin","2016A000261","Prince Edward Island, province of destination","Persons","249","units","0","v466544","16.2","27","","","","0"
"2020/2021","Northwest Territories, province of origin","2016A000261","Prince Edward Island, province of destination","Persons","249","units","0","v466544","16.2","15","","","","0"
"2021/2022","Northwest Territories, province of origin","2016A000261","Prince Edward Island, province of destination","Persons","249","units","0","v466544","16.2","9","","","","0"
"2017/2018","Northwest Territories, province of origin","2016A000261","Nova Scotia, province of destination","Persons","249","units","0","v466545","16.3","105","","","","0"
"2018/2019","Northwest Territories, province of origin","2016A000261","Nova Scotia, province of destination","Persons","249","units","0","v466545","16.3","117","","","","0"
"2019/2020","Northwest Territories, province of origin","2016A000261","Nova Scotia, province of destination","Persons","249","units","0","v466545","16.3","136","","","","0"
"2020/2021","Northwest Territories, province of origin","2016A000261","Nova Scotia, province of destination","Persons","249","units","0","v466545","16.3","115","","","","0"
"2021/2022","Northwest Territories, province of origin","2016A000261","Nova Scotia, province of destination","Persons","249","units","0","v466545","16.3","127","","","","0"
"2017/2018","Northwest Territories, province of origin","2016A000261","New Brunswick, province of destination","Persons","249","units","0","v466546","16.4","41","","","","0"
"2018/2019","Northwest Territories, province of origin","2016A000261","New Brunswick, province of destination","Persons","249","units","0","v466546","16.4","37","","","","0"
"2019/2020","Northwest Territories, province of origin","2016A000261","New Brunswick, province of destination","Persons","249","units","0","v466546","16.4","41","","","","0"
"2020/2021","Northwest Territories, province of origin","2016A000261","New Brunswick, province of destination","Persons","249","units","0","v466546","16.4","54","","","","0"
"2021/2022","Northwest Territories, province of origin","2016A000261","New Brunswick, province of destination","Persons","249","units","0","v466546","16.4","102","","","","0"
"2017/2018","Northwest Territories, province of origin","2016A000261","Quebec, province of destination","Persons","249","units","0","v466547","16.5","71","","","","0"
"2018/2019","Northwest Territories, province of origin","2016A000261","Quebec, province of destination","Persons","249","units","0","v466547","16.5","67","","","","0"
"2019/2020","Northwest Territories, province of origin","2016A000261","Quebec, province of destination","Persons","249","units","0","v466547","16.5","72","","","","0"
"2020/2021","Northwest Territories, province of origin","2016A000261","Quebec, province of destination","Persons","249","units","0","v466547","16.5","65","","","","0"
"2021/2022","Northwest Territories, province of origin","2016A000261","Quebec, province of destination","Persons","249","units","0","v466547","16.5","118","","","","0"
"2017/2018","Northwest Territories, province of origin","2016A000261","Ontario, province of destination","Persons","249","units","0","v466548","16.6","335","","","","0"
"2018/2019","Northwest Territories, province of origin","2016A000261","Ontario, province of destination","Persons","249","units","0","v466548","16.6","346","","","","0"
"2019/2020","Northwest Territories, province of origin","2016A000261","Ontario, province of destination","Persons","249","units","0","v466548","16.6","312","","","","0"
"2020/2021","Northwest Territories, province of origin","2016A000261","Ontario, province of destination","Persons","249","units","0","v466548","16.6","212","","","","0"
"2021/2022","Northwest Territories, province of origin","2016A000261","Ontario, province of destination","Persons","249","units","0","v466548","16.6","363","","","","0"
"2017/2018","Northwest Territories, province of origin","2016A000261","Manitoba, province of destination","Persons","249","units","0","v466549","16.7","57","","","","0"
"2018/2019","Northwest Territories, province of origin","2016A000261","Manitoba, province of destination","Persons","249","units","0","v466549","16.7","57","","","","0"
"2019/2020","Northwest Territories, province of origin","2016A000261","Manitoba, province of destination","Persons","249","units","0","v466549","16.7","48","","","","0"
"2020/2021","Northwest Territories, province of origin","2016A000261","Manitoba, province of destination","Persons","249","units","0","v466549","16.7","37","","","","0"
"2021/2022","Northwest Territories, province of origin","2016A000261","Manitoba, province of destination","Persons","249","units","0","v466549","16.7","100","","","","0"
"2017/2018","Northwest Territories, province of origin","2016A000261","Saskatchewan, province of destination","Persons","249","units","0","v466550","16.8","75","","","","0"
"2018/2019","Northwest Territories, province of origin","2016A000261","Saskatchewan, province of destination","Persons","249","units","0","v466550","16.8","76","","","","0"
"2019/2020","Northwest Territories, province of origin","2016A000261","Saskatchewan, province of destination","Persons","249","units","0","v466550","16.8","71","","","","0"
"2020/2021","Northwest Territories, province of origin","2016A000261","Saskatchewan, province of destination","Persons","249","units","0","v466550","16.8","71","","","","0"
"2021/2022","Northwest Territories, province of origin","2016A000261","Saskatchewan, province of destination","Persons","249","units","0","v466550","16.8","62","","","","0"
"2017/2018","Northwest Territories, province of origin","2016A000261","Alberta, province of destination","Persons","249","units","0","v466551","16.9","795","","","","0"
"2018/2019","Northwest Territories, province of origin","2016A000261","Alberta, province of destination","Persons","249","units","0","v466551","16.9","743","","","","0"
"2019/2020","Northwest Territories, province of origin","2016A000261","Alberta, province of destination","Persons","249","units","0","v466551","16.9","715","","","","0"
"2020/2021","Northwest Territories, province of origin","2016A000261","Alberta, province of destination","Persons","249","units","0","v466551","16.9","547","","","","0"
"2021/2022","Northwest Territories, province of origin","2016A000261","Alberta, province of destination","Persons","249","units","0","v466551","16.9","893","","","","0"
"2017/2018","Northwest Territories, province of origin","2016A000261","British Columbia, province of destination","Persons","249","units","0","v466541","16.10","354","","","","0"
"2018/2019","Northwest Territories, province of origin","2016A000261","British Columbia, province of destination","Persons","249","units","0","v466541","16.10","370","","","","0"
"2019/2020","Northwest Territories, province of origin","2016A000261","British Columbia, province of destination","Persons","249","units","0","v466541","16.10","352","","","","0"
"2020/2021","Northwest Territories, province of origin","2016A000261","British Columbia, province of destination","Persons","249","units","0","v466541","16.10","307","","","","0"
"2021/2022","Northwest Territories, province of origin","2016A000261","British Columbia, province of destination","Persons","249","units","0","v466541","16.10","303","","","","0"
"2017/2018","Northwest Territories, province of origin","2016A000261","Yukon, province of destination","Persons","249","units","0","v466542","16.11","98","","","","0"
"2018/2019","Northwest Territories, province of origin","2016A000261","Yukon, province of destination","Persons","249","units","0","v466542","16.11","119","","","","0"
"2019/2020","Northwest Territories, province of origin","2016A000261","Yukon, province of destination","Persons","249","units","0","v466542","16.11","107","","","","0"
"2020/2021","Northwest Territories, province of origin","2016A000261","Yukon, province of destination","Persons","249","units","0","v466542","16.11","115","","","","0"
"2021/2022","Northwest Territories, province of origin","2016A000261","Yukon, province of destination","Persons","249","units","0","v466542","16.11","108","","","","0"
"2017/2018","Northwest Territories, province of origin","2016A000261","Nunavut, province of destination","Persons","249","units","0","v466543","16.17","29","","","","0"
"2018/2019","Northwest Territories, province of origin","2016A000261","Nunavut, province of destination","Persons","249","units","0","v466543","16.17","42","","","","0"
"2019/2020","Northwest Territories, province of origin","2016A000261","Nunavut, province of destination","Persons","249","units","0","v466543","16.17","34","","","","0"
"2020/2021","Northwest Territories, province of origin","2016A000261","Nunavut, province of destination","Persons","249","units","0","v466543","16.17","28","","","","0"
"2021/2022","Northwest Territories, province of origin","2016A000261","Nunavut, province of destination","Persons","249","units","0","v466543","16.17","30","","","","0"


