﻿"REF_DATE","GEO","DGUID","Geography, province of destination","UOM","UOM_ID","SCALAR_FACTOR","SCALAR_ID","VECTOR","COORDINATE","VALUE","STATUS","SYMBOL","TERMINATED","DECIMALS"
"2017/2018","Saskatchewan, province of origin","2016A000247","Newfoundland and Labrador, province of destination","Persons","249","units","0","v466642","8.1","108","","","","0"
"2018/2019","Saskatchewan, province of origin","2016A000247","Newfoundland and Labrador, province of destination","Persons","249","units","0","v466642","8.1","83","","","","0"
"2019/2020","Saskatchewan, province of origin","2016A000247","Newfoundland and Labrador, province of destination","Persons","249","units","0","v466642","8.1","78","","","","0"
"2020/2021","Saskatchewan, province of origin","2016A000247","Newfoundland and Labrador, province of destination","Persons","249","units","0","v466642","8.1","100","","","","0"
"2021/2022","Saskatchewan, province of origin","2016A000247","Newfoundland and Labrador, province of destination","Persons","249","units","0","v466642","8.1","73","","","","0"
"2017/2018","Saskatchewan, province of origin","2016A000247","Prince Edward Island, province of destination","Persons","249","units","0","v466647","8.2","61","","","","0"
"2018/2019","Saskatchewan, province of origin","2016A000247","Prince Edward Island, province of destination","Persons","249","units","0","v466647","8.2","49","","","","0"
"2019/2020","Saskatchewan, province of origin","2016A000247","Prince Edward Island, province of destination","Persons","249","units","0","v466647","8.2","84","","","","0"
"2020/2021","Saskatchewan, province of origin","2016A000247","Prince Edward Island, province of destination","Persons","249","units","0","v466647","8.2","46","","","","0"
"2021/2022","Saskatchewan, province of origin","2016A000247","Prince Edward Island, province of destination","Persons","249","units","0","v466647","8.2","48","","","","0"
"2017/2018","Saskatchewan, province of origin","2016A000247","Nova Scotia, province of destination","Persons","249","units","0","v466648","8.3","325","","","","0"
"2018/2019","Saskatchewan, province of origin","2016A000247","Nova Scotia, province of destination","Persons","249","units","0","v466648","8.3","304","","","","0"
"2019/2020","Saskatchewan, province of origin","2016A000247","Nova Scotia, province of destination","Persons","249","units","0","v466648","8.3","363","","","","0"
"2020/2021","Saskatchewan, province of origin","2016A000247","Nova Scotia, province of destination","Persons","249","units","0","v466648","8.3","323","","","","0"
"2021/2022","Saskatchewan, province of origin","2016A000247","Nova Scotia, province of destination","Persons","249","units","0","v466648","8.3","578","","","","0"
"2017/2018","Saskatchewan, province of origin","2016A000247","New Brunswick, province of destination","Persons","249","units","0","v466649","8.4","220","","","","0"
"2018/2019","Saskatchewan, province of origin","2016A000247","New Brunswick, province of destination","Persons","249","units","0","v466649","8.4","209","","","","0"
"2019/2020","Saskatchewan, province of origin","2016A000247","New Brunswick, province of destination","Persons","249","units","0","v466649","8.4","259","","","","0"
"2020/2021","Saskatchewan, province of origin","2016A000247","New Brunswick, province of destination","Persons","249","units","0","v466649","8.4","196","","","","0"
"2021/2022","Saskatchewan, province of origin","2016A000247","New Brunswick, province of destination","Persons","249","units","0","v466649","8.4","211","","","","0"
"2017/2018","Saskatchewan, province of origin","2016A000247","Quebec, province of destination","Persons","249","units","0","v466650","8.5","418","","","","0"
"2018/2019","Saskatchewan, province of origin","2016A000247","Quebec, province of destination","Persons","249","units","0","v466650","8.5","426","","","","0"
"2019/2020","Saskatchewan, province of origin","2016A000247","Quebec, province of destination","Persons","249","units","0","v466650","8.5","521","","","","0"
"2020/2021","Saskatchewan, province of origin","2016A000247","Quebec, province of destination","Persons","249","units","0","v466650","8.5","357","","","","0"
"2021/2022","Saskatchewan, province of origin","2016A000247","Quebec, province of destination","Persons","249","units","0","v466650","8.5","453","","","","0"
"2017/2018","Saskatchewan, province of origin","2016A000247","Ontario, province of destination","Persons","249","units","0","v466651","8.6","4430","","","","0"
"2018/2019","Saskatchewan, province of origin","2016A000247","Ontario, province of destination","Persons","249","units","0","v466651","8.6","4815","","","","0"
"2019/2020","Saskatchewan, province of origin","2016A000247","Ontario, province of destination","Persons","249","units","0","v466651","8.6","5514","","","","0"
"2020/2021","Saskatchewan, province of origin","2016A000247","Ontario, province of destination","Persons","249","units","0","v466651","8.6","4204","","","","0"
"2021/2022","Saskatchewan, province of origin","2016A000247","Ontario, province of destination","Persons","249","units","0","v466651","8.6","5076","","","","0"
"2017/2018","Saskatchewan, province of origin","2016A000247","Manitoba, province of destination","Persons","249","units","0","v466652","8.7","1378","","","","0"
"2018/2019","Saskatchewan, province of origin","2016A000247","Manitoba, province of destination","Persons","249","units","0","v466652","8.7","1409","","","","0"
"2019/2020","Saskatchewan, province of origin","2016A000247","Manitoba, province of destination","Persons","249","units","0","v466652","8.7","1513","","","","0"
"2020/2021","Saskatchewan, province of origin","2016A000247","Manitoba, province of destination","Persons","249","units","0","v466652","8.7","1128","","","","0"
"2021/2022","Saskatchewan, province of origin","2016A000247","Manitoba, province of destination","Persons","249","units","0","v466652","8.7","1189","","","","0"
"2017/2018","Saskatchewan, province of origin","2016A000247","Alberta, province of destination","Persons","249","units","0","v466653","8.9","8682","","","","0"
"2018/2019","Saskatchewan, province of origin","2016A000247","Alberta, province of destination","Persons","249","units","0","v466653","8.9","8941","","","","0"
"2019/2020","Saskatchewan, province of origin","2016A000247","Alberta, province of destination","Persons","249","units","0","v466653","8.9","9805","","","","0"
"2020/2021","Saskatchewan, province of origin","2016A000247","Alberta, province of destination","Persons","249","units","0","v466653","8.9","7372","","","","0"
"2021/2022","Saskatchewan, province of origin","2016A000247","Alberta, province of destination","Persons","249","units","0","v466653","8.9","10186","","","","0"
"2017/2018","Saskatchewan, province of origin","2016A000247","British Columbia, province of destination","Persons","249","units","0","v466654","8.10","4308","","","","0"
"2018/2019","Saskatchewan, province of origin","2016A000247","British Columbia, province of destination","Persons","249","units","0","v466654","8.10","4139","","","","0"
"2019/2020","Saskatchewan, province of origin","2016A000247","British Columbia, province of destination","Persons","249","units","0","v466654","8.10","4753","","","","0"
"2020/2021","Saskatchewan, province of origin","2016A000247","British Columbia, province of destination","Persons","249","units","0","v466654","8.10","4307","","","","0"
"2021/2022","Saskatchewan, province of origin","2016A000247","British Columbia, province of destination","Persons","249","units","0","v466654","8.10","5411","","","","0"
"2017/2018","Saskatchewan, province of origin","2016A000247","Yukon, province of destination","Persons","249","units","0","v466643","8.11","48","","","","0"
"2018/2019","Saskatchewan, province of origin","2016A000247","Yukon, province of destination","Persons","249","units","0","v466643","8.11","40","","","","0"
"2019/2020","Saskatchewan, province of origin","2016A000247","Yukon, province of destination","Persons","249","units","0","v466643","8.11","76","","","","0"
"2020/2021","Saskatchewan, province of origin","2016A000247","Yukon, province of destination","Persons","249","units","0","v466643","8.11","39","","","","0"
"2021/2022","Saskatchewan, province of origin","2016A000247","Yukon, province of destination","Persons","249","units","0","v466643","8.11","69","","","","0"
"2017/2018","Saskatchewan, province of origin","2016A000247","Northwest Territories, province of destination","Persons","249","units","0","v466645","8.16","98","","","","0"
"2018/2019","Saskatchewan, province of origin","2016A000247","Northwest Territories, province of destination","Persons","249","units","0","v466645","8.16","95","","","","0"
"2019/2020","Saskatchewan, province of origin","2016A000247","Northwest Territories, province of destination","Persons","249","units","0","v466645","8.16","84","","","","0"
"2020/2021","Saskatchewan, province of origin","2016A000247","Northwest Territories, province of destination","Persons","249","units","0","v466645","8.16","28","","","","0"
"2021/2022","Saskatchewan, province of origin","2016A000247","Northwest Territories, province of destination","Persons","249","units","0","v466645","8.16","34","","","","0"
"2017/2018","Saskatchewan, province of origin","2016A000247","Nunavut, province of destination","Persons","249","units","0","v466646","8.17","36","","","","0"
"2018/2019","Saskatchewan, province of origin","2016A000247","Nunavut, province of destination","Persons","249","units","0","v466646","8.17","31","","","","0"
"2019/2020","Saskatchewan, province of origin","2016A000247","Nunavut, province of destination","Persons","249","units","0","v466646","8.17","27","","","","0"
"2020/2021","Saskatchewan, province of origin","2016A000247","Nunavut, province of destination","Persons","249","units","0","v466646","8.17","13","","","","0"
"2021/2022","Saskatchewan, province of origin","2016A000247","Nunavut, province of destination","Persons","249","units","0","v466646","8.17","56","","","","0"


