﻿"REF_DATE","GEO","DGUID","Geography, province of destination","UOM","UOM_ID","SCALAR_FACTOR","SCALAR_ID","VECTOR","COORDINATE","VALUE","STATUS","SYMBOL","TERMINATED","DECIMALS"
"2017/2018","New Brunswick, province of origin","2016A000213","Newfoundland and Labrador, province of destination","Persons","249","units","0","v466590","4.1","267","","","","0"
"2018/2019","New Brunswick, province of origin","2016A000213","Newfoundland and Labrador, province of destination","Persons","249","units","0","v466590","4.1","263","","","","0"
"2019/2020","New Brunswick, province of origin","2016A000213","Newfoundland and Labrador, province of destination","Persons","249","units","0","v466590","4.1","269","","","","0"
"2020/2021","New Brunswick, province of origin","2016A000213","Newfoundland and Labrador, province of destination","Persons","249","units","0","v466590","4.1","216","","","","0"
"2021/2022","New Brunswick, province of origin","2016A000213","Newfoundland and Labrador, province of destination","Persons","249","units","0","v466590","4.1","593","","","","0"
"2017/2018","New Brunswick, province of origin","2016A000213","Prince Edward Island, province of destination","Persons","249","units","0","v466595","4.2","333","","","","0"
"2018/2019","New Brunswick, province of origin","2016A000213","Prince Edward Island, province of destination","Persons","249","units","0","v466595","4.2","253","","","","0"
"2019/2020","New Brunswick, province of origin","2016A000213","Prince Edward Island, province of destination","Persons","249","units","0","v466595","4.2","317","","","","0"
"2020/2021","New Brunswick, province of origin","2016A000213","Prince Edward Island, province of destination","Persons","249","units","0","v466595","4.2","287","","","","0"
"2021/2022","New Brunswick, province of origin","2016A000213","Prince Edward Island, province of destination","Persons","249","units","0","v466595","4.2","311","","","","0"
"2017/2018","New Brunswick, province of origin","2016A000213","Nova Scotia, province of destination","Persons","249","units","0","v466596","4.3","2061","","","","0"
"2018/2019","New Brunswick, province of origin","2016A000213","Nova Scotia, province of destination","Persons","249","units","0","v466596","4.3","1957","","","","0"
"2019/2020","New Brunswick, province of origin","2016A000213","Nova Scotia, province of destination","Persons","249","units","0","v466596","4.3","2059","","","","0"
"2020/2021","New Brunswick, province of origin","2016A000213","Nova Scotia, province of destination","Persons","249","units","0","v466596","4.3","1679","","","","0"
"2021/2022","New Brunswick, province of origin","2016A000213","Nova Scotia, province of destination","Persons","249","units","0","v466596","4.3","2091","","","","0"
"2017/2018","New Brunswick, province of origin","2016A000213","Quebec, province of destination","Persons","249","units","0","v466597","4.5","1511","","","","0"
"2018/2019","New Brunswick, province of origin","2016A000213","Quebec, province of destination","Persons","249","units","0","v466597","4.5","1388","","","","0"
"2019/2020","New Brunswick, province of origin","2016A000213","Quebec, province of destination","Persons","249","units","0","v466597","4.5","1588","","","","0"
"2020/2021","New Brunswick, province of origin","2016A000213","Quebec, province of destination","Persons","249","units","0","v466597","4.5","1269","","","","0"
"2021/2022","New Brunswick, province of origin","2016A000213","Quebec, province of destination","Persons","249","units","0","v466597","4.5","2003","","","","0"
"2017/2018","New Brunswick, province of origin","2016A000213","Ontario, province of destination","Persons","249","units","0","v466598","4.6","3240","","","","0"
"2018/2019","New Brunswick, province of origin","2016A000213","Ontario, province of destination","Persons","249","units","0","v466598","4.6","2921","","","","0"
"2019/2020","New Brunswick, province of origin","2016A000213","Ontario, province of destination","Persons","249","units","0","v466598","4.6","3257","","","","0"
"2020/2021","New Brunswick, province of origin","2016A000213","Ontario, province of destination","Persons","249","units","0","v466598","4.6","2163","","","","0"
"2021/2022","New Brunswick, province of origin","2016A000213","Ontario, province of destination","Persons","249","units","0","v466598","4.6","2970","","","","0"
"2017/2018","New Brunswick, province of origin","2016A000213","Manitoba, province of destination","Persons","249","units","0","v466599","4.7","196","","","","0"
"2018/2019","New Brunswick, province of origin","2016A000213","Manitoba, province of destination","Persons","249","units","0","v466599","4.7","158","","","","0"
"2019/2020","New Brunswick, province of origin","2016A000213","Manitoba, province of destination","Persons","249","units","0","v466599","4.7","193","","","","0"
"2020/2021","New Brunswick, province of origin","2016A000213","Manitoba, province of destination","Persons","249","units","0","v466599","4.7","96","","","","0"
"2021/2022","New Brunswick, province of origin","2016A000213","Manitoba, province of destination","Persons","249","units","0","v466599","4.7","205","","","","0"
"2017/2018","New Brunswick, province of origin","2016A000213","Saskatchewan, province of destination","Persons","249","units","0","v466600","4.8","177","","","","0"
"2018/2019","New Brunswick, province of origin","2016A000213","Saskatchewan, province of destination","Persons","249","units","0","v466600","4.8","125","","","","0"
"2019/2020","New Brunswick, province of origin","2016A000213","Saskatchewan, province of destination","Persons","249","units","0","v466600","4.8","110","","","","0"
"2020/2021","New Brunswick, province of origin","2016A000213","Saskatchewan, province of destination","Persons","249","units","0","v466600","4.8","111","","","","0"
"2021/2022","New Brunswick, province of origin","2016A000213","Saskatchewan, province of destination","Persons","249","units","0","v466600","4.8","126","","","","0"
"2017/2018","New Brunswick, province of origin","2016A000213","Alberta, province of destination","Persons","249","units","0","v466601","4.9","1601","","","","0"
"2018/2019","New Brunswick, province of origin","2016A000213","Alberta, province of destination","Persons","249","units","0","v466601","4.9","1398","","","","0"
"2019/2020","New Brunswick, province of origin","2016A000213","Alberta, province of destination","Persons","249","units","0","v466601","4.9","1496","","","","0"
"2020/2021","New Brunswick, province of origin","2016A000213","Alberta, province of destination","Persons","249","units","0","v466601","4.9","998","","","","0"
"2021/2022","New Brunswick, province of origin","2016A000213","Alberta, province of destination","Persons","249","units","0","v466601","4.9","1441","","","","0"
"2017/2018","New Brunswick, province of origin","2016A000213","British Columbia, province of destination","Persons","249","units","0","v466602","4.10","750","","","","0"
"2018/2019","New Brunswick, province of origin","2016A000213","British Columbia, province of destination","Persons","249","units","0","v466602","4.10","609","","","","0"
"2019/2020","New Brunswick, province of origin","2016A000213","British Columbia, province of destination","Persons","249","units","0","v466602","4.10","679","","","","0"
"2020/2021","New Brunswick, province of origin","2016A000213","British Columbia, province of destination","Persons","249","units","0","v466602","4.10","631","","","","0"
"2021/2022","New Brunswick, province of origin","2016A000213","British Columbia, province of destination","Persons","249","units","0","v466602","4.10","599","","","","0"
"2017/2018","New Brunswick, province of origin","2016A000213","Yukon, province of destination","Persons","249","units","0","v466591","4.11","16","","","","0"
"2018/2019","New Brunswick, province of origin","2016A000213","Yukon, province of destination","Persons","249","units","0","v466591","4.11","21","","","","0"
"2019/2020","New Brunswick, province of origin","2016A000213","Yukon, province of destination","Persons","249","units","0","v466591","4.11","20","","","","0"
"2020/2021","New Brunswick, province of origin","2016A000213","Yukon, province of destination","Persons","249","units","0","v466591","4.11","16","","","","0"
"2021/2022","New Brunswick, province of origin","2016A000213","Yukon, province of destination","Persons","249","units","0","v466591","4.11","26","","","","0"
"2017/2018","New Brunswick, province of origin","2016A000213","Northwest Territories, province of destination","Persons","249","units","0","v466593","4.16","34","","","","0"
"2018/2019","New Brunswick, province of origin","2016A000213","Northwest Territories, province of destination","Persons","249","units","0","v466593","4.16","36","","","","0"
"2019/2020","New Brunswick, province of origin","2016A000213","Northwest Territories, province of destination","Persons","249","units","0","v466593","4.16","47","","","","0"
"2020/2021","New Brunswick, province of origin","2016A000213","Northwest Territories, province of destination","Persons","249","units","0","v466593","4.16","33","","","","0"
"2021/2022","New Brunswick, province of origin","2016A000213","Northwest Territories, province of destination","Persons","249","units","0","v466593","4.16","129","","","","0"
"2017/2018","New Brunswick, province of origin","2016A000213","Nunavut, province of destination","Persons","249","units","0","v466594","4.17","42","","","","0"
"2018/2019","New Brunswick, province of origin","2016A000213","Nunavut, province of destination","Persons","249","units","0","v466594","4.17","23","","","","0"
"2019/2020","New Brunswick, province of origin","2016A000213","Nunavut, province of destination","Persons","249","units","0","v466594","4.17","20","","","","0"
"2020/2021","New Brunswick, province of origin","2016A000213","Nunavut, province of destination","Persons","249","units","0","v466594","4.17","15","","","","0"
"2021/2022","New Brunswick, province of origin","2016A000213","Nunavut, province of destination","Persons","249","units","0","v466594","4.17","83","","","","0"


